archive_time,date,open,close,high,low,volume,turnover,amount,symbol,ret_5,ret_20,ret_60,ret_120,daily_return,vol_20,sma_20_ratio,sma_60_ratio,volume_ratio_20,obv,obv_slope_20,amount_log,rsi_14,macd,signal,atr_14,vwap_ratio,bollinger_upper,bollinger_lower,body_pct,close_position,upper_shadow_pct,lower_shadow_pct,money_flow_20,future_return,model_raw,model_score,technical_score,volume_price_score,candle_score,sentiment_score,sentiment_source,news_count,composite_score,odds_sample_count,odds_win_rate,odds_avg_gain,odds_avg_loss,odds_reward_risk,odds_expected_return,振幅,涨跌幅,涨跌额,macd_pct,signal_pct,atr_pct_14,vwap_dev,bollinger_pctb,amount_ma20,industry,market_cap,pe_ttm,pb,market_cap_log,earnings_yield,book_to_price,entry_open,exit_open,entry_gap_return,entry_volume,future_market_return,future_excess_return,future_industry_return,future_industry_excess_return,credibility_score,credibility_grade,credibility_strategy,credibility_conditional,credibility_stability,credibility_agreement,run_id,rank,rank_change,conditional_sample_count,conditional_win_rate,conditional_win_rate_low,conditional_win_rate_high,conditional_expected_return,conditional_return_low,conditional_return_high,conditional_reward_risk
2026-08-18 21:04:26,2026-08-18,894.59,903.71,935.39,886.19,128617100.0,0.1508,9648166700.0,300285,0.0193444324129219,0.2366037219485497,0.4468388274283152,1.1809252600333036,0.009912386571901,0.8399230747116193,0.1259170478549942,0.0517321908497867,0.8735280233626134,4499755044.0,0.5461551147995667,22.99003375507799,0.0172391354067075,15.899433229271152,-1.0413436832075127,31.550714285714303,0.083007435665197,962.997924131025,641.6110758689749,0.1853658536585369,0.3560975609756099,0.6439024390243901,0.1707317073170729,46157426.16508591,,0.2234918722702663,97.67441860465117,72.84883720930233,73.54651162790698,24.069767441860463,95.0,关键词新闻评分,8,79.01453488372093,1948,0.5251540041067762,0.1193063618065687,0.0787417165860357,1.515160793785982,0.0252640247874931,,,,,,,,,,,,,,,,,,,,,,,,,,,,,,,,,,,,,,,,,
2026-08-18 21:04:26,2026-08-18,300.74,288.16,306.48,287.65,185540600.0,0.1717,7179520699.999999,002407,0.0050924311126614,0.2277278343487709,-0.023418171959196,0.2248576043526313,-0.0413520077181541,0.6767265352509143,0.0852564283629448,0.000508656712272,0.9856317308431932,11360204933.0,0.1868407863554148,22.69449846304297,0.0114768597881984,4.185228898066612,-1.966395364480814,8.877142857142852,0.1342835456240209,315.6838867036623,214.39811329633764,0.668082846521506,0.0270844397238474,0.3048327137546466,0.0270844397238474,54126140.67801959,,0.1556293114908754,95.34883720930232,61.16279069767442,79.01162790697674,25.0,100.0,关键词新闻评分,7,76.96511627906976,1951,0.478216299333675,0.1365592312176524,0.0819226156224947,1.6669295795794303,0.0225589646449872,,,,,,,,,,,,,,,,,,,,,,,,,,,,,,,,,,,,,,,,,
2026-08-18 21:04:26,2026-08-18,122.3,124.92,128.25,119.59,300854700.0,0.2345,4246383200.0,600172,0.1607507898160192,0.246831021059986,0.1847496206373293,0.6252927400468384,0.0499243570347958,0.8192255381903781,0.2424472989303139,0.0473905369846858,1.9803794429358967,9942049475.0,0.1103788976299272,22.16933344603744,0.0244671589916454,-0.210238554198284,-4.260904808375338,4.213571428571428,0.1129875019583988,122.5846154258302,77.73038457416979,0.3025404157043886,0.6154734411085451,0.3845265588914549,0.3129330254041564,50976096.982522175,,0.0529106811547599,67.44186046511628,75.52325581395348,84.82558139534885,53.197674418604656,100.0,关键词新闻评分,7,74.7703488372093,1939,0.484270242392986,0.1664738621110516,0.1062996717399486,1.566080679141823,0.0257964336164666,,,,,,,,,,,,,,,,,,,,,,,,,,,,,,,,,,,,,,,,,
2026-08-18 21:04:26,2026-08-18,85.15,85.74,88.23,84.05,24911477.0,0.1224,954673400.0,688598,0.1900069396252601,0.3357220750895777,0.1111975116640746,0.3633328033073619,-0.0033709171219342,0.722721886706701,0.2905362182502351,0.03205874092204,1.499057074688347,298841661.0,0.7594114063272119,20.67687985147193,0.0279824946491129,0.3476683292247173,-3.5540832998819702,2.5700000000000003,0.4469633004313543,85.32168807950747,47.15031192049254,0.1411483253588488,0.4043062200956925,0.5956937799043074,0.2631578947368437,7826739.922944589,,0.0666798686097392,75.5813953488372,81.45348837209302,84.59302325581395,32.09302325581395,64.72727272727272,关键词新闻评分,9,73.41749471458773,1379,0.4532269760696156,0.1826779018725454,0.1311069442765866,1.3933503132157776,0.0111088126800541,,,,,,,,,,,,,,,,,,,,,,,,,,,,,,,,,,,,,,,,,
2026-08-18 21:04:26,2026-08-18,508.69,535.01,541.41,505.15,15202861.0,0.0828999999999999,5676901000.0,688017,0.0431281561348437,0.1650407212229432,0.0914116687066504,0.6342171177225242,0.0512447684357377,0.9181911718153468,0.1659382412967607,0.0581085196909985,1.3787473882471744,356070549.0,0.0859566897094973,22.459671322371005,0.0227874139182499,4.705947935454731,-6.254516453501418,21.72071428571428,0.6979496539001193,543.9646506039737,372.3463493960264,0.7258687258687259,0.8234969663541098,0.1765030336458902,0.0976282404853839,3903832.772530074,,0.1505457531987003,94.18604651162792,61.62790697674419,66.33720930232558,59.70930232558139,50.0,无新闻/中性,4,72.61046511627907,1307,0.5187452180566182,0.1967998247405153,0.1224199979659084,1.607579055795444,0.0431737585719303,,,,,,,,,,,,,,,,,,,,,,,,,,,,,,,,,,,,,,,,,
2026-08-18 21:04:26,2026-08-18,288.0,291.44,295.0,279.36,54769200.0,0.0503,15715979200.0,300394,0.3099015686098252,0.2616450216450217,0.0302237618862455,0.1647350331708097,0.0170295924064767,1.1207177728425182,0.3274938906767057,0.0903934580383343,1.0543667099399048,3251270763.0,0.1750843756606125,23.4779438152134,0.0361568703447213,7.7679830851852785,-4.860202694635959,12.122142857142858,0.9845910638017878,291.0406152625469,146.69188473745305,0.2199488491048593,0.7723785166240406,0.2276214833759594,0.5524296675191812,25092364.658184923,,0.0619426070940739,74.4186046511628,64.01162790697674,80.0,65.98837209302326,74.0,关键词新闻评分,4,72.0482558139535,1947,0.5618900873138162,0.2377298867263253,0.1249397814180261,1.902755743832492,0.0788407100816762,,,,,,,,,,,,,,,,,,,,,,,,,,,,,,,,,,,,,,,,,
2026-08-18 21:04:26,2026-08-18,68.78,68.13,70.37,67.18,67540500.0,0.1158,1030962500.0,002579,0.037302070645554,0.2616666666666665,0.1031411917098445,0.2398544131028206,-0.0156046814044212,0.7315197921395497,0.1471724799838354,-0.060647284292188,0.8415003363982956,5487970191.0,0.0955760329423982,20.75375866983578,0.0198445173022384,0.2313593617847829,-1.8496033488485708,2.486428571428569,0.2240475547127106,73.97995535322278,44.59754464677725,0.2037617554858953,0.2978056426332255,0.4984326018808792,0.2978056426332255,29611763.77778244,,0.0675066571352472,76.74418604651163,73.43023255813954,67.90697674418605,33.13953488372093,94.47058823529412,关键词新闻评分,9,71.56043091655268,1912,0.5104602510460251,0.1119014748279474,0.0858490033606224,1.3034685371697028,0.0150947553799864,,,,,,,,,,,,,,,,,,,,,,,,,,,,,,,,,,,,,,,,,
2026-08-18 21:04:26,2026-08-18,149.32,145.4,152.56,143.92,154777600.0,0.0892,1661599500.0,600110,0.0345809022342393,0.1301982122036533,0.0486837360259646,0.4138467522364839,-0.0227181072724828,0.7312034532181418,0.1164990766230127,-0.1124802129070849,1.191022347097596,9960134355.0,0.0198336852779518,21.23104653021318,0.0149621529376961,-3.064837067682845,-7.438260737689278,4.381428571428573,0.0738335649392598,154.46546481633692,106.07153518366306,0.4537037037037015,0.1712962962962981,0.3750000000000004,0.1712962962962981,22844663.313608192,,0.1292691966680436,91.86046511627907,59.94186046511628,62.15116279069767,24.94186046511628,92.6315789473684,关键词新闻评分,9,71.32420440636474,1940,0.4618556701030928,0.1531426496329272,0.0961416187139092,1.5928861161432832,0.0189917340895781,,,,,,,,,,,,,,,,,,,,,,,,,,,,,,,,,,,,,,,,,
2026-08-18 21:04:26,2026-08-18,187.04,193.77,193.97,182.36,8295500.0,0.033,377115800.0,300863,0.1272907091744721,0.214858934169279,-0.1814034050103502,0.1432532892796034,0.0373126338329763,0.5710976539208742,0.2158537235794806,-0.1188334179671216,1.096995972634278,442881293.0,0.1382823444105546,19.748062862703176,0.0244309904957414,-3.5268662657535685,-11.495720027830751,4.66857142857143,0.2346095148736371,195.1340962363825,122.23540376361746,0.5796726959517681,0.9827734711455652,0.0172265288544348,0.4031007751937971,2019169.047929524,,0.0734624921307989,81.3953488372093,63.48837209302326,67.32558139534883,82.26744186046511,50.0,无新闻/中性,2,71.05232558139535,1311,0.5179252479023646,0.1157659056226875,0.0866652126171638,1.3357828605818292,0.018178974480364,,,,,,,,,,,,,,,,,,,,,,,,,,,,,,,,,,,,,,,,,
2026-08-18 21:04:26,2026-08-18,119.11,115.5,119.72,113.56,6911629.0,0.0571,798862600.0,688031,0.013157894736842,0.2816245006657789,-0.0831150273874732,-0.3936371272574548,-0.0441906653426018,0.866411182035439,0.1359277726964269,0.0368772190743513,0.9627437317902716,240512782.0,0.061134896035043,20.498699525238465,0.0261017943421,3.9748641514548666,1.4756865245381665,4.500714285714285,1.000713335070402,130.870949556769,72.46655044323096,0.5860389610389612,0.3149350649350647,0.0990259740259739,0.3149350649350647,3905777.5086076935,,0.1078673867884016,89.53488372093024,60.581395348837205,66.22093023255813,54.88372093023256,50.0,无新闻/中性,9,70.21511627906978,792,0.4431818181818182,0.2537001973219993,0.1534894947781304,1.652883135023174,0.0269695733116997,,,,,,,,,,,,,,,,,,,,,,,,,,,,,,,,,,,,,,,,,
2026-08-18 21:04:26,2026-08-18,197.31,197.76,200.91,194.84,194616.0,0.0533999999999999,450768500.0,000026,0.136094674556213,0.3535007870782285,-0.1238702817650186,0.4038475189891388,0.0068733771192912,0.5037878191069852,0.2432379760920608,0.1488278965652121,1.5616435388298506,14885834.52,0.1273294356594268,19.926464464130504,0.023105636515909,7.47372755913139,1.2813224512913155,4.750714285714281,11.71214833495698,196.0069394491889,119.87156055081108,0.0741350906095534,0.4810543657331121,0.5189456342668879,0.4069192751235587,59303.81694860063,,0.0477546539794045,62.7906976744186,75.2906976744186,72.84883720930232,44.24418604651163,100.0,关键词新闻评分,7,69.79360465116278,1949,0.4766546947152386,0.0957184555407664,0.0610976761236268,1.5666464195313552,0.0136494692412891,,,,,,,,,,,,,,,,,,,,,,,,,,,,,,,,,,,,,,,,,
2026-08-18 21:04:26,2026-08-18,221.15,242.99,242.99,218.03,121514200.0,0.1553,4528055900.0,002747,0.1071672665968015,0.1950523779078345,0.3932113984289893,0.6370679781715287,0.0987565001130454,0.7584885045991919,0.2040055891942245,0.1404072782567478,1.5018139545345897,4179433074.0,0.1107632174712638,22.23355852339829,0.0192025954256314,2.3888421551359613,-2.084112932420556,8.185714285714287,0.1533544372502976,235.6477854713464,166.58721452865362,0.8749999999999999,1.0,0.0,0.1250000000000001,22749584.12771894,,0.0361323058895935,56.97674418604651,77.7906976744186,77.96511627906978,76.33720930232558,50.0,无新闻/中性,1,67.61627906976744,1942,0.504119464469619,0.1380748181285474,0.1020707129952242,1.3527368828608834,0.0189913235496637,,,,,,,,,,,,,,,,,,,,,,,,,,,,,,,,,,,,,,,,,
2026-08-18 21:04:26,2026-08-18,76.59,72.96,76.94,71.82,62128700.0,0.1865,1019123800.0,300996,-0.2126052233973667,0.4068646355572693,0.2194551228480694,0.290185676392573,-0.0544323483670295,1.250924225911055,-0.010718571399516,0.2217899267082337,0.9349027427999096,573415349.0,-0.157687195164906,20.74220907644721,0.019216977499258,6.457192935280233,7.663918030748023,5.295000000000003,0.2248277179100689,102.42023758697356,43.303262413026445,0.7089843750000012,0.2226562499999999,0.0683593749999988,0.2226562499999999,18630249.2218304,,0.0736639079547556,82.55813953488372,58.604651162790695,64.18604651162791,48.19767441860465,50.0,无新闻/中性,6,66.20348837209302,1120,0.4723214285714285,0.1496161067229503,0.0978259431924081,1.5294113385513617,0.0190462393122567,,,,,,,,,,,,,,,,,,,,,,,,,,,,,,,,,,,,,,,,,
2026-08-18 21:04:26,2026-08-18,655.74,636.91,666.09,627.49,239610500.0,0.0603,10886659800.0,600176,0.0484805583906757,0.0414343411220301,0.1341797848849633,0.5382441734090084,-0.028523054864935,0.8939247685908414,0.1044216053311044,-0.0574187580933589,0.8825097979708321,6901997269.0,0.0744049542053083,23.11080400517131,0.0117004720490784,-11.837199544574672,-27.68487039937872,25.222142857142835,0.0713363260518644,667.9291582426766,487.2633417573235,0.4878238341968919,0.2440414507772008,0.2681347150259072,0.2440414507772008,36801187.0141419,,0.2408233051620635,100.0,47.96511627906977,52.15116279069768,35.406976744186046,50.0,无新闻/中性,9,65.96220930232559,1942,0.5226570545829042,0.1007066960516916,0.0640943188048812,1.5712265600055344,0.0220400942123285,,,,,,,,,,,,,,,,,,,,,,,,,,,,,,,,,,,,,,,,,
2026-08-18 21:04:26,2026-08-18,193.96,188.91,195.46,184.67,11880200.0,0.0557,2188402700.0,603929,0.1156321974842022,0.0761036741669038,0.028641437517016,0.2609130957148577,0.0215216568431297,0.8211680104457841,0.124604861321951,-0.0398686687120826,1.6346563323635177,928979566.0,0.0313177800367402,21.50643775438824,0.0101009811165417,-5.057228467895669,-9.639244859025508,6.507857142857142,0.9750986203609354,191.07640655049576,146.22559344950426,0.468025949953661,0.3929564411492123,0.1390176088971267,0.3929564411492123,725164.8240091389,,0.068412328999862,79.06976744186046,51.56976744186046,49.53488372093023,54.88372093023256,100.0,关键词新闻评分,10,65.96220930232559,1943,0.5007720020586721,0.1479921778258189,0.0822534234814357,1.799222106046688,0.0330471272504009,,,,,,,,,,,,,,,,,,,,,,,,,,,,,,,,,,,,,,,,,
2026-08-18 21:04:26,2026-08-18,65.07,65.41,67.56,64.53,259648800.0,0.1058,17095703600.000002,600487,0.1351961124609511,0.0908939292861907,-0.1056877221766475,0.5588655862726406,0.0053796495542575,0.854491982220883,0.1803663268068209,-0.1677746464537226,1.1535765080000333,12189873411.0,0.1430357035389003,23.5620930174826,0.0206554364380503,-2.5262813501735266,-5.309344288421716,2.0957142857142848,1.0065990371401925,66.622518402682,44.15298159731798,0.1122112211221132,0.2904290429042888,0.7095709570957112,0.1782178217821755,59199136.8482699,,0.1407891636500529,93.02325581395348,48.72093023255814,71.04651162790697,19.651162790697672,50.0,无新闻/中性,8,65.91279069767441,1940,0.5087628865979381,0.1196366264278654,0.0832049603727038,1.437854496798888,0.01999331085006,,,,,,,,,,,,,,,,,,,,,,,,,,,,,,,,,,,,,,,,,
2026-08-18 21:04:26,2026-08-18,134.34,132.03,136.36,130.35,89187300.0,0.0701,3682198100.0,600498,0.0651875756353368,0.0442106928187282,-0.2372616984402079,-0.0628859393853359,-0.0171951764180438,0.5648050142006893,0.0892171380722763,-0.2017348245676795,1.0827163126366068,5934379284.0,-0.0038879625292121,22.02677572086295,0.0116273809822628,-7.053892408395967,-11.723315275788435,3.376428571428572,0.3127026125839241,137.8865010326422,104.80049896735778,0.3843594009983352,0.2795341098169719,0.3361064891846928,0.2795341098169719,10612731.767772743,,0.1255528500410391,90.69767441860463,39.88372093023256,46.337209302325576,36.56976744186046,100.0,关键词新闻评分,8,64.63953488372093,1951,0.4736032803690415,0.0996260817562972,0.0694167709797947,1.4351874964811546,0.0106424785989592,,,,,,,,,,,,,,,,,,,,,,,,,,,,,,,,,,,,,,,,,
2026-08-18 21:04:26,2026-08-18,6.09,6.47,6.48,6.09,32425845.0,0.0917,20484397400.0,000725,0.0947546531302876,0.0253565768621235,0.2418426103646833,0.533175355450237,0.0641447368421053,0.6008121706844229,0.105793881387797,0.0085212511690742,1.7552600321417764,1128831601.04,0.0532275831856812,23.742929330915057,0.009548415973018,-0.0971149929219157,-0.1868695311832465,0.1614285714285714,97.63996376215768,6.367939600188041,5.319560399811959,0.9743589743589728,0.9743589743589728,0.0256410256410273,0.0,2032081.813669803,,0.068344147469367,77.90697674418605,58.02325581395349,51.22093023255814,71.1046511627907,50.0,无新闻/中性,6,64.12790697674419,1951,0.4941055868785238,0.0932713018058434,0.067007565523793,1.3919518053931497,0.012187118282342,,,,,,,,,,,,,,,,,,,,,,,,,,,,,,,,,,,,,,,,,
2026-08-18 21:04:26,2026-08-18,37.02,38.06,38.06,36.14,98289700.0,0.1559,1871916300.0,603936,0.2527978933508887,0.3539665599430808,-0.2275218185508423,0.5031595576619274,0.0984126984126985,0.8419407788433602,0.3137048478677322,-0.0307547345992884,2.064488091927447,2801397501.0,0.050112772687375,21.35022850299797,0.02932453556549,-0.4135605377309836,-2.040880417628998,1.465,0.5003911643348005,35.867701458091815,21.886798541908178,0.5416666666666657,1.0,0.0,0.4583333333333342,20788817.252162628,,0.0170688162830242,37.2093023255814,62.906976744186046,82.96511627906976,87.44186046511626,100.0,关键词新闻评分,2,64.08720930232559,1943,0.5193000514668039,0.120200285588784,0.1002391677407981,1.1991349120096646,0.0142350517185679,,,,,,,,,,,,,,,,,,,,,,,,,,,,,,,,,,,,,,,,,
2026-08-18 21:04:26,2026-08-18,3.324,3.381,3.387,3.273,612293900.0,0.0725,680742700.0,562590,0.078468899521531,0.1059862610402355,0.1867321867321865,0.7418856259659967,0.0208333333333332,0.7682790627831445,0.1041983050017143,0.0690458373296514,0.8027760779418247,4552953500.0,23.90948676522965,20.338694967462864,0.0099887603917154,0.0082000546101008,-0.0434702993469546,0.1262142857142857,0.3288348888810788,3.4698573267545205,2.64324267324548,0.5,0.9473684210526296,0.0526315789473704,0.4473684210526295,98823047.6297134,,0.0492063943489915,63.95348837209303,60.23255813953489,64.06976744186046,82.09302325581396,50.0,无新闻/中性,5,63.46511627906977,548,0.5748175182481752,0.1467859966437809,0.0641586243590431,2.287860721924775,0.057096039173602,,,,,,,,,,,,,,,,,,,,,,,,,,,,,,,,,,,,,,,,,
2026-08-18 21:04:26,2026-08-18,28.24,27.9,28.44,27.43,25562800.0,0.0233999999999999,101273100.0,002512,0.0352504638218924,0.2786434463794682,-0.172106824925816,-0.3080357142857143,-0.0120396600566572,0.5451955861552045,0.0843794939562363,0.0519172039362061,0.7661512146707282,6320515206.0,0.0294459097182627,18.43333139595153,0.0125203010914152,0.8308225292867455,0.5014568036328231,0.7192857142857143,0.1419977551384732,29.90294886403493,21.36455113596507,0.336633663366336,0.4653465346534635,0.1980198019802005,0.4653465346534635,12630907.4785462,,0.0384750655120279,60.46511627906976,59.41860465116278,55.174418604651166,60.872093023255815,100.0,关键词新闻评分,4,63.13953488372093,1792,0.5050223214285714,0.1246416001308444,0.1097679053454046,1.1355013083162793,0.0086141272751341,,,,,,,,,,,,,,,,,,,,,,,,,,,,,,,,,,,,,,,,,
2026-08-18 21:04:26,2026-08-18,130.18,124.54,131.23,123.18,48737400.0,0.0588,6149571899.999999,301217,0.0265413781734258,0.1545378696579216,0.2971565461931049,1.7504416961130742,-0.0604300264051301,1.1765587425579638,0.2128885231373045,-0.0237924781697609,1.057398037222223,1988526692.0,0.035620545959199,22.53964830674848,0.0280024423716729,1.4635899005870954,-3.612697770064143,5.829285714285716,1.013149804816299,137.77716380787962,67.26583619212042,0.7006211180124239,0.1689440993788822,0.1304347826086938,0.1689440993788822,17125746.451028988,,0.0595101351215369,73.25581395348837,64.12790697674419,62.26744186046511,37.674418604651166,50.0,无新闻/中性,6,62.89244186046512,963,0.5202492211838006,0.2023699060352869,0.0885456651281884,2.2854863164934613,0.0628029341998501,,,,,,,,,,,,,,,,,,,,,,,,,,,,,,,,,,,,,,,,,
2026-08-18 21:04:26,2026-08-18,5.67,5.98,6.14,5.66,154045500.0,0.036,867556900.0,601118,0.0565371024734981,0.2032193158953723,-0.0771604938271605,-0.2439949431099873,0.0454545454545456,0.4267852069093779,0.0955390675093892,0.0527551200046945,2.3505752287300106,7575849754.0,0.1191075651470892,20.581191659565068,0.0110873924629527,0.1123601532970912,0.0505708390125701,0.1114285714285714,0.9417763237632664,6.075612454490389,4.822387545509611,0.645833333333335,0.6666666666666679,0.3333333333333321,0.0208333333333329,19292492.065214977,,0.0355508016266323,55.81395348837209,63.72093023255814,81.51162790697674,49.825581395348834,50.0,无新闻/中性,2,61.75,1839,0.4964654703643284,0.0600844577041786,0.0525682212632412,1.142980611866226,0.0033599439881205,,,,,,,,,,,,,,,,,,,,,,,,,,,,,,,,,,,,,,,,,
2026-08-18 21:04:26,2026-08-18,527.36,542.1,543.33,520.44,9619500.0,0.0536,1230262100.0,300776,0.1239892183288409,0.0626286386356955,-0.1824269296896207,0.4685485181773854,0.0172067626142271,0.8744867491204518,0.143375393490079,-0.1027765763061958,0.9378066370329065,510541433.0,0.0198991037868041,20.93049307387414,0.0157856688660614,-15.929041742627987,-32.51158093748788,20.985714285714288,0.2359205320075046,551.9001602377652,394.7173397622347,0.6439493228484062,0.9462647444298812,0.0537352555701187,0.302315421581475,1239498.2536373362,,0.1037361330804807,87.20930232558139,39.302325581395344,39.06976744186046,77.96511627906978,56.69767441860465,关键词新闻评分,8,61.629069767441855,1620,0.508641975308642,0.1634144836138587,0.1061673941632812,1.5392153579896075,0.0309532646566961,,,,,,,,,,,,,,,,,,,,,,,,,,,,,,,,,,,,,,,,,
2026-08-18 21:04:26,2026-08-18,193.8,192.34,197.48,188.61,183754800.0,0.1211,13038866900.0,002156,0.1375007392512863,0.0195059896109404,0.0137029619479287,0.4354802597208747,0.0200466694951209,1.0640387903735706,0.0985270348222904,0.0504546654408752,1.137696077957914,15137928094.0,0.0581052248459909,23.29120049557432,0.010780254869739,-1.2595603769700006,-4.198414882377644,7.409999999999998,0.3689194461271293,213.70302897497268,136.13547102502727,0.1645997745208581,0.4205186020293123,0.4148816234498296,0.4205186020293123,16539403.80104453,,0.1039879804971471,88.37209302325581,35.406976744186046,54.06976744186046,45.872093023255815,59.33333333333333,关键词新闻评分,7,61.11647286821706,1951,0.5069195284469503,0.1415269991750062,0.0879272698094605,1.6095916486625472,0.028387580024285,,,,,,,,,,,,,,,,,,,,,,,,,,,,,,,,,,,,,,,,,
2026-08-18 21:04:26,2026-08-18,108.7,114.76,115.39,106.33,41545100.0,0.1144,1532886400.0000002,002655,0.219683281964077,0.3843184559710495,0.0604324524117538,1.3873517786561265,0.0832546724561074,0.881515693028875,0.3509759141101407,0.0820545458831296,1.3969026460893712,3746952451.0,0.0338011179419947,21.1504183316768,0.035564682372231,1.88079247809246,-3.161253161301873,4.4700000000000015,0.3215138032908152,112.12944524947989,56.685554750520126,0.6688741721854305,0.9304635761589408,0.069536423841059,0.2615894039735104,14382215.767847704,,0.0123583190368427,29.069767441860467,75.5232558139535,76.04651162790698,74.12790697674419,90.5,关键词新闻评分,9,60.72732558139535,1941,0.5352910870685214,0.1367663100836846,0.1014002751436245,1.3487765185051737,0.0260881751660994,,,,,,,,,,,,,,,,,,,,,,,,,,,,,,,,,,,,,,,,,
2026-08-18 21:04:26,2026-08-18,54.06,51.6,54.6,50.4,61845400.0,0.1251,1581030700.0,603011,0.0569438754608766,0.3976164680390033,0.2778603268945021,0.0027205596579868,-0.0458579881656804,0.7707672394359069,0.217411820219417,-0.025440534874497,0.9623772751275594,4411879532.0,0.1243473143626616,21.18134281370753,0.0269917427735821,0.9974310892100178,-1.0541918744964256,2.021428571428572,0.4954310238912068,55.715925431561615,28.86407456843838,0.5857142857142855,0.2857142857142862,0.1285714285714282,0.2857142857142862,32118820.58035308,,0.0138188304414692,32.55813953488372,84.99999999999999,81.91860465116278,48.197674418604656,64.0,关键词新闻评分,7,60.24883720930232,1945,0.5280205655526993,0.1351632317644362,0.0972599220834208,1.3897114954349372,0.0254642830588666,,,,,,,,,,,,,,,,,,,,,,,,,,,,,,,,,,,,,,,,,
2026-08-18 21:04:26,2026-08-18,186.19,174.64,188.89,171.49,38724300.0,0.1051,2285030100.0,002552,0.0541437798032233,0.2990181493603094,0.310717502251576,1.7637284380439944,-0.0702725724020444,1.1805731457296802,0.2744886975242198,0.0426144165442801,1.5312544670633963,1336551390.0,0.0481236097457208,21.549645034509968,0.037803601446846,7.63246309225508,-0.8195017386596484,9.81214285714286,0.3378816657619128,199.674127556056,73.49587244394402,0.6637931034482774,0.1810344827586196,0.155172413793103,0.1810344827586196,5856976.432215154,,0.0227444837113048,43.02325581395349,73.48837209302326,72.73255813953487,37.79069767441861,79.79310344827586,关键词新闻评分,6,59.73512429831596,1926,0.509865005192108,0.1554206904810447,0.0816741903044817,1.902935185541916,0.0392121923182529,,,,,,,,,,,,,,,,,,,,,,,,,,,,,,,,,,,,,,,,,
2026-08-18 21:04:26,2026-08-18,44.7,45.07,45.97,44.19,36040700.0,0.0861,1578749800.0,002957,0.1242205038663006,0.2217403090268366,-0.0813289849164289,0.5252115059221658,0.0370455591348366,0.9295995127631403,0.1546640022545025,-0.0726560062001255,1.660595061115761,1707189444.0,0.0460781525310299,21.17989910557988,0.0190303186745832,-0.263789089344101,-1.560230423112048,1.977142857142857,0.971924507095342,45.902035781226594,32.0514642187734,0.2078651685393242,0.4943820224719112,0.5056179775280888,0.2865168539325869,5232366.845022154,,0.0314505587177119,51.16279069767442,55.40697674418604,67.79069767441861,42.55813953488373,100.0,关键词新闻评分,7,59.57267441860465,1570,0.486624203821656,0.1280335764952591,0.0951544263189052,1.3455346372029091,0.013454257853083,,,,,,,,,,,,,,,,,,,,,,,,,,,,,,,,,,,,,,,,,
2026-08-18 21:04:26,2026-08-18,71.26,73.58,74.21,70.26,31895400.0,0.0519,2229523200.0,603650,0.0870143300339785,0.058552726226442,0.1427240254697934,0.1478939157566303,0.0391187685355174,0.7221079137702203,0.1309038931497161,0.0425935897072573,1.4174337948508624,1862467337.0,0.0011936587961525,21.5250535883468,0.0132255948900847,-0.7196593641625668,-2.225686025633008,2.412142857142858,0.9500012120858164,75.73714579491127,54.48635420508873,0.5873417721518986,0.8405063291139248,0.1594936708860752,0.253164556962026,1200537.548808044,,0.0594784742302388,72.09302325581395,59.18604651162791,43.895348837209305,63.72093023255815,41.0,关键词新闻评分,9,59.28023255813953,1831,0.4997269251774986,0.1362882089704436,0.089613585848943,1.5208431587614128,0.0232756234682272,,,,,,,,,,,,,,,,,,,,,,,,,,,,,,,,,,,,,,,,,
2026-08-18 21:04:26,2026-08-18,28.66,29.74,30.97,28.12,79190300.0,0.1725,762673100.0,603318,0.0497705612424992,0.1924619085805932,-0.0080053368912609,0.3159292035398229,0.0531161473087817,0.5219278040161663,0.0829115537268323,0.0620859596807312,1.7269870416490385,1291866109.0,0.1585691287463151,20.45234005838613,0.006520727837491,0.3217156553895286,0.0744162023372497,0.6171428571428569,0.323836260909734,29.64118652313584,25.00881347686417,0.3789473684210523,0.5684210526315785,0.4315789473684215,0.1894736842105261,10898122.335036498,,0.0324890402778957,52.32558139534884,62.20930232558139,78.19767441860465,44.65116279069768,50.0,无新闻/中性,3,58.97093023255814,1854,0.5021574973031284,0.1096936303955535,0.0932393824001159,1.1764731551398295,0.0086649514255411,,,,,,,,,,,,,,,,,,,,,,,,,,,,,,,,,,,,,,,,,
2026-08-18 21:04:26,2026-08-18,28.09,26.92,28.21,26.82,64763100.0,0.0684,746014000.0,002083,-0.0295602018745492,0.1382663847780127,0.1179401993355482,-0.0102941176470587,-0.0507757404795485,0.6724761199036914,-0.0086905287965826,0.0657517073009799,0.7392560171258107,3020003301.0,0.0672327635056717,20.43025492608843,-0.0026562041524232,0.703523173123827,0.7445527903151399,0.4892857142857146,0.4279019772653499,29.532375973884683,24.68462402611532,0.8417266187050343,0.0719424460431664,0.0863309352517992,0.0719424460431664,13049674.751594272,,0.038230777623919,59.30232558139535,56.10465116279069,52.09302325581395,37.15116279069768,100.0,关键词新闻评分,7,58.9156976744186,1944,0.5447530864197531,0.0600260957968693,0.0481903841117142,1.2456031821144589,0.0107608773199678,,,,,,,,,,,,,,,,,,,,,,,,,,,,,,,,,,,,,,,,,
2026-08-18 21:04:26,2026-08-18,1.359,1.363,1.372,1.356,5750900.0,0.0365,7830500.0,561760,0.0279034690799395,0.1108394458027708,-0.0094476744186046,-0.0468531468531467,0.011878247958426,0.2154997493598037,0.043724634351788,0.0545454545454544,1.1126513815516446,226013100.0,0.2159465918346925,15.873537050594384,0.0045341003092294,0.0179822390752366,0.0122056276458756,0.0106428571428571,0.9989823660507916,1.3555907158841474,1.2480092841158528,0.25,0.437499999999993,0.5625000000000069,0.187499999999993,683571.2013164934,,0.0539041227876508,68.6046511627907,57.84883720930233,59.593023255813954,34.36046511627907,50.0,无新闻/中性,1,58.82848837209304,420,0.5619047619047619,0.0607202963181023,0.0408689987692295,1.4857299700676512,0.0162145098988902,,,,,,,,,,,,,,,,,,,,,,,,,,,,,,,,,,,,,,,,,
2026-08-18 21:04:26,2026-08-18,93.78,99.63,100.1,93.43,1177273.0,0.0223,111463800.0,688667,0.1165527289028351,0.1459627329192545,-0.2931034482758621,0.114429530201342,0.0623800383877157,0.48874566220427,0.1186400714097244,-0.0758627939621429,1.5522463588683912,31992306.0,-0.0504001418568465,18.52921044144417,0.0131354053141097,-2.839636392972025,-5.180460980941569,2.28857142857143,0.9503126943908978,97.07174539324168,80.06825460675833,0.8770614692653681,0.929535232383808,0.0704647676161918,0.05247376311844,147243.09417523863,,0.0497969582985473,66.27906976744185,52.674418604651166,48.25581395348837,67.03488372093022,60.95652173913044,关键词新闻评分,7,58.81658240647119,1170,0.4769230769230769,0.1582493380404314,0.1215854532320846,1.3015482842208277,0.0118742164517307,,,,,,,,,,,,,,,,,,,,,,,,,,,,,,,,,,,,,,,,,
2026-08-18 21:04:26,2026-08-18,85.69,85.42,87.5,84.2,150833200.0,0.0843,12923176800.0,600584,0.0997811252735934,0.0086196717440076,0.06681653553141,0.83147512864494,-0.0050087361677343,0.8627413709335222,0.122662215621591,0.0206959181722585,0.9226142024338256,11433352837.0,0.0538757995234279,23.28228818750708,0.014044244409452,-0.5801147190286002,-2.4324568757388696,2.912857142857142,1.003027346745257,91.1508083908166,61.22069160918343,0.0818181818181806,0.3696969696969697,0.5484848484848497,0.3696969696969697,21066156.17351429,,0.0853396463757983,84.88372093023256,44.70930232558139,46.279069767441854,35.34883720930233,50.0,无新闻/中性,7,58.677325581395344,1947,0.5182331792501284,0.1418261766731648,0.0947331357352866,1.4971126583360497,0.0278597488153694,,,,,,,,,,,,,,,,,,,,,,,,,,,,,,,,,,,,,,,,,
2026-08-18 21:04:26,2026-08-18,1051.91,1095.79,1099.27,1038.56,9342646.0,0.0409,2484272600.0,688019,0.1091328684069352,0.0417145953551159,0.0791813982804636,0.3081872880951244,0.0420315902585608,0.7335979142511799,0.1024593277029386,0.071260980248262,1.0847244191394412,323266995.0,0.1776443874036729,21.63324573774997,0.0060940361959629,-4.212205175855843,-17.817995771878216,39.88142857142854,0.2426621399473358,1099.3839939609556,890.0210060390443,0.7227804315598725,0.9426783067040024,0.0573216932959976,0.2198978751441299,314121.97612893954,,0.049537184666863,65.11627906976744,51.3953488372093,51.1046511627907,73.83720930232559,50.0,无新闻/中性,7,58.24418604651163,1577,0.5294863665187064,0.1550625153356453,0.0977478095523387,1.5863528404963134,0.0361118107910136,,,,,,,,,,,,,,,,,,,,,,,,,,,,,,,,,,,,,,,,,
2026-08-18 21:04:26,2026-08-18,30.06,29.69,30.76,28.91,11004058.0,0.0425,231538400.0,688207,0.081997084548105,0.3148804251550046,0.1814564265817748,0.2381150959132612,-0.0181878306878305,0.7672601392512292,0.183575842136735,0.1285969513817615,0.8111813939617314,197558813.0,0.8235038430740539,19.26025629678383,0.0228244414912469,0.8296905436871427,0.1600709560975385,0.9107142857142856,0.7086959639875468,31.209279418754225,18.89322058124578,0.1999999999999984,0.4216216216216219,0.3783783783783796,0.4216216216216219,5216346.612238143,,0.0085896673312102,26.744186046511626,79.06976744186048,68.02325581395348,48.19767441860465,100.0,关键词新闻评分,8,57.552325581395344,933,0.4608788853161844,0.1470969887774835,0.1018114400083461,1.444798234514953,0.0129051991962699,,,,,,,,,,,,,,,,,,,,,,,,,,,,,,,,,,,,,,,,,
2026-08-18 21:04:26,2026-08-18,307.66,298.55,309.46,290.7,30619800.0,0.0623,4039674300.0,002851,0.1058636144756823,-0.0256201044386421,-0.0047338067140048,0.1069707081942901,-0.0278410941061544,0.9948177719953674,0.0947305892037673,-0.0741305469209528,1.011522412288591,2612798632.0,-0.0112286983457945,22.119429907105264,0.0161204001678515,-5.214740839217882,-12.96002616139031,12.886428571428572,0.4419029758602119,325.4122799304328,221.4502200695672,0.4856076759061843,0.4184434968017071,0.0959488272921084,0.4184434968017071,1779340.8870580322,,0.0998603975841708,86.04651162790698,31.51162790697674,30.348837209302328,61.22093023255813,63.40425531914894,关键词新闻评分,7,56.5264720435428,1878,0.5042598509052183,0.1528053722525037,0.0839530070346544,1.820129827981364,0.035434738005249,,,,,,,,,,,,,,,,,,,,,,,,,,,,,,,,,,,,,,,,,
2026-08-18 21:04:26,2026-08-18,188.58,184.42,189.14,178.7,6120000.0,0.0838,605637300.0,301191,0.0619601520211907,-0.0331341092586768,-0.2416317131343038,0.1519770129302267,-0.0202411942835892,0.8847102932093082,0.0287964832810809,-0.050915958904932,0.9022775874689566,321947400.0,0.1031243736090909,20.221791851651744,0.0051246017285544,-4.655832000330378,-7.221928205560866,6.242142857142858,0.5366030969377231,212.4089624492057,147.5795375507943,0.398467432950194,0.5478927203065134,0.0536398467432925,0.5478927203065134,882995.4858832078,,0.0763471045295629,83.72093023255815,17.732558139534884,34.127906976744185,73.83720930232558,81.30434782608697,关键词新闻评分,8,56.07520222446916,888,0.5394144144144144,0.1510414426741008,0.1108380989612316,1.362721339409938,0.0304235006371064,,,,,,,,,,,,,,,,,,,,,,,,,,,,,,,,,,,,,,,,,
2026-08-18 21:04:26,2026-08-18,34.67,40.18,40.18,34.22,390978500.0,0.4412,2291043100.0,300189,0.2978036175710594,0.5248576850094875,0.1697234352256185,-0.1801673127933074,0.1986873508353221,0.9285702073767612,0.3270142180094786,0.3348024206720519,3.187772792249128,17797678263.0,0.0543494128303223,21.55227305342282,0.0270882918683328,1.5218780212172476,0.6811205976255252,1.3942857142857132,0.1458379163967286,36.097265213666944,23.870734786333063,0.9244966442953017,1.0,0.0,0.0755033557046984,131083170.47518297,,-0.0107857904746403,16.27906976744186,78.48837209302324,90.23255813953487,75.93023255813952,50.0,无新闻/中性,2,55.9593023255814,1944,0.4773662551440329,0.124790923025577,0.0905741421316946,1.3777764833160802,0.0122338725112827,,,,,,,,,,,,,,,,,,,,,,,,,,,,,,,,,,,,,,,,,
2026-08-18 21:04:26,2026-08-18,274.33,265.58,276.31,261.95,2745994.0,0.096,10839525800.0,000938,0.048355899419729,-0.0519401706350622,0.2581959446655295,0.5234325704124361,-0.0422646952758746,0.7941577983132364,0.0193268328442934,0.1852043582746303,0.8144049631002716,105905877.51,0.1550890116394511,23.106465086705857,0.004501411947843,8.040016909301926,7.73191676577133,8.710714285714289,14.863303053318296,302.6388190734146,220.32568092658545,0.6093314763231192,0.2527855153203337,0.1378830083565471,0.2527855153203337,223913.04607764812,,0.0723363428603853,80.23255813953489,38.66279069767442,30.05813953488372,44.99999999999999,71.91304347826087,关键词新闻评分,7,55.45002527805865,1947,0.4689265536723164,0.1219653879109456,0.0823086842083121,1.4818046125274924,0.0134808524351816,,,,,,,,,,,,,,,,,,,,,,,,,,,,,,,,,,,,,,,,,
2026-08-18 21:04:26,2026-08-18,227.62,220.47,228.92,218.86,44392405.0,0.0388,9788243100.0,688008,0.0540230434574748,-0.0054583182966438,-0.2295568912496506,0.2477785952798687,-0.0280814671133838,0.6978482583383184,0.0266595264150502,-0.0889694518747883,0.8363419083061915,3272995162.0,0.053975018978856,23.00444781885511,0.0043974132168119,-5.401015102737034,-8.474464155529978,7.852857142857147,1.0001072390820458,236.69096077994496,194.12603922005505,0.7107355864811157,0.1600397614314104,0.1292246520874738,0.1600397614314104,1320904.2478586123,,0.1745399414567251,96.51162790697676,27.5,30.46511627906977,36.97674418604652,50.0,无新闻/中性,6,55.44476744186046,1577,0.5022194039315155,0.1354590701661798,0.0936106178919425,1.447048136382822,0.0214326243033859,,,,,,,,,,,,,,,,,,,,,,,,,,,,,,,,,,,,,,,,,
2026-08-18 21:04:26,2026-08-18,449.97,436.74,455.81,429.06,60757300.0,0.0909,26794872200.000004,603986,0.0856347411071614,-0.0815721405589552,-0.1517140914829562,0.3550729134346881,-0.0163513513513513,0.8377867191844641,0.0753421537620602,-0.1648604228474944,0.9617145872753616,3167625577.0,-0.0240028170928597,24.011476370372613,0.0142204141553528,-25.7332758465372,-38.29717731910722,15.049285714285718,1.0097881136733575,477.8017535564245,335.93224644357554,0.4945794392523371,0.287102803738318,0.2183177570093448,0.287102803738318,-1962029.3469080376,,0.2398725620380852,98.83720930232558,23.54651162790698,18.37209302325581,43.6046511627907,68.0,关键词新闻评分,7,55.31453488372093,1909,0.5447878470403352,0.1682817653442631,0.1154477236272487,1.457644724876534,0.0391246538113957,,,,,,,,,,,,,,,,,,,,,,,,,,,,,,,,,,,,,,,,,
2026-08-18 21:04:26,2026-08-18,607.31,600.23,614.45,583.52,35200700.0,0.0448,6940629100.0,002281,0.0727587932513584,0.0561665288310957,-0.1163341921236658,1.6403466326485725,-0.010435900817726,0.8638228864431153,0.0939806731235397,-0.0541392340833234,0.7486268446931121,5462918650.0,0.0073184257759051,22.66065825591587,0.0124882675287732,-8.478645001267182,-21.85072336772316,23.108571428571395,0.3284958132938524,630.7769402616534,468.2395597383468,0.2289039767216266,0.5402521823472357,0.2308438409311375,0.5402521823472357,6023195.542746535,,0.05425048986999,69.76744186046511,37.44186046511628,33.54651162790698,61.45348837209303,84.36363636363636,关键词新闻评分,6,55.070084566596194,1952,0.5230532786885246,0.1332123565743249,0.0794009045433603,1.6777183753817115,0.0318071587769043,,,,,,,,,,,,,,,,,,,,,,,,,,,,,,,,,,,,,,,,,
2026-08-18 21:04:26,2026-08-18,29.22,31.12,31.29,28.87,4528100.0,0.0407,135576200.0,301133,0.0816823079596802,0.2503013258336681,-0.3264069264069265,-0.2057172026544155,0.0694158075601374,0.6369127743065149,0.1798381134722195,-0.0920628437221922,1.208965046783618,184321663.0,0.1847527920740393,18.72504440921753,0.0190236044934557,-0.5928313432857344,-1.6279971578395724,0.8885714285714291,0.962116935725381,31.08665212749424,21.45884787250576,0.7851239669421503,0.9297520661157032,0.0702479338842968,0.1446280991735529,950545.9016884234,,0.0204773305034379,40.69767441860465,58.66279069767442,70.63953488372093,68.37209302325581,50.0,无新闻/中性,7,54.875,1006,0.5288270377733598,0.0978876137341087,0.0954465658281737,1.0255750207957135,0.0067937756500909,,,,,,,,,,,,,,,,,,,,,,,,,,,,,,,,,,,,,,,,,
2026-08-18 21:04:26,2026-08-18,61.19,60.14,61.51,59.22,13231800.0,0.0617,746754600.0000001,300726,0.0210526315789474,0.1032838011374059,-0.1054588725271457,0.1049053830608119,-0.0190833469254607,0.4722752524295508,0.0818395229400705,-0.1166902075596864,0.8731331317195875,1158711759.0,0.0520686527364536,20.43124717640743,0.0097603069916438,-1.2827492915969287,-2.741223644161024,1.127857142857143,0.9384163263242944,62.40605399550579,48.67544600449421,0.4585152838427936,0.4017467248908306,0.1397379912663757,0.4017467248908306,2052452.845766608,,0.0338170934124204,53.48837209302325,51.45348837209303,43.31395348837209,54.88372093023256,89.67346938775509,关键词新闻评分,9,54.70281205505458,1952,0.4994877049180328,0.1206971023210123,0.0895179503114178,1.3483005576102622,0.0154818838671782,,,,,,,,,,,,,,,,,,,,,,,,,,,,,,,,,,,,,,,,,
2026-08-18 21:04:26,2026-08-18,1349.58,1299.42,1361.43,1279.53,26368300.0,0.0382,4327911400.0,002353,0.1223472710469264,0.2809613469898759,0.184068086967615,0.5562848074735014,-0.0208058597017398,0.9221914848893852,0.1372862041622251,0.1019185474188404,1.2829535231435507,1731775441.0,0.0655559393510553,22.18835090716276,0.0118821555910108,28.513879052410857,4.637583274545529,47.195,0.1263126025214512,1310.869147652879,976.7623523471208,0.61245421245421,0.2428571428571438,0.1446886446886462,0.2428571428571438,5445479.2589243725,,0.013799361280894,31.3953488372093,69.30232558139534,72.5,42.15116279069768,75.92,关键词新闻评分,9,54.62106976744186,1951,0.5848282931829831,0.1156206397753116,0.0911190643018088,1.2688962585518608,0.0297881639667685,,,,,,,,,,,,,,,,,,,,,,,,,,,,,,,,,,,,,,,,,
2026-08-18 21:04:26,2026-08-18,285.85,275.72,285.85,269.49,12143800.0,0.0877999999999999,1279237900.0,002975,0.0725483331388339,0.1959746681703826,-0.2134196787721448,0.654783339335014,-0.0103374012921751,0.930298867013634,0.1815980629539955,-0.0835594446580296,1.0457951993730636,373972759.0,0.1072044412056322,20.96953034771927,0.0236365131751869,-1.7193804343048953,-11.707346673761116,11.849285714285712,0.3820572469325564,293.1861361962869,172.72086380371312,0.619193154034229,0.3808068459657709,0.0,0.3808068459657709,3005116.8890432203,,0.0155109406845036,36.04651162790697,49.41860465116279,64.82558139534883,65.93023255813954,97.54716981132074,关键词新闻评分,10,54.28378674857394,1441,0.4892435808466343,0.1539474744496783,0.1106734022973059,1.391006974160997,0.0187906630091644,,,,,,,,,,,,,,,,,,,,,,,,,,,,,,,,,,,,,,,,,
2026-08-18 21:04:26,2026-08-18,271.65,279.78,281.28,269.5,17422800.0,0.0788,4778094100.0,300666,0.0950722141766799,0.1742634097204733,0.3355291422024915,0.9414336270904168,0.0311808934099955,0.9252987384665854,0.1805710861777225,0.0533991305133585,0.9323142667713344,1727384824.0,0.0464466715719845,22.2873075802982,0.01882808962962,0.7444724045317912,-7.00609731950325,13.005714285714282,0.9802121499361468,288.5232891821621,184.616710817838,0.6901528013582355,0.8726655348047535,0.1273344651952464,0.182512733446518,4693679.501728542,,0.0175068441134976,38.372093023255815,68.31395348837209,54.47674418604652,66.33720930232558,50.0,无新闻/中性,8,53.03779069767442,1937,0.5090345895715023,0.1272043156106451,0.0820777298446059,1.5498030446440878,0.0244540702683923,,,,,,,,,,,,,,,,,,,,,,,,,,,,,,,,,,,,,,,,,
2026-08-18 21:04:26,2026-08-18,138.56,135.96,140.4,134.92,17393500.0,0.0786,592196400.0,300191,-0.0130662020905921,0.2711293941660435,-0.0210253456221197,-0.0346492473729054,0.0086053412462907,0.7991786819544371,0.0851104584344273,0.127662397982881,0.7124352066322194,990269299.0,0.141113163310436,20.19934889627456,0.0140234276391636,4.721673631323881,3.5439404993599424,4.0200000000000005,0.2504192009924678,142.4389543888989,106.69504561110112,0.4744525547445229,0.1897810218978133,0.3357664233576637,0.1897810218978133,7549008.706781907,,0.0141046370671141,33.72093023255814,60.0,61.51162790697675,29.82558139534884,100.0,关键词新闻评分,6,52.08720930232559,1944,0.4675925925925926,0.1175329065577809,0.0767041854688079,1.5322880471180569,0.0141196399695507,,,,,,,,,,,,,,,,,,,,,,,,,,,,,,,,,,,,,,,,,
2026-08-18 21:04:26,2026-08-18,122.51,123.41,125.01,121.69,55824600.0,0.0093999999999999,1251650400.0,600188,0.0102324819908317,0.060314460005155,0.0664535084687176,0.1899527528685758,0.01056338028169,0.4420985751151455,0.0507494710492593,0.0649044338659341,0.8921878544754069,5785016046.0,0.0549560169303876,20.94772883820357,0.0059618475864375,2.6750559715838165,1.9229432050695712,1.7999999999999992,0.1816799786904062,126.40751375496616,107.79998624503388,0.2710843373493944,0.5180722891566251,0.481927710843375,0.2469879518072306,6514744.411521232,,0.0341587691081588,54.65116279069767,54.76744186046511,46.33720930232558,42.96511627906977,56.14634146341464,关键词新闻评分,7,51.99835507657402,1952,0.5128073770491803,0.0835504577795292,0.0508967781142661,1.6415667332017296,0.0180487562759434,,,,,,,,,,,,,,,,,,,,,,,,,,,,,,,,,,,,,,,,,
2026-08-18 21:04:26,2026-08-18,1.95,1.95,1.978,1.928,105500500.0,0.0153,82251100.0,561380,0.0411105178857447,0.092436974789916,-0.1454864154250658,-0.0547746000969463,-0.0025575447570332,0.372345813870968,0.0590918965891809,-0.0463848204024744,0.6988762520590254,1485147000.0,1.4481763303738333,18.2252873335384,0.0067209937196389,-0.0089351562107724,-0.0361171945790442,0.0255714285714285,0.3998090177966102,1.9664497210921248,1.7021002789078743,0.0,0.44,0.56,0.44,21475815.717531625,,0.0232335305536857,44.18604651162791,48.66279069767442,56.9186046511628,43.25581395348837,78.35,关键词新闻评分,9,51.17511627906976,261,0.7241379310344828,0.1016776388195416,0.0883122318505244,1.1513426474334736,0.0492666400140061,,,,,,,,,,,,,,,,,,,,,,,,,,,,,,,,,,,,,,,,,
2026-08-18 21:04:26,2026-08-18,270.8,267.06,282.04,262.11,54817000.0,0.0327,3328077000.0,002080,0.0546976817661228,0.1121012742566835,-0.1826528738446471,0.1587122526900382,-0.0287314518475413,0.932897893132816,0.1597135673372967,-0.0761306064745118,0.9672246068913144,4123242447.0,0.0435344674265249,21.92566049695742,0.0225348008664231,-3.1633456107240363,-12.73961914805752,9.23285714285714,0.2273365458987379,285.116309528802,175.26119047119806,0.1876567987957856,0.2483692925238327,0.5639739086803816,0.2483692925238327,11563836.37066492,,0.0288718321005699,47.674418604651166,42.03488372093023,55.34883720930232,22.906976744186046,100.0,关键词新闻评分,7,50.55523255813953,1943,0.5223880597014925,0.1306168061537641,0.080581139854519,1.6209352013334546,0.0297461453736885,,,,,,,,,,,,,,,,,,,,,,,,,,,,,,,,,,,,,,,,,
2026-08-18 21:04:26,2026-08-18,71.9,70.24,73.36,70.04,9543000.0,0.0409999999999999,649383100.0,603026,-0.001279681501493,0.1338175948345439,-0.2749045112005781,0.0323339212228099,-0.0239021678710394,0.4620868865431618,0.0241231747235202,-0.1218682802420363,0.8707017483833441,711725394.0,0.0383192815295846,20.29153339481213,0.0007541293411116,-1.3914554968530837,-2.4695098828385285,0.8449999999999989,0.96879425628202,73.80701131402779,63.391488685972206,0.5000000000000043,0.0602409638554183,0.4397590361445773,0.0602409638554183,2259677.176763056,,0.0296339775804577,48.837209302325576,44.593023255813954,45.05813953488372,18.546511627906977,100.0,关键词新闻评分,9,49.10755813953488,1952,0.4974385245901639,0.1560530622122024,0.1047021399818268,1.4904476855896984,0.0250075430767809,,,,,,,,,,,,,,,,,,,,,,,,,,,,,,,,,,,,,,,,,
2026-08-18 21:04:26,2026-08-18,28.37,28.43,28.76,27.98,131495900.0,0.0626,1154260700.0,002739,-0.1214462299134734,-0.0385525870815015,-0.0462931902046293,-0.204087346024636,0.00211491011632,0.6064267878411418,-0.0354210490601886,-0.0289968919703541,0.8988081364153047,2285990887.0,0.1214931192882476,20.866725890263563,0.001607726431761,0.2212226535294945,0.2600201491818201,0.9921428571428574,0.308755595954718,33.38273609807073,25.853263901929274,0.0769230769230751,0.5769230769230752,0.4230769230769248,0.5,-337972.6325583332,,0.0388193367747379,61.627906976744185,30.406976744186046,31.162790697674417,53.895348837209305,69.63636363636364,关键词新闻评分,6,47.75724101479915,1742,0.4276693455797933,0.0867353310415864,0.0708284238283803,1.2245836678753297,-0.0034432358960466,,,,,,,,,,,,,,,,,,,,,,,,,,,,,,,,,,,,,,,,,
2026-08-18 21:04:26,2026-08-18,148.63,148.38,150.44,146.95,7462300.0,0.0192,196483400.0,002832,0.0039921510251033,0.1898957497995188,0.2588444896920334,0.6466540894462323,-0.0016820292000269,0.4124888401075177,0.0426387093147451,0.1649113441073371,0.4345658737992703,732462501.0,0.0765616343225102,19.09608851242308,0.0053764288472516,5.718100309399944,5.863027074551345,2.2649999999999983,0.1774507312388877,154.9894982938717,127.64900170612832,0.0716332378223493,0.4097421203438404,0.5186246418338102,0.4097421203438404,3348068.031095749,,0.0059264821944279,22.09302325581396,70.81395348837209,46.97674418604651,40.05813953488372,86.0,关键词新闻评分,6,47.437209302325584,1952,0.5297131147540983,0.0736459682658559,0.0582466829233483,1.2643804688890654,0.0116185841512608,,,,,,,,,,,,,,,,,,,,,,,,,,,,,,,,,,,,,,,,,
2026-08-18 21:04:26,2026-08-18,150.8,142.89,151.27,142.22,130508200.0,0.1757,4855246000.0,300209,0.0442122186495175,0.3491643848550656,0.2312796208530805,3.476503759398496,-0.0716606029106029,1.287636924378612,0.1195468221135764,0.2629504197607972,0.9287303651694908,3244835097.0,0.2508763231976217,22.303325607024988,0.0208350335590405,10.967135361714227,9.18107382142165,8.987857142857141,0.2603584054597655,165.06875460053453,90.1722453994655,0.8740331491712724,0.0740331491712692,0.0519337016574583,0.0740331491712692,65928218.95631603,,-0.1629905231426092,1.162790697674419,66.45348837209303,81.74418604651163,40.40697674418605,100.0,关键词新闻评分,7,47.40988372093023,1933,0.4697361614071391,0.1812592293912136,0.1055212377993639,1.7177511671712618,0.0291899180252839,,,,,,,,,,,,,,,,,,,,,,,,,,,,,,,,,,,,,,,,,
2026-08-18 21:04:26,2026-08-18,35.85,35.05,35.85,34.62,27896646.0,0.0681,978332200.0,688158,-0.0017089148390772,0.1091772151898733,-0.2071929427731283,-0.1476167315175097,-0.0368233031052488,0.8306610835642319,0.0729810812465558,-0.0003089867611058,0.9297444646049204,2129382301.0,0.0213451788896369,20.70135984414713,0.0176766019397625,0.4849851436703929,-0.0445721867424325,1.200714285714286,1.00056736602421,38.86267791814066,26.62182208185933,0.650406504065042,0.349593495934958,0.0,0.349593495934958,11482532.98510744,,0.0255687498776627,45.34883720930232,38.13953488372093,49.593023255813954,64.82558139534883,50.0,无新闻/中性,9,46.80813953488372,1451,0.4121295658166781,0.174540626527824,0.107078839919844,1.6300197747610996,0.0089848685127579,,,,,,,,,,,,,,,,,,,,,,,,,,,,,,,,,,,,,,,,,
2026-08-18 21:04:26,2026-08-18,56.78,55.55,57.48,54.85,60090100.0,0.1009999999999999,740181799.9999999,603466,0.0730152598029745,0.0336806847785633,0.1165829145728643,-0.0404214890309208,-0.0209728586535072,0.832743984041778,0.0982710386619083,0.0958985184162244,0.9029845475542518,2851053956.0,-0.0547689212083532,20.42240639101586,0.0172641134275171,1.9141499085063955,1.0675591793770427,1.935,0.2217437624581427,60.50125445414599,40.16324554585402,0.4676806083650213,0.2661596958174893,0.2661596958174893,0.2661596958174893,7945366.204775223,,0.0311523788315226,50.0,47.965116279069775,35.581395348837205,37.96511627906977,60.285714285714285,关键词新闻评分,8,46.43264119601329,1946,0.4948612538540596,0.1090806926788394,0.0916225057528769,1.1905447442471229,0.0076977306755623,,,,,,,,,,,,,,,,,,,,,,,,,,,,,,,,,,,,,,,,,
2026-08-18 21:04:26,2026-08-18,76.58,72.15,76.68,71.28,1089178.0,0.0865,732485500.0,000676,-0.0959779476256107,-0.0374866595517607,0.086105675146771,-0.2609853528628494,-0.0484041150092322,0.7634875840140136,-0.0803586792344608,0.0819362384908377,0.6267023458457015,105529841.56,0.0247139767406198,20.41195410480294,-0.0043093878503208,2.4737983871979594,3.852724859046144,2.845714285714284,9.321028502466246,86.44064708683013,70.51585291316988,0.8203703703703681,0.1611111111111118,0.01851851851852,0.1611111111111118,77836.17139306884,,0.0576855090838827,70.93023255813954,32.44186046511628,15.581395348837209,44.18604651162791,50.0,无新闻/中性,6,45.47093023255814,1946,0.4450154162384378,0.1277888075710953,0.0894140186981539,1.4291808983833725,0.0072445874422211,,,,,,,,,,,,,,,,,,,,,,,,,,,,,,,,,,,,,,,,,
2026-08-18 21:04:26,2026-08-18,91.75,92.5,93.02,89.05,620931.0,0.0731,1564694800.0,000034,0.0455521645755623,0.0108184897825374,-0.1285916156382478,-0.0426412750983233,0.0123672978001532,0.5344536437632105,0.0072741528007664,-0.0109948856852647,1.1298182619116957,39131047.6,0.0799001206613262,21.170956626585102,0.0009660157394474,-1.165300184800273,-1.4734110866894152,1.8871428571428563,27.24234972880957,99.79043756720068,83.69656243279935,0.1889168765743073,0.8690176322418146,0.1309823677581854,0.6801007556675072,91299.1184425355,,0.0134975387459295,30.23255813953488,34.825581395348834,42.96511627906977,70.40697674418604,100.0,关键词新闻评分,6,44.92151162790697,1859,0.5088757396449705,0.1211329264915384,0.0879229329211334,1.3777170809371693,0.0184605221646049,,,,,,,,,,,,,,,,,,,,,,,,,,,,,,,,,,,,,,,,,
2026-08-18 21:04:26,2026-08-18,5.02,4.92,5.06,4.89,53332000.0,0.0458999999999999,263956100.0,001330,-0.0855018587360594,0.074235807860262,-0.4599341383095499,-0.5718015665796345,-0.029585798816568,0.4907615158061901,-0.0118497690299257,-0.1797265755251751,0.8012560603703442,3910130000.0,-0.0001995443311613,19.39129336319295,0.0022350917585349,-0.0767598021184889,-0.1351062356798261,0.1299999999999999,1.0059554080315425,5.581394781528072,4.356605218471927,0.5882352941176452,0.1764705882352956,0.2352941176470591,0.1764705882352956,8869801.008673238,,0.0380597032895908,58.13953488372093,34.418604651162795,37.44186046511628,32.38372093023256,37.80645161290322,关键词新闻评分,7,43.46087771942986,826,0.4612590799031477,0.1399824174501423,0.1241848579626838,1.1272100298428136,-0.0023353035652421,,,,,,,,,,,,,,,,,,,,,,,,,,,,,,,,,,,,,,,,,
2026-08-18 21:04:26,2026-08-18,314.89,316.76,319.41,304.79,5216156.0,0.0454,770893700.0,688531,0.1370521932658481,0.1449432516446178,-0.1272867533612519,1.0983041865394805,0.0213122682572948,0.9415869601251488,0.1729028196915556,-0.0387103496343625,0.9361581071348684,289130003.0,0.0659615708046117,20.46306105042711,0.019412582464429,-1.32530944354329,-10.85697433468058,12.509285714285715,0.4665665408777434,321.68830187568926,217.9511981243108,0.1279069767441863,0.8187414500683972,0.1812585499316028,0.6908344733242109,1158780.0144351388,,-0.0124638702631173,12.790697674418606,48.13953488372093,52.15116279069768,66.51162790697674,91.53846153846152,关键词新闻评分,6,42.74686940966011,669,0.4887892376681614,0.1862112452063108,0.092639440376483,2.0100644439296653,0.0436597736527749,,,,,,,,,,,,,,,,,,,,,,,,,,,,,,,,,,,,,,,,,
2026-08-18 21:04:26,2026-08-18,132.31,132.05,135.37,129.56,65105000.0,0.0644,3219168000.0,601208,0.0368247487437187,0.1470639332870049,-0.0763150531617234,0.6832377310388784,-0.0023420973103657,0.9064239653274966,0.1703810718226661,-0.0809800096042981,0.8743430508226923,4368241944.0,0.0760744997085477,21.89238877833302,0.0224853316983919,-1.207276400535605,-6.069865732682718,5.097857142857143,0.3744474636419466,141.62449063467574,84.1840093653242,0.0447504302925973,0.42857142857143,0.5266781411359727,0.42857142857143,17810771.227365125,,-0.0304813434138548,11.627906976744184,54.01162790697675,60.11627906976744,42.61627906976744,78.42105263157895,关键词新闻评分,9,41.69966340269279,1947,0.539291217257319,0.1260834693494822,0.0740661383495985,1.7023092084854938,0.0338727872200135,,,,,,,,,,,,,,,,,,,,,,,,,,,,,,,,,,,,,,,,,
2026-08-18 21:04:26,2026-08-18,211.82,202.6,212.34,200.87,21196700.0,0.0501,4261486700.0,603893,-0.0651100549120945,-0.0416272469252602,0.0294192368273968,0.0778315688673725,-0.0622975099509396,0.7709947004634802,-0.0262564703959858,0.0340498072427719,0.9763558431442816,1106675567.0,0.0599810009320156,22.17288392718962,-0.0005097155862383,2.370216651210597,2.577419552263094,6.307142857142858,0.992323881032516,232.9663851894987,183.6291148105013,0.8038360941586747,0.1508282476024402,0.0453356582388849,0.1508282476024402,663427.8290079236,,0.018737320230312,39.53488372093023,28.953488372093023,33.48837209302325,42.093023255813954,93.2,关键词新闻评分,3,41.30255813953489,1446,0.4979253112033195,0.1555550369330404,0.1028489805269844,1.5124606596584356,0.0258169202829864,,,,,,,,,,,,,,,,,,,,,,,,,,,,,,,,,,,,,,,,,
2026-08-18 21:04:26,2026-08-18,310.78,291.06,310.78,285.58,22921604.0,0.1581,6751613199.999999,688146,-0.0667863669883612,0.3678917191465363,1.0474113674732697,5.479519145146928,-0.0637846183537584,1.1201875091517266,0.0301495532514692,0.0685728131814877,1.0012763458018663,1041139894.0,0.0497436348207361,22.63304730601737,-0.0010321562903683,9.20693652250094,7.771394012333236,13.91071428571428,1.0119988600926122,346.39375197477074,215.72124802522927,0.7825396825396818,0.2174603174603182,0.0,0.2174603174603182,9368372.104913734,,-0.0888346665123527,4.651162790697675,64.88372093023256,70.93023255813954,51.279069767441854,40.18181818181819,关键词新闻评分,3,41.18097251585623,663,0.5324283559577677,0.2519736664416759,0.0757326071313186,3.327148978309424,0.0987475053441973,,,,,,,,,,,,,,,,,,,,,,,,,,,,,,,,,,,,,,,,,
2026-08-18 21:04:26,2026-08-18,422.81,435.87,452.26,409.0,10202449.0,0.0503,4361283500.0,688702,0.1073932926829268,0.1033566221142161,0.3745506149479658,1.3199382584628483,0.033602086791558,1.0374072460773256,0.1476001158473974,0.2765602256319541,0.8984493655117103,248488970.0,0.0461340282800724,22.196032231949083,0.0176018661206292,17.023378231957395,11.437615648815,18.772142857142857,0.9807377842327616,453.0282339316051,310.286266068395,0.3018955154877486,0.6211280628756359,0.378871937124364,0.3192325473878873,2011466.453904464,,-0.0729708045986463,5.813953488372093,58.3139534883721,43.08139534883721,54.18604651162791,100.0,关键词新闻评分,8,40.6482558139535,567,0.6349206349206349,0.2277207847196931,0.0983467335854281,2.3154890499935643,0.1086802621638551,,,,,,,,,,,,,,,,,,,,,,,,,,,,,,,,,,,,,,,,,
2026-08-18 21:04:26,2026-08-18,44.91,43.19,46.5,43.17,16071600.0,0.0982,685643200.0000001,301291,0.0404721753794266,0.0682661390056889,-0.2857615346452786,-0.3039484286865431,-0.0107650022904259,0.6209724608890473,0.0357314148681053,-0.003767491926803,1.716412211906144,160708700.0,-0.0020002384636976,20.345867935223,0.0041426170238192,0.4591103643007912,0.1931600493518429,0.9092857142857136,0.9877700508561766,44.44621845532853,38.91928154467147,0.5165165165165164,0.0060060060060048,0.4774774774774787,0.0060060060060048,1710071.3979565245,,0.0209501885523624,41.86046511627907,35.872093023255815,47.674418604651166,16.569767441860467,50.0,无新闻/中性,0,39.81104651162791,621,0.5942028985507246,0.1081817952539744,0.1078340961728219,1.0032243890707375,0.0205231726459991,,,,,,,,,,,,,,,,,,,,,,,,,,,,,,,,,,,,,,,,,
2026-08-18 21:04:26,2026-08-18,29.0,28.6,29.78,28.1,14962500.0,0.0285,421492300.00000006,601133,0.0580836108028117,-0.0291921249151391,-0.1669094086804543,0.5551930396954867,-0.0165061898211827,0.7628023169618315,0.0594750782566819,-0.0765902719108017,0.933831668143218,584096300.0,0.1051386909595639,19.85931206952169,0.0055824082829413,-0.9528463571440896,-1.511209722695147,0.9314285714285708,0.9849619386461492,31.228685812108047,22.97681418789196,0.2380952380952372,0.2976190476190476,0.464285714285715,0.2976190476190476,-72884.82640188438,,0.0259761347513898,46.51162790697674,29.069767441860467,33.25581395348838,34.302325581395344,50.0,无新闻/中性,7,38.627906976744185,671,0.563338301043219,0.1147491630367807,0.0788574728589657,1.455146340309513,0.0302085604772372,,,,,,,,,,,,,,,,,,,,,,,,,,,,,,,,,,,,,,,,,
2026-08-18 21:04:26,2026-08-18,10.29,9.91,10.29,9.81,293163.0,0.0412,115805600.0,000892,-0.0606635071090048,0.1261363636363635,-0.0498561840843719,-0.454295154185022,-0.0236453201970443,0.7725886846001174,0.0452483915198818,0.0476425399957711,0.3498334054190091,-1314108.3500000006,0.7182347658545459,18.56742348980913,0.0087679741249165,0.2863338959106745,0.2420555753362888,0.2928571428571428,39.86086779115483,11.515102778919474,7.375397221080527,0.7916666666666669,0.2083333333333331,0.0,0.2083333333333331,156364.57754221914,,-0.0489818364529819,8.13953488372093,47.55813953488372,42.79069767441861,50.63953488372093,100.0,关键词新闻评分,8,38.36046511627907,1945,0.4673521850899743,0.1266666469389854,0.0981777914778493,1.290176169501264,0.0069037481215865,,,,,,,,,,,,,,,,,,,,,,,,,,,,,,,,,,,,,,,,,
2026-08-18 21:04:26,2026-08-18,109.54,107.8,109.54,106.36,65638700.0,0.0347,1125910500.0,002517,-0.0385301462718516,0.0245200532218208,0.084507042253521,-0.2421259842519685,-0.0169615174174722,0.5902538913805403,0.0056814471364201,0.0593449356826289,0.7112324068347278,7072359782.0,-0.0192367643285743,20.84185787949068,0.0026239958656188,2.318423912955467,2.5915258065583284,2.704285714285714,0.1591201345473052,121.07647306478776,93.02652693521225,0.5471698113207564,0.4528301886792436,0.0,0.4528301886792436,13479920.156999065,,0.0062136313726233,23.25581395348837,44.82558139534884,30.29069767441861,73.95348837209302,50.0,无新闻/中性,6,37.799418604651166,1915,0.5096605744125327,0.1279824871439815,0.0889566405110893,1.4387063900870594,0.0216086799021478,,,,,,,,,,,,,,,,,,,,,,,,,,,,,,,,,,,,,,,,,
2026-08-18 21:04:26,2026-08-18,1.107,1.116,1.118,1.094,1977846100.0,0.0582,2186089700.0,513050,-0.0379310344827584,-0.0141342756183743,-0.0219106047326905,-0.1652954375467463,0.0017953321364452,0.3276087562884301,-0.013349836442401,0.0219156339661803,0.8529713186281409,-3186513136.0,0.6668233170223319,21.50538026016812,-0.0009572462708789,0.0075780824503952,0.0153663048030576,0.0147857142857143,0.9904014970382448,1.205986976537684,1.0580130234623155,0.3750000000000046,0.9166666666666666,0.0833333333333333,0.5416666666666621,3047539.452193784,,-0.011625697510917,13.953488372093023,39.53488372093023,42.38372093023256,76.86046511627906,63.84615384615385,关键词新闻评分,5,37.31484794275492,1953,0.4567332309267793,0.0722071952268915,0.0602951676412691,1.1975618951172666,0.0002230646569384,,,,,,,,,,,,,,,,,,,,,,,,,,,,,,,,,,,,,,,,,
2026-08-18 21:04:26,2026-08-18,52.19,52.45,54.32,51.94,746342.0,0.1138,527129100.00000006,000759,-0.0047438330170778,0.0353335965258587,0.4695993275427292,-0.0032307107563662,0.0049817972791723,0.5650023484631255,0.010451283533208,0.0977587860817998,0.8394128669476136,70315506.42,0.1187252569455552,20.08295604993908,-0.0010685446611818,1.1457029349139916,1.313710596242013,1.3921428571428558,13.465845194465462,54.74460989343097,48.79289010656903,0.1092436974789936,0.2142857142857162,0.7857142857142838,0.1050420168067225,76932.9655351847,,0.0072318094905543,24.418604651162788,55.174418604651166,36.16279069767442,11.3953488372093,58.75675675675676,关键词新闻评分,9,36.587884978001256,1946,0.4249743062692703,0.1361788935072201,0.0804122120860132,1.6935101021913903,0.0116334427575653,,,,,,,,,,,,,,,,,,,,,,,,,,,,,,,,,,,,,,,,,
2026-08-18 21:04:26,2026-08-18,22.51,22.18,22.61,21.96,13524600.0,0.0308,291080400.0,603533,-0.044377423524343,0.079844206426485,-0.1260835303388494,-0.3584032398032977,-0.0224768620537682,0.6387614815252924,0.0018066847335138,0.0118151544181379,0.523079814864879,1123021266.0,-0.0048175489110461,19.48911007907036,0.0035600098567765,0.5241098013884802,0.562500433103619,0.6071428571428569,0.9703468309765484,25.54355719777633,18.69244280222368,0.5076923076923117,0.3384615384615374,0.1538461538461509,0.3384615384615374,5593395.556653513,,0.0112520136325501,27.906976744186046,39.94186046511628,30.75581395348837,52.61627906976744,50.0,无新闻/中性,7,36.16569767441861,1939,0.4270242392986075,0.1554591580347894,0.0997680865184301,1.5582052684359282,0.0092201334351881,,,,,,,,,,,,,,,,,,,,,,,,,,,,,,,,,,,,,,,,,
2026-08-18 21:04:26,2026-08-18,71.58,71.37,71.8,70.93,77843400.0,0.0098,224512400.00000003,600166,-0.0464929859719437,-0.0149068322981366,-0.0627708470124753,-0.1061991233562928,-0.0059888579387185,0.3650084064746994,-0.0446358653093186,-0.0471697903292916,0.5811123590347118,14469938855.0,-0.0388125352066496,19.22944150192836,-0.0057825497194744,-0.8046692871755425,-0.3645113652345476,0.6200000000000015,0.0404113016332328,78.40750028810574,70.88949971189423,0.241379310344823,0.5057471264367847,0.2528735632183923,0.5057471264367847,2679913.381397624,,-0.0054520446565368,18.6046511627907,35.75581395348837,17.73255813953488,59.41860465116278,100.0,关键词新闻评分,8,34.93895348837209,1952,0.46875,0.0823053793785656,0.0596392692797519,1.3800534508981497,0.0068972847788344,,,,,,,,,,,,,,,,,,,,,,,,,,,,,,,,,,,,,,,,,
2026-08-18 21:04:26,2026-08-18,69.29,68.98,69.81,68.36,18394100.0,0.0056,255027300.0,601058,0.0222288085358624,0.0315537610288618,0.0659867099366404,-0.1065924103095452,-0.0050483196307513,0.2822948580416246,0.0104368843153768,0.0689353261585428,0.5505968483485701,2762911435.0,0.0197326625159633,19.356881160137,0.0003129847508861,0.8282404886598442,1.015792993490126,0.8985714285714254,0.2009948545954663,70.54678861840563,65.75571138159438,0.213793103448277,0.427586206896554,0.3586206896551689,0.427586206896554,2298830.672189192,,-0.0008445740515592,20.930232558139537,49.593023255813954,25.58139534883721,50.05813953488372,50.0,无新闻/中性,5,34.84593023255814,1952,0.5619877049180327,0.0911513642380708,0.065650533903679,1.3884329466658418,0.0224702049597941,,,,,,,,,,,,,,,,,,,,,,,,,,,,,,,,,,,,,,,,,
2026-08-18 21:04:26,2026-08-18,112.5,113.08,113.9,111.93,218846.0,0.0087,272678700.0,000729,-0.0247520482966796,0.0051555555555555,0.0377168027897587,0.0207618703737135,0.0051555555555555,0.1805852052351801,-0.0134270932393407,0.0642289328221954,0.8677251110795673,30775724.73,0.0170584864618012,19.423804740621783,-0.0014855134209845,2.096122197482856,2.822086648285999,0.904285714285714,11.018609752831509,117.5573198995536,111.23968010044644,0.2944162436548216,0.583756345177661,0.416243654822339,0.2893401015228393,7212.312958989693,,0.008115906188877,25.58139534883721,44.47674418604651,22.67441860465116,50.11627906976744,50.0,无新闻/中性,5,34.61918604651163,1953,0.5453149001536098,0.0654743487322979,0.0578517348220471,1.131761198410006,0.0093998161177262,,,,,,,,,,,,,,,,,,,,,,,,,,,,,,,,,,,,,,,,,
2026-08-18 21:04:26,2026-08-18,59.42,59.24,59.71,58.21,5506300.0,0.0252,81638400.0,300622,-0.0431271200129218,0.0,-0.1429398148148148,-0.2797568389057751,-0.005372733378106,0.4992803508776316,-0.0156198072449319,-0.0151015544902878,0.4083041544500948,1145562927.0,0.0213631943947257,18.21781030972685,-0.000460401176871,0.2666042575659375,0.5194250222751411,0.9235714285714296,0.2502762074644276,65.32538679149472,54.725613208505294,0.1199999999999998,0.6866666666666674,0.1933333333333327,0.6866666666666674,2103993.5058543887,,-0.0033800302218471,19.76744186046512,32.15116279069768,21.627906976744185,64.53488372093022,86.0,关键词新闻评分,8,34.33546511627907,1952,0.5194672131147541,0.1150546368527573,0.0818379348426669,1.4058839225836943,0.020441300658952,,,,,,,,,,,,,,,,,,,,,,,,,,,,,,,,,,,,,,,,,
2026-08-18 21:04:26,2026-08-18,85.91,84.06,86.18,83.13,7757700.0,0.0108,142611200.0,603613,-0.0374441772586739,0.0138704619466891,-0.2530655766838457,-0.3069502844422459,-0.0195941217634708,0.3025624834477154,-0.0285899184135716,-0.0623082729412463,0.7842211593234492,103504904.0,0.6096333562683556,18.7756326112468,-0.0015404214593193,-0.219823291408943,-0.086593779744178,0.8642857142857139,0.2186911798938079,92.47395112199058,80.65204887800942,0.6065573770491762,0.3049180327868863,0.0885245901639374,0.3049180327868863,674368.2545829257,,-0.0066748312730609,17.441860465116278,31.22093023255814,37.5,55.52325581395349,68.0,关键词新闻评分,3,33.76220930232559,1568,0.5108418367346939,0.1133275996527757,0.1017742262382364,1.113519638926017,0.0081087855849145,,,,,,,,,,,,,,,,,,,,,,,,,,,,,,,,,,,,,,,,,
2026-08-18 21:04:26,2026-08-18,1252.93,1229.49,1269.49,1209.73,31461700.0,0.0364,8510667700.0,300476,-0.0184261159056978,0.1193463219227968,-0.2945884539915315,0.0138953028103969,-0.023586591380173,1.0598675610733006,0.1173063020859128,-0.0863986351227036,0.7249843506550142,3173386254.0,0.0477622029122266,22.864586237205867,0.0226684261208206,4.934138056479924,-31.445702891015323,54.24142857142861,0.2200171057696674,1413.9611764816782,786.4023235183223,0.39223560910308,0.3306559571619811,0.2771084337349389,0.3306559571619811,17763059.71445073,,-0.0333597379835706,10.465116279069768,34.59302325581396,47.84883720930232,45.17441860465116,50.0,无新闻/中性,6,31.39825581395349,1953,0.5422427035330261,0.1539750565688911,0.0932486217278233,1.6512314468123483,0.0408066139691662,,,,,,,,,,,,,,,,,,,,,,,,,,,,,,,,,,,,,,,,,
2026-08-18 21:04:26,2026-08-18,33.14,33.12,34.38,32.58,11717600.0,0.1025,207110900.0,003001,-0.0830564784053156,-0.0598921373829123,-0.1728271728271728,-0.1149118118653127,-0.0042092603728202,1.0333763544942578,-0.0728921733288546,0.0437522979148063,0.5867475061878988,-191330561.0,-11.044761142315684,19.1487649613881,-0.0057782586211887,0.5006987629184678,1.2509972206197948,1.2521428571428572,0.53367143697956,40.50807109822732,30.828928901772684,0.0111111111111128,0.2999999999999988,0.6888888888888883,0.2999999999999988,-1125286.4790585013,,0.014474014753693,34.88372093023256,10.465116279069768,6.395348837209302,27.09302325581396,100.0,关键词新闻评分,9,28.813953488372093,1274,0.4662480376766091,0.1207174585898666,0.0884242226371125,1.3652080277288217,0.0090876758313534,,,,,,,,,,,,,,,,,,,,,,,,,,,,,,,,,,,,,,,,,
2026-08-18 21:04:26,2026-08-18,250.54,249.71,257.63,244.38,18373278.0,0.0516999999999999,1194233400.0,688257,0.0733290350311626,-0.0092052533428559,-0.1120475072896665,0.6972065520288182,-0.0182425791232553,0.968991731357684,0.1152721856360301,-0.1517940292812389,1.016751742822556,608156520.0,-0.0339429876419051,20.9007703110379,0.0152544377716029,-11.151703021239882,-19.1743415069352,11.087857142857144,0.2602954833798742,265.8800322503024,183.9159677496976,0.062641509433961,0.4022641509433972,0.5350943396226417,0.4022641509433972,1847582.1086175488,,-0.0113870021704719,15.11627906976744,29.82558139534884,31.162790697674417,37.441860465116285,50.0,无新闻/中性,6,27.723837209302328,1028,0.5719844357976653,0.1426856194116163,0.0783869561143677,1.8202724851751584,0.0480631162681989,,,,,,,,,,,,,,,,,,,,,,,,,,,,,,,,,,,,,,,,,
2026-08-18 21:04:26,2026-08-18,1150.0,1162.5,1170.0,1134.12,10883232.0,0.0173,12569910400.0,688256,0.0658879190200247,-0.1389016459015422,-0.1734802701741912,0.6187426025203648,0.0056228373702422,0.7616857891369235,0.0154363799627541,-0.0995468687468532,0.789493178962065,933827449.0,0.0299765567439236,23.25457173151998,0.0021397964589811,-43.392356534594455,-53.34458118248783,44.57999999999999,0.9935307958644668,1293.049627813717,1006.6263721862832,0.3483835005574125,0.7909698996655524,0.2090301003344475,0.4425863991081399,-1927640.490999384,,-0.038381677822141,9.30232558139535,21.10465116279069,14.069767441860463,66.22093023255815,50.0,无新闻/中性,4,22.96802325581396,1336,0.4925149700598802,0.2453456019134197,0.1138438140852898,2.155107011168924,0.0630623503811404,,,,,,,,,,,,,,,,,,,,,,,,,,,,,,,,,,,,,,,,,
2026-08-18 21:04:26,2026-08-18,1000.0,988.1,1009.0,971.81,22073900.0,0.0199,21830696200.0,300308,0.1140299449806079,-0.1306145792090096,-0.0959743824336687,0.7867992766726943,-0.0129166958033225,1.011570285135678,0.0317109371696286,-0.1093300851008467,0.5393133191496431,3876791214.0,0.0120910273704635,23.806582898937428,0.0043099642391969,-36.180101044964886,-49.47468336726717,40.44999999999999,1.000892917015792,1095.6131923613343,822.7468076386658,0.3199784888410852,0.4380209733799423,0.2420005377789724,0.4380209733799423,-11021080.603050858,,-0.1525005568770886,2.3255813953488373,18.66279069767442,7.325581395348837,56.279069767441854,100.0,关键词新闻评分,7,22.57267441860465,1953,0.5279057859703021,0.2011503136289678,0.1052715534951677,1.9107755794465515,0.0564903231074865,,,,,,,,,,,,,,,,,,,,,,,,,,,,,,,,,,,,,,,,,
2026-08-18 21:04:26,2026-08-18,465.01,452.21,467.67,446.46,38927400.0,0.031,17684710900.0,300502,0.0888755116783046,-0.1804375011327184,-0.037871534648199,0.7061952912767882,-0.0310062569640867,1.0841238246149956,0.0374763406940061,-0.1027852327244013,0.6843693953404394,6280517379.0,-0.0278737489391035,23.595966312339904,0.0068368869960385,-15.116967730082932,-22.55078135386551,18.62928571428571,1.0046213534269095,512.3146472275023,363.70235277249776,0.603488920320603,0.2710985384252706,0.1254125412541263,0.2710985384252706,-16406962.2098335,,-0.0556834730052684,6.976744186046512,19.76744186046512,5.465116279069768,48.19767441860465,58.57142857142857,关键词新闻评分,5,19.153654485049834,1951,0.5453613531522297,0.2503394883651613,0.1124590997613226,2.226049193853312,0.085397229181055,,,,,,,,,,,,,,,,,,,,,,,,,,,,,,,,,,,,,,,,,
2026-08-18 21:04:26,2026-08-18,1573.85,1546.2,1580.47,1510.92,54849100.0,0.0395999999999999,11731662500.0,002384,0.1024127310061602,-0.0740762919935326,-0.0546761798206195,1.6897451509089327,-0.0175683832639704,0.9220228131223928,0.1040945828172692,-0.0412431223569387,0.587880712598142,10914904874.0,-0.0039699194016403,23.185557220259486,0.0137419788210922,-29.0927087900036,-65.0876237025517,59.644999999999946,0.1383325509973322,1643.6547747365278,1161.5912252634723,0.3975557153127229,0.5072609633357297,0.0951833213515474,0.5072609633357297,-6636600.884026357,,-0.1150851785572106,3.488372093023256,28.8953488372093,8.139534883720929,69.18604651162791,14.0,关键词新闻评分,4,18.39127906976744,1881,0.5497076023391813,0.1624701122274159,0.1001427027404677,1.6223859330866806,0.0442175581190706,,,,,,,,,,,,,,,,,,,,,,,,,,,,,,,,,,,,,,,,,
2026-08-28 20:38:38,2026-08-28,133.4,136.71,139.51,132.7,92774600.0,0.0917999999999999,4729179700.0,601208,0.1175508869451484,0.4734856650140118,-0.1355674992096111,0.643939393939394,0.0431100259423165,0.827167169722283,0.135139847801087,-0.0324703817463797,1.255341737224551,4594811444.0,0.1406238666369413,22.27701759967472,59.22262865693428,,,,,,,0.4860499265785611,0.5888399412628514,0.4111600587371486,0.1027900146842902,0.0239140609833665,,0.0676327192689943,91.46341463414636,65.67073170731707,90.2439024390244,66.40243902439025,100.0,关键词新闻评分,8,83.1189024390244,1955,0.5411764705882353,0.1266088174649064,0.0740661383495985,1.7094021679286402,0.0345344259735452,,,,0.0039749084255203,-0.0144926847324831,0.0595838950019331,0.0029590139880664,0.8512833394850915,,,,,,,,,,,,,,,,,,,,,,,,,,,,,,,,,
2026-08-28 20:38:38,2026-08-28,6.92,6.96,7.09,6.77,165051500.0,0.0385999999999999,1097901500.0,601118,0.0807453416149066,0.3231939163498099,-0.0113636363636363,-0.0984455958549223,0.0265486725663717,0.5038297118750169,0.1536548980606664,0.2333864965443912,1.4431690567780218,7663402954.0,0.0951791235935523,20.816666468359504,72.59138661799345,,,,,,,0.125,0.5937500000000007,0.4062499999999993,0.4687500000000006,0.0208624239810838,,0.0588372529780873,86.58536585365853,79.57317073170732,85.85365853658536,66.82926829268293,86.0,关键词新闻评分,4,82.65182926829267,1847,0.4986464537087168,0.0619998660439568,0.0525682212632412,1.179417232580222,0.0045607491806837,,,,0.0518752479296324,0.0373071534713759,0.0584975369458128,0.0028818443804032,0.9856373360114798,,,,,,,,,,,,,,,,,,,,,,,,,,,,,,,,,
2026-08-28 20:38:38,2026-08-28,127.37,125.8,129.82,124.75,178255900.0,0.1388,2592464400.0,600172,0.0651087968842605,0.4847161572052401,-0.0041165294490183,0.5096603864154565,-0.0130236937078298,0.7712834843682189,0.1286357682438859,0.056188737065256,1.0170764769123437,10124613975.0,0.1554983318918203,21.67587476644041,58.60757964246223,,,,,,,0.3096646942800807,0.207100591715976,0.4832347140039432,0.207100591715976,0.0212655470136582,,0.0526605711171098,81.70731707317073,73.78048780487805,88.41463414634146,56.28048780487805,100.0,关键词新闻评分,10,80.35365853658536,1947,0.4863893168977914,0.1676100239616789,0.1062996717399486,1.5767689703851564,0.0269270780440479,,,,0.0299825866747551,0.0109030343712975,0.0722916193504428,-0.0078081867655178,0.8177164456289407,,,,,,,,,,,,,,,,,,,,,,,,,,,,,,,,,
2026-08-28 20:38:38,2026-08-28,92.9,97.38,99.06,92.04,62175900.0,0.0904,1095320400.0,300328,0.1389473684210525,0.3793201133144477,-0.0912653975363941,-0.0115712545676004,0.0332095490716179,0.6145533880375375,0.1639623487225459,0.1879303929880631,1.2959230548617202,6277062284.0,0.0853743499496075,20.814312761067743,68.86414030961063,,,,,,,0.6381766381766371,0.7606837606837595,0.2393162393162404,0.1225071225071224,0.0234850891579388,,0.0632035230301377,90.2439024390244,74.39024390243902,86.09756097560977,78.29268292682927,50.0,关键词新闻评分,6,80.23170731707317,1947,0.5166923472008218,0.1341586254124761,0.0964009987562553,1.391672567124422,0.0227273946252258,,,,0.0532369863774328,0.0366023129720664,0.052159434322096,0.0126871880199666,1.086802513246233,,,,,,,,,,,,,,,,,,,,,,,,,,,,,,,,,
2026-08-28 20:38:38,2026-08-28,43.63,42.67,46.26,40.62,3603501.0,40.66,2415861381.31,300189,0.1826496674057651,0.488834612700628,0.263173475429248,-0.2343441593396733,-0.0016378100140383,1.05509632181222,0.2134051840582391,0.3771179603033727,0.0307711211443904,18246549221.0,0.0644835866009208,21.60532174050129,69.25457535736905,,,,,,,0.1702127659574469,0.3634751773049652,0.4663120567375878,0.3634751773049652,0.0537515235761721,,0.1980327318536832,100.0,78.23170731707317,70.0,60.54878048780488,50.0,无新闻/中性,3,79.61280487804879,1952,0.4795081967213114,0.1274846424628311,0.0905741421316946,1.4075169740770903,0.0139868324484673,13.2,-0.16,-0.07,0.0748969234272733,0.06006876704014,0.093340922026181,-0.0118873021999228,0.9046614776856116,,,,,,,,,,,,,,,,,,,,,,,,,,,,,,,,,
2026-08-28 20:38:38,2026-08-28,272.63,284.57,289.23,270.44,2017350.0,18.66,7320542472.69,002407,0.0206226239150706,0.1651244677366523,0.1210605105578317,0.2804049493813272,0.0488353236031253,0.593359440062024,0.026735459662289,-0.016141792855155,0.0157985241820401,11559325875.0,0.1506322995718426,22.71395027060133,53.50205715123596,,,,,,,0.635444385311335,0.7519957424161777,0.2480042575838222,0.1165513571048427,0.0167057434158003,,0.0615803591804057,89.02439024390245,72.7439024390244,60.42682926829268,75.97560975609755,100.0,关键词新闻评分,7,79.02743902439025,1959,0.4798366513527309,0.1365887656345469,0.0818495053127833,1.6687793666263526,0.0229651831458641,6.93,4.88,13.25,-0.0017745361796391,-0.0008106252241209,0.0567020918779712,0.011217189424808,0.6170584951743193,,,,,,,,,,,,,,,,,,,,,,,,,,,,,,,,,
2026-08-28 20:38:38,2026-08-28,607.19,614.22,627.22,606.0,229406200.0,0.0578,9951454900.0,600176,0.0256829871084096,0.1309102960671675,0.1159114857744996,0.5822664159303435,0.0122280817402768,0.8057208244352453,0.0375127531198693,-0.0937557941723105,0.905880816158392,6961947069.0,0.1252780876132821,23.020984598633664,50.91992344498868,,,,,,,0.3312912346842584,0.3873704052780404,0.6126295947219597,0.0560791705937819,0.0096165303510863,,0.0835231492805066,93.90243902439023,63.17073170731708,64.69512195121952,50.97560975609756,100.0,关键词新闻评分,9,76.6951219512195,1950,0.5241025641025641,0.1006015460991363,0.0640544422471872,1.570563142379934,0.0222421834399628,,,,-0.0190832718766616,-0.0281041874770862,0.0608088307121226,-0.0025873641363184,0.6567377387341793,,,,,,,,,,,,,,,,,,,,,,,,,,,,,,,,,
2026-08-28 20:38:38,2026-08-28,136.0,132.72,138.64,132.57,103637600.0,0.0815,4362312900.0,600498,0.0108919186533629,0.2201893904569274,-0.2037437005039597,-0.2038392321535692,-0.0329350043719033,0.6160155182845065,0.0516265267878721,-0.1763998936783066,1.100017104579458,6016035984.0,0.0649961152551757,22.196268235532315,50.01489070461018,,,,,,,0.5403624382207586,0.0247116968698526,0.4349258649093886,0.0247116968698526,0.0145735367877648,,0.0841978866899928,95.1219512195122,60.609756097560975,73.96341463414635,36.829268292682926,86.0,关键词新闻评分,10,75.52073170731707,1959,0.4752424706482899,0.0998898066283138,0.0693876455661839,1.4395906621883567,0.0110601890397769,,,,-0.0196705673710832,-0.0426236429706753,0.0603902953586498,-0.014284653281509,0.756323718417354,,,,,,,,,,,,,,,,,,,,,,,,,,,,,,,,,
2026-08-28 20:38:38,2026-08-28,152.08,153.52,156.52,152.08,120910.0,5.47,463681592.08,300191,0.1358390056229654,0.3143835616438357,0.2126382306477094,-0.1651076789210354,0.0142706131078222,0.5232910084823088,0.1419730127795051,0.2604614247790033,0.0092798481343757,973981960.0,0.1254260418765914,19.95470865282223,69.38235618274605,,,,,,,0.3243243243243239,0.3243243243243239,0.675675675675676,0.0,0.0123991710376113,,0.0484596886703704,76.82926829268293,85.60975609756098,59.02439024390244,36.707317073170735,100.0,关键词新闻评分,7,73.76829268292683,1952,0.4697745901639344,0.1182190805568025,0.0767041854688079,1.5412337649407255,0.0148658119417887,2.93,1.43,2.16,0.0479108743980292,0.0375485763424894,0.0509938211866299,-0.0033757465593351,1.000245584190735,,,,,,,,,,,,,,,,,,,,,,,,,,,,,,,,,
2026-08-28 20:38:38,2026-08-28,156.21,150.27,156.62,149.73,214929000.0,0.1239,2393075500.0,600110,0.0183654106804012,0.3333629103815441,-0.051146050388331,0.4058377771540837,-0.0560336704566869,0.6921989910375359,0.0598665556981847,-0.074690218986492,1.2651506959656202,10282461555.0,0.0708113393836883,21.59584519614802,52.72873520697299,,,,,,,0.8621190130624071,0.0783744557329491,0.0595065312046437,0.0783744557329491,0.0159969708088683,,0.0494024216069746,78.04878048780488,69.9390243902439,81.40243902439023,71.64634146341463,50.0,无新闻/中性,10,73.2469512195122,1948,0.4640657084188911,0.1539518151055881,0.0961416187139092,1.601302507332501,0.0199181678224488,,,,0.0151783190893371,-0.006725122924702,0.0615938928975463,-0.0127239279926415,0.7035827771518315,,,,,,,,,,,,,,,,,,,,,,,,,,,,,,,,,
2026-08-28 20:38:38,2026-08-28,172.37,170.64,177.93,170.44,4663100.0,0.0219,780849400.0,603929,-0.0133564614050303,0.104108702685215,0.0535934798715731,0.222699914015477,-0.019423054821285,0.7077590388398216,0.0060104763280381,-0.1386270059077212,0.7383638537238043,916359966.0,0.0322696358862142,20.47589286078508,46.66047861812002,,,,,,,0.2309746328437938,0.0267022696929223,0.7423230974632837,0.0267022696929223,0.00493152085408,,0.0561629492193816,84.14634146341463,58.29268292682927,47.31707317073171,22.195121951219512,100.0,关键词新闻评分,10,65.70731707317073,1951,0.5012813941568427,0.1475428173571855,0.0820770998750822,1.7976124592820564,0.0330270923612877,,,,-0.0206649790004998,-0.0285609815906722,0.0531570223025919,-0.0136606231093814,0.5340538423779662,,,,,,,,,,,,,,,,,,,,,,,,,,,,,,,,,
2026-08-28 20:38:38,2026-08-28,219.48,215.47,223.96,215.47,38972743.0,0.034,8457061800.000001,688008,0.0613240074869469,0.0390606162897235,-0.1768099331423114,0.401978007677793,-0.0367472841879387,0.7487191430519722,0.0277237876059766,-0.0837334731903343,0.9204527819116348,3265173147.0,0.0034042675017681,22.858267645393912,50.17918984373831,,,,,,,0.4723203769140149,0.0,0.527679623085985,0.0,0.0063396940866867,,0.1397307560277722,98.78048780487804,40.79268292682927,42.6219512195122,19.35975609756097,92.85714285714286,关键词新闻评分,5,64.51742160278745,1585,0.5009463722397476,0.1353215417667633,0.0936488908081135,1.4449881957922706,0.0210530167404367,,,,-0.0222352193326165,-0.0327468939621662,0.0539319361661219,-0.0129638112688958,0.65498100115633,,,,,,,,,,,,,,,,,,,,,,,,,,,,,,,,,
2026-08-28 20:38:38,2026-08-28,172.71,173.66,179.47,172.28,917805.0,6.05,5905982857.7,002156,-0.0020113786563989,0.1227049392293766,-0.1026714204516096,0.3290984233889484,0.0003456221198157,0.7958342742647457,0.0236580182909755,-0.0404411561562392,0.0107747894263897,14988605414.0,0.0353979129266209,22.49923171791039,49.53014484636586,,,,,,,0.1321279554937397,0.1919332406119605,0.8080667593880395,0.0598052851182207,0.0128855716899486,,0.1055203709971994,96.34146341463416,52.43902439024389,44.9390243902439,35.30487804878049,50.0,无新闻/中性,3,64.34756097560975,1959,0.5058703420112303,0.1415055648182231,0.0881479774920462,1.6053183390508476,0.0280269385005402,4.14,0.03,0.06,-0.0122097693819997,-0.0149811289070943,0.052857800957536,-0.0084315106297938,0.5940886609050046,,,,,,,,,,,,,,,,,,,,,,,,,,,,,,,,,
2026-08-28 20:38:38,2026-08-28,87.21,85.68,87.85,85.35,50734.0,1.95,301842305.28,001301,-0.0663615560640731,0.0628954224041682,-0.0860799999999999,0.0921606118546845,-0.0270270270270269,0.4694031026888957,0.0242126843146515,0.0103436009410062,0.014231645030783,233072260.0,0.0874026831390534,19.52541527432795,51.90416076470535,,,,,,,0.6119999999999948,0.132000000000005,0.2560000000000002,0.132000000000005,0.0245020244126708,,0.0445981262962996,70.73170731707317,57.80487804878048,51.09756097560975,66.64634146341464,80.0,关键词新闻评分,6,64.09146341463415,749,0.4913217623497997,0.1377017025764463,0.091653679393331,1.5024132526693286,0.0210336110804714,2.84,-2.7,-2.38,0.0282240817916434,0.0200748780323157,0.044359410430839,-0.0071075401730531,0.5844474795339302,,,,,,,,,,,,,,,,,,,,,,,,,,,,,,,,,
2026-08-28 20:38:38,2026-08-28,81.42,79.47,84.21,78.97,7676500.0,0.0503,622405200.0,301021,0.0426397271057465,0.4851429639319753,-0.1867580843225542,0.3077176238275463,-0.0337993920972644,0.8627717092253023,0.1150632458485048,-0.0715362237566156,0.7588188660370607,601446045.0,0.0828389388058207,20.24910188715601,55.19577868109221,,,,,,,0.3721374045801536,0.0954198473282443,0.5324427480916021,0.0954198473282443,0.0219249284569405,,0.0214762658830804,47.5609756097561,60.609756097560975,79.20731707317073,49.207317073170735,99.0909090909091,关键词新闻评分,6,62.470066518847005,1110,0.5144144144144144,0.1659590593091077,0.1171313972229479,1.416862286661033,0.0284944142002987,,,,0.0133779545612581,-0.0113172845997668,0.0762462025202682,-0.0174737275911808,0.7737658291568932,,,,,,,,,,,,,,,,,,,,,,,,,,,,,,,,,
2026-08-28 20:38:38,2026-08-28,30.49,30.28,30.94,30.22,54482100.0,0.1186999999999999,536479600.0,603318,0.0243572395128552,0.1583779648048966,0.0532173913043478,-0.0335142036386848,-0.0156046814044213,0.6334953978315325,0.0547031470419199,0.0754941483599425,1.1947952095120278,1058144209.0,-0.0771471365158834,20.100539096944964,56.18806280805617,,,,,,,0.2916666666666619,0.0833333333333362,0.6250000000000019,0.0833333333333362,0.0107555958483494,,0.0265777854957968,53.65853658536586,70.3048780487805,58.59756097560975,43.84146341463415,100.0,关键词新闻评分,8,62.46036585365854,1862,0.5037593984962406,0.1098907001779203,0.0931409037801452,1.1798328738285833,0.0091381749054968,,,,0.0268349144884677,0.0171873524227276,0.0481930552934515,-0.0065616797900261,0.8034260257445851,,,,,,,,,,,,,,,,,,,,,,,,,,,,,,,,,
2026-08-28 20:38:38,2026-08-28,220.54,218.37,228.27,218.25,15557081.0,0.0438,896893100.0,688257,-0.0254819707247412,0.1114673996029929,-0.2800435198311958,0.0354687277727725,-0.0094801778100336,0.8957219399313943,-0.024428381240004,-0.237806811234121,0.9117851306917208,543179251.0,-0.0295722446173933,20.614447239008253,44.55181431062815,,,,,,,0.2165668662674636,0.011976047904192,0.7714570858283444,0.011976047904192,0.0109738126418181,,0.0591155670197853,87.8048780487805,33.90243902439024,53.65853658536586,14.32926829268293,100.0,关键词新闻评分,6,61.37195121951219,1036,0.5704633204633205,0.1424770246726062,0.0780736584162176,1.8249051929019184,0.0477424165890863,,,,-0.0545269620579614,-0.0618579941731187,0.0704799848226142,-0.014709200018048,0.4293315992930538,,,,,,,,,,,,,,,,,,,,,,,,,,,,,,,,,
2026-08-28 20:38:38,2026-08-28,236.28,235.07,241.68,233.36,45404100.0,0.0271,2408059500.0,002080,-0.0258588537565787,0.1962241107322782,-0.1677465038059833,0.1614130434782608,-0.001232154996601,0.8417207318973582,-0.014513775929435,-0.1599197336845133,0.8249980921370609,3974893847.0,0.0380128091887709,21.602087073805315,46.2400032635237,,,,,,,0.1454326923076933,0.2055288461538438,0.6490384615384628,0.2055288461538438,0.0129756495683918,,0.0434043564646008,68.29268292682927,46.46341463414634,64.45121951219512,48.23170731707317,79.21311475409836,关键词新闻评分,9,61.15301879248301,1951,0.5238339313172732,0.1305639415204506,0.0805424838973092,1.6210568038467523,0.0300422248556126,,,,-0.0303382598397406,-0.0330344764186413,0.0641207178408863,-0.0069003393840392,0.4779436205149617,,,,,,,,,,,,,,,,,,,,,,,,,,,,,,,,,
2026-08-28 20:38:38,2026-08-28,101.97,100.25,107.76,99.65,7916018.0,0.0653,817342600.0,688031,-0.0500331659243816,0.1087148860871487,-0.3418461134453781,-0.6037549407114624,0.0027005401080215,0.7820222057488718,-0.0757941025983782,-0.0722789548447397,1.1288952591369896,229979269.0,0.0550950086529948,20.521568905195,44.55803293727474,,,,,,,0.2120838471023426,0.0739827373612816,0.7139334155363757,0.0739827373612816,0.0168172584627453,,0.0679338299484069,92.6829268292683,30.853658536585364,68.23170731707317,36.28048780487805,32.0,关键词新闻评分,6,60.62682926829268,800,0.44875,0.2524877043260632,0.1534894947781304,1.6449836172243253,0.0286927733198764,,,,-0.0063650532427612,0.0065449955688477,0.0671036693979337,-0.0224598582851199,0.2265959470190331,,,,,,,,,,,,,,,,,,,,,,,,,,,,,,,,,
2026-08-28 20:38:38,2026-08-28,248.6,241.32,250.77,240.77,11225800.0,0.0507,2738863200.0,300666,-0.0277195809830781,0.1776302947491703,0.1381408291279535,0.6143965747926146,-0.0334828580583147,0.8937040126806013,-0.0193173990697902,-0.1119436077566935,0.662443264818862,1696050524.0,0.0538931609755007,21.73080878110968,46.96422400260486,,,,,,,0.7280000000000001,0.0549999999999982,0.2170000000000015,0.0549999999999982,0.0131941837292791,,0.0380933779832294,63.41463414634146,56.64634146341463,59.573170731707314,54.8780487804878,68.0,关键词新闻评分,6,60.55914634146342,1945,0.5110539845758355,0.12703020953454,0.0820777298446059,1.5476818105841943,0.0247877157815488,,,,-0.0106177134453291,-0.0104300547906054,0.0631437806350784,-0.0121442021668531,0.45864291716118,,,,,,,,,,,,,,,,,,,,,,,,,,,,,,,,,
2026-08-28 20:38:38,2026-08-28,996.2,976.77,1011.46,974.78,4602447.0,0.0202,1135988700.0,688019,0.008788961642534,0.0243833375283162,0.120097701940278,0.2792482483137974,-0.0195041156394298,0.6886738556069003,-0.0064858085748157,-0.0537051114539947,0.6439757771930927,308234259.0,0.1197984992168203,20.850769210893088,47.77219963145595,,,,,,,0.5297164667393683,0.0542529989094876,0.416030534351144,0.0542529989094876,0.0017556760511874,,0.0524613616095876,80.48780487804879,51.64634146341463,39.63414634146342,43.90243902439025,68.0,关键词新闻评分,7,60.19939024390244,1585,0.5287066246056782,0.154653606569221,0.0975219541073254,1.5858337538952578,0.0358049353860158,,,,-0.0149256297047268,-0.0144498584151952,0.0535606422918686,-0.0110360748023126,0.4628165439802513,,,,,,,,,,,,,,,,,,,,,,,,,,,,,,,,,
2026-08-28 20:38:38,2026-08-28,124.42,125.75,126.45,122.82,49618400.0,0.0083,1131355300.0,600188,0.0525654976144638,0.0962426989800366,-0.1085985680867653,0.1441179146574469,0.0106895997428066,0.3552773658174069,0.050472817188492,0.0901131290364527,0.8989983871137235,5785415246.0,0.0552743106730393,20.84668213240329,64.08844884782862,,,,,,,0.3663911845730013,0.8071625344352614,0.1928374655647385,0.4407713498622601,0.0070909830642884,,0.0315582522722482,58.53658536585365,61.76829268292683,55.30487804878048,80.79268292682927,50.0,无新闻/中性,9,60.07012195121951,1960,0.5137755102040816,0.0834700292183725,0.0508136488473833,1.6426694620784128,0.018178016362931,,,,0.0183653220137563,0.0171461046916973,0.0315421755183186,0.0059463495280251,0.8606040106515712,,,,,,,,,,,,,,,,,,,,,,,,,,,,,,,,,
2026-08-28 20:38:38,2026-08-28,36.69,36.12,38.34,35.97,57569500.0,0.0913,1073290000.0,603936,0.0296465222348916,0.4570391286809196,-0.1607806691449814,0.3096446700507613,-0.0155355682747342,0.8063352670613727,0.1144364567585078,-0.0430816374289664,0.9787794121984992,2538831801.0,-0.0144447944158504,20.79399453528053,57.44135602216706,,,,,,,0.2405063291139237,0.0632911392405056,0.6962025316455707,0.0632911392405056,0.0150940061746887,,0.0244496959590999,52.4390243902439,63.902439024390254,69.69512195121952,33.04878048780488,82.14285714285714,关键词新闻评分,10,59.78745644599303,1951,0.5212711430035879,0.1218461143773893,0.1002391677407981,1.2155539308991783,0.0155274811132237,,,,0.021681153379032,0.0003928581591662,0.06328112640405,-0.0187449062754687,0.7786195161470085,,,,,,,,,,,,,,,,,,,,,,,,,,,,,,,,,
2026-08-28 20:38:38,2026-08-28,193.91,191.69,196.79,191.45,37410700.0,0.0478,1191909500.0,002747,-0.0611255326443649,0.0579502180032009,0.0667816795592408,0.4081392786307207,-0.0099168431382676,0.8051412048873774,-0.0701566312399044,-0.1139410187667561,0.5289092034982851,4028555874.0,0.1150284914378267,20.898822480727485,44.11358130026771,,,,,,,0.4157303370786512,0.0449438202247207,0.539325842696628,0.0449438202247207,0.0097237713091893,,0.0458458642468359,74.39024390243902,42.31707317073171,44.63414634146342,36.585365853658544,100.0,关键词新闻评分,9,59.20121951219512,1950,0.5056410256410256,0.137597867169761,0.1019877138829689,1.349161207080833,0.0191565850493345,,,,-0.024982014232727,-0.0142925199971258,0.0672290826706811,-0.0083803217629715,0.2584405159050356,,,,,,,,,,,,,,,,,,,,,,,,,,,,,,,,,
2026-08-28 20:38:38,2026-08-28,1434.54,1415.17,1496.82,1414.31,554544.0,4.0,11142433062.12,002384,-0.0270268412078543,0.1400249728118581,-0.1766810560487763,1.0393261665273652,-0.0247134793905018,0.6832475846171332,0.002316028047312,-0.1112348092006396,0.0100140967792286,10842330582.0,0.0293524064843922,23.1340264554185,47.02394913283339,,,,,,,0.234759423100229,0.010422979032846,0.7548175978669249,0.010422979032846,0.0148148000276777,,0.0571511959064446,85.36585365853658,50.73170731707317,46.15853658536585,13.841463414634145,55.72727272727273,关键词新闻评分,7,58.74955654101996,1889,0.5500264690312334,0.1621399770156461,0.1000509563805626,1.6205739843097178,0.0441609969273573,5.69,-2.47,-35.86,-0.0186403457938724,-0.0243768828057084,0.0651577448040063,-0.018674155745094,0.5109918131356848,,,,,,,,,,,,,,,,,,,,,,,,,,,,,,,,,
2026-08-28 20:38:38,2026-08-28,294.73,285.61,303.68,285.01,339525.0,6.91,4412140831.03,002851,-0.0163590026174403,0.1814759659137916,-0.1813986815706505,-0.0184211430731691,-0.0133006287569956,0.8197985597222526,0.0294181251982355,-0.0988628906052806,0.0165215020177399,2581715982.0,0.0207931998261288,22.207625858052616,49.75116827733468,,,,,,,0.4884841992501337,0.0321371183717205,0.4793786823781457,0.0321371183717205,0.0123053898779334,,0.0455784270630944,73.17073170731707,51.21951219512195,48.90243902439025,37.31707317073171,68.0,关键词新闻评分,4,58.72682926829269,1886,0.5047720042417816,0.1527588663239581,0.0839563295015764,1.8195038686283893,0.0355308743297644,6.45,-1.33,-3.85,-0.0136539261252442,-0.0235253314369172,0.0658440330720713,-0.0199816996454306,0.6167348511233738,,,,,,,,,,,,,,,,,,,,,,,,,,,,,,,,,
2026-08-28 20:38:38,2026-08-28,1.365,1.38,1.386,1.365,3438500.0,0.022,4744200.0,561760,-0.0036101083032491,0.0623556581986142,0.0184501845018449,-0.1512915129151292,0.0109890109890109,0.1731824349228803,0.0304274780660815,0.0662820496310507,0.7327533390515868,221551700.0,0.02059555704604,15.372433588070743,62.6933251054888,,,,,,,0.7142857142857127,0.7142857142857127,0.2857142857142872,0.0,0.0034342212647038,,0.035528608813099,60.97560975609756,65.91463414634146,41.09756097560975,60.54878048780488,59.0,关键词新闻评分,3,57.99451219512194,428,0.5700934579439252,0.060866876496218,0.0408689987692295,1.4893165560504256,0.0171299581578013,,,,0.0162671113402897,0.0149085157249601,0.0199792960662526,0.0021786492374726,0.8905234491988113,,,,,,,,,,,,,,,,,,,,,,,,,,,,,,,,,
2026-08-28 20:38:38,2026-08-28,51.85,50.99,52.22,50.49,75752700.0,0.1274,850308800.0,603466,-0.0125871417505809,0.0819011245491194,0.0123089140361327,0.0274027805762644,0.004927079227434,0.6814746863657375,-0.0319977978377044,0.0032892039995147,1.2186821905960663,2810998356.0,-0.0025917726491411,20.561110136767,48.20093386043012,,,,,,,0.4971098265895959,0.2890173410404629,0.2138728323699411,0.2890173410404629,0.0085215831588654,,0.0223007209133693,48.78048780487805,50.48780487804878,53.41463414634147,71.21951219512195,100.0,关键词新闻评分,9,57.5,1954,0.4969293756397134,0.1091381283205667,0.0916225057528769,1.1911716168834408,0.0081413507902724,,,,0.0024555992035874,0.0119697412436013,0.0568458801445661,-0.0047495120364347,0.3800037632514945,,,,,,,,,,,,,,,,,,,,,,,,,,,,,,,,,
2026-08-28 20:38:38,2026-08-28,99.23,100.92,101.19,98.87,240380.0,2.83,575542812.78,000034,0.0146792680474563,0.1519232964273484,0.1169894853348092,0.0149854168761942,0.0174412743220082,0.656444607834957,0.0829662458350546,0.0748443257904416,0.6651861077992781,39128684.6,0.0441750531090141,20.170824177416453,59.52981342911761,,,,,,,0.7284482758620702,0.8836206896551738,0.1163793103448262,0.1551724137931036,0.0057203035821815,,0.0139753702596836,35.36585365853659,72.5,50.79268292682927,89.14634146341464,76.7906976744186,关键词新闻评分,8,57.255289279636976,1867,0.5093733261917515,0.1209795136090619,0.0877827217725707,1.3781699993593064,0.0185551924469968,2.34,1.74,1.73,0.0153274355779082,0.0035415020828794,0.0380994847403884,0.0059140142202138,0.9225528864635584,,,,,,,,,,,,,,,,,,,,,,,,,,,,,,,,,
2026-08-28 20:38:38,2026-08-28,51.08,56.02,56.02,50.72,82006300.0,0.1659,2204164200.0,603011,0.1603148301574151,0.6218876664736539,-0.1413243408951562,0.0312960235640649,0.0984313725490195,0.8740664093205615,0.1816571042861965,0.0682209665219575,1.2250328175270804,4609025132.0,0.1984650717198048,21.51361422682315,64.38322151343823,,,,,,,0.9320754716981132,1.0,0.0,0.0679245283018866,0.032183945279152,,-0.0052221358523117,8.536585365853659,66.70731707317073,94.9390243902439,87.43902439024392,97.14285714285714,关键词新闻评分,5,57.11062717770036,1953,0.5299539170506913,0.1368463479650254,0.0972599220834208,1.407016837291428,0.0268056127348802,,,,0.0228898995886849,0.0080510526896602,0.0683684398429132,0.0325632833620053,1.0025743692656182,,,,,,,,,,,,,,,,,,,,,,,,,,,,,,,,,
2026-08-28 20:38:38,2026-08-28,1167.75,1104.39,1180.3,1103.89,57283300.0,0.0662,14311950800.0,300476,-0.0471346482373038,0.263618576871589,-0.337669347438873,-0.1241742468099954,-0.0803723842752579,0.9638181202897136,-0.0481677666903965,-0.1344472953649587,1.3554212306175046,3149885554.0,0.0650808320868228,23.384360745542114,45.07353805399416,,,,,,,0.8292108362779743,0.0065436461196178,0.1642455176024077,0.0065436461196178,0.0252870191317737,,0.0370949924848263,62.19512195121951,35.36585365853658,83.35365853658537,44.57317073170732,50.0,无新闻/中性,4,56.737804878048784,1961,0.5441101478837328,0.1540538858503871,0.0932486217278233,1.6520768135323636,0.0413111822425747,,,,-0.0106248840664682,-0.0115052494162671,0.060026026002719,-0.0222541595594614,0.3887602614471064,,,,,,,,,,,,,,,,,,,,,,,,,,,,,,,,,
2026-08-28 20:38:38,2026-08-28,170.98,163.8,175.48,163.35,6331200.0,0.0867,576182800.0,301191,-0.051534452808338,-0.0016456390565001,-0.1250934729195598,0.1008064516129032,-0.0667730173199635,0.6884912070493674,-0.0441566929455496,-0.1367376624106696,1.1579846472657171,320753700.0,0.134759393099115,20.17193553115845,43.08221180142624,,,,,,,0.5919208573783991,0.0370981038746922,0.3709810387469086,0.0370981038746922,0.0026604318892429,,0.0394309922010929,64.63414634146342,35.54878048780488,52.92682926829268,44.8780487804878,100.0,关键词新闻评分,6,56.58231707317073,896,0.5357142857142857,0.1510157419045922,0.1111128555475614,1.3591203390497917,0.0293131788018066,,,,-0.0352732661134572,-0.0362597250742471,0.0645560788417931,-0.0223424785627597,0.2809038110389925,,,,,,,,,,,,,,,,,,,,,,,,,,,,,,,,,
2026-08-28 20:38:38,2026-08-28,69.46,71.18,71.53,69.15,51378500.0,0.0156,736735300.0,601058,0.0365516237075871,0.0143936155052017,0.1590946099983718,-0.0194241631078661,0.0253529242293288,0.2264757602169271,0.0360763593225768,0.0885595218372055,1.854879761436292,2903076435.0,0.0462764201739581,20.4177392282463,62.2820792608212,,,,,,,0.722689075630259,0.8529411764705903,0.1470588235294096,0.1302521008403313,0.0018137416540211,,0.0199882501140522,43.90243902439025,66.89024390243902,50.1219512195122,86.21951219512195,50.0,无新闻/中性,5,55.734756097560975,1960,0.5627551020408164,0.0907948020526707,0.0655233905234271,1.385685345757682,0.0224454698905708,,,,0.0124556238760919,0.0124516894940858,0.0242744751736041,0.0079297649391107,1.082230906835802,,,,,,,,,,,,,,,,,,,,,,,,,,,,,,,,,
2026-08-28 20:38:38,2026-08-28,66.51,65.37,68.11,65.14,13309000.0,0.0217,845554000.0,603650,-0.0312685240071132,0.1428321678321678,0.1537239675255914,0.113059765026392,-0.024182713837886,0.6025397025965876,-0.0116419715754459,-0.0907847550784336,0.6711637850934468,1751488537.0,0.0022674912511189,20.55550259298013,45.69303099596036,,,,,,,0.3838383838383842,0.0774410774410788,0.538720538720537,0.0774410774410788,0.0099651389317041,,0.0300159864489431,56.09756097560976,67.01219512195122,48.96341463414634,47.01219512195122,48.36363636363637,关键词新闻评分,8,55.71746119733925,1839,0.5008156606851549,0.1358682256982294,0.0894804726416835,1.5184120254069458,0.0233776846019596,,,,-0.0129034751822317,-0.0142122088011452,0.0488865578356169,-0.0126371966569327,0.4669844632640861,,,,,,,,,,,,,,,,,,,,,,,,,,,,,,,,,
2026-08-28 20:38:38,2026-08-28,484.35,469.6,494.88,468.42,6519300.0,0.0364,750726799.9999999,300776,-0.0137768817204301,0.131893559583494,-0.3100205700852189,0.3036839621332001,-0.0288893024794755,0.8156443432583336,-0.0258474048873582,-0.1919175696267006,0.7064480054788108,484015933.0,0.0464812649599599,20.43655236325136,44.99818955958398,,,,,,,0.5574452003023436,0.0445956160241877,0.3979591836734686,0.0445956160241877,0.0118230761406485,,0.0445169952489866,69.51219512195121,37.19512195121951,56.89024390243903,44.39024390243903,50.0,无新闻/中性,9,54.44512195121951,1628,0.5098280098280098,0.1627271902456196,0.1059332791135106,1.5361290767866504,0.0310373532993137,,,,-0.0346414276577121,-0.0402314593439878,0.0649002190313945,-0.0168190383139089,0.4176831972671136,,,,,,,,,,,,,,,,,,,,,,,,,,,,,,,,,
2026-08-28 20:38:38,2026-08-28,31.48,31.24,31.76,31.0,2292100.0,0.0206,70787900.0,301133,0.0885017421602787,0.2777096114519426,-0.2504798464491363,-0.202450855246362,-0.0076238881829733,0.717610700531292,0.0939141396456333,-0.0399311602368415,0.7453377774164702,184871163.0,0.1513878321349506,18.07519865423011,56.70212063956062,,,,,,,0.3157894736842125,0.3157894736842078,0.3684210526315797,0.3157894736842078,0.0163401355765292,,0.0207363044746783,46.34146341463415,58.23170731707317,75.1219512195122,65.60975609756098,14.0,关键词新闻评分,6,53.76280487804878,1014,0.5325443786982249,0.0998305350305456,0.0954465658281737,1.0459311360689931,0.0085471565226236,,,,0.0088832539655406,-0.0129555731219008,0.0579842692518748,-0.0029787234042553,0.8905888752737058,,,,,,,,,,,,,,,,,,,,,,,,,,,,,,,,,
2026-08-28 20:38:38,2026-08-28,420.49,410.69,429.66,409.29,6089743.0,0.0332,1812824300.0,688017,-0.0707950585999367,-0.0381967213114754,-0.1073896978917626,0.373407350433067,-0.0242807250956261,0.8851204242423106,-0.1112039292365192,-0.184124710577732,0.5829650741989342,331741153.0,0.1225139945022451,21.31815185337765,41.388826344863766,,,,,,,0.4810996563573887,0.0687285223367686,0.4501718213058426,0.0687285223367686,0.0015155270846888,,0.0497891833019535,79.26829268292683,21.951219512195124,34.26829268292683,47.25609756097561,89.1304347826087,关键词新闻评分,10,53.72401908801697,1315,0.5193916349809886,0.1957656720011972,0.1219977625454439,1.604666084988852,0.0430459072609103,,,,-0.0422372706798155,-0.0273701138391508,0.0781750573077364,-0.0140600492941967,0.1615383588484273,,,,,,,,,,,,,,,,,,,,,,,,,,,,,,,,,
2026-08-28 20:38:38,2026-08-28,66.23,66.77,67.26,66.23,5681900.0,0.0243999999999999,361784500.0,603026,-0.0245434623813003,-0.0035815549917923,-0.2341133287451251,0.0125872004852896,0.0089150800846176,0.282827293601842,-0.0282982485501605,-0.1292081101759755,0.705201042305981,699225294.0,0.0417403649213809,19.706559291423016,42.659607539379984,,,,,,,0.5242718446601858,0.5242718446601858,0.4757281553398141,0.0,0.0011867397800163,,0.030075407806044,57.3170731707317,38.78048780487805,34.69512195121951,50.0609756097561,100.0,关键词新闻评分,9,51.70121951219512,1960,0.4969387755102041,0.1557679261093501,0.1043063091389422,1.493370126843027,0.0249346628670969,,,,-0.0255468312259105,-0.0268852383829114,0.0378377800124093,0.0002496754219514,0.2207818507645136,,,,,,,,,,,,,,,,,,,,,,,,,,,,,,,,,
2026-08-28 20:38:38,2026-08-28,60.72,59.81,61.53,59.58,600169.0,4.77,403076662.53,000676,0.0399930446878804,-0.2626063370731105,-0.0303177691309987,-0.3319557690159722,-0.0056525353283457,0.7525708535325557,-0.1698877870382578,-0.096934923750566,0.4934473637659954,103682097.56,0.0183203298094932,19.81463733390349,37.03121235998591,,,,,,,0.4666666666666642,0.1179487179487198,0.4153846153846159,0.1179487179487198,-0.0057123507069727,,0.0547631055264006,82.92682926829268,24.02439024390244,14.146341463414636,55.30487804878049,81.30434782608695,关键词新闻评分,10,51.52067868504771,1954,0.443193449334698,0.1277888075710953,0.0902950406820735,1.4152361702901972,0.0063582922694332,3.24,-0.57,-0.34,-0.0603880824079243,-0.0279548134685165,0.0730766474789213,-0.0082356842803449,0.1994664750623578,,,,,,,,,,,,,,,,,,,,,,,,,,,,,,,,,
2026-08-28 20:38:38,2026-08-28,66.15,64.81,67.27,64.73,64721600.0,0.1109,947671300.0,002579,-0.0309509569377989,0.3066532258064516,-0.2929303949378136,0.1833120321343802,-0.0093243656374197,0.8379663970662783,0.0139712439570067,-0.0769756627873029,0.8343219606493886,5279604191.0,0.0120380989042261,20.66951827119198,50.54438891332955,,,,,,,0.5275590551181132,0.0314960629921254,0.4409448818897613,0.0314960629921254,0.016556185212207,,0.0200578927032065,45.1219512195122,48.47560975609756,67.5,38.78048780487805,61.36842105263158,关键词新闻评分,9,51.42647625160462,1920,0.5125,0.1127491434959553,0.0858490033606224,1.3133424860197216,0.0159325469033736,,,,0.000243238414424,-0.0041669106489067,0.0606167478563713,-0.0120928814592754,0.5631910620750596,,,,,,,,,,,,,,,,,,,,,,,,,,,,,,,,,
2026-08-28 20:38:38,2026-08-28,535.73,528.14,551.03,527.78,24503000.0,0.0312,4342977400.0,002281,-0.0274560353558603,0.0728883110551334,-0.2105412636960194,1.132692618316912,-0.0154907260695312,0.8066214622485148,-0.0274023056241022,-0.1468313104218108,0.5684424102626323,5431322250.0,0.0090786047238407,22.191825986939623,45.46087078308755,,,,,,,0.3264516129032271,0.0154838709677425,0.6580645161290303,0.0154838709677425,0.0049430071854385,,0.0467794464195967,75.60975609756098,33.78048780487805,35.73170731707317,21.15853658536585,68.0,关键词新闻评分,7,50.97073170731707,1960,0.5219387755102041,0.1331750729150044,0.0793024034834896,1.6793321143504911,0.0315978303714386,,,,-0.0322818186496299,-0.0326945217929434,0.064301132275533,-0.0140203491085596,0.3962567241787496,,,,,,,,,,,,,,,,,,,,,,,,,,,,,,,,,
2026-08-28 20:38:38,2026-08-28,113.48,114.72,119.81,113.34,37657100.0,0.0454,4360283500.0,301217,-0.0035611916963432,0.383001808318264,0.0421511627906976,1.6567855488652152,-0.0012188751523594,0.9941273363044808,0.0235637362931504,-0.1051074866901121,0.8599822372358965,1862381892.0,0.0519734977463395,22.195802915358577,50.65644650692346,,,,,,,0.1916537867078817,0.2132921174652234,0.7867078825347765,0.0216383307573416,0.028564159085936,,0.0017160821621115,18.29268292682927,62.80487804878049,77.5609756097561,32.073170731707314,100.0,关键词新闻评分,10,50.82317073170732,971,0.5242018537590113,0.2034081604444538,0.0885456651281884,2.2972119544189744,0.0644970714490256,,,,-0.0009559859890239,-0.0053313241596397,0.0710176329946204,-0.010664903555926,0.5655611595100164,,,,,,,,,,,,,,,,,,,,,,,,,,,,,,,,,
2026-08-28 20:38:38,2026-08-28,176.33,172.46,178.16,171.68,5109900.0,0.0203,214625900.0,300863,-0.0299791889307609,0.2468189705031811,-0.4241543958062038,0.0753881648687411,-0.0219474848295809,0.5801953291985503,0.0062019755304936,-0.1730811031978416,0.7251608050719676,427542793.0,0.1867779284941295,19.184407075192905,47.15255915061883,,,,,,,0.5972222222222239,0.1203703703703707,0.2824074074074054,0.1203703703703707,0.0146544245630063,,0.0117530553008284,32.926829268292686,53.23170731707317,72.6219512195122,63.109756097560975,50.0,无新闻/中性,1,50.66768292682927,1319,0.5208491281273692,0.1168685281228638,0.0866652126171638,1.3485056413479366,0.0193451587917815,,,,-0.0118936451794825,-0.0228346819341211,0.0555988138036148,-0.0094198736358415,0.5343264013215298,,,,,,,,,,,,,,,,,,,,,,,,,,,,,,,,,
2026-08-28 20:38:38,2026-08-28,57.66,56.55,59.66,56.31,13333400.0,0.0622,719111600.0,300726,-0.0017652250661959,0.1010514018691588,-0.3164511060074944,0.0675854257126675,-0.0376106194690265,0.5285983786352485,-0.0086599817684593,-0.1501501576718172,0.9860552760102824,1115961859.0,0.0046829187107242,20.393527120608425,46.46536236172455,,,,,,,0.3313432835820899,0.0716417910447747,0.5970149253731354,0.0716417910447747,0.0071681636539667,,0.02440335459113,51.21951219512195,45.0609756097561,51.89024390243902,42.37804878048781,66.74418604651163,关键词新闻评分,8,50.48234543391946,1960,0.5015306122448979,0.1202829891504514,0.0895179503114178,1.343674522618171,0.0157036433064482,,,,-0.02106370401251,-0.0281843504121741,0.0552482000757862,-0.016635752376536,0.4713624445337637,,,,,,,,,,,,,,,,,,,,,,,,,,,,,,,,,
2026-08-28 20:38:38,2026-08-28,1084.56,1052.74,1084.56,1032.3,235562.0,3.41,3090671865.56,002353,-0.1378474440240445,-0.0272133359206794,-0.1600523401471267,0.0724844385130247,-0.0379170741069062,0.690348640953014,-0.0978600806470617,-0.1063734787407817,0.0197808649610249,1706101576.0,0.0129309231543072,21.851654336764724,41.16954934147008,,,,,,,0.6088786835055481,0.3911213164944519,0.0,0.3911213164944519,0.0102263085813175,,0.0426315092434971,67.07317073170732,28.84146341463415,30.182926829268297,85.67073170731707,50.0,无新闻/中性,3,50.28963414634147,1958,0.5847803881511746,0.1156060748836775,0.0909017374142913,1.271769695190692,0.0298599812175648,4.78,-3.79,-41.49,-0.0085437602661106,0.0057379704040686,0.0693252166455427,-0.0035903584048457,0.0890730817898164,,,,,,,,,,,,,,,,,,,,,,,,,,,,,,,,,
2026-08-28 20:38:38,2026-08-28,184.94,181.45,186.21,181.43,7245400.0,0.0171,1298444800.0,603893,-0.0200367249945992,-0.0517376535145022,0.0271142307256877,0.0559241154562382,-0.0240950895498306,0.5211740966958618,-0.0799521341865346,-0.0712819073568088,0.5192526757594771,1098620167.0,0.0333052840837272,20.984433078344487,40.3410442582368,,,,,,,0.7301255230125541,0.0041841004184062,0.2656903765690397,0.0041841004184062,-0.0011845854297801,,0.0454364505434643,71.95121951219512,40.0,21.890243902439025,36.52439024390244,66.8,关键词新闻评分,7,49.893414634146346,1454,0.4951856946354883,0.1555550369330404,0.103083402113779,1.5090211784176992,0.0249906529850586,,,,-0.032818864481264,-0.0187490043910531,0.0492855174585679,-0.0086324646232857,0.2104788611962613,,,,,,,,,,,,,,,,,,,,,,,,,,,,,,,,,
2026-08-28 20:38:38,2026-08-28,163.03,162.55,169.62,162.51,1641134.0,5.74,6015098244.51,000938,-0.014609602327837,-0.3137296293168961,-0.1409470457668321,-0.0182400193271726,-0.0143706039291776,1.3355388032027562,-0.2661714283134582,-0.2648915426725445,0.6876460500034149,101709019.51,0.0836070507964152,22.517538519657787,32.31662875224531,,,,,,,0.0675105485232051,0.0056258790436034,0.9268635724331914,0.0056258790436034,-0.0037394815487413,,0.122096524080766,97.5609756097561,10.426829268292684,26.341463414634152,7.987804878048781,68.0,关键词新闻评分,3,49.6201219512195,1955,0.4670076726342711,0.1219653879109456,0.0844579806778946,1.4440954772065482,0.0119433162641059,4.31,-1.44,-2.37,-0.1405849201318932,-0.0821836632629965,0.1054532671265984,-0.0142112072450877,0.1861289784879923,,,,,,,,,,,,,,,,,,,,,,,,,,,,,,,,,
2026-08-28 20:38:38,2026-08-28,274.86,270.93,282.73,270.23,10482800.0,0.0224,208609600.0,600645,-0.0193289173634486,0.0478418935643565,0.0104803819185439,-0.3684615384615384,-0.0046291193651493,0.6534949824487329,-0.0211871984450559,0.040814836916087,0.5901977338069043,1103918048.0,0.035283952222195,19.15597512535865,49.139263351006974,,,,,,,0.3144000000000005,0.055999999999999,0.6296000000000004,0.055999999999999,0.0093841343345855,,0.0322168524188821,59.7560975609756,48.47560975609756,38.90243902439025,34.8780487804878,50.0,关键词新闻评分,5,49.30182926829268,1942,0.4737384140061792,0.0943590000442511,0.0750439487023533,1.2573831957924693,0.0052087355648331,,,,0.0112756984069604,0.0193202106539948,0.0621562765289927,-0.0134726723227617,0.3824832887331542,,,,,,,,,,,,,,,,,,,,,,,,,,,,,,,,,
2026-08-28 20:38:38,2026-08-28,136.57,131.42,137.27,131.3,65101800.0,0.0876,2224909300.0,300209,0.0379087032064442,0.2006212315000912,0.2922320550639132,2.796071634893125,-0.0546683930369732,1.161128184984978,-0.0426516117282828,0.1235759730405601,0.4918206853229769,3413376897.0,0.3087617853873367,21.52298198813825,50.905376477308,,,,,,,0.8626465661641552,0.0201005025125588,0.1172529313232859,0.0201005025125588,0.019236967913117,,0.0035581351164671,20.73170731707317,56.46341463414634,67.5,49.207317073170735,93.2,关键词新闻评分,6,49.11268292682927,1941,0.4719216898505924,0.1816398044132967,0.1055212377993639,1.7213577873173098,0.0299962865008922,,,,0.035226720678765,0.0464576064788206,0.0891308128791008,-0.0143253581339535,0.3698240016595055,,,,,,,,,,,,,,,,,,,,,,,,,,,,,,,,,
2026-08-28 20:38:38,2026-08-28,90.93,90.23,93.41,90.02,466957.0,0.0089,41911300.0,688667,-0.0280081870085101,0.0596594245449206,-0.1857967875834686,-0.0753228120516499,-0.0150638576574608,0.5146424606028397,-0.0083416676741144,-0.1299107056758789,0.7226598000957497,30401514.0,-0.0188039758019417,17.55106606213001,45.6008966242858,,,,,,,0.206489675516225,0.0619469026548695,0.7315634218289054,0.0619469026548695,0.0005720701323769,,0.0290168303841886,54.87804878048781,45.85365853658537,33.963414634146346,30.121951219512194,84.28571428571428,关键词新闻评分,8,48.904181184669,1178,0.4796264855687606,0.1571125068228108,0.1214024492847847,1.2941461045341656,0.0121807002914389,,,,-0.0241473915032184,-0.0310753845273234,0.048661357483257,-0.0108528831396624,0.464441339745661,,,,,,,,,,,,,,,,,,,,,,,,,,,,,,,,,
2026-08-28 20:38:38,2026-08-28,159.4,155.79,160.35,155.04,78023.0,2.14,158529814.0,000026,-0.0454629005575639,0.0623977086743043,-0.15625,0.1299775150504096,-0.0163530748831923,0.7551537787210183,-0.0595486388839423,-0.0709328838114472,0.5343819656788196,14515010.52,0.0869325231251073,18.88145324084718,44.113638004888834,,,,,,,0.6798493408662923,0.1412429378531073,0.1789077212806004,0.1412429378531073,0.0098429808277174,,0.0155318488487231,39.02439024390244,35.0,45.73170731707317,72.2560975609756,99.63636363636364,关键词新闻评分,7,48.74412416851441,1957,0.4787940725600408,0.0958770034761045,0.0610976761236268,1.5692414107879349,0.014060870010736,3.35,-1.64,-2.59,-0.0043964015505509,0.0084127237000995,0.0669353433651527,-0.0080860817521964,0.3603850179756891,,,,,,,,,,,,,,,,,,,,,,,,,,,,,,,,,
2026-08-28 20:38:38,2026-08-28,289.19,285.42,297.1,284.59,2700520.0,0.0235,372132400.0,688531,-0.008476342666574,0.1854466918636041,-0.3158512907787818,0.816688944051938,-0.0203871499176276,0.7532459724240305,0.0106725777780924,-0.0997596583489809,0.5358615625746341,288960480.0,0.1486444312911307,19.73476026558077,49.07139741339239,,,,,,,0.3013589128697016,0.0663469224620334,0.6322941646682649,0.0663469224620334,0.0112169499476057,,0.0193327818190099,42.68292682926829,47.3780487804878,60.91463414634146,36.70731707317073,55.47826086956522,关键词新闻评分,7,48.18502120890774,677,0.4948301329394387,0.1848254304812009,0.092639440376483,1.9951052136118013,0.0446585385560489,,,,-0.0068246581200685,-0.013194530995981,0.0629448331781735,-0.0125128299754356,0.5584397824514027,,,,,,,,,,,,,,,,,,,,,,,,,,,,,,,,,
2026-08-28 20:38:38,2026-08-28,25.36,25.95,26.3,25.26,48593300.0,0.0513999999999999,524628800.0,002083,0.0208497246262784,-0.0218620429702224,0.1386573058358928,-0.0110518292682926,0.0248815165876776,0.3518459600990145,-0.0284355753570827,0.0183259427853863,0.7880482332555178,2960854301.0,0.0096308725840661,20.078201524766907,48.97257271812624,,,,,,,0.5673076923076926,0.6634615384615368,0.3365384615384632,0.0961538461538441,-0.0010714370540895,,0.0153864880266554,37.80487804878049,54.51219512195122,33.292682926829265,71.03658536585365,68.0,关键词新闻评分,8,47.4219512195122,1952,0.5430327868852459,0.060080100224337,0.0482904182899496,1.2441412261869171,0.0105583263950626,,,,-0.0080472252802129,0.0024027698805961,0.0446462978254885,0.0043865307702231,0.3349064435863341,,,,,,,,,,,,,,,,,,,,,,,,,,,,,,,,,
2026-08-28 20:38:38,2026-08-28,117.73,115.36,123.01,115.18,310136.0,8.54,1219259790.56,002655,0.0118410665731074,0.6658483754512636,0.0302759667768153,1.2535651494432507,-0.023117960877297,0.8486020319161166,0.1576808249077999,0.0954689406636819,0.0141888130074013,3700221959.0,0.045808588559275,20.921509783328013,60.68415499692829,,,,,,,0.3026819923371654,0.0229885057471255,0.6743295019157091,0.0229885057471255,0.0296258451728635,,-0.0043633732029052,10.975609756097562,75.0609756097561,66.76829268292684,23.65853658536585,85.0,关键词新闻评分,7,46.82621951219512,1949,0.5371985633658286,0.1395880834680877,0.1014002751436245,1.376604582880801,0.0280583248904763,6.63,-2.31,-2.73,0.052058070083812,0.0290595830355429,0.0720539429363978,-0.0211285532456513,0.7871877159526903,,,,,,,,,,,,,,,,,,,,,,,,,,,,,,,,,
2026-08-28 20:38:38,2026-08-28,28.64,28.64,29.59,28.64,244305.0,2.23,101535109.24,002512,-0.004864489228631,0.098159509202454,-0.047238855622089,-0.1620830895260385,-0.004864489228631,0.4096770061336088,0.0363294253871759,0.0999167893490367,0.0112608521043298,6354942345.0,0.0109648506896697,18.43591521032635,59.99705236299178,,,,,,,0.0,0.0,1.0,0.0,0.0109022952723951,,0.015536131025199,40.2439024390244,64.57317073170731,38.84146341463414,3.3841463414634148,76.18181818181819,关键词新闻评分,4,45.95354767184035,1800,0.5072222222222222,0.1253597723059879,0.1097679053454046,1.1420439509301072,0.009494077818885,3.3,-0.49,-0.14,0.029793426899192,0.0283299772667062,0.0398792897047087,-0.0109358812017957,0.7897820180842106,,,,,,,,,,,,,,,,,,,,,,,,,,,,,,,,,
2026-08-28 20:38:38,2026-08-28,283.72,270.47,288.7,270.27,18437600.0,0.1334,1960429200.0,002975,0.0228802662430982,0.3947504125412544,-0.2810664256665159,0.7085912823752369,-0.0473724992955761,0.9268350923111732,0.0566513913794248,-0.0626700290298396,1.2268202920132518,367641059.0,0.145242668524984,21.39642926631824,52.13877559099247,,,,,,,0.7189365165491045,0.0108518719479134,0.270211611502982,0.0108518719479134,0.0170114357495302,,-0.0040397497156498,12.195121951219512,53.04878048780488,87.19512195121952,38.23170731707317,70.57142857142857,关键词新闻评分,8,45.84982578397212,1449,0.492063492063492,0.1553217205590506,0.1106734022973059,1.4034241049335796,0.0202130867272504,,,,0.0163945545065569,-0.0005003988701297,0.0748247759191671,-0.0217375578703703,0.6518930651295136,,,,,,,,,,,,,,,,,,,,,,,,,,,,,,,,,
2026-08-28 20:38:38,2026-08-28,72.45,73.98,74.41,72.24,129449100.0,0.0163,387218900.0,600166,0.0365699873896594,-0.0394702674629965,-0.0116232464929858,-0.0201324503311257,0.0180266960231181,0.208539227995137,0.0087952546533032,-0.0086321455292635,1.1565213561260903,14943577255.0,-0.0237725235924783,19.77450072674142,52.23195868376557,,,,,,,0.7050691244239631,0.8018433179723538,0.1981566820276462,0.0967741935483906,-0.0022868748526568,,0.0101309956724852,31.70731707317073,52.80487804878049,32.62195121951219,79.14634146341464,65.42857142857143,关键词新闻评分,6,45.28066202090592,1960,0.4668367346938775,0.0823053793785656,0.0595236016556107,1.3827352023280564,0.006687376735344,,,,-0.0107295329503839,-0.0121067333766922,0.0211929865214536,0.0059375424919547,0.5940939415304649,,,,,,,,,,,,,,,,,,,,,,,,,,,,,,,,,
2026-08-28 20:38:38,2026-08-28,83.34,79.64,84.6,79.45,17525306.0,0.0861,639671700.0,688598,-0.1051685393258426,0.3986652616789603,0.0462427745664739,0.3726301275422268,-0.0524687685901248,0.9823713473967236,0.0609330455865504,-0.0555383158839305,0.8121081924423977,304810800.0,0.8104960573924972,20.276465635517813,52.07141496427852,,,,,,,0.7184466019417494,0.0368932038834947,0.2446601941747559,0.0368932038834947,0.0197944083691874,,-0.0180609665102727,4.878048780487805,67.8658536585366,84.02439024390243,49.51219512195123,30.615384615384617,关键词新闻评分,7,43.49141651031896,1387,0.4563806777217015,0.184980568582507,0.1311069442765866,1.4109135835876645,0.0131492890614135,,,,0.0270035807427385,0.0103329007930123,0.0937881179593886,-0.0195740489966761,0.6308958075516947,,,,,,,,,,,,,,,,,,,,,,,,,,,,,,,,,
2026-08-28 20:38:38,2026-08-28,138.7,139.04,142.58,136.83,16642100.0,0.043,408582100.0,002832,0.0063694267515923,-0.0509862807999453,0.2627372627372626,0.4385928608380753,0.0157802454704851,0.2955638530844399,-0.0278350731710727,0.0630213231190317,1.2784454712712552,694646201.0,-0.107500607584506,19.82820343371037,50.29456996063467,,,,,,,0.0591304347826092,0.3843478260869529,0.615652173913047,0.3252173913043437,-0.0013048508224845,,0.0052119305954314,25.60975609756097,53.65853658536585,32.98780487804878,55.1829268292683,88.57142857142858,关键词新闻评分,3,43.35104529616725,1960,0.5295918367346939,0.0736448732610905,0.0581683630241762,1.2660640498079996,0.0116388508860823,,,,0.0077324461062888,0.0195989667452374,0.0319589429557783,-0.0031783964631378,0.2454533122002785,,,,,,,,,,,,,,,,,,,,,,,,,,,,,,,,,
2026-08-28 20:38:38,2026-08-28,27.6,26.52,27.86,26.41,14061900.0,0.0268,370014100.00000006,601133,0.0180422264875239,0.0767356881851402,-0.0833045281714482,0.5966285370258881,-0.0463861920172599,0.6799019128722149,0.003614070275691,-0.1355180806675937,0.9892140293241928,562957800.0,0.1301820371903937,19.72905167368716,45.88872931788293,,,,,,,0.7448275862068982,0.0758620689655169,0.1793103448275849,0.0758620689655169,0.006140985483038,,0.0025738916332821,19.51219512195122,51.09756097560976,59.8170731707317,66.28048780487805,50.0,无新闻/中性,5,43.19512195121952,679,0.5596465390279823,0.1147347277468711,0.0791994082454144,1.4486816289251017,0.0293351597620502,,,,-0.0292871314723581,-0.0387387558172956,0.056184012066365,-0.0152246565168955,0.5195304338116422,,,,,,,,,,,,,,,,,,,,,,,,,,,,,,,,,
2026-08-28 20:38:38,2026-08-28,169.12,161.41,171.64,161.14,389712.0,10.58,2124243208.11,002552,-0.0349754872653353,0.5086456678194224,-0.097461418027287,1.659143327841845,-0.0496349505416863,1.144692505457245,0.0197106576536736,-0.0333109742950914,0.0189395605837949,1293843991.0,0.0804403866575777,21.476681439001577,50.88788016330289,,,,,,,0.7342857142857151,0.0257142857142866,0.2399999999999982,0.0257142857142866,0.0150836480673039,,-0.0590160943028834,1.2195121951219512,59.14634146341463,65.91463414634146,47.5609756097561,100.0,关键词新闻评分,8,43.15243902439024,1934,0.5118924508790073,0.158029185733659,0.0816741903044817,1.934873001428303,0.0410281583396544,6.18,-4.96,-8.43,0.0328988613144953,0.0294286931214339,0.1013213909564817,-0.0201541917076427,0.5446128773117651,,,,,,,,,,,,,,,,,,,,,,,,,,,,,,,,,
2026-08-28 20:38:38,2026-08-28,59.95,58.81,60.2,58.81,6961400.0,0.0315,104342400.0,300622,0.0059869996578858,-0.0657664813343923,-0.0609931342806961,-0.2807875749052219,0.0005103776794828,0.2952823999901993,-0.0216595688048975,-0.0037212926833399,0.7478014921869923,1153784027.0,-0.0083528818710608,18.463188366602942,48.2721712726771,,,,,,,0.8201438848920864,0.0,0.1798561151079136,0.0,-0.0027445658040216,,0.014505994338731,36.58536585365854,43.35365853658537,23.536585365853657,38.8719512195122,95.8181818181818,关键词新闻评分,7,41.81962305986697,1960,0.5193877551020408,0.1147531639901346,0.0816588646170289,1.405275036927274,0.0203551379962835,,,,-0.0060811008695469,-0.0034263815403156,0.0312871960550926,-0.0078168934877965,0.3353503830250214,,,,,,,,,,,,,,,,,,,,,,,,,,,,,,,,,
2026-08-28 20:38:38,2026-08-28,43.58,42.09,45.12,42.02,176184.0,4.21,743981643.63,002957,-0.0368421052631579,0.1984624145785878,-0.3592632059674226,0.4296875,-0.0394796896394339,0.8205062583390995,0.0205739364475106,-0.0833460374153363,0.0108443133231622,1682012067.0,0.0478145907800313,20.427526921296792,50.20268623116628,,,,,,,0.4806451612903218,0.0225806451612904,0.4967741935483877,0.0225806451612904,0.0090052460285966,,0.0130022160327121,34.14634146341464,45.0,48.170731707317074,29.75609756097561,57.578947368421055,关键词新闻评分,8,41.5688703465982,1578,0.4892268694550063,0.128325583297181,0.0951544263189052,1.348603404607836,0.0141779991713473,7.07,-3.95,-1.73,0.0043984786788437,-0.0052116975348708,0.0662865288667141,-0.0229048982434419,0.5895710131499612,,,,,,,,,,,,,,,,,,,,,,,,,,,,,,,,,
2026-08-28 20:38:38,2026-08-28,25.4,24.23,25.66,24.23,7923958.0,0.0306,141054800.0,688207,-0.1068927386656837,0.0489177489177488,0.2018849206349207,0.0831470719713902,-0.0358137684042976,0.673701566894395,-0.0887894400361024,-0.0945722915953041,0.6981099528739365,170436618.0,0.4971486368425707,18.764659032408343,42.624361642356895,,,,,,,0.818181818181817,0.0,0.1818181818181829,0.0,0.0055804095927984,,0.0039523222143348,21.951219512195124,49.57317073170732,50.97560975609757,38.14024390243902,72.15384615384616,关键词新闻评分,8,41.30075046904315,941,0.465462274176408,0.1476035128930335,0.1018114400083461,1.4497733543591331,0.0142818111827317,,,,-0.0100897753975454,0.0038236615946187,0.0716054477919934,-0.0192930383162439,0.1700016934456855,,,,,,,,,,,,,,,,,,,,,,,,,,,,,,,,,
2026-08-28 20:38:38,2026-08-28,3.147,3.063,3.168,3.06,416354800.0,0.0461,431469600.0,562590,-0.0106589147286821,0.0792811839323468,0.1686379244563145,0.6450053705692804,-0.0276190476190475,0.7089023939986152,-0.0056486170627191,-0.0512132163138873,0.6598596853519099,1992301500.0,2.595845369560686,19.88270761641163,47.84840592413868,,,,,,,0.7777777777777737,0.0277777777777788,0.1944444444444475,0.0277777777777788,0.0055067680122146,,-0.0009648824861703,14.634146341463412,58.90243902439025,54.45121951219512,51.21951219512195,50.0,无新闻/中性,6,40.859756097560975,556,0.5737410071942446,0.1457394553716295,0.0635220055203332,2.294314453358668,0.0565398758187605,,,,-0.0067329693153429,-0.0067434174763098,0.0451937876031901,-0.0109783661608007,0.4927581978528693,,,,,,,,,,,,,,,,,,,,,,,,,,,,,,,,,
2026-08-28 20:38:38,2026-08-28,36.53,35.93,36.79,35.91,6810500.0,0.0409999999999999,233915800.00000003,301291,-0.10175,-0.1071073558648112,-0.3347528235511942,-0.4156773459099041,-0.0273416350839198,0.5169911147754374,-0.1239469930632596,-0.1195425770880129,0.7642466551233871,123338500.0,-0.2594617312859308,19.27047178378318,35.296882916522094,,,,,,,0.6818181818181814,0.0227272727272762,0.2954545454545423,0.0227272727272762,-0.0055082691164942,,0.042541736412521,65.85365853658537,21.15853658536585,20.42682926829268,41.21951219512195,32.0,关键词新闻评分,7,39.74573170731708,629,0.5882352941176471,0.1079441029850115,0.1066873346090942,1.0117799210236362,0.019566452210968,,,,-0.0264577412497003,-0.01021919986481,0.0659417120591626,-0.0077326705330019,-0.1103592697668997,,,,,,,,,,,,,,,,,,,,,,,,,,,,,,,,,
2026-08-28 20:38:38,2026-08-28,866.87,839.39,875.03,829.67,98160700.0,0.1151,6870084800.0,300285,0.0150923316926872,0.109599725042301,0.0761410256410255,0.9211086444052824,-0.015620785495655,0.9425150835756588,0.0109630700209264,-0.0430119602128109,0.7493624815141778,4314997844.0,0.1899690744780819,22.65044228677261,51.46558756878799,,,,,,,0.605820105820106,0.2142857142857148,0.1798941798941791,0.2142857142857148,0.0104528493555774,,-0.0270488710858233,2.4390243902439024,53.414634146341456,63.96341463414634,74.02439024390245,50.0,无新闻/中性,5,39.40243902439025,1956,0.5270961145194274,0.1191211707332714,0.0787417165860357,1.5128089137238436,0.0255510425275663,,,,-0.0037604512413963,-0.0042824988589016,0.0795169281093583,-0.0101883188094759,0.5471719779658981,,,,,,,,,,,,,,,,,,,,,,,,,,,,,,,,,
2026-08-28 20:38:38,2026-08-28,9.57,9.83,10.17,9.47,660732.0,9.3,257764501.0,000892,0.0424178154825027,0.0558539205155745,0.0123583934088566,-0.3991442542787285,0.0293193717277486,0.5048807063704239,-0.0109668980782774,0.0539482854130555,0.9988269982242844,-640533.3500000006,0.845327093646864,19.367556943100126,52.96175240278489,,,,,,,0.3714285714285715,0.514285714285714,0.485714285714286,0.1428571428571425,0.0116534142798621,,0.0003128299674261,15.853658536585366,54.81707317073171,65.2439024390244,63.17073170731707,0.0,关键词新闻评分,9,38.6189024390244,1953,0.4695340501792114,0.1267846763074045,0.0981777914778493,1.2913783697814132,0.0074497471596713,7.33,2.93,0.28,0.0037166455125884,0.0090850505858329,0.0487574480453422,0.000678656260604,0.442518451794624,,,,,,,,,,,,,,,,,,,,,,,,,,,,,,,,,
2026-08-28 20:38:38,2026-08-28,30.35,30.0,31.27,30.0,17254380.0,0.0421,527134900.0,688158,-0.0820073439412484,-0.026606099935107,-0.2258064516129032,-0.2078162133614998,-0.0095741168702542,0.6656918624886736,-0.0984628792090513,-0.115052949331865,0.6090286931810015,2049288222.0,0.0104722413516953,20.082967052875706,40.19848054270917,,,,,,,0.2755905511811036,0.0,0.7244094488188965,0.0,0.0068943622379916,,0.0178409500443554,41.46341463414634,26.76829268292683,31.46341463414634,10.335365853658535,100.0,关键词新闻评分,8,38.53048780487805,1459,0.4146675805346127,0.173273404622465,0.1069843883470919,1.619613920306859,0.0092294325895646,,,,-0.0305073238138081,-0.015915694659043,0.0599047619047619,-0.0139147584091157,0.1439730398856768,,,,,,,,,,,,,,,,,,,,,,,,,,,,,,,,,
2026-08-28 20:38:38,2026-08-28,66.44,62.89,67.18,62.8,69771600.0,0.2094,1003781400.0,300996,-0.0329078886667691,-0.2480870396939263,0.094500522102332,0.2034060466896288,-0.0116297344020116,0.7527835343114824,-0.1688582869678988,0.0361615834319593,1.0048196248279373,349111049.0,-0.5776741379174793,20.7270401064221,42.017334698833245,,,,,,,0.8105022831050204,0.0205479452054801,0.1689497716894994,0.0205479452054801,-0.0100300992696928,,0.022457511427148,50.0,29.634146341463413,22.865853658536587,47.987804878048784,23.529411764705884,关键词新闻评分,5,36.63342898134864,1128,0.4742907801418439,0.1502654929868227,0.0980701788019126,1.5322241156543304,0.0197131407078155,,,,-0.0110294482491039,0.0260462294045913,0.0796515457828862,-0.0217763260227097,0.201213983925586,,,,,,,,,,,,,,,,,,,,,,,,,,,,,,,,,
2026-08-28 20:38:38,2026-08-28,44.71,46.82,47.09,43.89,646518.0,9.86,401608941.0,000759,0.096487119437939,-0.1102242493348536,0.263697705802969,-0.0198869583420557,0.0406757057123805,0.7022815982466825,-0.0510357128379748,-0.0272583728081109,0.8522093323748606,69341356.42,0.0591199291049557,19.81098939203017,47.073360256435215,,,,,,,0.6593749999999993,0.9156249999999992,0.0843750000000009,0.2562499999999998,-0.001302126893263,,0.0084660320526184,28.04878048780488,40.30487804878049,33.475609756097555,89.51219512195122,0.0,关键词新闻评分,9,35.53963414634146,1954,0.4232343909928352,0.1361788935072201,0.0807343646557569,1.6867525258651992,0.0110707860611222,7.11,4.07,1.83,-0.0310331421954044,-0.0170268534109667,0.0723744431561604,0.0193033381712626,0.3498523659722186,,,,,,,,,,,,,,,,,,,,,,,,,,,,,,,,,
2026-08-28 20:38:38,2026-08-28,87.01,88.06,88.2,86.8,144175.0,0.57,165496091.86,000729,0.0112540192926045,-0.2458679455339556,-0.1750819672131147,-0.2426900584795321,0.0055955235811351,0.5990775291026779,-0.1642782575685679,-0.1499630775468046,0.5649940022658542,29817630.73,-0.0326170229394264,18.92445814440604,21.4703115083679,,,,,,,0.7499999999999949,0.9,0.1,0.150000000000005,-0.017438030941543,,0.0100053793794462,30.48780487804878,23.71951219512195,11.402439024390246,90.48780487804878,75.71428571428571,关键词新闻评分,6,35.50130662020906,1961,0.5430902600713922,0.0654743487322979,0.0591571708937692,1.106786341251388,0.0085289935130444,1.6,0.56,0.49,-0.0692832396365124,-0.0374539865647727,0.0429171668667467,0.0042575838211815,0.1651607301381019,,,,,,,,,,,,,,,,,,,,,,,,,,,,,,,,,
2026-08-28 20:38:38,2026-08-28,84.5,84.15,85.07,83.66,5004400.0,0.0069,92593500.0,603613,0.0122699386503069,-0.0406976744186046,-0.1971185955538593,-0.2880710659898476,-0.0041420118343195,0.2627772006025303,-0.0231926452152109,-0.0267213095793447,0.5809167163881105,106721904.0,-0.0568012572176571,18.34372951356811,46.40491901858864,,,,,,,0.2482269503546064,0.3475177304964612,0.4042553191489323,0.3475177304964612,-0.000883763833466,,0.0068245521093918,26.82926829268293,38.29268292682927,18.963414634146343,64.20731707317073,62.0,关键词新闻评分,3,35.37682926829269,1576,0.5095177664974619,0.1131249489028044,0.1011756766504034,1.1181041990328353,0.0080142994404759,,,,-0.0107167242328577,-0.009386937707628,0.0278244631185807,-0.0017004112622587,0.3154004820040177,,,,,,,,,,,,,,,,,,,,,,,,,,,,,,,,,
2026-08-28 20:38:38,2026-08-28,103.96,103.96,105.04,103.48,413596.0,2.2,688928613.18,002517,-0.0011529592621061,-0.0329302325581395,0.0927054866512506,-0.226027397260274,-0.0028774218300403,0.3742793814629311,-0.0446082305585677,0.014956847736947,0.0069703419664639,7015354294.0,-0.0080350319367078,20.350648215743792,46.20704848354442,,,,,,,0.0,0.3076923076923006,0.6923076923076993,0.3076923076923006,0.0049894677943514,,-0.0037410787990654,13.414634146341465,49.14634146341464,19.26829268292683,49.14634146341464,86.0,关键词新闻评分,7,34.35,1923,0.5106604264170567,0.1275945813784582,0.0888138632477207,1.4366516297412908,0.0216973653653357,1.5,-0.29,-0.3,-0.0039477179332774,0.0047646073722356,0.0345050294069147,-0.001920122887865,0.2307724761595439,,,,,,,,,,,,,,,,,,,,,,,,,,,,,,,,,
2026-08-28 20:38:38,2026-08-28,1.843,1.84,1.868,1.838,84210200.0,0.0129,62364500.0,561380,-0.0186666666666666,0.03954802259887,-0.1915641476274163,-0.178937974118697,-0.0134048257372653,0.2938893906345559,-0.0165161152386551,-0.0771545598930034,0.6200114725042388,1822028900.0,1.5346007156029744,17.948506777227166,45.1332477899016,,,,,,,0.0999999999999963,0.0666666666666666,0.833333333333337,0.0666666666666666,0.0039742012727411,,0.0015488936212603,17.073170731707318,44.39024390243903,46.463414634146346,29.146341463414632,47.20689655172414,关键词新闻评分,9,34.001177460050464,269,0.7323420074349443,0.0992634661391051,0.0883122318505244,1.1240058603333285,0.0490573313612116,,,,-0.0083706204923288,-0.0099305296739857,0.0277950310559006,-0.0046880634691669,0.3341094472236711,,,,,,,,,,,,,,,,,,,,,,,,,,,,,,,,,
2026-08-28 20:38:38,2026-08-28,21.59,21.25,21.86,21.16,18861700.0,0.043,391579000.0,603533,-0.0189289012003693,-0.0748802786242924,-0.1438356164383561,-0.2424242424242424,-0.007936507936508,0.4370233982208903,-0.057315233785822,-0.0048469805886622,0.9055351729819572,1074684966.0,-0.0725046232714032,19.78569784358733,45.56262828626004,,,,,,,0.485714285714286,0.1285714285714285,0.3857142857142855,0.1285714285714285,0.0020025881053698,,0.0097268932370595,29.268292682926827,33.29268292682927,28.17073170731708,59.268292682926834,14.0,关键词新闻评分,7,31.528048780487808,1947,0.4288649203903441,0.1547558028747864,0.0997456245979481,1.5515046750027564,0.0094011098343751,,,,-0.0036782337881247,0.006042809928799,0.0424873949579831,-0.0080908666562936,0.1849411272798996,,,,,,,,,,,,,,,,,,,,,,,,,,,,,,,,,
2026-08-28 20:38:38,2026-08-28,5.13,5.1,5.18,5.05,394629.0,3.39,201209350.0,001330,0.0625,0.0472279260780286,-0.3788063337393423,-0.3592964824120603,-0.0019569471624267,0.4777176521796283,0.0051241623965312,-0.068039227629896,0.0085444165617393,3859346432.0,-0.0387855364629466,19.119856471253016,50.59418868989823,,,,,,,0.2307692307692328,0.3846153846153836,0.3846153846153836,0.3846153846153836,0.0001214146630497,,0.0050578596017435,24.390243902439025,39.8780487804878,18.71951219512195,65.85365853658536,25.454545454545457,关键词新闻评分,9,31.380820399113084,834,0.4652278177458033,0.1385160985745189,0.1239080945572401,1.117893863750205,-0.0018210598628486,2.54,-0.2,-0.01,-0.0139145414433594,-0.021910391637556,0.0446778711484594,-0.0019569471624267,0.5432972251687422,,,,,,,,,,,,,,,,,,,,,,,,,,,,,,,,,
2026-08-28 20:38:38,2026-08-28,373.0,365.1,392.0,363.01,5834482.0,0.0287,2202674400.0,688702,-0.028472591804151,0.0666393993397411,0.3279260929657381,0.7954266043766907,-0.0402208201892743,0.848160727337147,-0.0380422539478866,0.0332195216513402,0.6531036030637521,239467154.0,0.2423378755614211,21.51293809584069,48.165147736835216,,,,,,,0.2725077612969981,0.0720938254570552,0.6553984132459467,0.0720938254570552,0.0078214869699101,,-0.0046602426595966,9.75609756097561,49.99999999999999,53.109756097560975,38.71951219512195,0.0,关键词新闻评分,8,30.40853658536585,575,0.6313043478260869,0.2268538836280962,0.0974595370840603,2.3276724927641648,0.107280935469875,,,,0.0041581557419737,0.0149137006003601,0.0801678600774738,-0.0221496103061307,0.3622206476684994,,,,,,,,,,,,,,,,,,,,,,,,,,,,,,,,,
2026-08-28 20:38:38,2026-08-28,1.07,1.081,1.085,1.064,1409184200.0,0.0409999999999999,1520461900.0,513050,-0.033958891867739,-0.0558951965065502,-0.04673721340388,-0.1441013460015835,0.0009259259259257,0.2722057506466077,-0.0403905903240124,-0.0054892821000337,0.7186871230170095,-3929790836.0,-13.185554218456582,21.142280007878583,43.03786669327691,,,,,,,0.5238095238095213,0.8095238095238085,0.1904761904761915,0.2857142857142872,-0.0020522849273177,,-0.0205458502280973,3.658536585365853,43.41463414634146,19.634146341463413,81.52439024390243,60.0,关键词新闻评分,5,30.21341463414634,1961,0.4563997960224375,0.0720937997847319,0.0601908111550618,1.1977542485514263,0.0001838582947675,,,,-0.0080123461633431,-0.000787122445412,0.0220034359719836,0.0040247678018574,0.2007034635039443,,,,,,,,,,,,,,,,,,,,,,,,,,,,,,,,,
2026-08-28 20:38:38,2026-08-28,257.79,249.88,264.58,249.88,11967741.0,0.0825999999999999,3064382199.9999995,688146,-0.0530185318528063,-0.0633480770672463,0.4649703933868794,4.281758613400972,-0.0362542425177413,0.833674717628754,-0.1097477773086863,-0.1273804126213452,0.6261364926732701,986511110.0,0.0052145336998325,21.84311182027523,43.2766899061764,,,,,,,0.5380952380952402,0.0,0.4619047619047597,0.0,0.0031476929253162,,0.0045980099949692,23.17073170731708,35.36585365853658,24.390243902439025,23.75,50.0,无新闻/中性,5,29.20426829268293,671,0.5305514157973175,0.2515167301935133,0.0763653047437411,3.293599508802165,0.0975929731067247,,,,-0.0292708240458183,-0.0083459595519326,0.0740498296325093,-0.0192322788287935,0.2238058387116025,,,,,,,,,,,,,,,,,,,,,,,,,,,,,,,,,
2026-08-28 20:38:38,2026-08-28,27.11,27.14,27.29,27.02,36315500.0,0.0173,304409000.0,002739,-0.003305178112376,-0.0331314570716066,-0.0612244897959183,-0.1735688185140074,0.0,0.6042251818367173,-0.0621976503109881,-0.0634112673626089,0.283557735042428,2194611287.0,0.2549683264887351,19.53388275315984,42.00413300826661,,,,,,,0.1111111111111154,0.4444444444444488,0.5555555555555511,0.3333333333333333,0.0006191609973205,,-0.0093828596467827,7.317073170731707,36.95121951219512,34.81707317073171,58.65853658536586,36.0,关键词新闻评分,7,28.22804878048781,1750,0.4257142857142857,0.0867353310415864,0.0706347339457689,1.2279416399894565,-0.0036400491368662,,,,-0.0261600861669971,-0.0160114157162527,0.0457153384566796,-0.0003683241252302,0.2865773213506649,,,,,,,,,,,,,,,,,,,,,,,,,,,,,,,,,
2026-08-28 20:38:38,2026-08-28,30.47,30.2,30.6,30.02,58076.0,5.08,92503063.24,003001,0.0202702702702701,-0.1650539120818358,-0.0684762492288711,-0.1538246007284953,-0.0169270833333333,0.5481431021882732,-0.1037910824245124,-0.0306739276964062,0.005337109488091,-202889210.0,-8.768913663585117,18.34275232885289,42.37770115189162,,,,,,,0.4655172413793081,0.3103448275862054,0.2241379310344864,0.3103448275862054,-0.0152045362577865,,-0.0118126678006392,6.097560975609756,31.03658536585366,3.414634146341463,70.2439024390244,80.0,关键词新闻评分,5,25.60060975609756,1282,0.4633385335413416,0.1207174585898666,0.0890366048062592,1.3558183047584071,0.0081505353320393,1.89,-1.69,-0.52,-0.0332264728486667,-0.0164397426257266,0.0459555345316934,-0.002422373926448,0.256750192687159,,,,,,,,,,,,,,,,,,,,,,,,,,,,,,,,,
2026-08-29 14:53:00,2026-08-28,133.4,136.71,139.51,132.7,92774600.0,0.0917999999999999,4729179700.0,601208,0.1175508869451484,0.4734856650140118,-0.1355674992096111,0.643939393939394,0.0431100259423165,0.827167169722283,0.135139847801087,-0.0324703817463797,1.255341737224551,4594811444.0,0.1406238666369413,22.27701759967472,59.22262865693428,,,,,,,0.4860499265785611,0.5888399412628514,0.4111600587371486,0.1027900146842902,0.0239140609833665,,0.0676327192689943,91.46341463414636,65.67073170731707,90.2439024390244,66.40243902439025,100.0,关键词新闻评分,8,84.29087624209576,1955,0.5411764705882353,0.1266088174649064,0.0740661383495985,1.7094021679286402,0.0345344259735452,,,,0.0039749084255203,-0.0144926847324831,0.0595838950019331,0.0029590139880664,0.8512833394850915,3337188470.0,,,,,,,,,,,,,,,,,,,,,,,,,,,,,,,,
2026-08-29 14:53:00,2026-08-28,6.92,6.96,7.09,6.77,165051500.0,0.0385999999999999,1097901500.0,601118,0.0807453416149066,0.3231939163498099,-0.0113636363636363,-0.0984455958549223,0.0265486725663717,0.5038297118750169,0.1536548980606664,0.2333864965443912,1.4431690567780218,7663402954.0,0.0951791235935523,20.816666468359504,72.59138661799345,,,,,,,0.125,0.5937500000000007,0.4062499999999993,0.4687500000000006,0.0208624239810838,,0.0588372529780873,86.58536585365853,79.57317073170732,85.85365853658536,66.82926829268293,86.0,关键词新闻评分,4,82.41373080397469,1847,0.4986464537087168,0.0619998660439568,0.0525682212632412,1.179417232580222,0.0045607491806837,,,,0.0518752479296324,0.0373071534713759,0.0584975369458128,0.0028818443804032,0.9856373360114798,676253350.0,,,,,,,,,,,,,,,,,,,,,,,,,,,,,,,,
2026-08-29 14:53:00,2026-08-28,92.9,97.38,99.06,92.04,62175900.0,0.0904,1095320400.0,300328,0.1389473684210525,0.3793201133144477,-0.0912653975363941,-0.0115712545676004,0.0332095490716179,0.6145533880375375,0.1639623487225459,0.1879303929880631,1.2959230548617202,6277062284.0,0.0853743499496075,20.814312761067743,68.86414030961063,,,,,,,0.6381766381766371,0.7606837606837595,0.2393162393162404,0.1225071225071224,0.0234850891579388,,0.0632035230301377,90.2439024390244,74.39024390243902,86.09756097560977,78.29268292682927,50.0,关键词新闻评分,6,82.22222222222223,1947,0.5166923472008218,0.1341586254124761,0.0964009987562553,1.391672567124422,0.0227273946252258,,,,0.0532369863774328,0.0366023129720664,0.052159434322096,0.0126871880199666,1.086802513246233,736880265.0,,,,,,,,,,,,,,,,,,,,,,,,,,,,,,,,
2026-08-29 14:53:00,2026-08-28,43.63,42.67,46.26,40.62,3603501.0,40.66,2415861381.31,300189,0.1826496674057651,0.488834612700628,0.263173475429248,-0.2343441593396733,-0.0016378100140383,1.05509632181222,0.2134051840582391,0.3771179603033727,0.0307711211443904,18246549221.0,0.0644835866009208,21.60532174050129,69.25457535736905,,,,,,,0.1702127659574469,0.3634751773049652,0.4663120567375878,0.3634751773049652,0.0537515235761721,,0.1980327318536832,100.0,78.23170731707317,70.0,60.54878048780488,50.0,无新闻/中性,3,80.56007226738934,1952,0.4795081967213114,0.1274846424628311,0.0905741421316946,1.4075169740770903,0.0139868324484673,13.2,-0.16,-0.07,0.0748969234272733,0.06006876704014,0.093340922026181,-0.0118873021999228,0.9046614776856116,1297751397.1655002,,,,,,,,,,,,,,,,,,,,,,,,,,,,,,,,
2026-08-29 14:53:00,2026-08-28,127.37,125.8,129.82,124.75,178255900.0,0.1388,2592464400.0,600172,0.0651087968842605,0.4847161572052401,-0.0041165294490183,0.5096603864154565,-0.0130236937078298,0.7712834843682189,0.1286357682438859,0.056188737065256,1.0170764769123437,10124613975.0,0.1554983318918203,21.67587476644041,58.60757964246223,,,,,,,0.3096646942800807,0.207100591715976,0.4832347140039432,0.207100591715976,0.0212655470136582,,0.0526605711171098,81.70731707317073,73.78048780487805,88.41463414634146,56.28048780487805,100.0,关键词新闻评分,10,79.61156278229448,1947,0.4863893168977914,0.1676100239616789,0.1062996717399486,1.5767689703851564,0.0269270780440479,,,,0.0299825866747551,0.0109030343712975,0.0722916193504428,-0.0078081867655178,0.8177164456289407,2266213060.0,,,,,,,,,,,,,,,,,,,,,,,,,,,,,,,,
2026-08-29 14:53:00,2026-08-28,272.63,284.57,289.23,270.44,2017350.0,18.66,7320542472.69,002407,0.0206226239150706,0.1651244677366523,0.1210605105578317,0.2804049493813272,0.0488353236031253,0.593359440062024,0.026735459662289,-0.016141792855155,0.0157985241820401,11559325875.0,0.1506322995718426,22.71395027060133,53.50205715123596,,,,,,,0.635444385311335,0.7519957424161777,0.2480042575838222,0.1165513571048427,0.0167057434158003,,0.0615803591804057,89.02439024390245,72.7439024390244,60.42682926829268,75.97560975609755,100.0,关键词新闻评分,7,79.13730803974707,1959,0.4798366513527309,0.1365887656345469,0.0818495053127833,1.6687793666263526,0.0229651831458641,6.93,4.88,13.25,-0.0017745361796391,-0.0008106252241209,0.0567020918779712,0.011217189424808,0.6170584951743193,6189431302.165999,,,,,,,,,,,,,,,,,,,,,,,,,,,,,,,,
2026-08-29 14:53:00,2026-08-28,607.19,614.22,627.22,606.0,229406200.0,0.0578,9951454900.0,600176,0.0256829871084096,0.1309102960671675,0.1159114857744996,0.5822664159303435,0.0122280817402768,0.8057208244352453,0.0375127531198693,-0.0937557941723105,0.905880816158392,6961947069.0,0.1252780876132821,23.020984598633664,50.91992344498868,,,,,,,0.3312912346842584,0.3873704052780404,0.6126295947219597,0.0560791705937819,0.0096165303510863,,0.0835231492805066,93.90243902439023,63.17073170731708,64.69512195121952,50.97560975609756,100.0,关键词新闻评分,9,76.95121951219512,1950,0.5241025641025641,0.1006015460991363,0.0640544422471872,1.570563142379934,0.0222421834399628,,,,-0.0190832718766616,-0.0281041874770862,0.0608088307121226,-0.0025873641363184,0.6567377387341793,10479739855.0,,,,,,,,,,,,,,,,,,,,,,,,,,,,,,,,
2026-08-29 14:53:00,2026-08-28,136.0,132.72,138.64,132.57,103637600.0,0.0815,4362312900.0,600498,0.0108919186533629,0.2201893904569274,-0.2037437005039597,-0.2038392321535692,-0.0329350043719033,0.6160155182845065,0.0516265267878721,-0.1763998936783066,1.100017104579458,6016035984.0,0.0649961152551757,22.196268235532315,50.01489070461018,,,,,,,0.5403624382207586,0.0247116968698526,0.4349258649093886,0.0247116968698526,0.0145735367877648,,0.0841978866899928,95.1219512195122,60.609756097560975,73.96341463414635,36.829268292682926,86.0,关键词新闻评分,10,75.9954832881662,1959,0.4752424706482899,0.0998898066283138,0.0693876455661839,1.4395906621883567,0.0110601890397769,,,,-0.0196705673710832,-0.0426236429706753,0.0603902953586498,-0.014284653281509,0.756323718417354,3693234610.0,,,,,,,,,,,,,,,,,,,,,,,,,,,,,,,,
2026-08-29 14:53:00,2026-08-28,156.21,150.27,156.62,149.73,214929000.0,0.1239,2393075500.0,600110,0.0183654106804012,0.3333629103815441,-0.051146050388331,0.4058377771540837,-0.0560336704566869,0.6921989910375359,0.0598665556981847,-0.074690218986492,1.2651506959656202,10282461555.0,0.0708113393836883,21.59584519614802,52.72873520697299,,,,,,,0.8621190130624071,0.0783744557329491,0.0595065312046437,0.0783744557329491,0.0159969708088683,,0.0494024216069746,78.04878048780488,69.9390243902439,81.40243902439023,71.64634146341463,50.0,无新闻/中性,10,74.56639566395664,1948,0.4640657084188911,0.1539518151055881,0.0961416187139092,1.601302507332501,0.0199181678224488,,,,0.0151783190893371,-0.006725122924702,0.0615938928975463,-0.0127239279926415,0.7035827771518315,1775576750.0,,,,,,,,,,,,,,,,,,,,,,,,,,,,,,,,
2026-08-29 14:53:00,2026-08-28,152.08,153.52,156.52,152.08,120910.0,5.47,463681592.08,300191,0.1358390056229654,0.3143835616438357,0.2126382306477094,-0.1651076789210354,0.0142706131078222,0.5232910084823088,0.1419730127795051,0.2604614247790033,0.0092798481343757,973981960.0,0.1254260418765914,19.95470865282223,69.38235618274605,,,,,,,0.3243243243243239,0.3243243243243239,0.675675675675676,0.0,0.0123991710376113,,0.0484596886703704,76.82926829268293,85.60975609756098,59.02439024390244,36.707317073170735,100.0,关键词新闻评分,7,69.94579945799458,1952,0.4697745901639344,0.1182190805568025,0.0767041854688079,1.5412337649407255,0.0148658119417887,2.93,1.43,2.16,0.0479108743980292,0.0375485763424894,0.0509938211866299,-0.0033757465593351,1.000245584190735,642435624.504,,,,,,,,,,,,,,,,,,,,,,,,,,,,,,,,
2026-08-29 14:53:00,2026-08-28,172.71,173.66,179.47,172.28,917805.0,6.05,5905982857.7,002156,-0.0020113786563989,0.1227049392293766,-0.1026714204516096,0.3290984233889484,0.0003456221198157,0.7958342742647457,0.0236580182909755,-0.0404411561562392,0.0107747894263897,14988605414.0,0.0353979129266209,22.49923171791039,49.53014484636586,,,,,,,0.1321279554937397,0.1919332406119605,0.8080667593880395,0.0598052851182207,0.0128855716899486,,0.1055203709971994,96.34146341463416,52.43902439024389,44.9390243902439,35.30487804878049,50.0,无新闻/中性,2,65.93947606142729,1959,0.5058703420112303,0.1415055648182231,0.0881479774920462,1.6053183390508476,0.0280269385005402,4.14,0.03,0.06,-0.0122097693819997,-0.0149811289070943,0.052857800957536,-0.0084315106297938,0.5940886609050046,7190092217.356,,,,,,,,,,,,,,,,,,,,,,,,,,,,,,,,
2026-08-29 14:53:00,2026-08-28,219.48,215.47,223.96,215.47,38972743.0,0.034,8457061800.000001,688008,0.0613240074869469,0.0390606162897235,-0.1768099331423114,0.401978007677793,-0.0367472841879387,0.7487191430519722,0.0277237876059766,-0.0837334731903343,0.9204527819116348,3265173147.0,0.0034042675017681,22.858267645393912,50.17918984373831,,,,,,,0.4723203769140149,0.0,0.527679623085985,0.0,0.0063396940866867,,0.1397307560277722,98.78048780487804,40.79268292682927,42.6219512195122,19.35975609756097,95.0,关键词新闻评分,4,65.6639566395664,1585,0.5009463722397476,0.1353215417667633,0.0936488908081135,1.4449881957922706,0.0210530167404367,,,,-0.0222352193326165,-0.0327468939621662,0.0539319361661219,-0.0129638112688958,0.65498100115633,8828292725.0,,,,,,,,,,,,,,,,,,,,,,,,,,,,,,,,
2026-08-29 14:53:00,2026-08-28,101.97,100.25,107.76,99.65,7916018.0,0.0653,817342600.0,688031,-0.0500331659243816,0.1087148860871487,-0.3418461134453781,-0.6037549407114624,0.0027005401080215,0.7820222057488718,-0.0757941025983782,-0.0722789548447397,1.1288952591369896,229979269.0,0.0550950086529948,20.521568905195,44.55803293727474,,,,,,,0.2120838471023426,0.0739827373612816,0.7139334155363757,0.0739827373612816,0.0168172584627453,,0.0679338299484069,92.6829268292683,30.853658536585364,68.23170731707317,36.28048780487805,32.0,关键词新闻评分,6,65.23848238482385,800,0.44875,0.2524877043260632,0.1534894947781304,1.6449836172243253,0.0286927733198764,,,,-0.0063650532427612,0.0065449955688477,0.0671036693979337,-0.0224598582851199,0.2265959470190331,769673375.0,,,,,,,,,,,,,,,,,,,,,,,,,,,,,,,,
2026-08-29 14:53:00,2026-08-28,87.21,85.68,87.85,85.35,50734.0,1.95,301842305.28,001301,-0.0663615560640731,0.0628954224041682,-0.0860799999999999,0.0921606118546845,-0.0270270270270269,0.4694031026888957,0.0242126843146515,0.0103436009410062,0.014231645030783,233072260.0,0.0874026831390534,19.52541527432795,51.90416076470535,,,,,,,0.6119999999999948,0.132000000000005,0.2560000000000002,0.132000000000005,0.0245020244126708,,0.0445981262962996,70.73170731707317,57.80487804878048,51.09756097560975,66.64634146341464,80.0,关键词新闻评分,6,64.53477868112014,749,0.4913217623497997,0.1377017025764463,0.091653679393331,1.5024132526693286,0.0210336110804714,2.84,-2.7,-2.38,0.0282240817916434,0.0200748780323157,0.044359410430839,-0.0071075401730531,0.5844474795339302,375382093.2735,,,,,,,,,,,,,,,,,,,,,,,,,,,,,,,,
2026-08-29 14:53:00,2026-08-28,172.37,170.64,177.93,170.44,4663100.0,0.0219,780849400.0,603929,-0.0133564614050303,0.104108702685215,0.0535934798715731,0.222699914015477,-0.019423054821285,0.7077590388398216,0.0060104763280381,-0.1386270059077212,0.7383638537238043,916359966.0,0.0322696358862142,20.47589286078508,46.66047861812002,,,,,,,0.2309746328437938,0.0267022696929223,0.7423230974632837,0.0267022696929223,0.00493152085408,,0.0561629492193816,84.14634146341463,58.29268292682927,47.31707317073171,22.195121951219512,100.0,关键词新闻评分,10,64.1282746160795,1951,0.5012813941568427,0.1475428173571855,0.0820770998750822,1.7976124592820564,0.0330270923612877,,,,-0.0206649790004998,-0.0285609815906722,0.0531570223025919,-0.0136606231093814,0.5340538423779662,1033214495.0,,,,,,,,,,,,,,,,,,,,,,,,,,,,,,,,
2026-08-29 14:53:00,2026-08-28,220.54,218.37,228.27,218.25,15557081.0,0.0438,896893100.0,688257,-0.0254819707247412,0.1114673996029929,-0.2800435198311958,0.0354687277727725,-0.0094801778100336,0.8957219399313943,-0.024428381240004,-0.237806811234121,0.9117851306917208,543179251.0,-0.0295722446173933,20.614447239008253,44.55181431062815,,,,,,,0.2165668662674636,0.011976047904192,0.7714570858283444,0.011976047904192,0.0109738126418181,,0.0591155670197853,87.8048780487805,33.90243902439024,53.65853658536586,14.32926829268293,100.0,关键词新闻评分,6,62.24932249322494,1036,0.5704633204633205,0.1424770246726062,0.0780736584162176,1.8249051929019184,0.0477424165890863,,,,-0.0545269620579614,-0.0618579941731187,0.0704799848226142,-0.014709200018048,0.4293315992930538,986732590.0,,,,,,,,,,,,,,,,,,,,,,,,,,,,,,,,
2026-08-29 14:53:00,2026-08-28,236.28,235.07,241.68,233.36,45404100.0,0.0271,2408059500.0,002080,-0.0258588537565787,0.1962241107322782,-0.1677465038059833,0.1614130434782608,-0.001232154996601,0.8417207318973582,-0.014513775929435,-0.1599197336845133,0.8249980921370609,3974893847.0,0.0380128091887709,21.602087073805315,46.2400032635237,,,,,,,0.1454326923076933,0.2055288461538438,0.6490384615384628,0.2055288461538438,0.0129756495683918,,0.0434043564646008,68.29268292682927,46.46341463414634,64.45121951219512,48.23170731707317,79.21311475409836,关键词新闻评分,9,62.04198320671732,1951,0.5238339313172732,0.1305639415204506,0.0805424838973092,1.6210568038467523,0.0300422248556126,,,,-0.0303382598397406,-0.0330344764186413,0.0641207178408863,-0.0069003393840392,0.4779436205149617,2928402580.0,,,,,,,,,,,,,,,,,,,,,,,,,,,,,,,,
2026-08-29 14:53:00,2026-08-28,124.42,125.75,126.45,122.82,49618400.0,0.0083,1131355300.0,600188,0.0525654976144638,0.0962426989800366,-0.1085985680867653,0.1441179146574469,0.0106895997428066,0.3552773658174069,0.050472817188492,0.0901131290364527,0.8989983871137235,5785415246.0,0.0552743106730393,20.84668213240329,64.08844884782862,,,,,,,0.3663911845730013,0.8071625344352614,0.1928374655647385,0.4407713498622601,0.0070909830642884,,0.0315582522722482,58.53658536585365,61.76829268292683,55.30487804878048,80.79268292682927,50.0,无新闻/中性,5,60.9620596205962,1960,0.5137755102040816,0.0834700292183725,0.0508136488473833,1.6426694620784128,0.018178016362931,,,,0.0183653220137563,0.0171461046916973,0.0315421755183186,0.0059463495280251,0.8606040106515712,1181045030.0,,,,,,,,,,,,,,,,,,,,,,,,,,,,,,,,
2026-08-29 14:53:00,2026-08-28,996.2,976.77,1011.46,974.78,4602447.0,0.0202,1135988700.0,688019,0.008788961642534,0.0243833375283162,0.120097701940278,0.2792482483137974,-0.0195041156394298,0.6886738556069003,-0.0064858085748157,-0.0537051114539947,0.6439757771930927,308234259.0,0.1197984992168203,20.850769210893088,47.77219963145595,,,,,,,0.5297164667393683,0.0542529989094876,0.416030534351144,0.0542529989094876,0.0017556760511874,,0.0524613616095876,80.48780487804879,51.64634146341463,39.63414634146342,43.90243902439025,68.0,关键词新闻评分,7,60.79132791327913,1585,0.5287066246056782,0.154653606569221,0.0975219541073254,1.5858337538952578,0.0358049353860158,,,,-0.0149256297047268,-0.0144498584151952,0.0535606422918686,-0.0110360748023126,0.4628165439802513,1749937090.0,,,,,,,,,,,,,,,,,,,,,,,,,,,,,,,,
2026-08-29 14:53:00,2026-08-28,81.42,79.47,84.21,78.97,7676500.0,0.0503,622405200.0,301021,0.0426397271057465,0.4851429639319753,-0.1867580843225542,0.3077176238275463,-0.0337993920972644,0.8627717092253023,0.1150632458485048,-0.0715362237566156,0.7588188660370607,601446045.0,0.0828389388058207,20.24910188715601,55.19577868109221,,,,,,,0.3721374045801536,0.0954198473282443,0.5324427480916021,0.0954198473282443,0.0219249284569405,,0.0214762658830804,47.5609756097561,60.609756097560975,79.20731707317073,49.207317073170735,100.0,关键词新闻评分,4,60.65492321589882,1110,0.5144144144144144,0.1659590593091077,0.1171313972229479,1.416862286661033,0.0284944142002987,,,,0.0133779545612581,-0.0113172845997668,0.0762462025202682,-0.0174737275911808,0.7737658291568932,716135685.0,,,,,,,,,,,,,,,,,,,,,,,,,,,,,,,,
2026-08-29 14:53:00,2026-08-28,248.6,241.32,250.77,240.77,11225800.0,0.0507,2738863200.0,300666,-0.0277195809830781,0.1776302947491703,0.1381408291279535,0.6143965747926146,-0.0334828580583147,0.8937040126806013,-0.0193173990697902,-0.1119436077566935,0.662443264818862,1696050524.0,0.0538931609755007,21.73080878110968,46.96422400260486,,,,,,,0.7280000000000001,0.0549999999999982,0.2170000000000015,0.0549999999999982,0.0131941837292791,,0.0380933779832294,63.41463414634146,56.64634146341463,59.573170731707314,54.8780487804878,68.0,关键词新闻评分,6,60.633242999096666,1945,0.5110539845758355,0.12703020953454,0.0820777298446059,1.5476818105841943,0.0247877157815488,,,,-0.0106177134453291,-0.0104300547906054,0.0631437806350784,-0.0121442021668531,0.45864291716118,4121988395.0,,,,,,,,,,,,,,,,,,,,,,,,,,,,,,,,
2026-08-29 14:53:00,2026-08-28,1167.75,1104.39,1180.3,1103.89,57283300.0,0.0662,14311950800.0,300476,-0.0471346482373038,0.263618576871589,-0.337669347438873,-0.1241742468099954,-0.0803723842752579,0.9638181202897136,-0.0481677666903965,-0.1344472953649587,1.3554212306175046,3149885554.0,0.0650808320868228,23.384360745542114,45.07353805399416,,,,,,,0.8292108362779743,0.0065436461196178,0.1642455176024077,0.0065436461196178,0.0252870191317737,,0.0370949924848263,62.19512195121951,35.36585365853658,83.35365853658537,44.57317073170732,50.0,无新闻/中性,4,59.40831074977417,1961,0.5441101478837328,0.1540538858503871,0.0932486217278233,1.6520768135323636,0.0413111822425747,,,,-0.0106248840664682,-0.0115052494162671,0.060026026002719,-0.0222541595594614,0.3887602614471064,10760992240.0,,,,,,,,,,,,,,,,,,,,,,,,,,,,,,,,
2026-08-29 14:53:00,2026-08-28,193.91,191.69,196.79,191.45,37410700.0,0.0478,1191909500.0,002747,-0.0611255326443649,0.0579502180032009,0.0667816795592408,0.4081392786307207,-0.0099168431382676,0.8051412048873774,-0.0701566312399044,-0.1139410187667561,0.5289092034982851,4028555874.0,0.1150284914378267,20.898822480727485,44.11358130026771,,,,,,,0.4157303370786512,0.0449438202247207,0.539325842696628,0.0449438202247207,0.0097237713091893,,0.0458458642468359,74.39024390243902,42.31707317073171,44.63414634146342,36.585365853658544,100.0,关键词新闻评分,9,59.32249322493225,1950,0.5056410256410256,0.137597867169761,0.1019877138829689,1.349161207080833,0.0191565850493345,,,,-0.024982014232727,-0.0142925199971258,0.0672290826706811,-0.0083803217629715,0.2584405159050356,2403872425.0,,,,,,,,,,,,,,,,,,,,,,,,,,,,,,,,
2026-08-29 14:53:00,2026-08-28,30.49,30.28,30.94,30.22,54482100.0,0.1186999999999999,536479600.0,603318,0.0243572395128552,0.1583779648048966,0.0532173913043478,-0.0335142036386848,-0.0156046814044213,0.6334953978315325,0.0547031470419199,0.0754941483599425,1.1947952095120278,1058144209.0,-0.0771471365158834,20.100539096944964,56.18806280805617,,,,,,,0.2916666666666619,0.0833333333333362,0.6250000000000019,0.0833333333333362,0.0107555958483494,,0.0265777854957968,53.65853658536586,70.3048780487805,58.59756097560975,43.84146341463415,100.0,关键词新闻评分,8,59.20054200542005,1862,0.5037593984962406,0.1098907001779203,0.0931409037801452,1.1798328738285833,0.0091381749054968,,,,0.0268349144884677,0.0171873524227276,0.0481930552934515,-0.0065616797900261,0.8034260257445851,427433145.0,,,,,,,,,,,,,,,,,,,,,,,,,,,,,,,,
2026-08-29 14:53:00,2026-08-28,294.73,285.61,303.68,285.01,339525.0,6.91,4412140831.03,002851,-0.0163590026174403,0.1814759659137916,-0.1813986815706505,-0.0184211430731691,-0.0133006287569956,0.8197985597222526,0.0294181251982355,-0.0988628906052806,0.0165215020177399,2581715982.0,0.0207931998261288,22.207625858052616,49.75116827733468,,,,,,,0.4884841992501337,0.0321371183717205,0.4793786823781457,0.0321371183717205,0.0123053898779334,,0.0455784270630944,73.17073170731707,51.21951219512195,48.90243902439025,37.31707317073171,68.0,关键词新闻评分,4,58.83107497741644,1886,0.5047720042417816,0.1527588663239581,0.0839563295015764,1.8195038686283893,0.0355308743297644,6.45,-1.33,-3.85,-0.0136539261252442,-0.0235253314369172,0.0658440330720713,-0.0199816996454306,0.6167348511233738,3687213824.4905,,,,,,,,,,,,,,,,,,,,,,,,,,,,,,,,
2026-08-29 14:53:00,2026-08-28,1434.54,1415.17,1496.82,1414.31,554544.0,4.0,11142433062.12,002384,-0.0270268412078543,0.1400249728118581,-0.1766810560487763,1.0393261665273652,-0.0247134793905018,0.6832475846171332,0.002316028047312,-0.1112348092006396,0.0100140967792286,10842330582.0,0.0293524064843922,23.1340264554185,47.02394913283339,,,,,,,0.234759423100229,0.010422979032846,0.7548175978669249,0.010422979032846,0.0148148000276777,,0.0571511959064446,85.36585365853658,50.73170731707317,46.15853658536585,13.841463414634145,55.72727272727273,关键词新闻评分,7,58.73047548657304,1889,0.5500264690312334,0.1621399770156461,0.1000509563805626,1.6205739843097178,0.0441609969273573,5.69,-2.47,-35.86,-0.0186403457938724,-0.0243768828057084,0.0651577448040063,-0.018674155745094,0.5109918131356848,14705994949.023,,,,,,,,,,,,,,,,,,,,,,,,,,,,,,,,
2026-08-29 14:53:00,2026-08-28,170.98,163.8,175.48,163.35,6331200.0,0.0867,576182800.0,301191,-0.051534452808338,-0.0016456390565001,-0.1250934729195598,0.1008064516129032,-0.0667730173199635,0.6884912070493674,-0.0441566929455496,-0.1367376624106696,1.1579846472657171,320753700.0,0.134759393099115,20.17193553115845,43.08221180142624,,,,,,,0.5919208573783991,0.0370981038746922,0.3709810387469086,0.0370981038746922,0.0026604318892429,,0.0394309922010929,64.63414634146342,35.54878048780488,52.92682926829268,44.8780487804878,100.0,关键词新闻评分,6,57.41644083107498,896,0.5357142857142857,0.1510157419045922,0.1111128555475614,1.3591203390497917,0.0293131788018066,,,,-0.0352732661134572,-0.0362597250742471,0.0645560788417931,-0.0223424785627597,0.2809038110389925,506578395.0,,,,,,,,,,,,,,,,,,,,,,,,,,,,,,,,
2026-08-29 14:53:00,2026-08-28,36.69,36.12,38.34,35.97,57569500.0,0.0913,1073290000.0,603936,0.0296465222348916,0.4570391286809196,-0.1607806691449814,0.3096446700507613,-0.0155355682747342,0.8063352670613727,0.1144364567585078,-0.0430816374289664,0.9787794121984992,2538831801.0,-0.0144447944158504,20.79399453528053,57.44135602216706,,,,,,,0.2405063291139237,0.0632911392405056,0.6962025316455707,0.0632911392405056,0.0150940061746887,,0.0244496959590999,52.4390243902439,63.902439024390254,69.69512195121952,33.04878048780488,82.14285714285714,关键词新闻评分,10,57.29965156794425,1951,0.5212711430035879,0.1218461143773893,0.1002391677407981,1.2155539308991783,0.0155274811132237,,,,0.021681153379032,0.0003928581591662,0.06328112640405,-0.0187449062754687,0.7786195161470085,976877745.0,,,,,,,,,,,,,,,,,,,,,,,,,,,,,,,,
2026-08-29 14:53:00,2026-08-28,51.85,50.99,52.22,50.49,75752700.0,0.1274,850308800.0,603466,-0.0125871417505809,0.0819011245491194,0.0123089140361327,0.0274027805762644,0.004927079227434,0.6814746863657375,-0.0319977978377044,0.0032892039995147,1.2186821905960663,2810998356.0,-0.0025917726491411,20.561110136767,48.20093386043012,,,,,,,0.4971098265895959,0.2890173410404629,0.2138728323699411,0.2890173410404629,0.0085215831588654,,0.0223007209133693,48.78048780487805,50.48780487804878,53.41463414634147,71.21951219512195,100.0,关键词新闻评分,9,57.18157181571816,1954,0.4969293756397134,0.1091381283205667,0.0916225057528769,1.1911716168834408,0.0081413507902724,,,,0.0024555992035874,0.0119697412436013,0.0568458801445661,-0.0047495120364347,0.3800037632514945,735436380.0,,,,,,,,,,,,,,,,,,,,,,,,,,,,,,,,
2026-08-29 14:53:00,2026-08-28,1.365,1.38,1.386,1.365,3438500.0,0.022,4744200.0,561760,-0.0036101083032491,0.0623556581986142,0.0184501845018449,-0.1512915129151292,0.0109890109890109,0.1731824349228803,0.0304274780660815,0.0662820496310507,0.7327533390515868,221551700.0,0.02059555704604,15.372433588070743,62.6933251054888,,,,,,,0.7142857142857127,0.7142857142857127,0.2857142857142872,0.0,0.0034342212647038,,0.035528608813099,60.97560975609756,65.91463414634146,41.09756097560975,60.54878048780488,59.0,关键词新闻评分,3,57.08039747064137,428,0.5700934579439252,0.060866876496218,0.0408689987692295,1.4893165560504256,0.0171299581578013,,,,0.0162671113402897,0.0149085157249601,0.0199792960662526,0.0021786492374726,0.8905234491988113,6285415.0,,,,,,,,,,,,,,,,,,,,,,,,,,,,,,,,
2026-08-29 14:53:00,2026-08-28,420.49,410.69,429.66,409.29,6089743.0,0.0332,1812824300.0,688017,-0.0707950585999367,-0.0381967213114754,-0.1073896978917626,0.373407350433067,-0.0242807250956261,0.8851204242423106,-0.1112039292365192,-0.184124710577732,0.5829650741989342,331741153.0,0.1225139945022451,21.31815185337765,41.388826344863766,,,,,,,0.4810996563573887,0.0687285223367686,0.4501718213058426,0.0687285223367686,0.0015155270846888,,0.0497891833019535,79.26829268292683,21.951219512195124,34.26829268292683,47.25609756097561,89.1304347826087,关键词新闻评分,10,56.76485605435764,1315,0.5193916349809886,0.1957656720011972,0.1219977625454439,1.604666084988852,0.0430459072609103,,,,-0.0422372706798155,-0.0273701138391508,0.0781750573077364,-0.0140600492941967,0.1615383588484273,3472002745.0,,,,,,,,,,,,,,,,,,,,,,,,,,,,,,,,
2026-08-29 14:53:00,2026-08-28,484.35,469.6,494.88,468.42,6519300.0,0.0364,750726799.9999999,300776,-0.0137768817204301,0.131893559583494,-0.3100205700852189,0.3036839621332001,-0.0288893024794755,0.8156443432583336,-0.0258474048873582,-0.1919175696267006,0.7064480054788108,484015933.0,0.0464812649599599,20.43655236325136,44.99818955958398,,,,,,,0.5574452003023436,0.0445956160241877,0.3979591836734686,0.0445956160241877,0.0118230761406485,,0.0445169952489866,69.51219512195121,37.19512195121951,56.89024390243903,44.39024390243903,50.0,无新闻/中性,9,56.75248419150858,1628,0.5098280098280098,0.1627271902456196,0.1059332791135106,1.5361290767866504,0.0310373532993137,,,,-0.0346414276577121,-0.0402314593439878,0.0649002190313945,-0.0168190383139089,0.4176831972671136,1060135030.0,,,,,,,,,,,,,,,,,,,,,,,,,,,,,,,,
2026-08-29 14:53:00,2026-08-28,69.46,71.18,71.53,69.15,51378500.0,0.0156,736735300.0,601058,0.0365516237075871,0.0143936155052017,0.1590946099983718,-0.0194241631078661,0.0253529242293288,0.2264757602169271,0.0360763593225768,0.0885595218372055,1.854879761436292,2903076435.0,0.0462764201739581,20.4177392282463,62.2820792608212,,,,,,,0.722689075630259,0.8529411764705903,0.1470588235294096,0.1302521008403313,0.0018137416540211,,0.0199882501140522,43.90243902439025,66.89024390243902,50.1219512195122,86.21951219512195,50.0,无新闻/中性,5,55.41102077687444,1960,0.5627551020408164,0.0907948020526707,0.0655233905234271,1.385685345757682,0.0224454698905708,,,,0.0124556238760919,0.0124516894940858,0.0242744751736041,0.0079297649391107,1.082230906835802,383934810.0,,,,,,,,,,,,,,,,,,,,,,,,,,,,,,,,
2026-08-29 14:53:00,2026-08-28,31.48,31.24,31.76,31.0,2292100.0,0.0206,70787900.0,301133,0.0885017421602787,0.2777096114519426,-0.2504798464491363,-0.202450855246362,-0.0076238881829733,0.717610700531292,0.0939141396456333,-0.0399311602368415,0.7453377774164702,184871163.0,0.1513878321349506,18.07519865423011,56.70212063956062,,,,,,,0.3157894736842125,0.3157894736842078,0.3684210526315797,0.3157894736842078,0.0163401355765292,,0.0207363044746783,46.34146341463415,58.23170731707317,75.1219512195122,65.60975609756098,14.0,关键词新闻评分,6,54.95754290876243,1014,0.5325443786982249,0.0998305350305456,0.0954465658281737,1.0459311360689931,0.0085471565226236,,,,0.0088832539655406,-0.0129555731219008,0.0579842692518748,-0.0029787234042553,0.8905888752737058,85977505.0,,,,,,,,,,,,,,,,,,,,,,,,,,,,,,,,
2026-08-29 14:53:00,2026-08-28,99.23,100.92,101.19,98.87,240380.0,2.83,575542812.78,000034,0.0146792680474563,0.1519232964273484,0.1169894853348092,0.0149854168761942,0.0174412743220082,0.656444607834957,0.0829662458350546,0.0748443257904416,0.6651861077992781,39128684.6,0.0441750531090141,20.170824177416453,59.52981342911761,,,,,,,0.7284482758620702,0.8836206896551738,0.1163793103448262,0.1551724137931036,0.0057203035821815,,0.0139753702596836,35.36585365853659,72.5,50.79268292682927,89.14634146341464,70.90322580645162,关键词新闻评分,6,54.89527056560888,1867,0.5093733261917515,0.1209795136090619,0.0877827217725707,1.3781699993593064,0.0185551924469968,2.34,1.74,1.73,0.0153274355779082,0.0035415020828794,0.0380994847403884,0.0059140142202138,0.9225528864635584,892216109.1784999,,,,,,,,,,,,,,,,,,,,,,,,,,,,,,,,
2026-08-29 14:53:00,2026-08-28,1084.56,1052.74,1084.56,1032.3,235562.0,3.41,3090671865.56,002353,-0.1378474440240445,-0.0272133359206794,-0.1600523401471267,0.0724844385130247,-0.0379170741069062,0.690348640953014,-0.0978600806470617,-0.1063734787407817,0.0197808649610249,1706101576.0,0.0129309231543072,21.851654336764724,41.16954934147008,,,,,,,0.6088786835055481,0.3911213164944519,0.0,0.3911213164944519,0.0102263085813175,,0.0426315092434971,67.07317073170732,28.84146341463415,30.182926829268297,85.67073170731707,50.0,无新闻/中性,3,54.70189701897019,1958,0.5847803881511746,0.1156060748836775,0.0909017374142913,1.271769695190692,0.0298599812175648,4.78,-3.79,-41.49,-0.0085437602661106,0.0057379704040686,0.0693252166455427,-0.0035903584048457,0.0890730817898164,2616711581.974,,,,,,,,,,,,,,,,,,,,,,,,,,,,,,,,
2026-08-29 14:53:00,2026-08-28,60.72,59.81,61.53,59.58,600169.0,4.77,403076662.53,000676,0.0399930446878804,-0.2626063370731105,-0.0303177691309987,-0.3319557690159722,-0.0056525353283457,0.7525708535325557,-0.1698877870382578,-0.096934923750566,0.4934473637659954,103682097.56,0.0183203298094932,19.81463733390349,37.03121235998591,,,,,,,0.4666666666666642,0.1179487179487198,0.4153846153846159,0.1179487179487198,-0.0057123507069727,,0.0547631055264006,82.92682926829268,24.02439024390244,14.146341463414636,55.30487804878049,80.85714285714286,关键词新闻评分,9,54.67053813395277,1954,0.443193449334698,0.1277888075710953,0.0902950406820735,1.4152361702901972,0.0063582922694332,3.24,-0.57,-0.34,-0.0603880824079243,-0.0279548134685165,0.0730766474789213,-0.0082356842803449,0.1994664750623578,891118540.095,,,,,,,,,,,,,,,,,,,,,,,,,,,,,,,,
2026-08-29 14:53:00,2026-08-28,51.08,56.02,56.02,50.72,82006300.0,0.1659,2204164200.0,603011,0.1603148301574151,0.6218876664736539,-0.1413243408951562,0.0312960235640649,0.0984313725490195,0.8740664093205615,0.1816571042861965,0.0682209665219575,1.2250328175270804,4609025132.0,0.1984650717198048,21.51361422682315,64.38322151343823,,,,,,,0.9320754716981132,1.0,0.0,0.0679245283018866,0.032183945279152,,-0.0052221358523117,8.536585365853659,66.70731707317073,94.9390243902439,87.43902439024392,97.14285714285714,关键词新闻评分,5,54.60769131500839,1953,0.5299539170506913,0.1368463479650254,0.0972599220834208,1.407016837291428,0.0268056127348802,,,,0.0228898995886849,0.0080510526896602,0.0683684398429132,0.0325632833620053,1.0025743692656182,1552201460.0,,,,,,,,,,,,,,,,,,,,,,,,,,,,,,,,
2026-08-29 14:53:00,2026-08-28,66.51,65.37,68.11,65.14,13309000.0,0.0217,845554000.0,603650,-0.0312685240071132,0.1428321678321678,0.1537239675255914,0.113059765026392,-0.024182713837886,0.6025397025965876,-0.0116419715754459,-0.0907847550784336,0.6711637850934468,1751488537.0,0.0022674912511189,20.55550259298013,45.69303099596036,,,,,,,0.3838383838383842,0.0774410774410788,0.538720538720537,0.0774410774410788,0.0099651389317041,,0.0300159864489431,56.09756097560976,67.01219512195122,48.96341463414634,47.01219512195122,48.36363636363637,关键词新闻评分,8,54.2103145273877,1839,0.5008156606851549,0.1358682256982294,0.0894804726416835,1.5184120254069458,0.0233776846019596,,,,-0.0129034751822317,-0.0142122088011452,0.0488865578356169,-0.0126371966569327,0.4669844632640861,1256388930.0,,,,,,,,,,,,,,,,,,,,,,,,,,,,,,,,
2026-08-29 14:53:00,2026-08-28,163.03,162.55,169.62,162.51,1641134.0,5.74,6015098244.51,000938,-0.014609602327837,-0.3137296293168961,-0.1409470457668321,-0.0182400193271726,-0.0143706039291776,1.3355388032027562,-0.2661714283134582,-0.2648915426725445,0.6876460500034149,101709019.51,0.0836070507964152,22.517538519657787,32.31662875224531,,,,,,,0.0675105485232051,0.0056258790436034,0.9268635724331914,0.0056258790436034,-0.0037394815487413,,0.122096524080766,97.5609756097561,10.426829268292684,26.341463414634152,7.987804878048781,70.57142857142857,关键词新闻评分,2,53.55632984901278,1955,0.4670076726342711,0.1219653879109456,0.0844579806778946,1.4440954772065482,0.0119433162641059,4.31,-1.44,-2.37,-0.1405849201318932,-0.0821836632629965,0.1054532671265984,-0.0142112072450877,0.1861289784879923,8885918758.556002,,,,,,,,,,,,,,,,,,,,,,,,,,,,,,,,
2026-08-29 14:53:00,2026-08-28,535.73,528.14,551.03,527.78,24503000.0,0.0312,4342977400.0,002281,-0.0274560353558603,0.0728883110551334,-0.2105412636960194,1.132692618316912,-0.0154907260695312,0.8066214622485148,-0.0274023056241022,-0.1468313104218108,0.5684424102626323,5431322250.0,0.0090786047238407,22.191825986939623,45.46087078308755,,,,,,,0.3264516129032271,0.0154838709677425,0.6580645161290303,0.0154838709677425,0.0049430071854385,,0.0467794464195967,75.60975609756098,33.78048780487805,35.73170731707317,21.15853658536585,68.0,关键词新闻评分,7,51.92050587172539,1960,0.5219387755102041,0.1331750729150044,0.0793024034834896,1.6793321143504911,0.0315978303714386,,,,-0.0322818186496299,-0.0326945217929434,0.064301132275533,-0.0140203491085596,0.3962567241787496,7731490480.0,,,,,,,,,,,,,,,,,,,,,,,,,,,,,,,,
2026-08-29 14:53:00,2026-08-28,66.23,66.77,67.26,66.23,5681900.0,0.0243999999999999,361784500.0,603026,-0.0245434623813003,-0.0035815549917923,-0.2341133287451251,0.0125872004852896,0.0089150800846176,0.282827293601842,-0.0282982485501605,-0.1292081101759755,0.705201042305981,699225294.0,0.0417403649213809,19.706559291423016,42.659607539379984,,,,,,,0.5242718446601858,0.5242718446601858,0.4757281553398141,0.0,0.0011867397800163,,0.030075407806044,57.3170731707317,38.78048780487805,34.69512195121951,50.0609756097561,100.0,关键词新闻评分,9,51.63053297199639,1960,0.4969387755102041,0.1557679261093501,0.1043063091389422,1.493370126843027,0.0249346628670969,,,,-0.0255468312259105,-0.0268852383829114,0.0378377800124093,0.0002496754219514,0.2207818507645136,531480870.0,,,,,,,,,,,,,,,,,,,,,,,,,,,,,,,,
2026-08-29 14:53:00,2026-08-28,66.15,64.81,67.27,64.73,64721600.0,0.1109,947671300.0,002579,-0.0309509569377989,0.3066532258064516,-0.2929303949378136,0.1833120321343802,-0.0093243656374197,0.8379663970662783,0.0139712439570067,-0.0769756627873029,0.8343219606493886,5279604191.0,0.0120380989042261,20.66951827119198,50.54438891332955,,,,,,,0.5275590551181132,0.0314960629921254,0.4409448818897613,0.0314960629921254,0.016556185212207,,0.0200578927032065,45.1219512195122,48.47560975609756,67.5,38.78048780487805,61.36842105263158,关键词新闻评分,9,50.85565539865926,1920,0.5125,0.1127491434959553,0.0858490033606224,1.3133424860197216,0.0159325469033736,,,,0.000243238414424,-0.0041669106489067,0.0606167478563713,-0.0120928814592754,0.5631910620750596,1108131710.0,,,,,,,,,,,,,,,,,,,,,,,,,,,,,,,,
2026-08-29 14:53:00,2026-08-28,176.33,172.46,178.16,171.68,5109900.0,0.0203,214625900.0,300863,-0.0299791889307609,0.2468189705031811,-0.4241543958062038,0.0753881648687411,-0.0219474848295809,0.5801953291985503,0.0062019755304936,-0.1730811031978416,0.7251608050719676,427542793.0,0.1867779284941295,19.184407075192905,47.15255915061883,,,,,,,0.5972222222222239,0.1203703703703707,0.2824074074074054,0.1203703703703707,0.0146544245630063,,0.0117530553008284,32.926829268292686,53.23170731707317,72.6219512195122,63.109756097560975,50.0,无新闻/中性,1,50.492321589882565,1319,0.5208491281273692,0.1168685281228638,0.0866652126171638,1.3485056413479366,0.0193451587917815,,,,-0.0118936451794825,-0.0228346819341211,0.0555988138036148,-0.0094198736358415,0.5343264013215298,289147720.0,,,,,,,,,,,,,,,,,,,,,,,,,,,,,,,,
2026-08-29 14:53:00,2026-08-28,184.94,181.45,186.21,181.43,7245400.0,0.0171,1298444800.0,603893,-0.0200367249945992,-0.0517376535145022,0.0271142307256877,0.0559241154562382,-0.0240950895498306,0.5211740966958618,-0.0799521341865346,-0.0712819073568088,0.5192526757594771,1098620167.0,0.0333052840837272,20.984433078344487,40.3410442582368,,,,,,,0.7301255230125541,0.0041841004184062,0.2656903765690397,0.0041841004184062,-0.0011845854297801,,0.0454364505434643,71.95121951219512,40.0,21.890243902439025,36.52439024390244,66.8,关键词新闻评分,7,50.46305329719964,1454,0.4951856946354883,0.1555550369330404,0.103083402113779,1.5090211784176992,0.0249906529850586,,,,-0.032818864481264,-0.0187490043910531,0.0492855174585679,-0.0086324646232857,0.2104788611962613,2730249895.0,,,,,,,,,,,,,,,,,,,,,,,,,,,,,,,,
2026-08-29 14:53:00,2026-08-28,57.66,56.55,59.66,56.31,13333400.0,0.0622,719111600.0,300726,-0.0017652250661959,0.1010514018691588,-0.3164511060074944,0.0675854257126675,-0.0376106194690265,0.5285983786352485,-0.0086599817684593,-0.1501501576718172,0.9860552760102824,1115961859.0,0.0046829187107242,20.393527120608425,46.46536236172455,,,,,,,0.3313432835820899,0.0716417910447747,0.5970149253731354,0.0716417910447747,0.0071681636539667,,0.02440335459113,51.21951219512195,45.0609756097561,51.89024390243902,42.37804878048781,66.74418604651163,关键词新闻评分,8,50.29631730425831,1960,0.5015306122448979,0.1202829891504514,0.0895179503114178,1.343674522618171,0.0157036433064482,,,,-0.02106370401251,-0.0281843504121741,0.0552482000757862,-0.016635752376536,0.4713624445337637,721516505.0,,,,,,,,,,,,,,,,,,,,,,,,,,,,,,,,
2026-08-29 14:53:00,2026-08-28,159.4,155.79,160.35,155.04,78023.0,2.14,158529814.0,000026,-0.0454629005575639,0.0623977086743043,-0.15625,0.1299775150504096,-0.0163530748831923,0.7551537787210183,-0.0595486388839423,-0.0709328838114472,0.5343819656788196,14515010.52,0.0869325231251073,18.88145324084718,44.113638004888834,,,,,,,0.6798493408662923,0.1412429378531073,0.1789077212806004,0.1412429378531073,0.0098429808277174,,0.0155318488487231,39.02439024390244,35.0,45.73170731707317,72.2560975609756,99.63636363636364,关键词新闻评分,7,49.331690892666494,1957,0.4787940725600408,0.0958770034761045,0.0610976761236268,1.5692414107879349,0.014060870010736,3.35,-1.64,-2.59,-0.0043964015505509,0.0084127237000995,0.0669353433651527,-0.0080860817521964,0.3603850179756891,288961103.971,,,,,,,,,,,,,,,,,,,,,,,,,,,,,,,,
2026-08-29 14:53:00,2026-08-28,274.86,270.93,282.73,270.23,10482800.0,0.0224,208609600.0,600645,-0.0193289173634486,0.0478418935643565,0.0104803819185439,-0.3684615384615384,-0.0046291193651493,0.6534949824487329,-0.0211871984450559,0.040814836916087,0.5901977338069043,1103918048.0,0.035283952222195,19.15597512535865,49.139263351006974,,,,,,,0.3144000000000005,0.055999999999999,0.6296000000000004,0.055999999999999,0.0093841343345855,,0.0322168524188821,59.7560975609756,48.47560975609756,38.90243902439025,34.8780487804878,50.0,关键词新闻评分,5,49.04245709123757,1942,0.4737384140061792,0.0943590000442511,0.0750439487023533,1.2573831957924693,0.0052087355648331,,,,0.0112756984069604,0.0193202106539948,0.0621562765289927,-0.0134726723227617,0.3824832887331542,367667755.0,,,,,,,,,,,,,,,,,,,,,,,,,,,,,,,,
2026-08-29 14:53:00,2026-08-28,289.19,285.42,297.1,284.59,2700520.0,0.0235,372132400.0,688531,-0.008476342666574,0.1854466918636041,-0.3158512907787818,0.816688944051938,-0.0203871499176276,0.7532459724240305,0.0106725777780924,-0.0997596583489809,0.5358615625746341,288960480.0,0.1486444312911307,19.73476026558077,49.07139741339239,,,,,,,0.3013589128697016,0.0663469224620334,0.6322941646682649,0.0663469224620334,0.0112169499476057,,0.0193327818190099,42.68292682926829,47.3780487804878,60.91463414634146,36.70731707317073,55.47826086956522,关键词新闻评分,7,47.49251796865794,677,0.4948301329394387,0.1848254304812009,0.092639440376483,1.9951052136118013,0.0446585385560489,,,,-0.0068246581200685,-0.013194530995981,0.0629448331781735,-0.0125128299754356,0.5584397824514027,670436145.0,,,,,,,,,,,,,,,,,,,,,,,,,,,,,,,,
2026-08-29 14:53:00,2026-08-28,90.93,90.23,93.41,90.02,466957.0,0.0089,41911300.0,688667,-0.0280081870085101,0.0596594245449206,-0.1857967875834686,-0.0753228120516499,-0.0150638576574608,0.5146424606028397,-0.0083416676741144,-0.1299107056758789,0.7226598000957497,30401514.0,-0.0188039758019417,17.55106606213001,45.6008966242858,,,,,,,0.206489675516225,0.0619469026548695,0.7315634218289054,0.0619469026548695,0.0005720701323769,,0.0290168303841886,54.87804878048781,45.85365853658537,33.963414634146346,30.121951219512194,84.28571428571428,关键词新闻评分,8,47.40418118466899,1178,0.4796264855687606,0.1571125068228108,0.1214024492847847,1.2941461045341656,0.0121807002914389,,,,-0.0241473915032184,-0.0310753845273234,0.048661357483257,-0.0108528831396624,0.464441339745661,57720405.0,,,,,,,,,,,,,,,,,,,,,,,,,,,,,,,,
2026-08-29 14:53:00,2026-08-28,25.36,25.95,26.3,25.26,48593300.0,0.0513999999999999,524628800.0,002083,0.0208497246262784,-0.0218620429702224,0.1386573058358928,-0.0110518292682926,0.0248815165876776,0.3518459600990145,-0.0284355753570827,0.0183259427853863,0.7880482332555178,2960854301.0,0.0096308725840661,20.078201524766907,48.97257271812624,,,,,,,0.5673076923076926,0.6634615384615368,0.3365384615384632,0.0961538461538441,-0.0010714370540895,,0.0153864880266554,37.80487804878049,54.51219512195122,33.292682926829265,71.03658536585365,68.0,关键词新闻评分,8,46.43721770551039,1952,0.5430327868852459,0.060080100224337,0.0482904182899496,1.2441412261869171,0.0105583263950626,,,,-0.0080472252802129,0.0024027698805961,0.0446462978254885,0.0043865307702231,0.3349064435863341,698949375.0,,,,,,,,,,,,,,,,,,,,,,,,,,,,,,,,
2026-08-29 14:53:00,2026-08-28,113.48,114.72,119.81,113.34,37657100.0,0.0454,4360283500.0,301217,-0.0035611916963432,0.383001808318264,0.0421511627906976,1.6567855488652152,-0.0012188751523594,0.9941273363044808,0.0235637362931504,-0.1051074866901121,0.8599822372358965,1862381892.0,0.0519734977463395,22.195802915358577,50.65644650692346,,,,,,,0.1916537867078817,0.2132921174652234,0.7867078825347765,0.0216383307573416,0.028564159085936,,0.0017160821621115,18.29268292682927,62.80487804878049,77.5609756097561,32.073170731707314,100.0,关键词新闻评分,10,46.15176151761517,971,0.5242018537590113,0.2034081604444538,0.0885456651281884,2.2972119544189744,0.0644970714490256,,,,-0.0009559859890239,-0.0053313241596397,0.0710176329946204,-0.010664903555926,0.5655611595100164,4938236570.0,,,,,,,,,,,,,,,,,,,,,,,,,,,,,,,,
2026-08-29 14:53:00,2026-08-28,136.57,131.42,137.27,131.3,65101800.0,0.0876,2224909300.0,300209,0.0379087032064442,0.2006212315000912,0.2922320550639132,2.796071634893125,-0.0546683930369732,1.161128184984978,-0.0426516117282828,0.1235759730405601,0.4918206853229769,3413376897.0,0.3087617853873367,21.52298198813825,50.905376477308,,,,,,,0.8626465661641552,0.0201005025125588,0.1172529313232859,0.0201005025125588,0.019236967913117,,0.0035581351164671,20.73170731707317,56.46341463414634,67.5,49.207317073170735,93.2,关键词新闻评分,6,46.00487804878049,1941,0.4719216898505924,0.1816398044132967,0.1055212377993639,1.7213577873173098,0.0299962865008922,,,,0.035226720678765,0.0464576064788206,0.0891308128791008,-0.0143253581339535,0.3698240016595055,4685051900.0,,,,,,,,,,,,,,,,,,,,,,,,,,,,,,,,
2026-08-29 14:53:00,2026-08-28,72.45,73.98,74.41,72.24,129449100.0,0.0163,387218900.0,600166,0.0365699873896594,-0.0394702674629965,-0.0116232464929858,-0.0201324503311257,0.0180266960231181,0.208539227995137,0.0087952546533032,-0.0086321455292635,1.1565213561260903,14943577255.0,-0.0237725235924783,19.77450072674142,52.23195868376557,,,,,,,0.7050691244239631,0.8018433179723538,0.1981566820276462,0.0967741935483906,-0.0022868748526568,,0.0101309956724852,31.70731707317073,52.80487804878049,32.62195121951219,79.14634146341464,56.92307692307692,关键词新闻评分,5,43.93197137099576,1960,0.4668367346938775,0.0823053793785656,0.0595236016556107,1.3827352023280564,0.006687376735344,,,,-0.0107295329503839,-0.0121067333766922,0.0211929865214536,0.0059375424919547,0.5940939415304649,333336015.0,,,,,,,,,,,,,,,,,,,,,,,,,,,,,,,,
2026-08-29 14:53:00,2026-08-28,36.53,35.93,36.79,35.91,6810500.0,0.0409999999999999,233915800.00000003,301291,-0.10175,-0.1071073558648112,-0.3347528235511942,-0.4156773459099041,-0.0273416350839198,0.5169911147754374,-0.1239469930632596,-0.1195425770880129,0.7642466551233871,123338500.0,-0.2594617312859308,19.27047178378318,35.296882916522094,,,,,,,0.6818181818181814,0.0227272727272762,0.2954545454545423,0.0227272727272762,-0.0055082691164942,,0.042541736412521,65.85365853658537,21.15853658536585,20.42682926829268,41.21951219512195,32.0,关键词新闻评分,7,42.98012646793136,629,0.5882352941176471,0.1079441029850115,0.1066873346090942,1.0117799210236362,0.019566452210968,,,,-0.0264577412497003,-0.01021919986481,0.0659417120591626,-0.0077326705330019,-0.1103592697668997,351507490.00000006,,,,,,,,,,,,,,,,,,,,,,,,,,,,,,,,
2026-08-29 14:53:00,2026-08-28,27.6,26.52,27.86,26.41,14061900.0,0.0268,370014100.00000006,601133,0.0180422264875239,0.0767356881851402,-0.0833045281714482,0.5966285370258881,-0.0463861920172599,0.6799019128722149,0.003614070275691,-0.1355180806675937,0.9892140293241928,562957800.0,0.1301820371903937,19.72905167368716,45.88872931788293,,,,,,,0.7448275862068982,0.0758620689655169,0.1793103448275849,0.0758620689655169,0.006140985483038,,0.0025738916332821,19.51219512195122,51.09756097560976,59.8170731707317,66.28048780487805,50.0,无新闻/中性,5,42.335140018066845,679,0.5596465390279823,0.1147347277468711,0.0791994082454144,1.4486816289251017,0.0293351597620502,,,,-0.0292871314723581,-0.0387387558172956,0.056184012066365,-0.0152246565168955,0.5195304338116422,365009440.0,,,,,,,,,,,,,,,,,,,,,,,,,,,,,,,,
2026-08-29 14:53:00,2026-08-28,283.72,270.47,288.7,270.27,18437600.0,0.1334,1960429200.0,002975,0.0228802662430982,0.3947504125412544,-0.2810664256665159,0.7085912823752369,-0.0473724992955761,0.9268350923111732,0.0566513913794248,-0.0626700290298396,1.2268202920132518,367641059.0,0.145242668524984,21.39642926631824,52.13877559099247,,,,,,,0.7189365165491045,0.0108518719479134,0.270211611502982,0.0108518719479134,0.0170114357495302,,-0.0040397497156498,12.195121951219512,53.04878048780488,87.19512195121952,38.23170731707317,50.0,无新闻/中性,6,41.571815718157175,1449,0.492063492063492,0.1553217205590506,0.1106734022973059,1.4034241049335796,0.0202130867272504,,,,0.0163945545065569,-0.0005003988701297,0.0748247759191671,-0.0217375578703703,0.6518930651295136,1497349024.9999998,,,,,,,,,,,,,,,,,,,,,,,,,,,,,,,,
2026-08-29 14:53:00,2026-08-28,28.64,28.64,29.59,28.64,244305.0,2.23,101535109.24,002512,-0.004864489228631,0.098159509202454,-0.047238855622089,-0.1620830895260385,-0.004864489228631,0.4096770061336088,0.0363294253871759,0.0999167893490367,0.0112608521043298,6354942345.0,0.0109648506896697,18.43591521032635,59.99705236299178,,,,,,,0.0,0.0,1.0,0.0,0.0109022952723951,,0.015536131025199,40.2439024390244,64.57317073170731,38.84146341463414,3.3841463414634148,76.18181818181819,关键词新闻评分,4,40.73794859160713,1800,0.5072222222222222,0.1253597723059879,0.1097679053454046,1.1420439509301072,0.009494077818885,3.3,-0.49,-0.14,0.029793426899192,0.0283299772667062,0.0398792897047087,-0.0109358812017957,0.7897820180842106,115341176.5825,,,,,,,,,,,,,,,,,,,,,,,,,,,,,,,,
2026-08-29 14:53:00,2026-08-28,138.7,139.04,142.58,136.83,16642100.0,0.043,408582100.0,002832,0.0063694267515923,-0.0509862807999453,0.2627372627372626,0.4385928608380753,0.0157802454704851,0.2955638530844399,-0.0278350731710727,0.0630213231190317,1.2784454712712552,694646201.0,-0.107500607584506,19.82820343371037,50.29456996063467,,,,,,,0.0591304347826092,0.3843478260869529,0.615652173913047,0.3252173913043437,-0.0013048508224845,,0.0052119305954314,25.60975609756097,53.65853658536585,32.98780487804878,55.1829268292683,88.57142857142858,关键词新闻评分,3,40.44973544973545,1960,0.5295918367346939,0.0736448732610905,0.0581683630241762,1.2660640498079996,0.0116388508860823,,,,0.0077324461062888,0.0195989667452374,0.0319589429557783,-0.0031783964631378,0.2454533122002785,330379350.0,,,,,,,,,,,,,,,,,,,,,,,,,,,,,,,,
2026-08-29 14:53:00,2026-08-28,83.34,79.64,84.6,79.45,17525306.0,0.0861,639671700.0,688598,-0.1051685393258426,0.3986652616789603,0.0462427745664739,0.3726301275422268,-0.0524687685901248,0.9823713473967236,0.0609330455865504,-0.0555383158839305,0.8121081924423977,304810800.0,0.8104960573924972,20.276465635517813,52.07141496427852,,,,,,,0.7184466019417494,0.0368932038834947,0.2446601941747559,0.0368932038834947,0.0197944083691874,,-0.0180609665102727,4.878048780487805,67.8658536585366,84.02439024390243,49.51219512195123,30.615384615384617,关键词新闻评分,7,40.31658675561114,1387,0.4563806777217015,0.184980568582507,0.1311069442765866,1.4109135835876645,0.0131492890614135,,,,0.0270035807427385,0.0103329007930123,0.0937881179593886,-0.0195740489966761,0.6308958075516947,741164355.0,,,,,,,,,,,,,,,,,,,,,,,,,,,,,,,,
2026-08-29 14:53:00,2026-08-28,117.73,115.36,123.01,115.18,310136.0,8.54,1219259790.56,002655,0.0118410665731074,0.6658483754512636,0.0302759667768153,1.2535651494432507,-0.023117960877297,0.8486020319161166,0.1576808249077999,0.0954689406636819,0.0141888130074013,3700221959.0,0.045808588559275,20.921509783328013,60.68415499692829,,,,,,,0.3026819923371654,0.0229885057471255,0.6743295019157091,0.0229885057471255,0.0296258451728635,,-0.0043633732029052,10.975609756097562,75.0609756097561,66.76829268292684,23.65853658536585,85.0,关键词新闻评分,7,40.23035230352304,1949,0.5371985633658286,0.1395880834680877,0.1014002751436245,1.376604582880801,0.0280583248904763,6.63,-2.31,-2.73,0.052058070083812,0.0290595830355429,0.0720539429363978,-0.0211285532456513,0.7871877159526903,1148691614.858,,,,,,,,,,,,,,,,,,,,,,,,,,,,,,,,
2026-08-29 14:53:00,2026-08-28,43.58,42.09,45.12,42.02,176184.0,4.21,743981643.63,002957,-0.0368421052631579,0.1984624145785878,-0.3592632059674226,0.4296875,-0.0394796896394339,0.8205062583390995,0.0205739364475106,-0.0833460374153363,0.0108443133231622,1682012067.0,0.0478145907800313,20.427526921296792,50.20268623116628,,,,,,,0.4806451612903218,0.0225806451612904,0.4967741935483877,0.0225806451612904,0.0090052460285966,,0.0130022160327121,34.14634146341464,45.0,48.170731707317074,29.75609756097561,57.578947368421055,关键词新闻评分,8,39.95616412304474,1578,0.4892268694550063,0.128325583297181,0.0951544263189052,1.348603404607836,0.0141779991713473,7.07,-3.95,-1.73,0.0043984786788437,-0.0052116975348708,0.0662865288667141,-0.0229048982434419,0.5895710131499612,891302705.059,,,,,,,,,,,,,,,,,,,,,,,,,,,,,,,,
2026-08-29 14:53:00,2026-08-28,59.95,58.81,60.2,58.81,6961400.0,0.0315,104342400.0,300622,0.0059869996578858,-0.0657664813343923,-0.0609931342806961,-0.2807875749052219,0.0005103776794828,0.2952823999901993,-0.0216595688048975,-0.0037212926833399,0.7478014921869923,1153784027.0,-0.0083528818710608,18.463188366602942,48.2721712726771,,,,,,,0.8201438848920864,0.0,0.1798561151079136,0.0,-0.0027445658040216,,0.014505994338731,36.58536585365854,43.35365853658537,23.536585365853657,38.8719512195122,95.8181818181818,关键词新闻评分,7,39.4147162683748,1960,0.5193877551020408,0.1147531639901346,0.0816588646170289,1.405275036927274,0.0203551379962835,,,,-0.0060811008695469,-0.0034263815403156,0.0312871960550926,-0.0078168934877965,0.3353503830250214,143221245.0,,,,,,,,,,,,,,,,,,,,,,,,,,,,,,,,
2026-08-29 14:53:00,2026-08-28,66.44,62.89,67.18,62.8,69771600.0,0.2094,1003781400.0,300996,-0.0329078886667691,-0.2480870396939263,0.094500522102332,0.2034060466896288,-0.0116297344020116,0.7527835343114824,-0.1688582869678988,0.0361615834319593,1.0048196248279373,349111049.0,-0.5776741379174793,20.7270401064221,42.017334698833245,,,,,,,0.8105022831050204,0.0205479452054801,0.1689497716894994,0.0205479452054801,-0.0100300992696928,,0.022457511427148,50.0,29.634146341463413,22.865853658536587,47.987804878048784,23.529411764705884,关键词新闻评分,5,38.694138902173336,1128,0.4742907801418439,0.1502654929868227,0.0980701788019126,1.5322241156543304,0.0197131407078155,,,,-0.0110294482491039,0.0260462294045913,0.0796515457828862,-0.0217763260227097,0.201213983925586,1229858220.0,,,,,,,,,,,,,,,,,,,,,,,,,,,,,,,,
2026-08-29 14:53:00,2026-08-28,25.4,24.23,25.66,24.23,7923958.0,0.0306,141054800.0,688207,-0.1068927386656837,0.0489177489177488,0.2018849206349207,0.0831470719713902,-0.0358137684042976,0.673701566894395,-0.0887894400361024,-0.0945722915953041,0.6981099528739365,170436618.0,0.4971486368425707,18.764659032408343,42.624361642356895,,,,,,,0.818181818181817,0.0,0.1818181818181829,0.0,0.0055804095927984,,0.0039523222143348,21.951219512195124,49.57317073170732,50.97560975609757,38.14024390243902,72.15384615384616,关键词新闻评分,8,38.61031200055591,941,0.465462274176408,0.1476035128930335,0.1018114400083461,1.4497733543591331,0.0142818111827317,,,,-0.0100897753975454,0.0038236615946187,0.0716054477919934,-0.0192930383162439,0.1700016934456855,216780230.0,,,,,,,,,,,,,,,,,,,,,,,,,,,,,,,,
2026-08-29 14:53:00,2026-08-28,9.57,9.83,10.17,9.47,660732.0,9.3,257764501.0,000892,0.0424178154825027,0.0558539205155745,0.0123583934088566,-0.3991442542787285,0.0293193717277486,0.5048807063704239,-0.0109668980782774,0.0539482854130555,0.9988269982242844,-640533.3500000006,0.845327093646864,19.367556943100126,52.96175240278489,,,,,,,0.3714285714285715,0.514285714285714,0.485714285714286,0.1428571428571425,0.0116534142798621,,0.0003128299674261,15.853658536585366,54.81707317073171,65.2439024390244,63.17073170731707,0.0,关键词新闻评分,9,38.43721770551039,1953,0.4695340501792114,0.1267846763074045,0.0981777914778493,1.2913783697814132,0.0074497471596713,7.33,2.93,0.28,0.0037166455125884,0.0090850505858329,0.0487574480453422,0.000678656260604,0.442518451794624,263942661.9875,,,,,,,,,,,,,,,,,,,,,,,,,,,,,,,,
2026-08-29 14:53:00,2026-08-28,169.12,161.41,171.64,161.14,389712.0,10.58,2124243208.11,002552,-0.0349754872653353,0.5086456678194224,-0.097461418027287,1.659143327841845,-0.0496349505416863,1.144692505457245,0.0197106576536736,-0.0333109742950914,0.0189395605837949,1293843991.0,0.0804403866575777,21.476681439001577,50.88788016330289,,,,,,,0.7342857142857151,0.0257142857142866,0.2399999999999982,0.0257142857142866,0.0150836480673039,,-0.0590160943028834,1.2195121951219512,59.14634146341463,65.91463414634146,47.5609756097561,100.0,关键词新闻评分,9,38.36043360433604,1934,0.5118924508790073,0.158029185733659,0.0816741903044817,1.934873001428303,0.0410281583396544,6.18,-4.96,-8.43,0.0328988613144953,0.0294286931214339,0.1013213909564817,-0.0201541917076427,0.5446128773117651,1868755412.082,,,,,,,,,,,,,,,,,,,,,,,,,,,,,,,,
2026-08-29 14:53:00,2026-08-28,44.71,46.82,47.09,43.89,646518.0,9.86,401608941.0,000759,0.096487119437939,-0.1102242493348536,0.263697705802969,-0.0198869583420557,0.0406757057123805,0.7022815982466825,-0.0510357128379748,-0.0272583728081109,0.8522093323748606,69341356.42,0.0591199291049557,19.81098939203017,47.073360256435215,,,,,,,0.6593749999999993,0.9156249999999992,0.0843750000000009,0.2562499999999998,-0.001302126893263,,0.0084660320526184,28.04878048780488,40.30487804878049,33.475609756097555,89.51219512195122,0.0,关键词新闻评分,9,38.09846431797651,1954,0.4232343909928352,0.1361788935072201,0.0807343646557569,1.6867525258651992,0.0110707860611222,7.11,4.07,1.83,-0.0310331421954044,-0.0170268534109667,0.0723744431561604,0.0193033381712626,0.3498523659722186,504462327.228,,,,,,,,,,,,,,,,,,,,,,,,,,,,,,,,
2026-08-29 14:53:00,2026-08-28,3.147,3.063,3.168,3.06,416354800.0,0.0461,431469600.0,562590,-0.0106589147286821,0.0792811839323468,0.1686379244563145,0.6450053705692804,-0.0276190476190475,0.7089023939986152,-0.0056486170627191,-0.0512132163138873,0.6598596853519099,1992301500.0,2.595845369560686,19.88270761641163,47.84840592413868,,,,,,,0.7777777777777737,0.0277777777777788,0.1944444444444475,0.0277777777777788,0.0055067680122146,,-0.0009648824861703,14.634146341463412,58.90243902439025,54.45121951219512,51.21951219512195,50.0,无新闻/中性,6,38.08039747064137,556,0.5737410071942446,0.1457394553716295,0.0635220055203332,2.294314453358668,0.0565398758187605,,,,-0.0067329693153429,-0.0067434174763098,0.0451937876031901,-0.0109783661608007,0.4927581978528693,641820350.0,,,,,,,,,,,,,,,,,,,,,,,,,,,,,,,,
2026-08-29 14:53:00,2026-08-28,866.87,839.39,875.03,829.67,98160700.0,0.1151,6870084800.0,300285,0.0150923316926872,0.109599725042301,0.0761410256410255,0.9211086444052824,-0.015620785495655,0.9425150835756588,0.0109630700209264,-0.0430119602128109,0.7493624815141778,4314997844.0,0.1899690744780819,22.65044228677261,51.46558756878799,,,,,,,0.605820105820106,0.2142857142857148,0.1798941798941791,0.2142857142857148,0.0104528493555774,,-0.0270488710858233,2.4390243902439024,53.414634146341456,63.96341463414634,74.02439024390245,50.0,无新闻/中性,5,37.791327913279126,1956,0.5270961145194274,0.1191211707332714,0.0787417165860357,1.5128089137238436,0.0255510425275663,,,,-0.0037604512413963,-0.0042824988589016,0.0795169281093583,-0.0101883188094759,0.5471719779658981,8983530660.0,,,,,,,,,,,,,,,,,,,,,,,,,,,,,,,,
2026-08-29 14:53:00,2026-08-28,87.01,88.06,88.2,86.8,144175.0,0.57,165496091.86,000729,0.0112540192926045,-0.2458679455339556,-0.1750819672131147,-0.2426900584795321,0.0055955235811351,0.5990775291026779,-0.1642782575685679,-0.1499630775468046,0.5649940022658542,29817630.73,-0.0326170229394264,18.92445814440604,21.4703115083679,,,,,,,0.7499999999999949,0.9,0.1,0.150000000000005,-0.017438030941543,,0.0100053793794462,30.48780487804878,23.71951219512195,11.402439024390246,90.48780487804878,75.71428571428571,关键词新闻评分,6,37.482901019486384,1961,0.5430902600713922,0.0654743487322979,0.0591571708937692,1.106786341251388,0.0085289935130444,1.6,0.56,0.49,-0.0692832396365124,-0.0374539865647727,0.0429171668667467,0.0042575838211815,0.1651607301381019,311426238.7095,,,,,,,,,,,,,,,,,,,,,,,,,,,,,,,,
2026-08-29 14:53:00,2026-08-28,30.35,30.0,31.27,30.0,17254380.0,0.0421,527134900.0,688158,-0.0820073439412484,-0.026606099935107,-0.2258064516129032,-0.2078162133614998,-0.0095741168702542,0.6656918624886736,-0.0984628792090513,-0.115052949331865,0.6090286931810015,2049288222.0,0.0104722413516953,20.082967052875706,40.19848054270917,,,,,,,0.2755905511811036,0.0,0.7244094488188965,0.0,0.0068943622379916,,0.0178409500443554,41.46341463414634,26.76829268292683,31.46341463414634,10.335365853658535,100.0,关键词新闻评分,8,36.78861788617886,1459,0.4146675805346127,0.173273404622465,0.1069843883470919,1.619613920306859,0.0092294325895646,,,,-0.0305073238138081,-0.015915694659043,0.0599047619047619,-0.0139147584091157,0.1439730398856768,960699590.0,,,,,,,,,,,,,,,,,,,,,,,,,,,,,,,,
2026-08-29 14:53:00,2026-08-28,84.5,84.15,85.07,83.66,5004400.0,0.0069,92593500.0,603613,0.0122699386503069,-0.0406976744186046,-0.1971185955538593,-0.2880710659898476,-0.0041420118343195,0.2627772006025303,-0.0231926452152109,-0.0267213095793447,0.5809167163881105,106721904.0,-0.0568012572176571,18.34372951356811,46.40491901858864,,,,,,,0.2482269503546064,0.3475177304964612,0.4042553191489323,0.3475177304964612,-0.000883763833466,,0.0068245521093918,26.82926829268293,38.29268292682927,18.963414634146343,64.20731707317073,62.0,关键词新闻评分,3,34.9223125564589,1576,0.5095177664974619,0.1131249489028044,0.1011756766504034,1.1181041990328353,0.0080142994404759,,,,-0.0107167242328577,-0.009386937707628,0.0278244631185807,-0.0017004112622587,0.3154004820040177,164119730.0,,,,,,,,,,,,,,,,,,,,,,,,,,,,,,,,
2026-08-29 14:53:00,2026-08-28,21.59,21.25,21.86,21.16,18861700.0,0.043,391579000.0,603533,-0.0189289012003693,-0.0748802786242924,-0.1438356164383561,-0.2424242424242424,-0.007936507936508,0.4370233982208903,-0.057315233785822,-0.0048469805886622,0.9055351729819572,1074684966.0,-0.0725046232714032,19.78569784358733,45.56262828626004,,,,,,,0.485714285714286,0.1285714285714285,0.3857142857142855,0.1285714285714285,0.0020025881053698,,0.0097268932370595,29.268292682926827,33.29268292682927,28.17073170731708,59.268292682926834,14.0,关键词新闻评分,7,32.93405600722674,1947,0.4288649203903441,0.1547558028747864,0.0997456245979481,1.5515046750027564,0.0094011098343751,,,,-0.0036782337881247,0.006042809928799,0.0424873949579831,-0.0080908666562936,0.1849411272798996,461607030.0,,,,,,,,,,,,,,,,,,,,,,,,,,,,,,,,
2026-08-29 14:53:00,2026-08-28,1.843,1.84,1.868,1.838,84210200.0,0.0129,62364500.0,561380,-0.0186666666666666,0.03954802259887,-0.1915641476274163,-0.178937974118697,-0.0134048257372653,0.2938893906345559,-0.0165161152386551,-0.0771545598930034,0.6200114725042388,1822028900.0,1.5346007156029744,17.948506777227166,45.1332477899016,,,,,,,0.0999999999999963,0.0666666666666666,0.833333333333337,0.0666666666666666,0.0039742012727411,,0.0015488936212603,17.073170731707318,44.39024390243903,46.463414634146346,29.146341463414632,47.20689655172414,关键词新闻评分,9,31.67205557113043,269,0.7323420074349443,0.0992634661391051,0.0883122318505244,1.1240058603333285,0.0490573313612116,,,,-0.0083706204923288,-0.0099305296739857,0.0277950310559006,-0.0046880634691669,0.3341094472236711,101096770.0,,,,,,,,,,,,,,,,,,,,,,,,,,,,,,,,
2026-08-29 14:53:00,2026-08-28,5.13,5.1,5.18,5.05,394629.0,3.39,201209350.0,001330,0.0625,0.0472279260780286,-0.3788063337393423,-0.3592964824120603,-0.0019569471624267,0.4777176521796283,0.0051241623965312,-0.068039227629896,0.0085444165617393,3859346432.0,-0.0387855364629466,19.119856471253016,50.59418868989823,,,,,,,0.2307692307692328,0.3846153846153836,0.3846153846153836,0.3846153846153836,0.0001214146630497,,0.0050578596017435,24.390243902439025,39.8780487804878,18.71951219512195,65.85365853658536,25.454545454545457,关键词新闻评分,9,31.64613615833128,834,0.4652278177458033,0.1385160985745189,0.1239080945572401,1.117893863750205,-0.0018210598628486,2.54,-0.2,-0.01,-0.0139145414433594,-0.021910391637556,0.0446778711484594,-0.0019569471624267,0.5432972251687422,333399335.0145,,,,,,,,,,,,,,,,,,,,,,,,,,,,,,,,
2026-08-29 14:53:00,2026-08-28,103.96,103.96,105.04,103.48,413596.0,2.2,688928613.18,002517,-0.0011529592621061,-0.0329302325581395,0.0927054866512506,-0.226027397260274,-0.0028774218300403,0.3742793814629311,-0.0446082305585677,0.014956847736947,0.0069703419664639,7015354294.0,-0.0080350319367078,20.350648215743792,46.20704848354442,,,,,,,0.0,0.3076923076923006,0.6923076923076993,0.3076923076923006,0.0049894677943514,,-0.0037410787990654,13.414634146341465,49.14634146341464,19.26829268292683,49.14634146341464,86.0,关键词新闻评分,7,30.679313459801268,1923,0.5106604264170567,0.1275945813784582,0.0888138632477207,1.4366516297412908,0.0216973653653357,1.5,-0.29,-0.3,-0.0039477179332774,0.0047646073722356,0.0345050294069147,-0.001920122887865,0.2307724761595439,1344305824.443,,,,,,,,,,,,,,,,,,,,,,,,,,,,,,,,
2026-08-29 14:53:00,2026-08-28,373.0,365.1,392.0,363.01,5834482.0,0.0287,2202674400.0,688702,-0.028472591804151,0.0666393993397411,0.3279260929657381,0.7954266043766907,-0.0402208201892743,0.848160727337147,-0.0380422539478866,0.0332195216513402,0.6531036030637521,239467154.0,0.2423378755614211,21.51293809584069,48.165147736835216,,,,,,,0.2725077612969981,0.0720938254570552,0.6553984132459467,0.0720938254570552,0.0078214869699101,,-0.0046602426595966,9.75609756097561,49.99999999999999,53.109756097560975,38.71951219512195,0.0,关键词新闻评分,8,28.920505871725386,575,0.6313043478260869,0.2268538836280962,0.0974595370840603,2.3276724927641648,0.107280935469875,,,,0.0041581557419737,0.0149137006003601,0.0801678600774738,-0.0221496103061307,0.3622206476684994,3402126750.0,,,,,,,,,,,,,,,,,,,,,,,,,,,,,,,,
2026-08-29 14:53:00,2026-08-28,1.07,1.081,1.085,1.064,1409184200.0,0.0409999999999999,1520461900.0,513050,-0.033958891867739,-0.0558951965065502,-0.04673721340388,-0.1441013460015835,0.0009259259259257,0.2722057506466077,-0.0403905903240124,-0.0054892821000337,0.7186871230170095,-3929790836.0,-13.185554218456582,21.142280007878583,43.03786669327691,,,,,,,0.5238095238095213,0.8095238095238085,0.1904761904761915,0.2857142857142872,-0.0020522849273177,,-0.0205458502280973,3.658536585365853,43.41463414634146,19.634146341463413,81.52439024390243,60.0,关键词新闻评分,5,28.80758807588075,1961,0.4563997960224375,0.0720937997847319,0.0601908111550618,1.1977542485514263,0.0001838582947675,,,,-0.0080123461633431,-0.000787122445412,0.0220034359719836,0.0040247678018574,0.2007034635039443,2226193405.0,,,,,,,,,,,,,,,,,,,,,,,,,,,,,,,,
2026-08-29 14:53:00,2026-08-28,27.11,27.14,27.29,27.02,36315500.0,0.0173,304409000.0,002739,-0.003305178112376,-0.0331314570716066,-0.0612244897959183,-0.1735688185140074,0.0,0.6042251818367173,-0.0621976503109881,-0.0634112673626089,0.283557735042428,2194611287.0,0.2549683264887351,19.53388275315984,42.00413300826661,,,,,,,0.1111111111111154,0.4444444444444488,0.5555555555555511,0.3333333333333333,0.0006191609973205,,-0.0093828596467827,7.317073170731707,36.95121951219512,34.81707317073171,58.65853658536586,36.0,关键词新闻评分,7,27.549232158988257,1750,0.4257142857142857,0.0867353310415864,0.0706347339457689,1.2279416399894565,-0.0036400491368662,,,,-0.0261600861669971,-0.0160114157162527,0.0457153384566796,-0.0003683241252302,0.2865773213506649,1223757730.0,,,,,,,,,,,,,,,,,,,,,,,,,,,,,,,,
2026-08-29 14:53:00,2026-08-28,257.79,249.88,264.58,249.88,11967741.0,0.0825999999999999,3064382199.9999995,688146,-0.0530185318528063,-0.0633480770672463,0.4649703933868794,4.281758613400972,-0.0362542425177413,0.833674717628754,-0.1097477773086863,-0.1273804126213452,0.6261364926732701,986511110.0,0.0052145336998325,21.84311182027523,43.2766899061764,,,,,,,0.5380952380952402,0.0,0.4619047619047597,0.0,0.0031476929253162,,0.0045980099949692,23.17073170731708,35.36585365853658,24.390243902439025,23.75,50.0,无新闻/中性,5,27.32158988256549,671,0.5305514157973175,0.2515167301935133,0.0763653047437411,3.293599508802165,0.0975929731067247,,,,-0.0292708240458183,-0.0083459595519326,0.0740498296325093,-0.0192322788287935,0.2238058387116025,5423663245.0,,,,,,,,,,,,,,,,,,,,,,,,,,,,,,,,
2026-08-29 14:53:00,2026-08-28,30.47,30.2,30.6,30.02,58076.0,5.08,92503063.24,003001,0.0202702702702701,-0.1650539120818358,-0.0684762492288711,-0.1538246007284953,-0.0169270833333333,0.5481431021882732,-0.1037910824245124,-0.0306739276964062,0.005337109488091,-202889210.0,-8.768913663585117,18.34275232885289,42.37770115189162,,,,,,,0.4655172413793081,0.3103448275862054,0.2241379310344864,0.3103448275862054,-0.0152045362577865,,-0.0118126678006392,6.097560975609756,31.03658536585366,3.414634146341463,70.2439024390244,70.0,关键词新闻评分,5,23.432700993676605,1282,0.4633385335413416,0.1207174585898666,0.0890366048062592,1.3558183047584071,0.0081505353320393,1.89,-1.69,-0.52,-0.0332264728486667,-0.0164397426257266,0.0459555345316934,-0.002422373926448,0.256750192687159,246842110.244,,,,,,,,,,,,,,,,,,,,,,,,,,,,,,,,
2026-08-31 23:06:05,2026-08-31,236.66,263.6,267.02,236.66,2670435.0,0.0934,10049718400.0,000938,0.6854219948849105,0.1711911849646779,0.3859095688748688,0.583849065673256,0.6216548754229467,2.614777733576829,0.1797561717896847,0.185533433826831,1.1236255501291832,104379454.51,0.1471324771845766,23.03081045125794,59.818412903996645,,,,,,,0.8873517786561278,0.8873517786561278,0.1126482213438722,0.0,0.0341755675223104,,0.1016973280587768,100.0,62.848101265822784,70.56962025316456,46.55063291139241,100.0,关键词新闻评分,7,76.80854430379746,1955,0.4675191815856777,0.1218290554275085,0.0844851300793476,1.4420177291919625,0.0119707090783334,,,,-0.058351487986348,-0.0774172282076668,0.0898926945588554,0.0306537378792619,0.7139656987800763,8900867603.556002,IT服务,111400000000.0,39.62,6.23,25.4363931644396,0.0252397778899545,0.160513643659711,,,,,,,,,25.61582013686708,低,0.5438492903889548,0.0,52.4390243902439,66.43240314467744,20260831T230541_score_d1b86542,,,,,,,,,,
2026-08-31 23:06:05,2026-08-31,111.83,124.3,124.3,111.43,49921900.0,0.0602,6009527900.0,301217,0.1153984206748026,0.5937940761636107,0.1138990949009768,2.0082284607938043,0.0835076708507671,0.9750868380352364,0.0865907014760325,-0.0319766989081508,1.111146476117047,1912303792.0,0.096977041070397,22.51661203016188,57.16092457698728,,,,,,,0.9689199689199696,1.0,0.0,0.0310800310800304,0.0342835700790363,,2.862293735361732e-17,68.35443037974683,70.82278481012658,84.87341772151899,73.48101265822785,100.0,关键词新闻评分,9,76.20886075949367,971,0.5149330587023687,0.2062855645716092,0.0866237788845266,2.381396508302842,0.064204925263844,,,,0.0059900633085399,-0.0030670466660038,0.0658832318124353,0.0357470210815764,0.7590811635311673,5131133195.0,铜,102773000000.0,423.67,18.32,25.3557885095556,0.0023603276134727,0.0545851528384279,,,,,,,,,26.01454422023749,低,0.5438492903889548,0.0,39.07070083359061,86.9149951093512,20260831T230541_score_d1b86542,,,,,,,,,,
2026-08-31 23:06:05,2026-08-31,158.28,153.68,158.48,149.4,16233100.0,0.0733999999999999,614967600.0,300191,0.1194638694638694,0.3590378493102228,0.216207660652105,-0.2243084998990511,0.0010422094841062,0.4972162338006909,0.1261578145151836,0.2570755488662763,1.2624634689959395,990215060.0,0.1707711544568803,20.23708014308227,69.47447394448362,,,,,,,0.5066079295154188,0.4713656387665207,0.0220264317180604,0.4713656387665207,0.0150639620284899,,3.4694469519536136e-17,71.51898734177216,87.40506329113924,77.0886075949367,47.088607594936704,90.0,关键词新闻评分,8,74.7879746835443,1952,0.4656762295081967,0.1197649755946285,0.0759394393074557,1.5771116653855788,0.0151954547222546,,,,0.0510772975787199,0.0402543205897355,0.0517959396147839,-0.0011266140913422,0.972032120970198,646277174.504,油气钻采服务,12182000000.0,64.49,9.91,23.223225289360705,0.0155062800434175,0.1009081735620585,,,,,,,,,34.404924873354574,低,0.5438492903889548,0.0,91.5560358135227,72.87041949022233,20260831T230541_score_d1b86542,,,,,,,,,,
2026-08-31 23:06:05,2026-08-31,597.78,623.91,624.57,597.38,184574500.0,0.0465,8004484300.000001,600176,0.0944829400929743,0.2655888677025435,0.1739768557719445,0.6267142931636855,0.015776106281137,0.7144758680832483,0.0423542561002809,-0.0815470313791147,0.7469345200198722,7146521569.0,0.2154651750813776,22.803267759208715,52.34355141644905,,,,,,,0.9610150790731866,0.9757263699889636,0.0242736300110364,0.0147112909157769,0.0161828916533503,,6.88931389856034e-05,79.74683544303798,69.11392405063292,66.64556962025317,64.62025316455696,100.0,关键词新闻评分,7,74.2246835443038,1950,0.5225641025641026,0.100763533869894,0.0640192432595056,1.5739569657429933,0.0220903207891396,,,,-0.0137572733806794,-0.0252348046578049,0.0590595713209551,0.0140151474109626,0.7310729543067986,10343283095.0,玻纤,175858000000.0,38.81,5.3,25.89294268814978,0.0257665550115949,0.1886792452830188,,,,,,,,,37.26690079561604,低,0.5438492903889548,0.0,96.48039518369868,85.38444647839742,20260831T230541_score_d1b86542,,,,,,,,,,
2026-08-31 23:06:05,2026-08-31,79.16,81.06,81.99,78.42,8316700.0,0.0545,661803400.0,301021,0.0699577613516366,0.5773496789258612,-0.1479028697571743,0.470342826047524,0.0200075500188749,0.8322903606094122,0.1141808585212982,-0.0503581951416672,0.8231992794148215,609762745.0,0.1150494896531101,20.310479092453388,56.70789878732359,,,,,,,0.5322128851540643,0.7394957983193293,0.2605042016806707,0.207282913165265,0.024461261269283,,0.0112792594509749,91.13924050632912,63.03797468354429,77.84810126582279,35.69620253164557,100.0,关键词新闻评分,7,74.0253164556962,1110,0.5144144144144144,0.1646199354546723,0.1155776423267539,1.4243233564954467,0.0285600305680157,,,,0.0174063088512038,-0.0055725659095726,0.075006168270417,0.0070816250465897,0.8306794459526375,727078280.0,其他电子,12327000000.0,164.38,11.72,23.235057815515795,0.0060834651417447,0.0853242320819112,,,,,,,,,31.23888557969276,低,0.5438492903889548,0.0,81.89255943192344,64.64812604127586,20260831T230541_score_d1b86542,,,,,,,,,,
2026-08-31 23:06:05,2026-08-31,171.85,180.73,180.73,170.14,8766300.0,0.0349,375304600.0,300863,0.0447424706630439,0.3047213398787176,-0.3557781421544166,0.1639724351130287,0.0479531485561868,0.592615856755758,0.04162644266098,-0.1264601893241543,1.2223683238119407,436309093.0,0.19040520496843,19.743248523555813,52.27584035317204,,,,,,,0.8385269121813024,1.0,0.0,0.1614730878186976,0.0172666584356318,,9.56714664900292e-05,81.0126582278481,56.07594936708861,78.48101265822785,76.70886075949367,50.0,无新闻/中性,4,70.52531645569621,1319,0.5200909780136467,0.1163684710287411,0.0862898922061061,1.3485759230153094,0.0191108941313504,,,,-0.0077032026812897,-0.0198083860835548,0.0552283991115396,0.0199209932279909,0.694188840026579,297554930.0,汽车零部件,11397000000.0,82.61,7.86,23.15661599982001,0.0121050720251785,0.1272264631043257,,,,,,,,,28.793277124782307,低,0.5438492903889548,0.0,53.89008953380673,85.68069620602847,20260831T230541_score_d1b86542,,,,,,,,,,
2026-08-31 23:06:05,2026-08-31,121.17,126.15,126.15,121.17,118049400.0,0.0919,1683167500.0,600172,0.1371011357490537,0.5091518124177534,0.0768245838668373,0.5802329951146186,0.0027821939586645,0.7637644593040048,0.1105731138304428,0.0577951072259605,0.6681650128625957,10242663375.0,0.1810713353430674,21.243943272455297,58.83102151984844,,,,,,,1.0,1.0,0.0,0.0,0.0215301134661916,,9.75781955236954e-18,54.43037974683544,75.37974683544303,72.78481012658229,70.34810126582279,83.0612244897959,关键词新闻评分,10,68.58935029708086,1947,0.485362095531587,0.1678356333035864,0.1055786984058709,1.5896732564213305,0.0271262545809997,,,,0.0324921806443034,0.0152208636258987,0.0716946945246588,0.0133344043698289,0.8245003603259344,2307151125.0,磨具磨料,20854000000.0,-23.89,61.71,23.760811613313813,,0.0162048290390536,,,,,,,,,38.04189333380843,低,0.5438492903889548,0.0,97.28311207162706,89.48077421577558,20260831T230541_score_d1b86542,,,,,,,,,,
2026-08-31 23:06:05,2026-08-31,127.79,136.65,138.21,126.62,62844400.0,0.0846,2161267000.0,300209,0.0285262682522955,0.2426116213512776,0.3645895745955663,2.8865187713310587,0.0397960736569777,1.165016198140764,-0.0141332813886544,0.1622434601656257,0.4805918972633148,3476221297.0,0.2860468072214036,21.493960461211923,53.72460072025308,,,,,,,0.7644521138912853,0.8654012079378773,0.1345987920621226,0.100949094046592,0.020260150452462,,0.0209179661531254,93.67088607594935,53.481012658227854,59.24050632911393,44.873417721519,72.73684210526316,关键词新闻评分,4,67.32431712191872,1941,0.4693456980937661,0.1827525311236205,0.1044364019019377,1.749893023844492,0.0303544883537467,,,,0.0324003249507359,0.0436461501732036,0.0840311536250065,0.0210969413171264,0.459963293340122,4660848410.0,软件开发,32382000000.0,-443.31,34.46,24.200868549810973,,0.0290191526407428,,,,,,,,,24.89388824751954,低,0.5438492903889548,0.0,45.44612534732943,70.94338927291312,20260831T230541_score_d1b86542,,,,,,,,,,
2026-08-31 23:06:05,2026-08-31,130.7,136.5,140.32,130.44,101712800.0,0.08,4323455000.0,600498,0.0780287474332648,0.2614360964790685,-0.2319378798109385,-0.1700109449106166,0.0284810126582277,0.6160942588589436,0.0695899513395341,-0.1493162850361723,1.053941709644099,6117748784.0,0.0938188813479974,22.18732068830782,52.714178318052106,,,,,,,0.5870445344129569,0.6133603238866402,0.3866396761133598,0.0263157894736833,0.0158772195187102,,0.0083968203961622,87.34177215189874,55.75949367088607,67.08860759493672,23.10126582278481,98.0,关键词新闻评分,10,66.8253164556962,1959,0.4726901480347116,0.1003784900320671,0.0694404722783726,1.4455329397771126,0.0108312781552502,,,,-0.0137077627877699,-0.0368404669340942,0.0604604918890633,0.0055001718803713,0.9017528286521532,3817665595.0,通信传输设备,57667999999.99999,168.59,3.28,24.777968263896067,0.0059315499139925,0.3048780487804878,,,,,,,,,33.955577524280514,低,0.5438492903889548,0.0,98.41000308737264,60.73614746459536,20260831T230541_score_d1b86542,,,,,,,,,,
2026-08-31 23:06:05,2026-08-31,133.66,139.07,140.89,133.63,77950800.0,0.0771999999999999,4025245000.0,601208,0.1874146174863387,0.5796228986824168,-0.0777239870017906,0.7215895023520673,0.017262819106137,0.7827231168626348,0.1307791130697801,-0.014405586476041,1.0378510858081011,4672762244.0,0.1756969320923941,22.115851615778112,60.59652726682393,,,,,,,0.745179063360882,0.7493112947658408,0.2506887052341591,0.0041322314049588,0.0262586523959835,,1.3877787807814457e-17,60.12658227848101,69.93670886075948,84.9367088607595,27.78481012658228,100.0,关键词新闻评分,7,66.67721518987341,1955,0.5437340153452686,0.1260344221617972,0.0745779826519856,1.6899682410280592,0.034501805745483,,,,0.0119097813139403,-0.0092121915231984,0.0557273315596462,0.0087526294156048,0.9193803546063772,3449824675.0,其他塑料制品,52721000000.0,129.59,8.55,24.688279695094305,0.0077166448028397,0.1169590643274853,,,,,,,,,32.28202698691322,低,0.5438492903889548,0.0,88.60759493670885,62.6490214163651,20260831T230541_score_d1b86542,,,,,,,,,,
2026-08-31 23:06:05,2026-08-31,10.15,10.77,10.77,10.12,534831.0,0.0751999999999999,226322600.0,000892,0.1693811074918565,0.1277486910994762,0.0922920892494929,-0.3408812729498164,0.0956256358087486,0.5985159007563422,0.0769999999999997,0.1528580603725111,0.8637373434607181,-105702.35000000056,0.9617066860034544,19.237471977468427,62.933104357410166,,,,,,,0.953846153846152,1.0,0.0,0.0461538461538478,0.0137048819972319,,0.0239474831433517,94.9367088607595,62.34177215189874,57.53164556962025,73.16455696202532,0.0,关键词新闻评分,4,66.54746835443038,1953,0.4715821812596006,0.1260634805253202,0.0980938905660168,1.2851308047617906,0.0076147314386536,,,,0.0113505981197849,0.0095381600926233,0.0472211168589998,0.0205306380290588,0.9096350173723916,248924381.9875,影视动漫,4218000000.0,-10.83,8.34,22.162626919002992,,0.1199040767386091,,,,,,,,,20.05030021157029,低,0.5438492903889548,0.0,33.389935165174435,54.72772260945809,20260831T230541_score_d1b86542,,,,,,,,,,
2026-08-31 23:06:05,2026-08-31,238.5,245.58,247.4,234.01,12183000.0,0.055,2911783800.0,300666,-0.0250893211591901,0.3167122406305294,0.2116039271794365,0.6090944830297471,0.0176529090004973,0.8126643689103544,-0.0138418725680347,-0.0986379368774951,0.7297425026639824,1708233524.0,0.0729343628219362,21.79203172036253,48.45880830496122,,,,,,,0.5287528005974611,0.8640776699029132,0.1359223300970867,0.3353248693054521,0.0186661270780064,,0.0018180123941765,83.54430379746836,61.962025316455694,63.79746835443039,46.77215189873418,62.0,关键词新闻评分,8,66.52911392405063,1945,0.5079691516709511,0.1278478695283282,0.0819133879121421,1.560768914422806,0.0246388600833256,,,,-0.0102727120912461,-0.0103985862507336,0.062548718485684,0.0134114637065159,0.4756315432890338,4103092620.0,半导体材料,67359000000.0,85.64,9.24,24.933302361164586,0.0116767865483418,0.1082251082251082,,,,,,,,,34.605213111513635,低,0.5438492903889548,0.0,89.53380673047236,76.90197985534982,20260831T230541_score_d1b86542,,,,,,,,,,
2026-08-31 23:06:05,2026-08-31,41.4,43.01,43.14,41.3,14394600.0,0.0344,592289100.0,002957,0.0204033214709371,0.3001813784764209,-0.2976812540822992,0.5577689243027888,0.0218579234972675,0.7801353121998246,0.0304758253869372,-0.0570705096116253,0.9045136981032744,1696406667.0,0.0708197823676043,20.199505419929825,52.08716102773291,,,,,,,0.8749999999999981,0.9293478260869552,0.0706521739130447,0.0543478260869571,0.0140224965718376,,0.014732627044427,92.40506329113924,48.48101265822784,62.34177215189873,54.55696202531645,56.92307692307692,关键词新闻评分,10,66.18597857838364,1578,0.491128010139417,0.1277567732524451,0.0945548658307113,1.3511390675671582,0.0146286071030315,,,,0.0056019934263015,-0.0030489593426363,0.065233998737835,0.0123970184386035,0.6919359331455573,887016680.059,其它专用机械,17522000000.0,56.27,5.3,23.586723071190583,0.0177714590367869,0.1886792452830188,,,,,,,,,24.242286310851085,低,0.5438492903889548,0.0,40.7996295152825,72.79470413785265,20260831T230541_score_d1b86542,,,,,,,,,,
2026-08-31 23:06:05,2026-08-31,35.03,36.53,36.95,34.89,39825000.0,0.0632,723132700.0,603936,0.0643939393939394,0.4885900570497148,-0.1422869218126321,0.3605214152700187,0.0113510520487265,0.7992213186088762,0.1066175913724423,-0.0296231034528557,0.672536464732914,2578656801.0,0.0135485732970978,20.39910330546657,58.43441163744328,,,,,,,0.7281553398058245,0.7961165048543684,0.2038834951456316,0.0679611650485439,0.0156453910807586,,0.006895126654133,86.07594936708861,63.03797468354431,55.18987341772152,35.88607594936709,71.31578947368422,关键词新闻评分,9,65.13474350433044,1951,0.5228088159917991,0.1218303666536188,0.1005578113883968,1.2115455276075806,0.0157086886643227,,,,0.0246665126078992,0.0052475890489128,0.0641155997027883,0.0112577281535479,0.8033192450871399,993465850.0,印制电路板,11836000000.0,-143.34,2.78,23.194411571484373,,0.3597122302158274,,,,,,,,,32.56732517198083,低,0.5438492903889548,0.0,83.52886693423896,71.32264665344239,20260831T230541_score_d1b86542,,,,,,,,,,
2026-08-31 23:06:05,2026-08-31,23.84,25.02,25.19,23.66,7577198.0,0.0293,133443700.0,688207,0.0084643288996373,0.0706033376123234,0.2300884955752211,0.0517023959646911,0.0326042096574494,0.6812229983790921,-0.0619903649689767,-0.0677687182130371,0.6792363370703414,178013816.0,0.420469194991776,18.709190231501847,46.0157228845555,,,,,,,0.7712418300653587,0.8888888888888878,0.1111111111111121,0.1176470588235291,0.0061839176857218,,0.0302858998901356,98.73417721518987,47.78481012658228,42.21518987341772,54.68354430379748,64.0,关键词新闻评分,7,64.6120253164557,941,0.4601487778958554,0.1484905146928919,0.1001275672077516,1.4830133082609855,0.0142737393416412,,,,-0.0116501830545635,0.0007288926647823,0.0698583989950896,0.016109381345607,0.2574481260014808,213842795.0,集成电路,4628000000.0,-22.96,1.88,22.25539064627784,,0.5319148936170213,,,,,,,,,21.744349405895136,低,0.5438492903889548,0.0,39.67273849953688,57.64431279247381,20260831T230541_score_d1b86542,,,,,,,,,,
2026-08-31 23:06:05,2026-08-31,54.72,54.32,55.8,52.48,82679900.0,0.1672,2206000800.0,603011,0.1783080260303686,0.4324894514767932,-0.1784633998790079,0.0426103646833013,-0.0303463048911103,0.8522626438996898,0.1263166625196983,0.0397034522799337,1.1823716017679538,4526345232.0,0.1699754149582658,21.51444712087829,60.812869012884285,,,,,,,0.1204819277108429,0.5542168674698805,0.3253012048192765,0.5542168674698805,0.027408184482389,,1.3877787807814457e-17,60.12658227848101,58.54430379746836,83.79746835443038,33.9873417721519,100.0,关键词新闻评分,10,64.53164556962025,1953,0.5314900153609831,0.1351814346881033,0.0963271866443022,1.4033570313568304,0.026717334063858,,,,0.0297048572095823,0.0123818135936446,0.0696402272249106,0.0022140221402215,0.8907528197892765,1641616080.0,机械设备,13250000000.0,-45.29,7.13,23.307263389378644,,0.1402524544179523,,,,,,,,,29.627215254447776,低,0.5438492903889548,0.0,73.86539055263971,64.60654904535431,20260831T230541_score_d1b86542,,,,,,,,,,
2026-08-31 23:06:05,2026-08-31,63.22,66.11,66.32,63.18,51153500.0,0.0877,742849000.0,002579,0.0557329926541041,0.3467101242615602,-0.2072190910181076,0.2431365174877773,0.0200586329270173,0.8328450530426146,0.0207201086956521,-0.054583242961095,0.6534156482787348,5330757691.0,0.0291239286710597,20.426003353226108,52.33484071168283,,,,,,,0.9203821656050976,0.9331210191082822,0.0668789808917179,0.0127388535031844,0.0173032110281838,,0.0061707903665151,84.81012658227847,49.68354430379748,55.56962025316456,53.35443037974684,70.16,关键词新闻评分,7,63.997012658227845,1920,0.5109375,0.1127906772003383,0.085071968197701,1.3258265864758294,0.0160234771853596,,,,0.0022931101129031,-0.0028749064965447,0.0603971735419322,0.0139052195695517,0.6213121904930043,1125475575.0,印制电路板,8993000000.0,-111.35,3.91,22.91971233387879,,0.2557544757033248,,,,,,,,,30.28055548818656,低,0.5438492903889548,0.0,69.03365236184007,75.4044681913457,20260831T230541_score_d1b86542,,,,,,,,,,
2026-08-31 23:06:05,2026-08-31,277.83,289.17,290.3,276.89,2877650.0,0.0250999999999999,388413800.0,688531,0.0313135275865759,0.2670668653054071,-0.2933975173492327,0.8600926283288306,0.0131385326886692,0.7170485510787554,0.0130196336706329,-0.0821384077004261,0.5859520239550358,291838130.0,0.1857625941479348,19.77758182670588,50.38723666320968,,,,,,,0.8456375838926182,0.915734526472782,0.084265473527218,0.0700969425801637,0.0147865773498877,,0.0098216418785897,89.87341772151899,45.56962025316456,56.70886075949368,53.22784810126582,56.14634146341464,关键词新闻评分,7,63.29501389317692,677,0.4889217134416543,0.1866856025931367,0.0917551388440493,2.0346065075486948,0.0443805855513843,,,,-0.0052931270034584,-0.0116142501974765,0.0622891131761346,0.0130202251389601,0.6014931293833644,660259935.0,其它专用机械,22686000000.0,102.53,6.61,23.84501383108326,0.0097532429532819,0.151285930408472,,,,,,,,,28.692338535200527,低,0.5438492903889548,0.0,62.98240197591849,72.88468901933427,20260831T230541_score_d1b86542,,,,,,,,,,
2026-08-31 23:06:05,2026-08-31,276.16,296.07,296.97,276.16,28187600.0,0.0573,3616415300.000001,002851,0.0890131312759774,0.3178580966794266,-0.1076315630839712,0.0816923020715356,0.036623367529148,0.7671824707058208,0.0535605307123907,-0.0641027599806753,1.389834596242069,2609903582.0,0.0458208470467083,22.008749123821744,52.78967325923106,,,,,,,0.9567515617491574,0.9567515617491574,0.0432484382508425,0.0,0.0208615851862048,,2.5587171270657905e-17,65.82278481012658,59.74683544303798,74.74683544303798,56.74050632911393,50.0,关键词新闻评分,7,63.14398734177215,1886,0.5053022269353128,0.1526532704973352,0.0839617608895346,1.8181285013564144,0.0356003413966196,,,,-0.0084186155428285,-0.0205039882580995,0.0656504977104835,0.0218706856879888,0.7753024086539523,3697515504.4905,电气设备,76402000000.0,340.73,8.36,25.05927471078672,0.0029348751210635,0.1196172248803827,,,,,,,,,37.4591292354168,低,0.5438492903889548,0.0,93.51651744365545,90.6178063971268,20260831T230541_score_d1b86542,,,,,,,,,,
2026-08-31 23:06:05,2026-08-31,113.41,118.21,119.2,111.64,27333900.0,0.0751999999999999,1057504900.0,002655,0.1064208161737176,0.7432532074915204,0.0365661171518765,1.2524771341463414,0.0247052704576975,0.829633628428998,0.1570215577360705,0.1217924385059217,1.2451205969122874,3727555859.0,0.06116204625098,20.77917810338933,62.42321038978794,,,,,,,0.6349206349206343,0.8690476190476178,0.1309523809523821,0.2341269841269835,0.0322402031323513,,3.469446951953614e-18,42.40506329113924,76.0126582278481,83.60759493670886,49.87341772151898,70.16,关键词新闻评分,7,62.94321518987341,1949,0.5371985633658286,0.1392576109732121,0.1004199692421302,1.3867521771236306,0.0283344825205498,,,,0.0536810542114695,0.0339838772707282,0.0717850798216249,0.0159862483884829,0.8317488565456813,1172711804.858,电子系统组装,14281000000.0,318.04,16.32,23.382195819417205,0.0031442585838259,0.0612745098039215,,,,,,,,,24.70690077003156,低,0.5438492903889548,0.0,50.87990120407533,62.4517716139987,20260831T230541_score_d1b86542,,,,,,,,,,
2026-08-31 23:06:05,2026-08-31,30.73,31.15,31.15,30.12,1733500.0,0.0156,52333100.00000001,301133,0.0999293785310733,0.2871900826446281,-0.2424610894941634,-0.1921680497925312,-0.0028809218950064,0.7148842913706915,0.0776495822594316,-0.0377833493788581,0.5770264580028927,183137663.0,0.1634498240740915,17.773139635144172,56.33746743430007,,,,,,,0.4077669902912613,1.0,0.0,0.5922330097087387,0.0171803359011535,,9.232964562864989e-06,77.21518987341773,53.98734177215189,58.67088607594937,76.83544303797468,14.0,关键词新闻评分,6,61.32088607594937,1014,0.5364891518737672,0.097650606594273,0.0952160956668069,1.0255682708938756,0.0082547978539302,,,,0.0122033094343937,-0.0079237966106419,0.0565466636092639,0.0111447738584722,0.8798974113006424,84878925.0,汽车零部件,3721000000.0,-56.33,2.79,22.03725828631089,,0.3584229390681003,,,,,,,,,31.81004706032985,低,0.5438492903889548,0.0,85.07255325717814,64.2158774785169,20260831T230541_score_d1b86542,,,,,,,,,,
2026-08-31 23:06:05,2026-08-31,95.28,95.82,103.92,90.04,95117600.0,0.1383,1698538100.0,300328,0.0547055586130984,0.2770891643342661,-0.2065910408213961,-0.0305544314042898,-0.0160197165742452,0.600077069477903,0.1312601827583763,0.1748598146119766,1.910809049773392,6181944684.0,0.0581136012237492,21.25303377745933,66.23258385340273,,,,,,,0.0389048991354461,0.4164265129682989,0.5835734870317011,0.3775216138328527,0.0173798346981102,,3.4694469519536136e-17,71.51898734177216,63.16455696202532,73.79746835443039,24.050632911392405,50.0,关键词新闻评分,6,60.61392405063292,1947,0.5182331792501284,0.1337418311854686,0.0966231815021052,1.3841588437300083,0.0227596114109723,,,,0.0566754745938777,0.0406169452964287,0.0611414258878253,-0.0080060735730553,0.9604194741485064,782230000.0,铝,12082000000.0,-232.87,11.68,23.21498257866296,,0.0856164383561643,,,,,,,,,30.77472462406225,低,0.5438492903889548,0.0,75.85674590923125,69.60147103399544,20260831T230541_score_d1b86542,,,,,,,,,,
2026-08-31 23:06:05,2026-08-31,1375.27,1432.3,1444.03,1367.5,43994000.0,0.0317,8622792700.0,002384,0.0226112535073501,0.2149152197331476,-0.1052878158478308,1.0059381258490538,0.0121045528099097,0.6483257417570467,0.0054272574467286,-0.0988869306414095,0.8218188714793867,10886324582.0,0.0415257210941454,22.877674848386413,48.24691256513301,,,,,,,0.7451979615836926,0.8467267738141903,0.1532732261858097,0.1015288122304976,0.0196206495814567,,3.0477098230673703e-05,78.48101265822784,51.962025316455694,56.64556962025316,42.34177215189874,57.63636363636363,关键词新闻评分,7,59.97882623705408,1889,0.5500264690312334,0.1618303367449728,0.1002125020908905,1.614871731255611,0.04391799528892,,,,-0.0169010980973999,-0.0228817258640467,0.0622739649514766,0.0125052134510572,0.5421363368204832,14467500709.023,印制电路板,362658000000.0,101.16,14.88,26.616726078349828,0.0098853301700276,0.0672043010752688,,,,,,,,,36.148980933559855,低,0.5438492903889548,0.0,97.360296387774,76.75844579258911,20260831T230541_score_d1b86542,,,,,,,,,,
2026-08-31 23:06:05,2026-08-31,164.96,171.27,171.71,164.86,3817000.0,0.0179,618038600.0,603929,-0.0029689137268599,0.199537750385208,-0.0271513774495881,0.2554610760885503,0.0036919831223629,0.6383171209093522,0.0013154433043935,-0.1350990122342895,0.6279406442272891,920176966.0,0.0466550012708384,20.2420614746364,47.096643951472736,,,,,,,0.92116788321168,0.9357664233576644,0.0642335766423354,0.0145985401459845,0.0105980915301727,,2.6020852139652106e-17,67.08860759493672,53.86075949367088,39.93670886075949,54.62025316455696,100.0,关键词新闻评分,7,59.77215189873418,1951,0.5084572014351615,0.145067089277737,0.0823542419957792,1.7615011171515853,0.0332797716502116,,,,-0.0193349030226392,-0.0267157658770656,0.0528488852188274,0.0117556710775048,0.5311503788973743,1004356310.0,建筑装饰,35271000000.0,28.87,14.77,24.286326933500124,0.0346380325597506,0.0677048070412999,,,,,,,,,32.841616839949445,低,0.5438492903889548,0.0,87.9592466810744,67.24408477745254,20260831T230541_score_d1b86542,,,,,,,,,,
2026-08-31 23:06:05,2026-08-31,6.9,6.78,7.11,6.66,141590800.0,0.0331,926480400.0,601118,0.0319634703196347,0.2349726775956284,-0.015965166908563,-0.1680981595092024,-0.0258620689655172,0.5109120340508148,0.1119311193111931,0.2018790439329925,1.214351201865557,7521812154.0,0.0602497378658757,20.646903449661306,66.85483319403006,,,,,,,0.2666666666666668,0.2666666666666668,0.4666666666666664,0.2666666666666668,0.0170745721510534,,1.0408340855860844e-17,57.59493670886076,71.70886075949367,64.24050632911393,22.151898734177216,74.0,关键词新闻评分,8,58.77658227848101,1847,0.5018949648077964,0.0616814566353717,0.0528976955555188,1.1660518664869597,0.0046090040010353,,,,0.0539298799329146,0.0406316987636836,0.063000421407501,-0.0102189781021898,0.8503450342854885,697389650.0,其他种植业,27773000000.0,-483.33,2.92,24.04733016267874,,0.3424657534246575,,,,,,,,,29.67744145294776,低,0.5438492903889548,0.0,70.83976535967892,68.97555729263523,20260831T230541_score_d1b86542,,,,,,,,,,
2026-08-31 23:06:05,2026-08-31,813.95,852.23,852.23,808.31,76239800.0,0.0894,5172878700.0,300285,0.0901009222425459,0.2078089569160996,0.0731212853832981,1.0101186404698446,0.0152968226926697,0.9010003773862756,0.0174434916113412,-0.0294440207527523,0.5903031459275945,4391237644.0,0.2499501410457812,22.366695179210364,52.65072452508198,,,,,,,0.8715846994535499,1.0,0.0,0.1284153005464501,0.0139958035110093,,1.6046192152785466e-17,63.29113924050633,50.44303797468355,52.15189873417721,76.77215189873418,50.0,无新闻/中性,6,58.54430379746836,1956,0.5204498977505112,0.1205952700368184,0.0781772206413931,1.5425883530702782,0.0252739018076965,,,,-0.0005084728927723,-0.0035276936656757,0.0707957777997556,0.0174787187048555,0.5901157723218189,8908540875.0,无机盐,69763000000.0,108.77,9.58,24.96836962020962,0.009193711501333,0.104384133611691,,,,,,,,,27.92940568354337,低,0.5438492903889548,0.0,47.49922815683853,88.44270176705987,20260831T230541_score_d1b86542,,,,,,,,,,
2026-08-31 23:06:05,2026-08-31,74.3,74.74,75.89,73.42,87218400.0,0.0265,1323008700.0,601058,0.0820906326914725,0.0746225736879941,0.1956486962086066,0.0774109845754646,0.0500140488901375,0.2826110394999392,0.083800988964777,0.1394508560364671,2.8619181207989826,2990294835.0,0.0901611849825737,21.00317429877718,71.04230592805473,,,,,,,0.1781376518218615,0.5344129554655845,0.4655870445344154,0.356275303643723,0.0092647046400442,,6.938893903907228e-18,50.63291139240506,69.30379746835442,57.9746835443038,28.9873417721519,100.0,关键词新闻评分,6,58.45886075949367,1960,0.5540816326530612,0.0924698544151681,0.0644971321810959,1.433704899553209,0.0224753920247932,,,,0.0168546037336178,0.0133322723419922,0.0253067777820253,0.0007587592055342,1.345363462282534,427764150.0,轮胎,49979000000.0,12.98,2.21,24.634868754149853,0.0770416024653312,0.4524886877828054,,,,,,,,,33.52136825799184,低,0.5438492903889548,0.0,93.88700216116084,63.87208692428658,20260831T230541_score_d1b86542,,,,,,,,,,
2026-08-31 23:06:05,2026-08-31,64.04,66.01,66.29,64.03,11250500.0,0.0183,700281700.0,603650,-0.0141875746714454,0.2274079583488286,0.1414490748746326,0.1749733001067996,0.0097904237417776,0.5478041805489292,-0.0111083646060385,-0.0836208153150964,0.5802807195986389,1762739037.0,0.0204334568130427,20.366993242054445,46.91921384817286,,,,,,,0.871681415929201,0.8761061946902653,0.1238938053097347,0.0044247787610642,0.0135731451182426,,6.071532165918825e-17,75.9493670886076,64.30379746835445,39.62025316455696,44.050632911392405,47.975,关键词新闻评分,9,58.18990506329115,1839,0.4980967917346384,0.1371095924673094,0.088919254906437,1.541956155745787,0.0236649888099043,,,,-0.0128427484755499,-0.0139383167360261,0.0486073538641331,0.0086588906433047,0.4684286027618298,1239187775.0,其他化学制品,38812000000.0,64.61,9.24,24.381995314109464,0.0154774802662126,0.1082251082251082,,,,,,,,,30.94398660048829,低,0.5438492903889548,0.0,87.83575177523927,54.75787638882505,20260831T230541_score_d1b86542,,,,,,,,,,
2026-08-31 23:06:05,2026-08-31,511.4,547.01,547.01,511.01,28011700.0,0.0356,4923789900.0,002281,0.0800229031748538,0.1461467543896408,-0.2072893268603723,1.2575732562938504,0.0357291627220055,0.8024985075026081,0.0009194750300773,-0.1129320627033672,0.6519910472468142,5459333950.0,0.0201308709165763,22.31734437599924,48.8075422638585,,,,,,,0.9891666666666672,1.0,0.0,0.0108333333333329,0.0072183331037482,,0.0088996429312455,88.60759493670885,33.41772151898734,30.44303797468355,72.40506329113924,55.14285714285714,关键词新闻评分,6,57.4003616636528,1960,0.5178571428571429,0.1337674826483151,0.0784349868350677,1.7054568126542815,0.0314555777188269,,,,-0.0272656176083347,-0.0316087409560216,0.0614600934430553,0.0224294872993027,0.5246625640427386,7733196355.0,通信传输设备,148930000000.0,128.82,10.3,25.72674223384419,0.007762769756249,0.0970873786407767,,,,,,,,,30.748490686260325,低,0.5438492903889548,0.0,86.6625501698055,55.01883910121695,20260831T230541_score_d1b86542,,,,,,,,,,
2026-08-31 23:06:05,2026-08-31,279.07,280.81,284.3,274.49,123236900.0,0.114,4468073300.0,002407,0.0505031611237889,0.2008638385220664,0.092475879240585,0.2499888715780103,-0.0132129177355307,0.5685826419678803,0.0046563879094909,-0.0304693838797106,0.9659128432817464,11436088975.0,0.1527502144238072,22.220223123793183,51.75280476585118,,,,,,,0.1773700305810406,0.6442405708460746,0.3557594291539254,0.4668705402650339,0.0181735229171071,,3.903127820947816e-18,44.936708860759495,61.962025316455694,64.74683544303798,35.063291139240505,100.0,关键词新闻评分,7,57.18037974683544,1959,0.481368044920878,0.1367692486396499,0.0826252783856313,1.6552954654060723,0.022984236154869,,,,-0.0003460295701444,-0.0007177060933256,0.0548845940569881,0.003370652691758,0.5427427044206969,6224597837.165999,氟化工及制冷剂,43415000000.0,64.48,5.0,24.49407084045902,0.0155086848635235,0.2,,,,,,,,,27.316389683132847,低,0.5438492903889548,0.0,69.38870021611609,55.169965685286286,20260831T230541_score_d1b86542,,,,,,,,,,
2026-08-31 23:06:05,2026-08-31,77.09,81.52,81.78,77.09,13339232.0,0.0655,478574800.00000006,688598,-0.0111596312469675,0.4479573712255773,0.0622882460255407,0.4194671774333971,0.0236062280261175,0.9760403814786884,0.0680362126115265,-0.0341556464336703,0.6132088159073833,318150032.0,1.0074914284888592,19.98632308056892,53.74869840456614,,,,,,,0.9445628997867792,0.9445628997867792,0.0554371002132207,0.0,0.0206157799283207,,5.204170427930421e-18,48.734177215189874,64.17721518987341,71.70886075949367,54.58860759493671,36.15384615384615,关键词新闻评分,8,56.81000486854917,1387,0.4592645998558038,0.1847791212863014,0.1323979071271621,1.3956347596101308,0.0132702739106001,,,,0.0262510706482905,0.0135165347640679,0.0892331417355951,0.0173468114314239,0.6685378764209967,752782940.0,非金属新材料,7566000000.0,-6.03,1.99,22.746930363157247,,0.5025125628140703,,,,,,,,,28.3029785600986,低,0.5438492903889548,0.0,66.02346403210868,66.23420644373451,20260831T230541_score_d1b86542,,,,,,,,,,
2026-08-31 23:06:05,2026-08-31,43.25,40.56,45.42,40.3,342176600.0,0.3861,2285984800.0,300189,0.0764331210191082,0.3606172425360618,0.2407464056286328,-0.2470762947837386,-0.0494492617764237,1.0823662759581842,0.1360389883203092,0.3035024665634691,2.649529644037955,17904372621.0,0.0383796874275442,21.55006275356552,62.65341076259879,,,,,,,0.5253906249999991,0.0507812500000009,0.4238281249999999,0.0507812500000009,0.0406146913956537,,5.204170427930421e-18,48.734177215189874,73.79746835443039,82.15189873417722,14.746835443037972,50.0,无新闻/中性,3,56.712025316455694,1952,0.478483606557377,0.1264313346193894,0.0890341727864958,1.420031552632853,0.0140625402857873,,,,0.077411430432284,0.0635372997185688,0.1057516201746971,-0.0364269876464997,0.759949632386543,1388964952.1655002,种子生产,6441000000.0,59.63,9.4,22.585949644511164,0.0167700821734026,0.1063829787234042,,,,,,,,,26.100204054657542,低,0.5438492903889548,0.0,64.41803025625194,53.68962144193644,20260831T230541_score_d1b86542,,,,,,,,,,
2026-08-31 23:06:05,2026-08-31,71.07,74.63,74.74,70.74,793858.0,0.0630999999999999,539078600.0,000676,0.3056333100069979,-0.0919819929431804,0.1933162775823471,-0.1684679665738162,0.2477846513960875,1.1953271314105949,0.041264083156022,0.1234128387888275,0.6916286162953936,104475955.56,0.0047697346303944,20.105371945699737,56.704074817940096,,,,,,,0.8900000000000006,0.9725,0.0274999999999998,0.0824999999999995,0.0012609210727081,,0.0242716234676061,96.20253164556962,37.91139240506329,16.455696202531648,66.07594936708861,50.0,无新闻/中性,8,56.541139240506325,1954,0.4406345957011259,0.1279440758861517,0.0894385902509531,1.4305242907693116,0.0063477329548029,,,,-0.0340609724987007,-0.0291760452745533,0.0702704772113857,0.0171732315660353,0.5659529090158338,835576315.095,移动互联网服务,8680000000.0,42.87,2.01,22.88428736561867,0.0233263354327035,0.4975124378109453,,,,,,,,,31.978280210377783,低,0.5438492903889548,0.0,96.60389008953382,49.96231603569555,20260831T230541_score_d1b86542,,,,,,,,,,
2026-08-31 23:06:05,2026-08-31,55.55,58.69,59.31,54.61,11559300.0,0.0538999999999999,614420000.0,300726,0.0459811085368027,0.1532717626252702,-0.2458236957080442,0.1451707317073169,0.037842617152962,0.537741240049185,0.0218685795870041,-0.1137430977464803,0.8575969065288889,1127521159.0,0.0265721974782398,20.23618929297881,50.97955561866361,,,,,,,0.6680851063829785,0.8680851063829779,0.1319148936170221,0.1999999999999994,0.0092356111981362,,2.168404344971009e-17,64.55696202531645,45.82278481012658,42.84810126582279,48.35443037974683,86.67924528301887,关键词新闻评分,9,55.31349414855505,1960,0.4989795918367347,0.1210053857735243,0.0895307730981667,1.3515507750709017,0.0155224735225035,,,,-0.0163276535659627,-0.0258130110429318,0.0527225373025338,0.0200451885754011,0.6979407811980961,723215215.0,被动元件,22602000000.0,53.28,4.59,23.84130423488437,0.0187687687687687,0.2178649237472767,,,,,,,,,30.30084081735656,低,0.5438492903889548,0.0,86.89410311824638,51.72576937727068,20260831T230541_score_d1b86542,,,,,,,,,,
2026-08-31 23:06:05,2026-08-31,126.68,128.09,128.75,124.93,55711100.0,0.0093,1300895700.0,600188,0.0576335562711585,0.1658323473195595,-0.0326989880682675,0.1254722783586679,0.0186083499005964,0.3113603954212149,0.0619388321906166,0.1110934412033013,1.0120948487278714,5841126346.0,0.0769601258022698,20.986318864931075,67.32132013619058,,,,,,,0.3691099476439788,0.8272251308900529,0.172774869109947,0.4581151832460741,0.0103000303982379,,3.469446951953614e-18,42.40506329113924,64.0506329113924,52.531645569620245,44.24050632911393,92.07792207792208,关键词新闻评分,9,55.08437448627322,1960,0.5102040816326531,0.0836227468022773,0.0501954516578837,1.665942710750436,0.0180791393932188,,,,0.0207859876962032,0.0178740812925985,0.0305309882560253,0.0065484453990622,0.9806318662488644,1189048905.0,煤炭开采,237070000000.0,20.93,3.08,26.19162129312156,0.0477783086478738,0.3246753246753247,,,,,,,,,29.6510387528074,低,0.5438492903889548,0.0,77.69373263352887,59.66091625989962,20260831T230541_score_d1b86542,,,,,,,,,,
2026-08-31 23:06:05,2026-08-31,50.95,53.98,54.4,50.78,101603200.0,0.1707999999999999,1190271200.0,603466,0.0699702675916749,0.154405474764756,0.0248718435542052,0.092049362735181,0.0586389488134926,0.7055480389094319,0.0177896354397442,0.0616649402756106,1.5878552899897391,2912601556.0,0.0578726030746551,20.89744701810459,55.293199735563554,,,,,,,0.8370165745856343,0.8839779005524856,0.1160220994475143,0.0469613259668513,0.0133326083828914,,1.734723475976807e-18,40.50632911392405,53.03797468354431,57.34177215189873,47.72151898734177,100.0,关键词新闻评分,10,54.03797468354431,1954,0.4953940634595701,0.1095084876834678,0.0912968689558918,1.1994769255052384,0.0081809126341287,,,,0.0053388637028696,0.010643565735455,0.0569655427936272,0.0174667001759234,0.6009825209598916,761486245.0,装修装饰,7067000000.0,121.02,3.33,22.678701898655127,0.0082630970087588,0.3003003003003003,,,,,,,,,31.625132837459383,低,0.5438492903889548,0.0,89.8425439950602,56.6231283422044,20260831T230541_score_d1b86542,,,,,,,,,,
2026-08-31 23:06:05,2026-08-31,148.65,165.0,165.0,148.51,143592200.0,0.0828,1699415700.0,600110,0.0853835021707669,0.4381591562799616,0.064516129032258,0.6044340723453909,0.0980235575963266,0.7519296585221095,0.1434868031227585,0.0149702993034639,0.8329255971997794,10426053755.0,0.0753086786645946,21.25355032363426,60.57642098884191,,,,,,,0.9915100060642804,1.0,0.0,0.0084899939357195,0.0193584913707108,,-0.011279259450975,16.455696202531644,75.69620253164557,70.37974683544303,72.34177215189874,50.0,无新闻/中性,5,53.7879746835443,1948,0.4650924024640657,0.1540988149287718,0.0970470938190088,1.5878766572460523,0.0197589602495174,,,,0.0208220021203656,-0.0012156979156885,0.0611298701298701,0.0344611397880922,1.0033344614361703,1822269290.0,其他电子,20874000000.0,-169.48,3.48,23.76177020234427,,0.2873563218390804,,,,,,,,,27.78301190205905,低,0.5438492903889548,0.0,64.18647730781106,65.217077689201,20260831T230541_score_d1b86542,,,,,,,,,,
2026-08-31 23:06:05,2026-08-31,402.29,422.58,426.04,400.05,7092759.0,0.0387,2101672500.0,688017,0.018019754276078,-0.036569239888742,-0.2341790503805726,0.4408756137479541,0.0289512771189948,0.885860269160871,-0.0838820870526642,-0.1568968905526817,0.7090698301259688,338833912.0,0.0877779231998293,21.465999293742083,43.8301491997459,,,,,,,0.7806848787995366,0.8668718737976131,0.1331281262023869,0.0861869949980765,0.0004384417640569,,0.0250868161721318,97.46835443037976,12.151898734177212,28.227848101265824,45.69620253164557,87.89473684210526,关键词新闻评分,8,53.56795469686875,1315,0.526235741444867,0.1922593735872593,0.1237571504323244,1.5535213352572694,0.0425420393939508,,,,-0.0412225512390035,-0.0301406013191214,0.0699022332204215,0.0152722496736525,0.2546367190730857,3325941015.0,机械基础件,55089000000.0,390.54,15.44,24.73221589615156,0.0025605571772417,0.0647668393782383,,,,,,,,,28.03969698360479,低,0.5438492903889548,0.0,89.74992281568385,32.84371755567557,20260831T230541_score_d1b86542,,,,,,,,,,
2026-08-31 23:06:05,2026-08-31,262.03,283.51,288.18,259.8,17167800.0,0.1242,1827372600.0,002975,-0.0088795665093516,0.5332323833216159,-0.182779891617664,0.8782960116602623,0.0482123710577881,0.899506994349885,0.0866657212177892,-0.0138673991191786,1.114906956332843,384808859.0,0.236369596843454,21.3261450349831,55.44874089569908,,,,,,,0.7568710359408042,0.8354474982381953,0.1645525017618046,0.0785764622973911,0.0207654012988684,,-0.0077595502676565,20.253164556962027,57.151898734177216,85.12658227848102,39.24050632911393,98.35820895522389,关键词新闻评分,9,53.1111373512186,1449,0.4851621808143547,0.157386175618403,0.1086919657549116,1.448001924753955,0.0203990855807958,,,,0.0190601216966582,0.0034117052432278,0.0746131403780164,0.0228986518178209,0.7980821132531216,1554016679.9999998,其它专用机械,22457000000.0,75.58,9.09,23.83486820654281,0.0132310134956337,0.11001100110011,,,,,,,,,28.30991043277041,低,0.5438492903889548,0.0,79.80858289595554,47.9002604430841,20260831T230541_score_d1b86542,,,,,,,,,,
2026-08-31 23:06:05,2026-08-31,171.67,176.17,176.47,171.15,78493.0,0.0215,157064400.0,000026,0.1488848310943,0.2433481544216245,-0.0831164775684396,0.2890173410404624,0.1308171256178187,0.8638126588388179,0.0525246671466166,0.0522752907141697,0.5453354893954052,14593503.52,0.1027117967197752,18.87216647665684,56.8427693523195,,,,,,,0.8458646616541364,0.9436090225563888,0.0563909774436112,0.0977443609022523,0.0149576244692558,,-1.0408340855860844e-17,35.44303797468354,50.822784810126585,51.20253164556963,59.87341772151899,100.0,关键词新闻评分,6,52.56012658227848,1957,0.4782830863566684,0.0960595462805413,0.0608411452480547,1.5788582856042248,0.0142018017477377,,,,0.0022691785187207,0.0071840146638237,0.0615598569563489,0.0090112449645849,0.6619348044748252,287285938.971,珠宝首饰,8241000000.0,78.21,2.44,22.83238753272765,0.0127860887354558,0.4098360655737705,,,,,,,,,33.67105435663568,低,0.5438492903889548,0.0,93.26952763198516,65.69329362081308,20260831T230541_score_d1b86542,,,,,,,,,,
2026-08-31 23:06:05,2026-08-31,167.36,175.85,176.01,167.3,78987100.0,0.0521,4979182500.0,002156,0.0538143464972733,0.255174875089222,-0.0338442942695456,0.3795402839883894,0.012610848784982,0.7001300424875949,0.0257591842924971,-0.0277887838652191,0.974493428330952,15067592514.0,0.052598215617232,22.32853155808213,50.7815318098149,,,,,,,0.9747416762342136,0.9816303099885192,0.0183696900114807,0.0068886337543056,0.023547213181788,,-0.0062226789082109,21.51898734177216,59.17721518987342,65.69620253164557,65.44303797468355,72.97872340425532,关键词新闻评分,6,51.50356854295718,1959,0.5119959162838182,0.1390124336075276,0.0885132757399081,1.5705263695810874,0.0279789582955579,,,,-0.0095117670408596,-0.0138872565338473,0.0529915918599455,0.0161607211649588,0.6447329348537658,7012658257.356,集成电路,97976000000.0,38.82,5.82,25.3079883876654,0.0257599175682637,0.1718213058419244,,,,,,,,,27.914472060807967,低,0.5438492903889548,0.0,61.56221055881445,69.59250107952259,20260831T230541_score_d1b86542,,,,,,,,,,
2026-08-31 23:06:05,2026-08-31,102.9,100.66,103.02,98.94,11595900.0,0.0661,489688200.0,603200,0.0801588153235326,0.1484312606959497,-0.1160094844998683,-0.4006192687864713,-0.0292217185842414,0.5943233613242366,0.0944397329680126,0.0666939833768398,1.4111681119013877,1113405373.0,0.0078556054360405,20.0092794220388,60.98030921490177,,,,,,,0.5490196078431397,0.4215686274509803,0.0294117647058799,0.4215686274509803,0.0157258469177672,,-1.3877787807814457e-17,32.91139240506329,55.25316455696203,53.41772151898734,45.44303797468354,100.0,关键词新闻评分,10,51.186708860759495,1960,0.4765306122448979,0.15217011029277,0.0950810437585063,1.6004253243082036,0.0227417000598059,,,,0.0276673424976904,0.0062258039650908,0.0535465924895688,-0.0021148635252131,0.8520404409374307,330193205.0,环保工程及服务,7430000000.0,-309.14,6.84,22.72879169567608,,0.1461988304093567,,,,,,,,,19.355186707669656,低,0.5438492903889548,0.0,30.0,54.61354613701981,20260831T230541_score_d1b86542,,,,,,,,,,
2026-08-31 23:06:05,2026-08-31,216.81,221.53,222.75,213.23,11825209.0,0.0333,667945200.0,688257,0.0494575773366809,0.2060648954703832,-0.2264743880722092,0.0709175287634147,0.0144708522232908,0.854583683276562,-0.0186084733786527,-0.2238487334798226,0.7066232873965205,555004460.0,0.0252071019925314,20.319716693704773,45.75431203837225,,,,,,,0.4957983193277304,0.8718487394957986,0.1281512605042014,0.3760504201680681,0.0152734386071129,,8.239936510889834e-18,53.16455696202531,32.65822784810126,45.75949367088608,50.822784810126585,89.19354838709677,关键词新闻评分,9,49.8085953450388,1036,0.5723938223938224,0.1425586437922756,0.0788590148614791,1.807765973778508,0.0478790851208341,,,,-0.0495933572503877,-0.0594050667885725,0.0688491078280271,0.0107678970662044,0.447065769474455,975453115.0,金属新材料,20385000000.0,29.52,7.1,23.738065173217628,0.0338753387533875,0.1408450704225352,,,,,,,,,27.031427328416203,低,0.5438492903889548,0.0,65.12812596480396,58.95098232225817,20260831T230541_score_d1b86542,,,,,,,,,,
2026-08-31 23:06:05,2026-08-31,66.22,65.93,66.68,64.53,5209000.0,0.0224,324696700.0,603026,-0.0171437090041739,-0.0178757634440636,-0.2418353265869364,-0.0275811209439527,-0.0125805002246516,0.2861819926778173,-0.0396842158926218,-0.1362146558331384,0.6564028894832513,694016294.0,0.022345683392685,19.59840207687363,40.77513801902954,,,,,,,0.1348837209302285,0.6511627906976754,0.2139534883720961,0.6511627906976754,0.0007058272296299,,4.076600168545497e-17,73.41772151898735,31.51898734177216,18.79746835443038,39.17721518987341,100.0,关键词新闻评分,10,49.541139240506325,1960,0.4938775510204081,0.1579056592615483,0.1048397755091687,1.5061617453362317,0.0249242963571853,,,,-0.0259374355348762,-0.0266956778133044,0.0385365430868236,0.003297149234047,0.1290996824469038,523424610.0,化工,14602000000.000002,27.98,2.7,23.404424342580302,0.0357398141529664,0.3703703703703703,,,,,,,,,29.77545746547978,低,0.5438492903889548,0.0,95.56962025316456,36.6558575182012,20260831T230541_score_d1b86542,,,,,,,,,,
2026-08-31 23:06:05,2026-08-31,28.44,28.24,28.51,27.7,22126300.0,0.0202,88815000.0,002512,0.0,0.0608564988730278,-0.0583527842614204,-0.1308094798399508,-0.0139664804469274,0.4105350034520098,0.018869285997763,0.0857710422607413,1.0568639525471366,6332816045.0,0.0015003709977938,18.302066123875484,56.906744016830935,,,,,,,0.2469135802469164,0.6666666666666637,0.0864197530864198,0.6666666666666637,0.0087145887370231,,-3.469446951953614e-18,37.9746835443038,50.253164556962034,36.265822784810126,47.0253164556962,100.0,关键词新闻评分,7,48.26265822784811,1800,0.5155555555555555,0.12368257506154,0.1120586556906549,1.103730669435958,0.0094790454971433,,,,0.0284915991034255,0.0283623016340501,0.0399382840955079,0.0031971580817049,0.660921064138188,112709816.5825,计算机,4443000000.0,-38.32,13.79,22.214595660900184,,0.0725163161711385,,,,,,,,,28.967255385924457,低,0.5438492903889548,0.0,86.18400740969435,43.78199411245936,20260831T230541_score_d1b86542,,,,,,,,,,
2026-08-31 23:06:05,2026-08-31,59.1,61.99,62.2,58.81,14622100.0,0.0662,224459500.0,300622,0.0856392294220664,-0.0067296907546866,-0.0300422469097166,-0.2352578337034295,0.0540724366604319,0.357435758916537,0.0316020701935397,0.0507195199810162,1.575915451668808,1168406127.0,0.0175386905018217,19.229205852436664,58.27860589807026,,,,,,,0.8525073746312685,0.9380530973451324,0.0619469026548675,0.085545722713864,0.0022113287389105,,-1.6479873021779667e-17,31.64556962025317,51.01265822784809,37.46835443037975,58.79746835443039,96.66666666666666,关键词新闻评分,7,48.22679324894515,1960,0.523469387755102,0.1140374127528235,0.082542122049986,1.3815662830156532,0.0203612466784234,,,,-0.0013531423842044,-0.0030117337090934,0.0322402230774549,0.0162295081967214,0.7268427325123299,142406825.0,专业连锁,5015000000.0,28.56,5.41,22.33569925836031,0.0350140056022409,0.1848428835489833,,,,,,,,,29.59528697854888,低,0.5438492903889548,0.0,81.35226921889472,54.41118898435499,20260831T230541_score_d1b86542,,,,,,,,,,
2026-08-31 23:06:05,2026-08-31,156.44,168.91,169.85,154.81,5122000.0,0.0701,449827000.0,301191,0.0362576687116564,0.0993166287015945,-0.0628606302707501,0.1874165202108964,0.031196581196581,0.6522133106490363,-0.0187067913786092,-0.1089200317583412,0.9423227464605404,325875700.0,0.176863783478475,19.92437362458956,45.98721738321307,,,,,,,0.8291223404255322,0.9375,0.0624999999999998,0.1083776595744678,0.0075112591879205,,-8.673617379884035e-18,36.70886075949368,40.88607594936709,50.63291139240506,58.734177215189874,80.375,关键词新闻评分,9,48.20838607594937,896,0.5401785714285714,0.1479601433139192,0.1109527556769864,1.333541852215652,0.0289064442243509,,,,-0.0325510952782937,-0.0355179991150564,0.065474428478395,0.0266628846972061,0.4159561685951496,504770595.0,终端设备,8804000000.0,113.09,5.16,22.898472000610628,0.0088425148112123,0.193798449612403,,,,,,,,,29.26213033311752,低,0.5438492903889548,0.0,73.47946897190491,62.68721167746567,20260831T230541_score_d1b86542,,,,,,,,,,
2026-08-31 23:06:05,2026-08-31,60.88,64.55,64.64,59.91,48830900.0,0.1466,671552200.0,300996,0.0115969283811314,-0.1610345723940732,0.155981375358166,0.243977645018308,0.0263952933693749,0.7212602152306015,-0.1398780772177621,0.0609738057538584,0.7309792831145999,397941949.0,-0.4511977810416169,20.32510230880636,44.74935159790925,,,,,,,0.7758985200845648,0.980972515856236,0.0190274841437639,0.2050739957716713,-0.0033736040132926,,0.0001712214972449,82.27848101265823,30.696202531645568,12.151898734177216,69.36708860759495,28.571428571428573,关键词新闻评分,5,48.05018083182641,1128,0.4734042553191489,0.1510085566834948,0.0984018630607473,1.534610748073655,0.0196700909671119,,,,-0.0138058324835849,0.018075817026956,0.0707756999004094,0.0240613432046536,0.2680455033539518,1173249860.0,软件开发,5644000000.0,82.59,4.39,22.45385887093698,0.0121080033902409,0.2277904328018223,,,,,,,,,27.736097560019093,低,0.5438492903889548,0.0,82.66440259339302,40.26708169482535,20260831T230541_score_d1b86542,,,,,,,,,,
2026-08-31 23:06:05,2026-08-31,951.92,959.99,959.99,919.43,6501440.0,0.0285,1522509400.0,688019,-0.0136345889073834,0.1012722120888827,0.1393863865645956,0.26944183647832,-0.0171790697912507,0.6112142452403491,-0.0279177832649242,-0.0717218385514069,0.931578913016987,301732819.0,0.1369083109365028,21.143625732241908,46.165883545575305,,,,,,,0.198964497041421,1.0,0.0,0.801035502958579,0.0070592226917213,,-0.0018180123941765,25.31645569620253,51.51898734177216,47.91139240506329,76.64556962025316,62.0,关键词新闻评分,6,47.75379746835444,1585,0.5324921135646687,0.1531959153897135,0.0978714005543104,1.56527764517585,0.0358199651597313,,,,-0.0159659478126791,-0.014753076294692,0.0553703684413379,0.01428465772819,0.3408352957523936,1716211595.0,半导体材料,54577000000.0,58.07,11.18,24.72287838552725,0.0172205958326158,0.0894454382826475,,,,,,,,,26.56132408361724,低,0.5438492903889548,0.0,61.19172584130904,61.06549418825825,20260831T230541_score_d1b86542,,,,,,,,,,
2026-08-31 23:06:05,2026-08-31,30.88,31.12,31.72,30.49,79799400.0,0.1737999999999999,801167500.0,603318,0.0779355732594389,0.169045830202855,0.1283538796229153,0.0790568654646324,0.0277410832232496,0.6363759325643199,0.0755326686135928,0.1030180587307494,1.6616417935621517,1137943609.0,-0.03392385728216,20.5015805980276,58.860117996281545,,,,,,,0.1951219512195137,0.5121951219512214,0.4878048780487786,0.3170731707317076,0.011918878642586,,-0.0060594749607064,22.78481012658228,65.0,51.70886075949367,26.772151898734176,100.0,关键词新闻评分,7,47.44303797468355,1862,0.5021482277121375,0.1100385812287373,0.0921036158010863,1.1947259645743402,0.0094017301832773,,,,0.0282768357206176,0.0194052490823056,0.0484759456481821,0.0003214400514304,0.9075707411750024,454251945.0,其它专用机械,5580000000.0,247.18,2.91,22.44245461333963,0.0040456347600938,0.3436426116838488,,,,,,,,,25.65106647133412,低,0.5438492903889548,0.0,66.02346403210868,48.55479251863798,20260831T230541_score_d1b86542,,,,,,,,,,
2026-08-31 23:06:05,2026-08-31,84.72,85.96,87.1,84.37,10905000.0,0.0151,205068300.00000003,603613,0.0525284682257864,-0.0483781689361231,-0.1729048397960166,-0.2675528289025222,0.0215092097445037,0.2509496478065453,0.0003549421327948,-0.0023309121507258,1.270367527052829,117626904.0,-0.0564523162102341,19.13885365722177,51.73136669423174,,,,,,,0.454212454212454,0.5824175824175807,0.4175824175824194,0.1282051282051266,-0.0015164086983127,,2.949029909160572e-17,69.62025316455697,36.89873417721519,26.20253164556961,27.025316455696203,80.0,关键词新闻评分,2,47.40506329113924,1576,0.5057106598984772,0.1143040319548987,0.1003517241768329,1.139034061372777,0.0082019799075516,,,,-0.0082170730422365,-0.0091529647745497,0.0280362959516054,0.001748048013052,0.4810629983113622,163006920.0,互联网信息服务,13604000000.0,10.25,1.39,23.33362970409136,0.0975609756097561,0.7194244604316548,,,,,,,,,26.98817720828173,低,0.5438492903889548,0.0,75.48626119172584,44.85180121879915,20260831T230541_score_d1b86542,,,,,,,,,,
2026-08-31 23:06:05,2026-08-31,227.17,238.98,239.4,227.12,37932700.0,0.0226,1995612800.0,002080,0.0732474064759509,0.2927620902304444,-0.1403597122302158,0.1903172784778601,0.0166333432594545,0.8005775267909444,-0.0093600510698977,-0.143956838440868,0.6937800815156434,4012826547.0,0.0604167999165187,21.414217008542728,47.85004961083303,,,,,,,0.9617263843648208,0.9657980456026044,0.0342019543973954,0.0040716612377836,0.0160849547166324,,-6.88931389855841e-05,29.11392405063291,48.16455696202532,57.34177215189874,59.30379746835444,62.41379310344827,关键词新闻评分,5,47.38061981667394,1951,0.5248590466427473,0.1301498774874734,0.0808555370414711,1.609659427785619,0.0298925636646484,,,,-0.0269115739497221,-0.0318098959248575,0.0615682125222672,0.0162154500354358,0.4973267766049667,2935288795.0,玻纤,89528000000.0,44.17,4.39,25.217817262462138,0.0226398007697532,0.2277904328018223,,,,,,,,,26.13319438216903,低,0.5438492903889548,0.0,54.95523309663476,66.5266198381693,20260831T230541_score_d1b86542,,,,,,,,,,
2026-08-31 23:06:05,2026-08-31,139.19,143.52,144.74,136.83,11788100.0,0.0305,296150100.0,002832,0.043250708730101,-0.0054054054054054,0.2639365918097756,0.4849456802897052,0.0322209436133487,0.3157507774715311,0.0037627113902447,0.0930984451222995,0.938917514072094,706434301.0,-0.067140442203163,19.50637698173058,57.41992596293961,,,,,,,0.5474083438685227,0.8457648546144122,0.1542351453855877,0.2983565107458895,0.0014234974665411,,3.903127820947816e-18,44.936708860759495,57.46835443037975,25.18987341772152,44.24050632911392,73.33333333333333,关键词新闻评分,7,46.85548523206752,1960,0.5301020408163265,0.0741036816716876,0.0585958396680373,1.264657731530204,0.0117484474095005,,,,0.0088120602211053,0.017441585440411,0.031304745978659,0.0128678632760119,0.515479120889105,318665480.0,其他服装,14485000000.0,23.1,2.67,23.396379468167726,0.0432900432900432,0.3745318352059925,,,,,,,,,32.00869218692149,低,0.5438492903889548,0.0,95.0910774930534,52.18214600796086,20260831T230541_score_d1b86542,,,,,,,,,,
2026-08-31 23:06:05,2026-08-31,1053.02,1047.56,1082.97,1019.95,20431900.0,0.0296,2650243900.0,002353,-0.083427391483144,-0.0036333200175009,-0.1319882338318763,0.1022422373972788,-0.0049204931892016,0.6827098953199068,-0.1021520974368446,-0.1087620896906909,1.6864432726161398,1685669676.0,0.0105776748574964,21.697917510822503,40.79884935403216,,,,,,,0.08663916217074,0.4381148841637561,0.4752459536655039,0.4381148841637561,0.0115515415356165,,5.377642775528102e-17,74.68354430379746,26.77215189873418,43.16455696202532,27.468354430379748,50.0,无新闻/中性,4,46.85126582278481,1958,0.5832482124616956,0.1154988459920721,0.0896078959995652,1.2889360329655837,0.0300202446308994,,,,-0.0153154650498447,0.0015272833132859,0.0712096954555621,-0.0024758132094158,0.0756254416173467,2641388646.974,冶金矿采化工设备,133367000000.0,50.61,5.73,25.616370563513524,0.0197589409207666,0.1745200698080279,,,,,,,,,27.83174374245387,低,0.5438492903889548,0.0,75.59431923433158,50.33150072313911,20260831T230541_score_d1b86542,,,,,,,,,,
2026-08-31 23:06:05,2026-08-31,73.32,71.58,73.32,70.5,186020600.0,0.0235,537527800.0,600166,0.0153191489361701,-0.06796875,-0.0351799433885968,-0.0295553145336227,-0.0324412003244121,0.2350413513619798,-0.0204450283274488,-0.0402338407630218,1.6054375845431432,14757556655.0,-0.029123550141348,20.102491039419213,44.15457470775966,,,,,,,0.6170212765957444,0.3829787234042556,0.0,0.3829787234042556,-0.004681065375779,,7.806255641895632e-18,51.89873417721519,40.063291139240505,28.9240506329114,48.54430379746836,78.63636363636363,关键词新闻评分,7,46.51553509781358,1960,0.4653061224489795,0.0824968943122305,0.0590177249868485,1.397832504228416,0.0068298937890494,,,,-0.0113502113779196,-0.0119554289769377,0.0242984872071208,-0.0030640668523677,0.2934099246205542,343502015.0,商用载货车,22960000000.0,15.39,1.45,23.85701940839777,0.0649772579597141,0.6896551724137931,,,,,,,,,32.14516045275279,低,0.5438492903889548,0.0,96.2797159617166,51.50708315528526,20260831T230541_score_d1b86542,,,,,,,,,,
2026-08-31 23:06:05,2026-08-31,25.75,25.34,25.75,24.97,31892100.0,0.0337,332894500.0,002083,0.0075546719681909,-0.0386949924127465,0.1222320637732508,-0.0317157050057318,-0.0235067437379575,0.360543698237208,-0.0494588967871409,-0.0074033452152454,0.5443990590317436,2928962201.0,0.031649542601882,19.623336183934807,45.367229188698566,,,,,,,0.5256410256410251,0.4743589743589749,0.0,0.4743589743589749,-0.001256245038935,,1.0408340855860844e-17,57.59493670886076,44.74683544303798,15.126582278481012,51.392405063291136,71.0,关键词新闻评分,7,46.2993670886076,1952,0.5379098360655737,0.0612590930137341,0.0478317031172537,1.280721551218127,0.0108493091458288,,,,-0.0094045808661811,4.1299731240686125e-05,0.0452418536475363,-0.0005259006047857,0.2313464294095148,664545640.0,棉纺,9930000000.0,16.95,2.05,23.01882631500349,0.0589970501474926,0.4878048780487805,,,,,,,,,32.32031496389553,低,0.5438492903889548,0.0,91.3553565915406,59.24059238980482,20260831T230541_score_d1b86542,,,,,,,,,,
2026-08-31 23:06:05,2026-08-31,188.69,192.71,193.43,187.31,31025100.0,0.0397,971543900.0,002747,0.0268556508765387,0.029158878504673,0.0203314449091969,0.4378124300529733,0.0053210913454013,0.7976829918499997,-0.066445118347495,-0.1094896582318256,0.4550748344501027,4059580974.0,0.0986369278520378,20.69439701464396,44.60424520547045,,,,,,,0.6568627450980404,0.8823529411764709,0.1176470588235291,0.2254901960784304,0.0081944810558288,,4.3368086899420185e-18,46.83544303797469,33.54430379746836,30.063291139240505,52.15189873417721,100.0,关键词新闻评分,8,46.27215189873418,1950,0.502051282051282,0.1380268507188714,0.1001863390422461,1.3777013117593695,0.0194088982788482,,,,-0.0261397532115879,-0.0166619666400182,0.0630925817475555,0.0081611300026158,0.2677845797124067,2325262685.0,其它通用机械,30640000000.0,153.5,9.35,24.145572181818803,0.006514657980456,0.106951871657754,,,,,,,,,22.64163974726096,低,0.5438492903889548,0.0,55.94319234331584,41.93230994320732,20260831T230541_score_d1b86542,,,,,,,,,,
2026-08-31 23:06:05,2026-08-31,268.26,265.87,268.26,262.08,7794300.0,0.0167,149611100.0,600645,0.0031694525148098,0.0194010965837199,-0.0277554304102976,-0.3780091238741373,-0.0186764108810394,0.6576197186559026,-0.0403450671816205,0.0218727479461269,0.4355099611945052,1096123748.0,0.0230948794666523,18.82354982529709,46.73099921017659,,,,,,,0.3867313915857578,0.6132686084142421,0.0,0.6132686084142421,0.0087827927774524,,9.812029660993817e-18,55.69620253164557,37.59493670886077,21.96202531645569,52.9746835443038,71.6,关键词新闻评分,9,45.60620253164558,1942,0.4757981462409886,0.0936192477446822,0.0748496471953872,1.2507640483635003,0.0053075407163656,,,,0.0076381765169819,0.0169838038265922,0.0631484775051179,0.0017583300887957,0.2861828764220407,370353970.0,生物制品,9027000000.0,77.08,2.41,22.92348592326243,0.012973533990659,0.4149377593360995,,,,,,,,,31.36284238807936,低,0.5438492903889548,0.0,85.1651744365545,61.1110180910118,20260831T230541_score_d1b86542,,,,,,,,,,
2026-08-31 23:06:05,2026-08-31,85.28,84.84,86.1,84.17,4790800.0,0.0184,278896900.0,001301,-0.084098024398143,0.0666331405582096,-0.0675898450379162,0.0735163861824623,-0.0098039215686275,0.467922089009428,0.0109688451432623,0.0016489506141257,1.3087355805315064,228281460.0,0.0795343296625554,19.446352741026484,50.2734312908148,,,,,,,0.2279792746113986,0.3471502590673597,0.4248704663212416,0.3471502590673597,0.0237408881658441,,-1.3444106938820257e-17,34.177215189873415,48.734177215189874,61.70886075949368,24.810126582278485,70.76923076923077,关键词新闻评分,6,45.57692307692309,749,0.4966622162883845,0.1366266058421789,0.0930841510610893,1.4677751720860996,0.0210045025677701,,,,0.0241812706902143,0.0208961565638954,0.0421128847578635,-0.0023127278428911,0.5399045678976578,381477598.2735,锂,21239000000.0,24.52,2.95,23.77910495123252,0.0407830342577487,0.3389830508474576,,,,,,,,,21.308503821568515,低,0.5438492903889548,0.0,42.43593701759802,51.0544108728815,20260831T230541_score_d1b86542,,,,,,,,,,
2026-08-31 23:06:05,2026-08-31,350.07,390.0,390.0,345.0,7524035.0,0.0371,2797760300.0000005,688702,0.1098779134295226,0.2111801242236024,0.4827769751349708,1.0309326667708172,0.0682004930156121,0.8414776336173747,0.0184402978546163,0.0971148224432185,0.8549447334888088,246991189.0,0.3528278416030094,21.752085041542863,53.27399109427963,,,,,,,0.8873333333333335,1.0,0.0,0.1126666666666665,0.0142837827904518,,-0.0172964633274078,8.860759493670885,60.75949367088607,63.607594936708864,76.26582278481013,31.052631578947373,关键词新闻评分,8,45.11475682878081,575,0.6365217391304347,0.2229297366419543,0.0970592376826723,2.2968420313665137,0.106620700757003,,,,0.0065922705673262,0.0132494145937533,0.0783369963369963,0.04,0.5805989800897344,3374714455.0,通信传输设备,159900000000.0,-1111.8,71.05,25.79781445678632,,0.0140745953553835,,,,,,,,,29.19479027926092,低,0.5438492903889548,0.0,80.78110527940723,52.5027629084186,20260831T230541_score_d1b86542,,,,,,,,,,
2026-08-31 23:06:05,2026-08-31,157.24,160.33,165.1,155.62,27867800.0,0.0756,1467945300.0,002552,-0.0858657848223957,0.61346482841904,-0.093156108597285,1.6544701986754968,-0.006691035251843,1.0959574772502738,-0.0062477531641645,-0.038197933382324,1.343921748972486,1265976191.0,0.0794118457310023,21.10712950554535,50.46309752089589,,,,,,,0.3259493670886083,0.496835443037976,0.5031645569620239,0.1708860759493677,0.0187557307469414,,-0.0250868161721318,2.5316455696202533,52.46835443037974,82.72151898734178,23.54430379746836,100.0,关键词新闻评分,8,43.95253164556962,1934,0.5093071354705274,0.158910820145277,0.0809822017590402,1.962293154465109,0.041197026046416,,,,0.0285207132144494,0.029247097140037,0.0992239220892623,-0.0001247271593389,0.5059872874030541,1901423007.082,机械基础件,20497000000.0,86.04,12.51,23.743544370918404,0.0116225011622501,0.0799360511590727,,,,,,,,,30.2066554534816,低,0.5438492903889548,0.0,95.4615622105588,39.67458816168769,20260831T230541_score_d1b86542,,,,,,,,,,
2026-08-31 23:06:05,2026-08-31,21.63,23.3,23.3,21.56,38547200.0,0.0877999999999999,845763400.0,603533,0.1127029608404965,0.0514440433212997,-0.0482026143790849,-0.1717028083896196,0.096470588235294,0.5465889546056087,0.0310190716403382,0.0921619024554112,1.8536946384900648,1113232166.0,-0.0055611750127583,20.555750210607453,58.353317592453145,,,,,,,0.9597701149425286,1.0,0.0,0.0402298850574713,0.0142742237560993,,-0.0107584009280713,17.72151898734177,49.87341772151899,46.89873417721519,73.0379746835443,39.2,关键词新闻评分,3,42.040253164556965,1947,0.4273240883410374,0.1562996685393199,0.0987223437653723,1.5832248564801932,0.0102547051496271,,,,0.0021500928712996,0.0052642665172991,0.0430410790925812,0.0255281690140845,0.6659633817786916,461051065.0,移动互联网服务,9915000000.0,-149.2,4.36,23.01731459891817,,0.2293577981651376,,,,,,,,,28.810103314521143,低,0.5438492903889548,0.0,88.19079962951528,40.05859067667602,20260831T230541_score_d1b86542,,,,,,,,,,
2026-08-31 23:06:05,2026-08-31,1061.19,1111.32,1119.01,1052.59,30553800.0,0.0353,7331593400.0,300476,-0.0074752833373523,0.2787903893951946,-0.2794117647058823,-0.0916061108885966,0.0062749572162006,0.9616058281600088,-0.0520917918238952,-0.1240856351867482,0.7188560246935742,3180439354.0,0.0848518349671631,22.71545870998518,45.66020494593946,,,,,,,0.7547425474254716,0.884221619993977,0.1157783800060229,0.1294790725685053,0.0255406287909373,,-0.0130963941188786,11.39240506329114,32.848101265822784,65.75949367088607,53.1012658227848,90.0,关键词新闻评分,8,41.74683544303797,1961,0.5344212136664966,0.156099533038627,0.0908180101258938,1.7188169265351498,0.0411399629676389,,,,-0.0128419245731631,-0.0117725844476463,0.0598715298666708,0.0155471348677396,0.350949281864216,10882380350.0,印制电路板,238954000000.0,47.55,6.3,26.199536901734213,0.021030494216614,0.1587301587301587,,,,,,,,,22.063481572166538,低,0.5438492903889548,0.0,47.128743439333135,49.83052064788814,20260831T230541_score_d1b86542,,,,,,,,,,
2026-08-31 23:06:05,2026-08-31,5.09,5.61,5.61,5.05,129173200.0,0.1110999999999999,702824700.0,001330,0.1987179487179489,0.1242484969939881,-0.2779922779922779,-0.289873417721519,0.1,0.586134274100339,0.0989226248775712,0.0319455515359616,2.5981375351329583,3988519632.0,-0.0208872595708259,20.37061806021622,62.04681156705065,,,,,,,0.9285714285714286,1.0,0.0,0.0714285714285714,0.0116529958387007,,-0.01192360804304,13.924050632911392,48.0379746835443,49.43037974683544,74.30379746835443,35.0,关键词新闻评分,5,40.71835443037975,834,0.4688249400479616,0.1368564239245193,0.124102069136223,1.10277310343872,-0.0017582192720141,,,,-0.0030070259867263,-0.0181297185073901,0.0443086325439266,0.0344191763982792,1.0202078723711556,354102405.0145,影视动漫,7711000000.0,-13.35,2.08,22.76591371779724,,0.4807692307692307,,,,,,,,,28.50828514447277,低,0.5438492903889548,0.0,88.28342080889163,37.92297463718508,20260831T230541_score_d1b86542,,,,,,,,,,
2026-08-31 23:06:05,2026-08-31,102.76,107.38,107.38,101.5,78394200.0,0.0417,1316212300.0,002517,0.0358865521898514,-0.0443218227127092,0.1293647454774926,-0.1875,0.0328972681800692,0.3560463968729505,-0.0109151199742089,0.0462521800980191,1.4172398096335457,7093748494.0,-0.0189824075544743,20.99802397978672,52.651986977435456,,,,,,,0.7857142857142847,1.0,0.0,0.2142857142857153,0.0011926953450168,,-0.0135132225395347,10.126582278481012,49.05063291139241,30.822784810126585,77.27848101265823,76.18181818181819,关键词新闻评分,8,40.67514384349828,1923,0.5096203848153926,0.127885296920127,0.0886267395524091,1.44296515437649,0.021712207791889,,,,-0.0021303438791593,0.0033856171219566,0.0348428810898544,0.0185922974767596,0.4376833701208154,1268146749.443,移动互联网服务,36683000000.0,15.4,3.5,24.32557926943075,0.0649350649350649,0.2857142857142857,,,,,,,,,28.969022711676004,低,0.5438492903889548,0.0,88.32973139857981,40.93281096562236,20260831T230541_score_d1b86542,,,,,,,,,,
2026-08-31 23:06:05,2026-08-31,25.92,26.32,26.51,25.62,10058000.0,0.0192,255257500.0,601133,0.0162162162162162,0.1646017699115043,-0.0676585193057031,0.6246913580246916,-0.0075414781297133,0.6000730079569356,-0.0109167433907668,-0.1411463346984059,0.7315105933759672,552899800.0,0.1548999399677404,19.35778340145288,45.17086921244316,,,,,,,0.4494382022471891,0.786516853932583,0.213483146067417,0.3370786516853938,0.0118785784076794,,-0.0051608000409903,24.050632911392405,47.59493670886076,51.202531645569614,40.44303797468354,50.0,无新闻/中性,6,40.42088607594936,679,0.5655375552282769,0.1148868011695542,0.0815322934043834,1.4090956647047714,0.0295500811411129,,,,-0.0285183431131787,-0.0366946732764722,0.0557967867998262,0.0065009560229445,0.454203498176052,355879300.0,,13481000000.0,64.91,4.41,23.32454712365534,0.0154059466954244,0.2267573696145124,,,,,,,,,30.94097564317969,低,0.5438492903889548,0.0,84.79468971904909,58.792552748354616,20260831T230541_score_d1b86542,,,,,,,,,,
2026-08-31 23:06:05,2026-08-31,194.55,199.14,199.14,192.55,17827300.0,0.0421,3436081900.0,603893,0.1115824727881662,0.062703452692246,0.1277607883112468,0.1148183395846162,0.0974924221548636,0.6240413124491909,0.0067465262593811,0.01730328296653,1.29409659574916,1116447467.0,0.0716221891641109,21.957597676931027,51.91189932446844,,,,,,,0.6965098634294374,1.0,0.0,0.3034901365705626,0.0067143176402768,,-0.0235773351959532,5.063291139240507,52.0253164556962,46.51898734177216,76.9620253164557,50.0,无新闻/中性,3,40.37341772151899,1454,0.4903713892709766,0.1566906995316745,0.1024759518331541,1.5290484911698103,0.0246119590493237,,,,-0.0238361023909053,-0.0197664239910236,0.0451261854545976,0.0111538005856168,0.5290640789365793,2699194335.0,集成电路,82340000000.0,60.2,16.73,25.13412285328817,0.0166112956810631,0.0597728631201434,,,,,,,,,27.29830196623358,低,0.5438492903889548,0.0,70.11423278789749,54.08200414358265,20260831T230541_score_d1b86542,,,,,,,,,,
2026-08-31 23:06:05,2026-08-31,89.86,92.39,93.49,89.43,533633.0,0.0101,48120800.0,688667,0.0567310991650462,0.0860467850005879,-0.1660046939880844,-0.0542532500767733,0.0239388230078687,0.51941142442149,0.0113294291500192,-0.106440802549434,0.838929585130484,30935147.0,0.0226840391103461,17.6892250948175,48.8370568026791,,,,,,,0.623152709359608,0.7290640394088675,0.2709359605911324,0.1059113300492595,0.0016395743545053,,-0.0001049044310527,27.848101265822784,45.63291139240506,35.063291139240505,32.65822784810126,80.3157894736842,关键词新闻评分,8,39.70562958027981,1178,0.4753820033955857,0.1584094082968112,0.1204454748458225,1.3151960129642462,0.0121171181591646,,,,-0.0204702408994538,-0.0289543558017494,0.0489230436194393,0.0067560204859975,0.6168511440462028,57120540.0,汽车零部件,4767000000.0,30.3,2.63,22.2849830131691,0.033003300330033,0.3802281368821293,,,,,,,,,25.978841785968736,低,0.5438492903889548,0.0,74.94597097869713,38.84328535408414,20260831T230541_score_d1b86542,,,,,,,,,,
2026-08-31 23:06:05,2026-08-31,206.77,207.42,209.47,200.97,44826192.0,0.0392,9086340300.0,688008,0.0675244467318578,0.0780104984148433,-0.1410113057522674,0.3804072940236922,-0.0373601893535063,0.711704773829292,-0.0142009809512946,-0.1158316519366847,1.061740561479548,3220346955.0,0.0042109653604656,22.930038056917063,47.02613819108713,,,,,,,0.0764705882352914,0.7588235294117633,0.2411764705882366,0.6823529411764719,0.0084116264290914,,-0.0004858857859711,26.58227848101265,35.0,39.050632911392405,40.75949367088608,90.0,关键词新闻评分,8,39.64873417721519,1585,0.5072555205047319,0.133123781565442,0.0946272927987072,1.4068222563296309,0.0209006969733911,,,,-0.0223147507902187,-0.0306604653277767,0.0570409245561111,0.0071213543521184,0.4309437388227833,8824348685.0,集成电路,250149000000.0,81.38,11.75,26.2453225772712,0.0122880314573605,0.0851063829787234,,,,,,,,,15.87383581102306,低,0.5438492903889548,0.0,27.33868477925286,34.952960453705344,20260831T230541_score_d1b86542,,,,,,,,,,
2026-08-31 23:06:05,2026-08-31,95.0,112.0,112.86,95.0,10470974.0,0.0864,1117559900.0,688031,0.095997651433604,0.1965811965811965,-0.1669146087473966,-0.5352504253288519,0.1172069825436408,0.8713354512731141,0.0238455455862658,0.0400560887390712,1.4677406080294917,240450243.0,0.0639237720382991,20.83441348569999,56.77566038391962,,,,,,,0.9518477043673012,0.9518477043673012,0.0481522956326987,0.0,0.0231513353822956,,-0.0210891876503702,7.59493670886076,39.87341772151898,68.54430379746836,55.53797468354431,50.0,无新闻/中性,3,39.286392405063296,800,0.4425,0.2567252026724944,0.1520434984925543,1.688498391695889,0.0288366517729797,,,,0.0003654319595032,0.0053090828469788,0.0676658163265306,0.0504595760645281,0.6094827086244223,787981665.0,软件开发,13566999999.999998,-63.09,18.1,23.330906210449584,,0.0552486187845303,,,,,,,,,19.17373015789618,低,0.5438492903889548,0.0,27.292374189564683,57.014003552443725,20260831T230541_score_d1b86542,,,,,,,,,,
2026-08-31 23:06:05,2026-08-31,105.44,104.29,106.01,103.3,198209.0,0.0079,225996900.0,000729,0.1985978623146764,-0.1137831407205982,-0.0237760928578113,-0.0902826238660152,0.1843061548943902,0.9219986102287498,-0.0039207071599467,0.0071155074929305,0.7948554096537663,30015839.73,-0.0360225237712981,19.236031844753164,52.51912202974894,,,,,,,0.424354243542431,0.3653136531365336,0.2103321033210353,0.3653136531365336,-0.0110112687023073,,1.5612511283791264e-17,62.0253164556962,26.70886075949367,15.316455696202528,31.20253164556962,60.95652173913044,关键词新闻评分,7,39.12413318657127,1961,0.5354411014788373,0.0662494569170841,0.0580912743261886,1.1404373149930662,0.0084858637693934,,,,-0.0477630277990793,-0.039515794811634,0.0469569743709162,-0.0023278061224489,0.4878794452270711,302125363.7095,啤酒,32131000000.0,16.27,1.97,24.193087133150385,0.0614628149969268,0.5076142131979695,,,,,,,,,31.846339002116697,低,0.5438492903889548,0.0,96.75825872182772,48.87688313756309,20260831T230541_score_d1b86542,,,,,,,,,,
2026-08-31 23:06:05,2026-08-31,460.63,482.63,486.68,451.58,5903800.0,0.0329,665873100.0,300776,-0.0193835463356157,0.2127296027338743,-0.3150298041441953,0.3752101438951418,0.0277470187393524,0.7979707890892885,-0.0075324958409848,-0.1641747792514871,0.6571833441123661,489919733.0,0.0845700318920037,20.316609671310754,47.3515381686316,,,,,,,0.6267806267806264,0.8846153846153844,0.1153846153846156,0.257834757834758,0.0155069157007929,,-0.0107352436946536,18.9873417721519,35.88607594936708,51.77215189873418,54.11392405063292,50.0,无新闻/中性,8,38.13924050632912,1628,0.5178132678132679,0.1585945734656078,0.1066009501899342,1.4877407113448315,0.0307208105235927,,,,-0.0309445001488805,-0.0383740675049664,0.0648085933915658,0.0190021746933262,0.4972258250034188,1041244390.0,其它专用机械,32967000000.0,66.15,6.68,24.218772898079308,0.0151171579743008,0.1497005988023952,,,,,,,,,24.533340577384287,低,0.5438492903889548,0.0,47.9314603272615,65.22595816543534,20260831T230541_score_d1b86542,,,,,,,,,,
2026-08-31 23:06:05,2026-08-31,30.05,30.54,30.56,29.84,3983700.0,0.0348,63540100.0,003001,0.0552868002764339,-0.2293716881150643,-0.044131455399061,-0.1377752682100509,0.0112582781456953,0.3964857828860563,-0.0813103510513491,-0.0190210553928679,0.373738903855233,-198905510.0,-15.125084220627532,17.96718177635427,43.73345339898329,,,,,,,0.6805555555555545,0.9722222222222228,0.0277777777777772,0.2916666666666683,-0.0190959407248605,,-4.336808689942021e-19,39.24050632911392,31.51898734177216,1.2658227848101269,66.9620253164557,62.0,关键词新闻评分,8,36.1493670886076,1282,0.4625585023400936,0.1208719118640578,0.0882817357384788,1.3691610258108475,0.0084640622555182,,,,-0.032479211143585,-0.0196476363292983,0.0439236598372158,0.0074774576643941,0.2967995266448972,241198015.244,其他专业工程,2814000000.0,-104.9,2.43,21.757872795638608,,0.4115226337448559,,,,,,,,,30.177920160196454,低,0.5438492903889548,0.0,92.35875270145108,43.6200988852637,20260831T230541_score_d1b86542,,,,,,,,,,
2026-08-31 23:06:05,2026-08-31,241.49,260.72,260.72,241.49,13464429.0,0.0929,3374900100.0,688146,0.0393047915171809,0.0480363387868312,0.3538269809949113,4.691333769919232,0.0433808227949417,0.8106895838043923,-0.0731010160621725,-0.093122065496353,0.7231718149521478,999975539.0,0.0437851995420827,21.93963156112912,46.68129918071205,,,,,,,1.0,1.0,0.0,0.0,0.0090360098494143,,-0.0223044426566317,6.329113924050633,40.69620253164557,32.78481012658228,70.34810126582279,50.0,无新闻/中性,5,34.18196202531645,671,0.526080476900149,0.2531408710650139,0.0757610905294524,3.341304478274428,0.0972678102795588,,,,-0.0273878649649533,-0.0121543406345367,0.069968329461272,0.0252054579057057,0.3177929051564055,5301923205.0,,137615000000.0,266.91,22.91,25.647725768132226,0.0037465812446142,0.0436490615451767,,,,,,,,,31.108349340829843,低,0.5438492903889548,0.0,94.84408768138314,46.509180116243535,20260831T230541_score_d1b86542,,,,,,,,,,
2026-08-31 23:06:05,2026-08-31,29.35,31.11,31.17,29.19,16843970.0,0.0411,512860100.0,688158,0.0352745424292844,-0.0117534942820839,-0.1666220198231984,-0.3152102135152983,0.0369999999999999,0.6747413565415534,-0.0645859642792709,-0.079495019232666,0.612740066944809,2066132192.0,0.0021391415831593,20.055513658341223,44.915732021971664,,,,,,,0.8888888888888877,0.9696969696969684,0.0303030303030314,0.0808080808080808,0.0069274156329894,,-0.011519496695306,15.18987341772152,25.56962025316456,17.594936708860757,63.86075949367088,100.0,关键词新闻评分,8,34.04746835443038,1459,0.4050719671007539,0.1781756262971658,0.1054060253525905,1.6903742049010575,0.009464952114857,,,,-0.0284229449189729,-0.0184171447110289,0.056848969095835,0.0203345359134141,0.2729955282024937,932824900.0,IT服务,14309000000.0,-288.63,5.81,23.38415454687101,,0.1721170395869191,,,,,,,,,28.73653725924581,低,0.5438492903889548,0.0,92.91447977770918,33.269910110581954,20260831T230541_score_d1b86542,,,,,,,,,,
2026-08-31 23:06:05,2026-08-31,27.14,27.74,27.95,27.02,80116400.0,0.0382,682954700.0,002739,0.0416823131806234,-0.002158273381295,-0.0334494773519163,-0.145935960591133,0.0221075902726601,0.6086996296973609,-0.0413657255416941,-0.0421766828375602,0.620756008953018,2274727687.0,0.3472234809740717,20.341939091763084,45.48414961252786,,,,,,,0.6451612903225785,0.7741935483870958,0.2258064516129042,0.1290322580645172,0.001525211080113,,-0.0120238751003115,12.658227848101266,37.53164556962025,34.177215189873415,38.417721518987335,46.294117647058826,关键词新闻评分,7,30.407892777364108,1750,0.4194285714285714,0.0884786727457534,0.0702289939095316,1.2598596081232611,-0.0036624640095434,,,,-0.0241716322927101,-0.0176434590315442,0.0407868987537336,0.0061661225970257,0.3564255583426968,1231954555.0,影视动漫,18119000000.0,-102.53,2.52,23.620226948400383,,0.3968253968253968,,,,,,,,,30.48711091455584,低,0.5438492903889548,0.0,98.59524544612536,37.36604692142723,20260831T230541_score_d1b86542,,,,,,,,,,
2026-08-31 23:06:05,2026-08-31,46.83,45.05,47.68,44.71,572661.0,0.0873,352988900.0,000759,0.099853515625,-0.1225165562913908,0.0860655737704918,-0.0257352941176471,-0.0378043571123452,0.7088268656190745,-0.081052964394627,-0.0651878443293941,0.7589594827591348,68768695.42,0.0609832234091536,19.68194717247692,44.01893793003552,,,,,,,0.5993265993265999,0.1144781144781132,0.2861952861952868,0.1144781144781132,-0.0016884262630798,,-2.0816681711721685e-17,30.37974683544304,30.949367088607595,24.177215189873426,23.54430379746836,32.0,关键词新闻评分,10,28.418354430379747,1954,0.4155578300921187,0.1368567529063271,0.0786630215258656,1.7397851017116903,0.0108979082791192,,,,-0.0330172481872462,-0.0202249323662226,0.0761534802600285,-0.0166618160651921,0.2647063960433902,499642407.228,超市,4015000000.0,-4.02,7.95,22.11330318434513,,0.1257861635220125,,,,,,,,,29.16126810707889,低,0.5438492903889548,0.0,85.5047854276011,45.981041562946565,20260831T230541_score_d1b86542,,,,,,,,,,
2026-08-31 23:06:05,2026-08-31,85.94,87.95,88.33,85.83,259965.0,0.0306,623265600.0,000034,-0.0898271758253129,0.0125489293115359,-0.0092373549622619,-0.1440389294403893,-0.1285176377328577,0.8151647843223607,-0.056765655330695,-0.0631557643349416,0.7301835900601892,38868719.6,0.0474930732744113,20.250483311743384,42.63795736944635,,,,,,,0.804000000000002,0.8480000000000019,0.1519999999999982,0.0439999999999997,0.0015551979905922,,-0.0244074449372584,3.79746835443038,31.329113924050635,29.55696202531646,40.31645569620253,54.69565217391305,关键词新闻评分,9,26.39994496422675,1867,0.5061596143545796,0.1214104676999577,0.086529007835867,1.4031186851264466,0.0187215569104395,,,,0.0087475018720962,0.0045827020407227,0.0531633233168196,0.0066384342451641,0.2208075455322692,879225394.1784999,IT服务,24605000000.0,41.52,2.15,23.92621551126436,0.0240847784200385,0.4651162790697674,,,,,,,,,20.16995112369072,低,0.5438492903889548,0.0,43.9950602037666,41.38522863880475,20260831T230541_score_d1b86542,,,,,,,,,,
2026-08-31 23:06:05,2026-08-31,35.84,35.25,35.84,34.83,6605000.0,0.0397,219419100.0,301291,-0.0986959856814113,-0.1483450108721913,-0.3155339805825242,-0.4518737365883999,-0.0189256888394099,0.5032181179750346,-0.1340449313991623,-0.1304347826086956,0.7443008305067557,116733500.0,-0.328744767925623,19.20649416217997,33.78219118261498,,,,,,,0.5841584158415846,0.4158415841584154,0.0,0.4158415841584154,-0.0074193772378427,,-0.0383051437285901,1.2658227848101269,18.9240506329114,12.9746835443038,48.54430379746836,38.42857142857143,关键词新闻评分,9,18.83019891500904,629,0.5866454689984102,0.1082752894870063,0.1057874486791849,1.0235173533238913,0.0197914867474042,,,,-0.0343334028049301,-0.015042040452834,0.0641945288753799,-0.0016049848942597,-0.065441178739465,348125750.00000006,,10471000000.0,28.37,2.06,23.07187536825173,0.0352485019386676,0.4854368932038835,,,,,,,,,23.20684752008401,低,0.5438492903889548,0.0,67.11948132139548,30.798643124588203,20260831T230541_score_d1b86542,,,,,,,,,,
2026-09-02 21:53:49,2026-09-02,892.75,916.33,937.72,892.34,61396500.0,0.0542,4087197900.0,002837,0.0663679739322704,0.2625799162257496,-0.0496276628845235,-0.1382692597050856,0.0049571730952722,0.6360710586327114,0.1297882348299486,0.0293589287288982,1.0992171659527614,4373808075.0,0.1180679977623599,22.13112546242622,60.18034918387215,,,,,,,0.5196121639488771,0.5286469810489205,0.4713530189510795,0.0090348171000433,0.021392807708895,,0.0016494176912856,77.38095238095238,78.21428571428572,89.82142857142857,47.4404761904762,100.0,关键词新闻评分,8,77.84821428571428,1952,0.5343237704918032,0.1736106217890068,0.0965036710663866,1.799005362910773,0.0478248163558343,,,,0.0261736782652625,-0.0014267837915201,0.0525302020014623,0.0009466973008205,0.8944392781079017,3351196525.0,机械设备,84584000000.0,172.26,23.6,25.16101096037664,0.0058051782189713,0.0423728813559322,,,,,,,,,21.70428629690849,低,0.5438492903889548,0.0,30.0,70.27421006527868,20260902T215322_score_0067f767,,,,,,,,,,
2026-09-02 21:53:49,2026-09-02,48.85,50.77,51.15,48.25,22945500.0,0.0594,396392200.0,605277,0.0457260556127705,0.1327532351628737,-0.0380826070481242,-0.1116360454943131,0.024828421477594,0.4481989788843769,0.1124135891059281,0.0804349830816268,2.401360095696484,569998236.0,0.1552821581100706,19.79791468565542,68.28946913787621,,,,,,,0.6620689655172423,0.8689655172413808,0.1310344827586191,0.2068965517241385,0.0112249033730835,,1.908195823574488e-17,58.333333333333336,78.33333333333334,84.4047619047619,78.21428571428572,100.0,关键词新闻评分,9,75.69642857142857,1227,0.4881825590872045,0.1199009569476283,0.0734667914924349,1.6320429205074898,0.0209319707859659,,,,0.0233759386129229,0.0063924971801544,0.0361433917667914,0.0142505160817738,1.0009127422916986,154605065.0,线缆部件及其他,6804000000.000001,27.18,3.86,22.640776511480027,0.0367917586460632,0.2590673575129534,,,,,,,,,23.91977592377465,低,0.5438492903889548,0.0,30.0,85.0441409110531,20260902T215322_score_0067f767,,,,,,,,,,
2026-09-02 21:53:49,2026-09-02,91.53,93.92,94.35,88.99,609777.0,0.0116,54972700.00000001,688667,0.0681223700670987,0.0385933871502819,-0.1508905162281891,-0.0521747905944091,0.032087912087912,0.5144803530719734,0.0240865326950965,-0.0867381584043847,0.9596819993111372,31040652.0,-0.0107160719470945,17.82234727452202,51.26852773548069,,,,,,,0.4458955223880598,0.9197761194029864,0.0802238805970135,0.4738805970149266,-0.0002114696198345,,0.0094502653003038,92.85714285714286,60.41666666666666,50.47619047619047,87.08333333333334,78.8,关键词新闻评分,6,73.99904761904762,1180,0.4762711864406779,0.1580625298391455,0.1204454748458225,1.3123160504076647,0.0121998629787131,,,,-0.0148615566458098,-0.0245892865707898,0.0504380627889997,0.0162302531919498,0.7257279341035762,57242765.0,汽车零部件,4847000000.0,30.81,2.67,22.30162579380965,0.0324569944823109,0.3745318352059925,,,,,,,,,20.98602657037515,低,0.5438492903889548,0.0,17.57082579867391,82.05804415682454,20260902T215322_score_0067f767,,,,,,,,,,
2026-09-02 21:53:49,2026-09-02,6.75,6.79,7.16,6.49,132983200.0,0.0311,863334299.9999999,601118,-0.0087591240875911,0.2125000000000001,0.1204620462046206,-0.1554726368159202,-0.0073099415204678,0.5150809838765167,0.0912889746062359,0.1991875901451152,1.0653159637657093,7555064354.0,0.0451111214195893,20.57631254483854,66.13198153394973,,,,,,,0.0597014925373134,0.4477611940298505,0.5522388059701495,0.388059701492537,0.0156160589281619,,3.642919299551295e-17,70.23809523809523,85.17857142857143,82.61904761904762,42.14285714285714,64.4,关键词新闻评分,8,71.65130952380952,1849,0.5024337479718767,0.0620272985984284,0.0528976955555188,1.1725898065507907,0.0048444999928949,,,,0.0537501359246999,0.0454060668083906,0.0710077845571218,-0.0034246575342465,0.7851386547765373,760421000.0,其他种植业,27816000000.000004,-484.07,2.93,24.04887723165197,,0.341296928327645,,,,,,,,,30.712971646700247,低,0.5438492903889548,0.0,73.19168173598554,72.74320341590968,20260902T215322_score_0067f767,,,,,,,,,,
2026-09-02 21:53:49,2026-09-02,123.53,128.68,139.52,123.53,257031200.0,0.2001,3893296700.0,600172,0.0612783505154639,0.3152085036794767,0.1481084939329051,0.3307135470527405,0.0075164422173505,0.6845233344971043,0.0991526581932487,0.0737904072609638,1.392842466177477,10687695375.0,0.192799385059124,22.08252211664439,60.537724074289095,,,,,,,0.3220762976860539,0.3220762976860539,0.677923702313946,0.0,0.0152683566735746,,2.0816681711721685e-17,60.11904761904761,83.0952380952381,94.16666666666669,24.851190476190474,100.0,关键词新闻评分,7,71.37053571428572,1949,0.4858902001026167,0.1684273155985997,0.1055786984058709,1.595277438931128,0.0275581385680817,,,,0.0366959359994261,0.0226347878288437,0.0776122385541098,-0.0145253108008067,0.8490989222709736,2488894690.0,磨具磨料,21272000000.0,-24.37,62.94,23.78065749088713,,0.0158881474420082,,,,,,,,,33.49663496339693,低,0.5438492903889548,0.0,97.16696805304402,59.33391043780963,20260902T215322_score_0067f767,,,,,,,,,,
2026-09-02 21:53:49,2026-09-02,73.24,73.01,75.22,71.92,7850500.0,0.0513999999999999,573525400.0,301021,-0.0261437908496731,0.1906392694063927,-0.2034693432249616,0.2956521739130435,-0.0152414351227406,0.8330818869293255,-0.0162167260673595,-0.1388840837251724,0.7735911806368172,590371045.0,0.044284689116687,20.16731278474729,47.81437955791798,,,,,,,0.0696969696969666,0.3303030303030316,0.6000000000000018,0.3303030303030316,0.0104940267445772,,0.012337895354531,94.04761904761904,51.36904761904762,73.75,33.57142857142857,100.0,关键词新闻评分,7,70.8422619047619,1112,0.5152877697841727,0.1655773848432777,0.1155776423267539,1.432607392830939,0.0292981045873001,,,,0.0106958445798186,0.000979748131054,0.0848318234292758,-0.0050874403815578,0.4475257373573527,746709865.0,其他电子,11097000000.0,147.97,10.55,23.12994063846484,0.0067581266472933,0.0947867298578199,,,,,,,,,34.265959036731694,低,0.5438492903889548,0.0,99.11091018685956,61.87081474828732,20260902T215322_score_0067f767,,,,,,,,,,
2026-09-02 21:53:49,2026-09-02,76.11,76.19,76.81,75.45,46078400.0,0.0139999999999999,714129200.0,601058,0.1010115606936414,0.1209357069295278,0.2043945621245653,0.0599610461880912,0.0017091769655535,0.2671883467501837,0.0918757792459048,0.1537675252072738,1.3983363831963171,3114594435.0,0.1385244509227468,20.38657445771521,73.73638109722948,,,,,,,0.0588235294117634,0.54411764705882,0.45588235294118,0.4852941176470565,0.0122062705781912,,6.938893903907228e-18,43.45238095238096,87.26190476190476,83.03571428571428,56.42857142857142,100.0,关键词新闻评分,7,69.92261904761904,1962,0.5545361875637105,0.0924693779813545,0.0644971321810959,1.4336975126540163,0.0225464779395697,,,,0.0253960123839616,0.0170680511467024,0.026137663360396,0.0005252790544978,1.0886610911910348,473352730.0,轮胎,51064000000.0,13.26,2.25,24.65634558490017,0.0754147812971342,0.4444444444444444,,,,,,,,,30.011336454926028,低,0.5438492903889548,0.0,74.23146473779386,66.67925813500379,20260902T215322_score_0067f767,,,,,,,,,,
2026-09-02 21:53:49,2026-09-02,175.31,173.39,175.51,170.99,3907000.0,0.0156,163295700.0,300863,0.005159420289855,0.1051692268468353,-0.4084877017023164,0.0831459270364816,-0.0171192109290857,0.5348643087586465,-0.0143787357285577,-0.1464745330526371,0.5709713600941145,424808293.0,0.1045480612851936,18.9110732318134,47.714600110256114,,,,,,,0.4247787610619521,0.5309734513274308,0.0442477876106171,0.5309734513274308,0.0070306588492407,,0.0085668885656801,90.47619047619048,51.54761904761904,62.91666666666666,79.3452380952381,50.0,无新闻/中性,4,69.51488095238095,1321,0.5208175624526874,0.116776888299855,0.0862898922061061,1.3533090065859594,0.0194708534321234,,,,-0.0074104833930271,-0.0152520605159761,0.0548433341847033,0.0005385754678874,0.4272601341519192,289390455.0,汽车零部件,10927000000.0,79.2,7.54,23.11450262753502,0.0126262626262626,0.1326259946949602,,,,,,,,,37.11290570872863,低,0.5438492903889548,0.0,97.9957805907173,82.33729868978993,20260902T215322_score_0067f767,,,,,,,,,,
2026-09-02 21:53:49,2026-09-02,113.95,113.56,115.75,111.4,172198.0,4.74,645956706.0,002655,-0.0065611057650248,0.386399706995483,0.036131386861314,1.152796208530806,-0.0153472643718026,0.7664113238874936,0.0734473957841006,0.0755875903939684,0.0090048329740439,3727195081.0,0.0441283272598859,20.28624304247327,57.7994434474132,,,,,,,0.0896551724137933,0.4965517241379309,0.4137931034482757,0.4965517241379309,0.0222383688074446,,2.4286128663675305e-17,64.28571428571429,74.94047619047618,70.0,56.30952380952381,66.45714285714286,关键词新闻评分,8,67.11297619047619,1951,0.5376729882111737,0.1401208442265927,0.1004199692421302,1.395348408131222,0.0289123287223445,3.77,-1.53,-1.77,0.0534449372838054,0.0411928619791604,0.0741017964071856,-8.805142203049954e-05,0.7050215544486594,1170182959.697,电子系统组装,13716000000.0,305.46,15.67,23.341828871547087,0.003273751063969,0.0638162093171665,,,,,,,,,36.21804310838751,低,0.5438492903889548,0.0,85.47317661241712,93.06835332524928,20260902T215322_score_0067f767,,,,,,,,,,
2026-09-02 21:53:49,2026-09-02,31.2,31.43,31.86,31.05,1323400.0,0.0118999999999999,40882000.0,301133,0.0483655770513675,0.1820233170364797,-0.2171855541718554,-0.2148388708468649,-0.0066371681415929,0.681371708478239,0.0678852949170971,-0.0203534582177477,0.4617069971252338,183968963.0,0.1241970694778665,17.5262004508027,56.968609848821146,,,,,,,0.2839506172839516,0.4691358024691353,0.5308641975308647,0.1851851851851837,0.0128628682094408,,0.0204899743522099,97.61904761904762,60.65476190476191,71.78571428571429,45.47619047619048,14.0,关键词新闻评分,6,67.0279761904762,1016,0.5374015748031497,0.098122659558728,0.0952160956668069,1.0305259722273443,0.0086844558618762,,,,0.0179165117447579,0.0010166989453075,0.0551793100313621,-0.0005299978800085,0.8569220593356609,82332740.0,汽车零部件,3755000000.0,-56.84,2.82,22.04635412216251,,0.3546099290780142,,,,,,,,,29.583315802224725,低,0.5438492903889548,0.0,85.39783001808317,48.93730007660937,20260902T215322_score_0067f767,,,,,,,,,,
2026-09-02 21:53:49,2026-09-02,56.11,57.1,57.67,55.55,205283.0,4.9,347248054.25,002272,0.0327364803761982,0.1617497456765004,-0.1469973110247983,-0.1778257739380849,0.0081214689265536,0.6325193394554504,0.0804469379452585,-0.0720501840460887,0.6297333611465593,58460553.0,0.040524096670858,19.66554993915108,55.24514959577253,,,,,,,0.4669811320754716,0.7311320754716986,0.2688679245283014,0.2641509433962269,0.0116296429938403,,3.2820333309272734e-05,73.80952380952381,67.73809523809524,69.34523809523809,72.79761904761905,20.000000000000004,关键词新闻评分,8,65.86607142857143,1954,0.5020470829068577,0.1487110759839517,0.0935339884074565,1.5899148375468657,0.0280844395188338,3.74,0.81,0.46,0.0029405988300798,-0.019400013652641,0.0540530397798348,0.0057538750587129,0.8904459355225469,508948831.8165,机械基础件,8219000000.0,-237.41,5.59,22.829714384112773,,0.1788908765652951,,,,,,,,,21.22706625500489,低,0.5438492903889548,0.0,30.0,67.09274311925469,20260902T215322_score_0067f767,,,,,,,,,,
2026-09-02 21:53:49,2026-09-02,273.53,279.98,282.67,270.4,2987898.0,0.026,391714800.00000006,688531,0.0013590844062947,0.03796248239045,-0.2593513570710544,0.810410604591012,0.0124394301005279,0.6013966377892582,-0.0247232890073236,-0.101699193182693,0.6562373131769648,292058471.0,0.1274916833830814,19.78604458449352,47.39207216437185,,,,,,,0.5256723716381438,0.78076609616952,0.2192339038304799,0.2550937245313762,0.0025986173484844,,0.0039896969808939,82.14285714285714,46.96428571428571,61.07142857142858,75.29761904761905,56.14634146341464,关键词新闻评分,7,65.5074912891986,679,0.4904270986745213,0.1865704967706606,0.0917551388440493,2.0333520184385887,0.0447432951172149,,,,-0.0086217170239751,-0.010426726820234,0.0621319890196238,0.0082708120761059,0.361077012309683,620428825.0,其它专用机械,21956000000.0,99.23,6.4,23.81230628763405,0.0100775975007558,0.15625,,,,,,,,,34.83499864561626,低,0.5438492903889548,0.0,91.57625075346594,75.71062471870923,20260902T215322_score_0067f767,,,,,,,,,,
2026-09-02 21:53:49,2026-09-02,62.32,62.44,63.22,61.58,28998000.0,0.0496999999999999,400418800.0,002579,0.0124858115777524,0.0622660768969036,-0.1672445985596159,0.0967855260846652,-0.0170025188916876,0.7403483194909966,-0.0458726811527764,-0.1018541160224968,0.3728545961580856,5258496391.0,-0.0007469746910751,19.80802155984742,47.04010660585629,,,,,,,0.0731707317073154,0.5243902439024385,0.4756097560975615,0.451219512195123,0.0110075044755878,,0.0056678318211625,85.71428571428571,46.60714285714285,49.523809523809526,53.27380952380952,100.0,关键词新闻评分,9,65.26190476190476,1922,0.5114464099895941,0.1130220283363722,0.085071968197701,1.3285460620085492,0.0162424951701418,,,,-0.0018719714053963,-0.0020891902054208,0.0629061041456941,0.0004272591326639,0.2046629143531146,1125860160.0,印制电路板,8473000000.0,-104.9,3.68,22.860150474162737,,0.2717391304347826,,,,,,,,,32.33474362411708,低,0.5438492903889548,0.0,94.03254972875229,55.76719260833296,20260902T215322_score_0067f767,,,,,,,,,,
2026-09-02 21:53:49,2026-09-02,24.61,24.39,24.92,24.02,9239474.0,0.0356999999999999,160899000.0,688207,-0.0016373311502251,-0.0806633999246136,-0.1675767918088737,0.0512931034482759,-0.0255693168198162,0.6003115003574162,-0.0822891974263462,-0.0888090508894604,0.8454415299131749,184362829.0,0.1918508969051088,18.89628740311798,43.63770606014251,,,,,,,0.2444444444444426,0.4111111111111112,0.3444444444444461,0.4111111111111112,-0.0035674499168362,,0.0184445767221248,96.42857142857144,32.083333333333336,46.72619047619048,56.13095238095238,100.0,关键词新闻评分,9,64.71428571428571,943,0.4602332979851538,0.1482987897721935,0.0999607273555418,1.4835705351034725,0.0142965689683575,,,,-0.0162849875257846,-0.0048629062276142,0.070930709307093,-0.0021819173598799,0.1776399458827924,209470360.0,集成电路,4511000000.0,-22.39,1.83,22.22978469537267,,0.5464480874316939,,,,,,,,,32.15156025495236,低,0.5438492903889548,0.0,97.75467148884871,49.58314113377284,20260902T215322_score_0067f767,,,,,,,,,,
2026-09-02 21:53:49,2026-09-02,39.49,40.21,40.54,39.49,9784300.0,0.0233999999999999,379182600.0,002957,-0.0366554863440344,0.011317907444668,-0.2923266455473424,0.377998629198081,-0.0110673880964091,0.6766181411648413,-0.0421743428496561,-0.1083005004398253,0.6207889979259247,1668886667.0,0.0334973241042488,19.753528443853646,46.27637664763006,,,,,,,0.6857142857142865,0.6857142857142865,0.3142857142857135,0.0,0.0014034460856736,,0.0244387393816223,98.8095238095238,35.77380952380953,47.083333333333336,60.208333333333336,61.25,关键词新闻评分,10,63.15922619047619,1580,0.4917721518987342,0.1279395565291551,0.0945548658307113,1.353072159799949,0.0148616950386659,,,,-0.0014246157111673,-0.0018645613889596,0.067218531282197,0.0032435129740517,0.1760962683389902,887704510.059,其它专用机械,16346000000.0,52.5,4.94,23.51724905604035,0.019047619047619,0.2024291497975708,,,,,,,,,33.3026677657087,低,0.5438492903889548,0.0,98.52320675105486,56.23247752254028,20260902T215322_score_0067f767,,,,,,,,,,
2026-09-02 21:53:49,2026-09-02,81.99,82.77,84.05,81.53,56395.0,2.17,319861544.94,001301,-0.0934282584884994,0.0533214558411809,-0.1061555075593952,-0.0209368346344926,-0.0032514450867052,0.4723697164100814,-0.0188826855374987,-0.0193069864157964,0.0173311634063187,228163109.0,0.0783265229925799,19.583398791192334,46.36849257759506,,,,,,,0.3095238095238105,0.4920634920634908,0.5079365079365092,0.1825396825396803,0.0274302111503551,,6.071532165918825e-17,72.61904761904762,61.13095238095238,60.71428571428571,47.79761904761905,67.5,关键词新闻评分,7,63.13095238095238,751,0.4980026631158455,0.1361971820408692,0.0930841510610893,1.4631618861892566,0.0210985634264372,3.03,-0.33,-0.27,0.0145175622990034,0.0193546424051499,0.0433041647249693,-0.0001610630159047,0.4350443820999335,392918563.2065,锂,20699000000.0,23.89,2.88,23.753351226872063,0.0418585182084554,0.3472222222222222,,,,,,,,,26.15370478963104,低,0.5438492903889548,0.0,44.43942133815552,80.68443823255495,20260902T215322_score_0067f767,,,,,,,,,,
2026-09-02 21:53:49,2026-09-02,535.31,527.63,541.31,519.59,255682.0,3.25,4438969923.88,002281,0.0326450729034151,0.0108629013717524,-0.1729548411367306,0.8724891759528712,-0.0397473929422899,0.7435401250154355,-0.0372611308071695,-0.1399631946040485,0.006776211658457,5459438635.0,0.0252633369043146,22.213688187573737,45.5268964729314,,,,,,,0.3535911602209935,0.3701657458563533,0.276243093922653,0.3701657458563533,0.0034666032972404,,0.0068606777929056,88.09523809523809,39.82142857142858,35.0595238095238,57.73809523809523,100.0,关键词新闻评分,7,62.05654761904761,1962,0.518348623853211,0.1337149247296391,0.0784349868350677,1.7047867300700066,0.0315326278750784,3.95,-3.97,-21.84,-0.0243997151118838,-0.0288588466075066,0.062653482824815,-0.0035504523049614,0.3302864453935228,7397451878.8085,通信传输设备,143582000000.0,124.19,9.93,25.69017213751438,0.0080521781141798,0.1007049345417925,,,,,,,,,29.551014957625608,低,0.5438492903889548,0.0,83.6045810729355,51.11295970614546,20260902T215322_score_0067f767,,,,,,,,,,
2026-09-02 21:53:49,2026-09-02,129.22,129.58,132.06,128.81,63341300.0,0.0498,2558941600.0,600498,0.0127393513091051,0.0793835901707622,-0.2985438207113082,-0.2774618043938887,-0.0139258808309868,0.5978641582491865,0.0043014919589228,-0.1843431826646173,0.6642589608755411,5960216384.0,0.032328675647691,21.66285957283982,47.54889824209167,,,,,,,0.1107692307692349,0.23692307692308,0.7630769230769199,0.1261538461538451,0.0085689266476279,,0.0036955769032081,80.95238095238095,50.238095238095234,60.35714285714285,22.97619047619048,91.53846153846152,关键词新闻评分,9,61.51694139194139,1961,0.4732279449260581,0.1006242744984899,0.0694404722783726,1.4490724385500684,0.0110389183432124,,,,-0.0127389667738003,-0.0281668064314946,0.0630167794853703,-0.0043795620437955,0.5459429219946773,3821905395.0,通信传输设备,54490000000.0,159.3,3.1,24.72128303554142,0.0062774639045825,0.3225806451612903,,,,,,,,,32.60719670012735,低,0.5438492903889548,0.0,89.88848704038578,63.108963366223406,20260902T215322_score_0067f767,,,,,,,,,,
2026-09-02 21:53:49,2026-09-02,125.88,127.54,131.22,125.62,53211400.0,0.0527,2556328800.0,601208,0.0672803347280335,0.206166067713259,-0.1938053097345131,0.4712192871150076,-0.0108577633007599,0.7533115557241769,0.0146380270485282,-0.0911951963649709,0.7064287104935226,4550056244.0,0.1117126163785998,21.66183800407732,51.3997437671061,,,,,,,0.2964285714285736,0.3428571428571435,0.6571428571428565,0.0464285714285698,0.0149014930185669,,2.775557561562892e-17,65.47619047619048,55.89285714285714,80.83333333333334,29.107142857142858,73.47826086956522,关键词新闻评分,9,61.496635610766056,1957,0.544200306591722,0.1266089168376172,0.0745779826519856,1.6976715155789524,0.0349079897324942,,,,0.0125873766340277,-0.0012672749156214,0.0620701628620712,-0.004578802226963,0.5758785697868506,3533055200.0,其他塑料制品,48226000000.0,118.54,7.82,24.599164131655925,0.0084359709802598,0.1278772378516624,,,,,,,,,33.64438187252781,低,0.5438492903889548,0.0,89.96383363471972,69.92306905644786,20260902T215322_score_0067f767,,,,,,,,,,
2026-09-02 21:53:49,2026-09-02,45.74,43.12,46.83,42.99,372215200.0,0.42,2557589700.0,300189,0.0994390617032126,0.4282875124213314,0.3645569620253164,-0.198661958743728,-0.1131221719457014,1.351370331487953,0.1565437794198503,0.3652338184542967,2.373966125440396,17862374121.0,0.0270363855235788,21.66233112887977,60.62415259657822,,,,,,,0.6822916666666685,0.0338541666666655,0.2838541666666659,0.0338541666666655,0.0406526379539295,,-3.4694469519536136e-17,28.57142857142857,79.40476190476191,88.63095238095238,34.94047619047619,98.0,关键词新闻评分,4,61.18988095238096,1954,0.4790174002047083,0.1271182949792569,0.0890341727864958,1.4277472458141085,0.014506620370487,,,,0.0849592686918231,0.069841920866729,0.1199145242512589,-0.0269294418534677,0.7830441074680221,1599396637.1655002,种子生产,6851000000.000001,63.42,10.0,22.64766046396717,0.0157678965625985,0.1,,,,,,,,,29.047426134758435,低,0.5438492903889548,0.0,83.3785412899337,48.05708726436674,20260902T215322_score_0067f767,,,,,,,,,,
2026-09-02 21:53:49,2026-09-02,149.12,146.48,156.4,145.04,280916.0,12.7,1044334834.13,300191,-0.0245071923281833,0.1947797716150081,0.2334119232064666,-0.1995628415300546,-0.0273572377158034,0.5059920864859494,0.0521174510141928,0.190287875012189,0.0268219136397894,989803091.0,0.1072984163347355,20.76664599829073,60.29610197994917,,,,,,,0.2323943661971841,0.1267605633802813,0.6408450704225346,0.1267605633802813,0.0085360703652144,,6.938893903907228e-18,43.45238095238096,85.05952380952381,63.51190476190476,25.59523809523809,95.0,关键词新闻评分,6,60.34226190476191,1954,0.4662231320368475,0.1201765804364067,0.0759394393074557,1.5825318376377293,0.015494385660128,7.54,-2.74,-4.12,0.0513638756856134,0.0444304036640404,0.0584965280486853,-0.0189319521343096,0.7149397058463504,652709801.6605,油气钻采服务,11606000000.0,61.44,9.44,23.174788042714827,0.0162760416666666,0.1059322033898305,,,,,,,,,28.605051664985886,低,0.5438492903889548,0.0,78.72212176009644,51.316483505666085,20260902T215322_score_0067f767,,,,,,,,,,
2026-09-02 21:53:49,2026-09-02,1339.14,1327.4,1351.52,1311.35,446687.0,3.22,8209103731.75,002384,-0.055970414622004,-0.0284497207726144,-0.1818193025061946,0.7436880960512835,-0.0277381030858364,0.5648742304852721,-0.0691973317083671,-0.1607472851843823,0.0105127401450115,10885248549.0,0.0197708656247037,22.82850958669877,41.71910120697216,,,,,,,0.292257903908389,0.3995519044062771,0.3081901916853338,0.3995519044062771,0.0059116319374721,,0.0041540097386744,83.33333333333334,39.285714285714285,34.226190476190474,57.08333333333333,100.0,关键词新闻评分,8,60.22916666666667,1891,0.550502379693284,0.1618208623148352,0.1002125020908905,1.6147771878609254,0.0440374885734989,2.94,-2.77,-37.87,-0.0248033009904231,-0.0228368098552158,0.0656724208441851,-0.00202241953552,0.0802425068607429,13484810701.891,印制电路板,335972000000.0,93.72,13.79,26.540293660103867,0.0106700810926163,0.0725163161711385,,,,,,,,,32.345910836038,低,0.5438492903889548,0.0,97.1518987341772,51.682508680572525,20260902T215322_score_0067f767,,,,,,,,,,
2026-09-02 21:53:49,2026-09-02,91.17,88.64,93.5,87.72,66586500.0,0.0968,1095104100.0,300328,-0.0659641728134879,0.1163727959697731,-0.2221832221832221,-0.1863411051955205,-0.0363122417916939,0.6412484377679861,0.0318194781535741,0.0971632273729683,1.2850019327182471,6051282084.0,0.0200578424422295,20.81411526510246,55.3697006217145,,,,,,,0.4377162629757786,0.1591695501730106,0.4031141868512107,0.1591695501730106,0.0094035995645544,,3.4694469519536136e-17,69.04761904761905,55.35714285714286,69.28571428571429,40.17857142857143,50.0,关键词新闻评分,5,59.43750000000001,1949,0.5187275525910724,0.1338961429452833,0.0966231815021052,1.3857558907058554,0.022953543493436,,,,0.0540608003310576,0.0459489933173137,0.0700989556472408,-0.0146001630475061,0.6298097646370322,827820835.0,铝,11164000000.0,-215.17,10.79,23.135960152620488,,0.0926784059314179,,,,,,,,,36.70158102538742,低,0.5438492903889548,0.0,99.60819770946352,77.4452446425202,20260902T215322_score_0067f767,,,,,,,,,,
2026-09-02 21:53:49,2026-09-02,53.66,54.72,56.04,53.25,92293500.0,0.1552,1111099100.0,603466,0.0944,0.0537261698440207,-0.0133429498737829,0.1192472898343219,0.009035589157293,0.6358185725171576,0.0258236865538734,0.0767414403778037,1.4106506889672163,3113761456.0,0.0642962088803464,20.828615543445817,56.94445226102335,,,,,,,0.3799283154121873,0.5268817204301073,0.4731182795698927,0.1469534050179199,0.006633267858037,,4.3368086899420185e-18,40.47619047619048,62.61904761904762,68.75,51.66666666666666,100.0,关键词新闻评分,10,59.29761904761905,1956,0.4959100204498977,0.1094859396520138,0.0912968689558918,1.1992299506449626,0.0082733377668425,,,,0.0105956918708182,0.0102071914241544,0.0493943191311612,0.0009145783793671,0.6297649267106704,787204775.0,装修装饰,7173999999.999999,122.86,3.38,22.693729216056504,0.008139345596614,0.2958579881656805,,,,,,,,,31.90484970623265,低,0.5438492903889548,0.0,83.07715491259795,67.50842624397582,20260902T215322_score_0067f767,,,,,,,,,,
2026-09-02 21:53:49,2026-09-02,126.57,121.57,126.64,119.47,62880800.0,0.0105,1385290400.0,600188,0.0113135346476997,0.0913906095699792,-0.0723388019839756,0.0728973612214278,-0.0167421546425106,0.3536766377822472,-0.0020071502161073,0.0574170101172346,1.1166614945368547,5718591246.0,0.0358022125065454,21.04917563041909,52.72966552832769,,,,,,,0.6973500697350068,0.2928870292887021,0.0097629009762911,0.2928870292887021,0.0067357739298397,,-3.469446951953614e-18,35.714285714285715,67.5,66.84523809523809,62.44047619047619,87.80000000000001,关键词新闻评分,7,59.10440476190477,1962,0.5107033639143731,0.0837701384368662,0.0501954516578837,1.6688790651355585,0.018221225852279,,,,0.0187079694065887,0.0184857570577177,0.0357877295855415,-0.0080776762402089,0.491626832534954,1235419425.0,煤炭开采,220309000000.0,19.45,2.87,26.118296943301985,0.0514138817480719,0.3484320557491289,,,,,,,,,32.9743659387106,低,0.5438492903889548,0.0,85.53345388788426,71.36346916011374,20260902T215322_score_0067f767,,,,,,,,,,
2026-09-02 21:53:49,2026-09-02,65.19,64.84,65.48,64.0,5409000.0,0.0232,332536700.0,603026,-0.0239349691404486,-0.0747716894977168,-0.2299287410926366,-0.0875316633830565,-0.0142900577683185,0.2617767045531584,-0.0500468823253632,-0.1437532326044611,0.713939237950048,682947094.0,-0.0203084418683041,19.622260790916243,38.25683596362083,,,,,,,0.236486486486482,0.5675675675675683,0.1959459459459496,0.5675675675675683,-0.00248618294214,,4.098284211995207e-17,71.42857142857143,40.65476190476191,32.5,73.33333333333333,100.0,关键词新闻评分,10,59.09226190476191,1962,0.4933741080530071,0.1579056592615483,0.1046902977235733,1.50831225715382,0.0248677483322869,,,,-0.0271157325853411,-0.0266577187191594,0.0394046884639111,0.0010292301358583,0.0802676629706446,497585890.0,化工,14347999999.999998,27.49,2.65,23.386876396616447,0.0363768643142961,0.3773584905660377,,,,,,,,,28.13891491224947,低,0.5438492903889548,0.0,75.33152501506933,52.729700814126105,20260902T215322_score_0067f767,,,,,,,,,,
2026-09-02 21:53:49,2026-09-02,142.39,143.12,143.47,139.44,76509.0,1.98,191977743.14,002832,0.041478678503857,-0.0198602931105328,0.2021839563208736,0.4398390342052314,0.0065405443420776,0.3080490089622416,0.00230757648443,0.0834571913789754,0.0072205845351451,706444588.0,-0.0633293555673436,19.072890007335783,56.34427191873692,,,,,,,0.1811414392059598,0.9131513647642694,0.0868486352357305,0.7320099255583097,0.0007708949467861,,2.0816681711721685e-17,60.11904761904761,67.85714285714286,23.392857142857142,82.91666666666666,68.52941176470588,关键词新闻评分,7,58.96901260504202,1962,0.5295616717635067,0.0741036816716876,0.058478328733403,1.267199033842418,0.0117320223424834,2.83,0.65,0.93,0.0096013819954629,0.01453754716386,0.0316367883095105,0.0078163509611999,0.5051119944746503,286175975.671,其他服装,14438999999.999998,23.03,2.66,23.39319871593549,0.0434216239687364,0.3759398496240601,,,,,,,,,28.336505842096727,低,0.5438492903889548,0.0,65.12959614225437,67.64954551019443,20260902T215322_score_0067f767,,,,,,,,,,
2026-09-02 21:53:49,2026-09-02,24.68,24.62,24.92,24.33,7374200.0,0.0141,176158100.0,601133,-0.0723436322532026,-0.03147128245476,-0.1591530054644808,0.5095033721643165,-0.0151999999999999,0.5630864640577145,-0.0753398933373393,-0.1933643129781412,0.5685667594848188,532765800.0,0.0355561835983261,18.98689245090779,39.427800884500776,,,,,,,0.1016949152542345,0.4915254237288153,0.4067796610169502,0.4915254237288153,0.001367870900258,,0.0070324345451545,89.28571428571429,40.35714285714285,41.845238095238095,55.892857142857146,50.0,无新闻/中性,6,58.62797619047619,681,0.566813509544787,0.114744058149888,0.0815322934043834,1.4073449103262798,0.0297197942607395,,,,-0.0368634066202765,-0.036149468433176,0.059533480329581,-0.0001353729524841,0.0445706313049153,338405000.0,,12587000000.0,60.61,4.12,23.25593037225578,0.0164989275697079,0.2427184466019417,,,,,,,,,24.14764502554465,低,0.5438492903889548,0.0,49.86437613019892,60.07743341592122,20260902T215322_score_0067f767,,,,,,,,,,
2026-09-02 21:53:49,2026-09-02,28.64,29.32,29.59,28.44,248569.0,2.27,103030390.0,002512,0.0334860768417342,0.093214019388516,-0.0584457289659602,-0.028817489234846,0.0187630298818624,0.4150524331311332,0.0487534427871372,0.1296329591862943,0.0142433117370406,6333263091.0,0.0011213397329205,18.450534560925213,62.70689511027178,,,,,,,0.5913043478260874,0.765217391304348,0.2347826086956521,0.1739130434782604,0.0096434357310681,,-6.938893903907228e-18,33.33333333333333,70.6547619047619,48.98809523809524,72.5,100.0,关键词新闻评分,7,58.336309523809526,1802,0.516093229744728,0.1235810486843489,0.1120586556906549,1.1028246584137358,0.0095534003963337,4.0,1.88,0.54,0.0283427596343882,0.028270015213461,0.0384671603975833,0.0069834001144821,0.9065918495354472,108619262.0325,计算机,4619000000.0,-39.84,14.34,22.25344406839488,,0.0697350069735007,,,,,,,,,28.886712959350767,低,0.5438492903889548,0.0,77.63713080168776,54.64088007931018,20260902T215322_score_0067f767,,,,,,,,,,
2026-09-02 21:53:49,2026-09-02,99.89,98.99,101.04,96.91,10666900.0,0.0608,442594100.00000006,603200,-0.0245368545526213,0.0880413277643437,-0.1004997728305315,-0.4133230605108753,-0.0274120652387502,0.6035639621648642,0.0643456569772755,0.0521132074803241,1.266278244311963,1114651673.0,-0.0075890189956097,19.90816365743095,57.48299103524958,,,,,,,0.217917675544795,0.5036319612590783,0.2784503631961266,0.5036319612590783,0.0123468226512773,,2.255140518769849e-17,62.5,64.22619047619048,66.96428571428572,66.30952380952381,0.0,关键词新闻评分,10,58.145833333333336,1962,0.4770642201834862,0.152149645578647,0.0950810437585063,1.6002100898796152,0.0228638722555484,,,,0.0307002672835614,0.0149535683696786,0.0574372591748084,0.0001010305112143,0.7230360677910806,343283585.0,环保工程及服务,7303000000.0,-303.89,6.73,22.711551059584384,,0.1485884101040119,,,,,,,,,30.819832181373407,低,0.5438492903889548,0.0,82.62507534659434,60.87774883291903,20260902T215322_score_0067f767,,,,,,,,,,
2026-09-02 21:53:49,2026-09-02,225.16,226.94,229.8,222.5,7766300.0,0.0351,1742616600.0,300666,-0.0438995618469835,0.0135774899508709,0.002473716759431,0.5092106138192458,-0.0146752344564085,0.7245404063838318,-0.0944712229067579,-0.1688737214697856,0.4962642636118348,1688946724.0,0.0346981564437289,21.278653614285577,42.708365034575465,,,,,,,0.2438356164383559,0.6082191780821905,0.3917808219178095,0.3643835616438345,0.0046758869344927,,0.0007930573593828,76.19047619047619,43.63095238095239,46.011904761904766,60.41666666666666,57.38461538461539,关键词新闻评分,8,57.76822344322345,1947,0.5084745762711864,0.1280012280377738,0.0819133879121421,1.5626411176530035,0.0248228574861202,,,,-0.0212173486685276,-0.0134552877235787,0.0644726737085951,0.002326129203227,0.0665187335185555,3907477045.0,半导体材料,62215000000.0,79.1,8.53,24.853861965174005,0.0126422250316055,0.1172332942555686,,,,,,,,,30.850508292327763,低,0.5438492903889548,0.0,78.20976491862568,66.96933680990627,20260902T215322_score_0067f767,,,,,,,,,,
2026-09-02 21:53:49,2026-09-02,51.38,52.12,53.58,50.56,57012200.0,0.1153,1472831500.0,603011,0.1227919000430848,0.2619854721549637,-0.1123978201634877,-0.0489051094890511,-0.0030604437643458,0.8659895308261993,0.0549966601218547,0.0021920547629119,0.8707333839676084,4422391932.0,0.0887957597843242,21.11045257616609,56.42745924350856,,,,,,,0.2450331125827801,0.5165562913907276,0.4834437086092724,0.2715231788079474,0.0213605821834292,,-0.0016494176912856,22.61904761904762,63.15476190476191,85.47619047619047,51.42857142857142,100.0,关键词新闻评分,10,57.38392857142858,1955,0.5319693094629157,0.1355671003107756,0.0963271866443022,1.4073607361893656,0.0270334570555857,,,,0.0330274023594669,0.0197080845609924,0.0716478456309615,0.0006399590426211,0.727476953647682,1588275060.0,机械设备,12706000000.0,-43.43,6.84,23.26534015979076,,0.1461988304093567,,,,,,,,,30.562870700750075,低,0.5438492903889548,0.0,82.08257986739,59.88799960103596,20260902T215322_score_0067f767,,,,,,,,,,
2026-09-02 21:53:49,2026-09-02,76.12,75.7,76.91,74.71,9186090.0,0.0451,310649200.0,688598,-0.0718489455615497,0.2071439961728591,0.0011903187409072,0.2776371308016878,-0.0279917822290702,0.9916460426845192,-0.028534395913941,-0.1042321186626197,0.4226418047936746,296350069.0,0.6405013579124351,19.55417486244428,47.9885249490245,,,,,,,0.1909090909090914,0.4500000000000035,0.359090909090905,0.4500000000000035,0.0158849651662522,,1.214306433183765e-17,50.0,59.58333333333333,76.01190476190476,55.11904761904762,35.27272727272727,关键词新闻评分,9,56.89334415584416,1389,0.4600431965442764,0.1853632488263341,0.1323979071271621,1.4000466687762756,0.0137859507952885,,,,0.0180876478400465,0.0160009152436941,0.0941498395923759,-0.0009677986978706,0.4238244577365105,760823425.0,非金属新材料,7018000000.000001,-5.59,1.84,22.67174411410744,,0.5434782608695652,,,,,,,,,36.4186236774672,低,0.5438492903889548,0.0,99.87944544906571,75.19719867024915,20260902T215322_score_0067f767,,,,,,,,,,
2026-09-02 21:53:49,2026-09-02,90.02,87.28,90.02,87.02,8573100.0,0.0118999999999999,164957100.0,603613,0.0394188400619268,-0.0370697263901147,-0.098533360875852,-0.2607148907335254,-0.0232766338406446,0.3024056892943572,0.0182819408957801,0.0168188296331388,0.9914576964287468,126060904.0,-0.088976957511855,18.92119600412117,53.87025647123006,,,,,,,0.9133333333333316,0.0866666666666683,0.0,0.0866666666666683,0.000958413606069,,3.2959746043559335e-17,67.85714285714286,56.90476190476191,38.75,49.40476190476191,70.76923076923077,关键词新闻评分,6,56.8209706959707,1578,0.5050697084917617,0.1143040319548987,0.1001523712748771,1.1413013042015865,0.0081630617885774,,,,-0.0011220047268109,-0.0065727494502284,0.0302474793767186,-0.0093825665859564,0.6381215914064086,163504755.0,互联网信息服务,13819999999.999998,10.41,1.41,23.349382655285936,0.0960614793467819,0.7092198581560284,,,,,,,,,30.38075900006492,低,0.5438492903889548,0.0,75.99457504520797,66.79126135937761,20260902T215322_score_0067f767,,,,,,,,,,
2026-09-02 21:53:49,2026-09-02,27.59,27.02,27.74,26.99,504431.0,2.4,422872240.48,002739,-0.0077120822622108,-0.0585365853658536,-0.0185252451870686,-0.1673343605546996,-0.0270075621173928,0.608988618292997,-0.0624566273421235,-0.0667794912532164,0.0041282150676514,2274877546.0,0.2451123628997084,19.86258066179232,42.01652534612803,,,,,,,0.7600000000000003,0.0400000000000015,0.1999999999999981,0.0400000000000015,0.0006808378038516,,0.0007021303538572,75.0,44.10714285714285,36.07142857142857,39.94047619047619,100.0,关键词新闻评分,8,56.73214285714286,1752,0.4189497716894977,0.0884786727457534,0.0701221439232428,1.2617793438062015,-0.0036763679899989,2.7,-2.7,-0.75,-0.0240613045592559,-0.0197314010474695,0.0327535159141376,-0.008440366972477,0.2902504704558641,1220191635.1005,影视动漫,17612000000.0,-99.66,2.45,23.59184632483992,,0.4081632653061224,,,,,,,,,20.63054897013113,低,0.5438492903889548,0.0,45.53948161543099,42.39665239952164,20260902T215322_score_0067f767,,,,,,,,,,
2026-09-02 21:53:49,2026-09-02,25.83,26.95,27.67,25.63,1294313.0,22.68,1175559330.13,002328,0.2009803921568627,0.2718263331760262,0.0906515580736542,0.2283500455788514,0.0309869931140014,0.4187416017733307,0.179869973513123,0.2150403510617511,2.908093115114327,42979755.0,0.1198938101151636,20.88500989777148,79.42977461997401,,,,,,,0.549019607843137,0.647058823529411,0.352941176470589,0.098039215686274,0.0217467678051971,,-0.0385071282181939,1.1904761904761905,91.13095238095238,94.88095238095238,60.17857142857142,50.0,无新闻/中性,4,56.142857142857146,1955,0.5028132992327365,0.0978934273742292,0.0672394253354971,1.455893278173945,0.0157915691471938,7.8,3.1,0.81,0.0366678759327011,0.0179577307647865,0.036178107606679,0.0074766355140185,1.1961446491017511,352474336.2995,汽车零部件,7084999999.999999,17.6,2.02,22.68124571008905,0.0568181818181818,0.495049504950495,,,,,,,,,18.97944263177349,低,0.5438492903889548,0.0,30.0,52.10858563104541,20260902T215322_score_0067f767,,,,,,,,,,
2026-09-02 21:53:49,2026-09-02,171.81,171.77,174.93,170.28,1369865.0,4.79,5224029460.55,000938,0.0857774968394438,-0.3139079725195718,-0.0477853539553189,-0.0060756856845272,-0.0083708578686063,2.898101040385811,-0.2066490540939993,-0.2267332326440392,0.6209010965038169,101104975.51,0.0351319073209048,22.37653486855816,42.784189800193694,,,,,,,0.0086021505376326,0.3204301075268833,0.670967741935484,0.3204301075268833,0.0126242417091067,,0.0492423619732156,100.0,15.83333333333333,41.96428571428571,29.047619047619047,91.14285714285714,关键词新闻评分,8,55.82261904761905,1957,0.4670413898824732,0.1218290554275085,0.0848057721470028,1.4365656056562912,0.0117012449215221,2.68,-0.84,-1.45,-0.1013883277328985,-0.0851235352628954,0.1634328296143514,-0.0032302990444504,0.2766100021943793,8329251021.852,IT服务,108654000000.0,38.65,6.08,25.41143435843367,0.0258732212160414,0.1644736842105263,,,,,,,,,21.425872532509946,低,0.5438492903889548,0.0,57.14285714285714,32.22764211214551,20260902T215322_score_0067f767,,,,,,,,,,
2026-09-02 21:53:49,2026-09-02,225.46,228.33,232.82,224.59,374028.0,2.23,1910426683.75,002080,0.0157480314960631,0.037439229406152,-0.2019502988361119,0.1034166143140191,-0.0010937089859129,0.7047036072292271,-0.0603626367295203,-0.1776455588610286,0.0074985251690602,4011985074.0,0.0337656180261506,21.370592449213035,43.97951779000944,,,,,,,0.3487241798298916,0.4544349939246675,0.5455650060753324,0.1057108140947759,0.0087646795377859,,0.0017350880194631,78.57142857142857,40.95238095238096,45.833333333333336,40.83333333333333,54.84615384615385,关键词新闻评分,7,54.58580586080586,1953,0.5253456221198156,0.1302821509559271,0.0808555370414711,1.611295351227521,0.0300647230124615,3.6,-0.11,-0.25,-0.0295449818403609,-0.0309144613290568,0.0639018713516151,-0.0010937089859129,0.2772886114095347,2931920501.077,玻纤,85232000000.0,42.05,4.18,25.16864278712105,0.0237812128418549,0.2392344497607655,,,,,,,,,29.19112172356617,低,0.5438492903889548,0.0,79.4906570223026,54.19890354659307,20260902T215322_score_0067f767,,,,,,,,,,
2026-09-02 21:53:49,2026-09-02,597.91,626.56,635.58,594.33,264704500.0,0.0666,11617627900.0,600176,0.1086810347878401,0.1144193657399994,0.1186573826102479,0.6058229535086368,0.0240585774058577,0.6562585381027798,0.0334072785149388,-0.0813742829956404,1.0814045175467462,7120249269.0,0.098471769647277,23.175789428202165,52.70932571016522,,,,,,,0.694545454545454,0.781333333333331,0.2186666666666689,0.086787878787877,0.0080724134089868,,-0.0017350880194631,21.428571428571427,69.82142857142857,71.66666666666667,70.59523809523809,55.14285714285714,关键词新闻评分,7,54.32083333333333,1952,0.5230532786885246,0.101009328419353,0.0640192432595056,1.5777963511675082,0.0222994922344055,,,,-0.0071619157692773,-0.0194105258202813,0.0609119637385087,0.0125022219588788,0.7248040394215256,10446464175.0,玻纤,176658000000.0,38.98,5.33,25.89748149701738,0.0256541816316059,0.1876172607879924,,,,,,,,,27.166260931190926,低,0.5438492903889548,0.0,58.559373116335145,68.60821013871472,20260902T215322_score_0067f767,,,,,,,,,,
2026-09-02 21:53:49,2026-09-02,196.86,195.57,198.81,192.65,24939690.0,0.0218,4819548800.0,688008,-0.0388263626087383,-0.088124213176668,-0.1799312311304931,0.2876613115617592,-0.026142814460711,0.6660766276866239,-0.0652333929203031,-0.1622689032434934,0.6328424497316006,3169295229.0,-0.0436951015366937,22.29594615087621,42.63446986062032,,,,,,,0.2094155844155878,0.4740259740259722,0.3165584415584399,0.4740259740259722,-0.0003264592719299,,0.0019582001305299,79.76190476190477,28.392857142857142,28.035714285714285,60.833333333333336,82.4,关键词新闻评分,6,53.99892857142857,1587,0.5072463768115942,0.1330216381796254,0.0945444631171715,1.406974388492407,0.0208876172507689,,,,-0.028677687411907,-0.0293219536959351,0.0571114471252529,-0.0005451169446194,0.1384882362443973,8225062380.0,集成电路,235686000000.0,76.67,11.07,26.18576624758515,0.0130429111777748,0.0903342366757,,,,,,,,,25.24452625207657,低,0.5438492903889548,0.0,60.35262206148282,53.40564701775549,20260902T215322_score_0067f767,,,,,,,,,,
2026-09-02 21:53:49,2026-09-02,63.45,62.87,63.97,62.48,7422400.0,0.0121,446012300.00000006,603650,-0.0327692307692307,0.0282957147530258,0.0643304553919079,0.0916825837819064,-0.0133396107972378,0.4791934398823619,-0.0642047526550417,-0.1297386585951055,0.4040428234005594,1745099837.0,-0.0115182967263828,19.915857090321484,41.82559274863783,,,,,,,0.389261744966446,0.261744966442953,0.3489932885906009,0.261744966442953,0.0061345031385881,,1.8648277366750682e-17,57.14285714285714,60.41666666666667,39.88095238095239,46.8452380952381,56.75,关键词新闻评分,9,52.92500000000001,1841,0.4986420423682781,0.1371631923982263,0.088919254906437,1.5425589490437432,0.0238149583611788,,,,-0.0193795986269296,-0.0153679337710859,0.0506146470040218,-0.0037502641031058,0.0825801065342022,1187783920.0,其他化学制品,36878000000.0,61.39,8.78,24.330881004229383,0.0162892979312591,0.1138952164009111,,,,,,,,,33.19081962020758,低,0.5438492903889548,0.0,86.5581675708258,71.44020879283822,20260902T215322_score_0067f767,,,,,,,,,,
2026-09-02 21:53:49,2026-09-02,71.8,70.71,72.02,70.5,104900100.0,0.0132,301292700.0,600166,-0.0121542330259849,-0.0714379514116876,-0.0634437086092716,-0.0607066950053135,-0.0211794019933555,0.2391654881148661,-0.0265559823235452,-0.0506537300541288,0.8994109292728012,14796066455.0,-0.0260926484888011,19.52359277878221,42.00755791131472,,,,,,,0.7171052631578989,0.1381578947368383,0.1447368421052627,0.1381578947368383,-0.0045780191073005,,1.7347234759768068e-17,54.761904761904766,51.90476190476191,33.154761904761905,51.30952380952381,85.1219512195122,关键词新闻评分,8,52.24433797909408,1962,0.4648318042813456,0.0824968943122305,0.0590219525434466,1.3977323818879712,0.0067605083802931,,,,-0.0119002347415574,-0.0117262570159748,0.0241630805907428,-0.0051587487689348,0.2012487974688381,343182260.0,商用载货车,22644000000.0,15.17,1.43,23.843160753120824,0.0659195781147,0.6993006993006994,,,,,,,,,31.94043452401705,低,0.5438492903889548,0.0,80.45509342977698,71.24174033963311,20260902T215322_score_0067f767,,,,,,,,,,
2026-09-02 21:53:49,2026-09-02,65.44,64.4,65.67,63.71,620355.0,4.93,439178947.4,000676,0.0726182544970022,-0.2423529411764705,0.0368700692320078,-0.2815707273538598,-0.0209790209790209,1.2570770063815542,-0.0772978007020559,-0.0321853475266123,0.5975756550593978,102783909.56,-0.0471134859567126,19.90041751531685,45.92690255403337,,,,,,,0.5306122448979549,0.3520408163265329,0.1173469387755121,0.3520408163265329,-0.0086165828849604,,0.0087585978183129,91.66666666666666,24.94047619047619,18.51190476190476,62.38095238095239,50.0,无新闻/中性,10,51.79464285714285,1956,0.4401840490797546,0.1279440758861517,0.0896866603609387,1.4265675115033642,0.0061109183245136,2.98,-2.1,-1.38,-0.0362960257686852,-0.0317227907040201,0.0866237799467613,-0.0029930849416863,0.3521726131970381,746206439.2165,移动互联网服务,8907000000.0,43.99,2.07,22.910103321396143,0.0227324391907251,0.4830917874396135,,,,,,,,,30.82252766359712,低,0.5438492903889548,0.0,90.50632911392404,50.38738035797083,20260902T215322_score_0067f767,,,,,,,,,,
2026-09-02 21:53:49,2026-09-02,161.28,161.96,162.96,159.83,3036900.0,0.0141999999999999,472087600.0,603929,-0.035607955222103,-0.0198499152747518,-0.2352080086886716,0.194307204483445,-0.0087520656098902,0.5556349545332816,-0.0551888484749489,-0.1766057611160254,0.5413103635739781,912896666.0,0.0190778909740654,19.97267512166813,41.61682721642522,,,,,,,0.2172523961661366,0.6805111821086257,0.3194888178913743,0.463258785942489,-0.0018128313282758,,1.0408340855860844e-17,47.61904761904761,39.40476190476191,35.95238095238095,68.51190476190476,100.0,关键词新闻评分,8,51.60416666666666,1953,0.5089605734767025,0.1450217089272585,0.0823542419957792,1.7609500787426489,0.0333711523808206,,,,-0.025541406686503,-0.0258629748625143,0.0540874289948135,0.0023310985043836,0.1224251764636135,936858625.0,建筑装饰,33284000000.0,27.24,13.94,24.2283426379846,0.0367107195301027,0.0717360114777618,,,,,,,,,27.26951899486702,低,0.5438492903889548,0.0,77.92344786015673,43.47783090479327,20260902T215322_score_0067f767,,,,,,,,,,
2026-09-02 21:53:49,2026-09-02,57.32,56.3,57.57,55.88,8575700.0,0.04,452768300.0,300726,0.0271848202882685,-0.0054760642995937,-0.2340136054421768,0.0521397869557092,-0.0269616315243692,0.4864789839214122,-0.0233155228644786,-0.1433136364789126,0.6604602589409008,1104936259.0,-0.0228776549639428,19.93089107577723,46.07239063521887,,,,,,,0.6035502958579908,0.2485207100591687,0.1479289940828404,0.2485207100591687,0.0009915571175721,,1.6046192152785466e-17,53.57142857142857,45.77380952380952,41.01190476190475,55.77380952380952,73.14285714285714,关键词新闻评分,9,51.397619047619045,1962,0.4994903160040774,0.1209961374744643,0.0895307730981667,1.3514474776376288,0.0156253799911189,,,,-0.0150345148224959,-0.0218254742889437,0.0559122050241055,-0.0050073637702504,0.3219494257000694,701834180.0,被动元件,21617000000.0,50.96,4.39,23.796745879122327,0.0196232339089481,0.2277904328018223,,,,,,,,,33.19506222909591,低,0.5438492903889548,0.0,89.3911995177818,67.69111692281912,20260902T215322_score_0067f767,,,,,,,,,,
2026-09-02 21:53:49,2026-09-02,63.85,62.63,64.12,62.45,25484600.0,0.0765,354512500.0,300996,0.0007989773090444,-0.2732652587607334,0.1995786247845241,0.1621822230469476,-0.0363132789659946,0.635152481229821,-0.1427887082976903,0.0234273295241,0.4304126571174414,413622549.0,-0.561657822915343,19.68625416706647,42.2442470830149,,,,,,,0.7305389221556872,0.1077844311377242,0.1616766467065885,0.1077844311377242,-0.0151437834857993,,0.0059630765153621,86.90476190476191,36.19047619047619,9.166666666666664,46.60714285714286,74.0,关键词新闻评分,6,51.34345238095239,1130,0.4725663716814159,0.1510085566834948,0.0986879824134283,1.5301615555466788,0.0193102050890114,,,,-0.0201710989794803,0.0050707445722602,0.0567733400241782,-0.0069238900634249,0.2666598011119251,1021208670.0,软件开发,5470000000.0,80.04,4.26,22.4225444533803,0.0124937531234382,0.2347417840375587,,,,,,,,,29.85181371639074,低,0.5438492903889548,0.0,94.07775768535262,39.154049281356855,20260902T215322_score_0067f767,,,,,,,,,,
2026-09-02 21:53:49,2026-09-02,262.29,260.98,268.77,260.98,765261.0,7.08,2608008288.24,002407,-0.0096763176867906,0.0266719118804092,-0.0054873866321164,0.100809853214105,-0.0313265533367975,0.5782370251774083,-0.0716931870930563,-0.0993401557122085,0.0068176539399944,11434258307.0,0.1177936996838308,21.681852659395336,43.42497161557508,,,,,,,0.1681643132220806,0.0,0.8318356867779193,0.0,0.014751401644569,,1.5612511283791264e-17,52.38095238095239,53.45238095238095,54.04761904761905,6.607142857142857,100.0,关键词新闻评分,7,50.87797619047619,1961,0.4818969913309536,0.1368076628602596,0.0826252783856313,1.6557603863280983,0.0231187957996654,2.89,-3.13,-8.44,-0.0069403651248259,-0.0022542967789114,0.0548181031934576,-0.0098516560646489,0.1034801178934506,6054058223.903,氟化工及制冷剂,40118000000.0,59.58,4.62,24.41509094834892,0.0167841557569654,0.2164502164502164,,,,,,,,,30.09883165148294,低,0.5438492903889548,0.0,81.9469559975889,56.9752377656565,20260902T215322_score_0067f767,,,,,,,,,,
2026-09-02 21:53:49,2026-09-02,225.49,239.48,241.76,223.45,9758100.0,0.0766,1157032800.0,301128,0.0957675589110043,0.1745549070577272,-0.2711224738251765,0.5196395710387713,0.0356787614063918,0.8011005729921988,0.063641733769781,-0.058051675785383,1.3619748013516324,612668515.0,0.0584647397074757,20.86912463479931,54.41273018340372,,,,,,,0.7640633533588191,0.8754778809393774,0.1245221190606226,0.1114145275805581,0.0136014231478374,,-0.0052302816027175,16.666666666666664,51.96428571428571,82.02380952380952,76.25,50.0,无新闻/中性,8,50.83333333333333,1028,0.5632295719844358,0.1783772637296991,0.0985273234947933,1.8104344805339765,0.0574335286481844,,,,0.0058442233721934,-0.0104145190076478,0.0708648500322126,0.0195121258993316,0.8964966929623372,812801545.0,其它专用机械,17442000000.0,100.9,18.17,23.582146927751204,0.0099108027750247,0.0550357732526142,,,,,,,,,20.77703779281925,低,0.5438492903889548,0.0,30.0,64.09255337135042,20260902T215322_score_0067f767,,,,,,,,,,
2026-09-02 21:53:49,2026-09-02,450.44,449.94,456.91,443.39,4055000.0,0.0226,436668000.0,300776,-0.0137436706779772,-0.0406192029680804,-0.355543778735838,0.19138908012498,-0.0144565645945591,0.712964844805919,-0.0746811337284629,-0.2100471986586567,0.4893666834817323,480032433.0,0.009424443348391,19.894683741211885,42.37664239050811,,,,,,,0.0369822485207099,0.4844674556213012,0.4785502958579888,0.4844674556213012,0.0021689506027746,,0.0052586180907024,84.52380952380952,23.571428571428573,35.05952380952381,49.642857142857146,50.0,无新闻/中性,8,50.70833333333333,1630,0.5184049079754601,0.1584988969245945,0.1066009501899342,1.4868431908176434,0.0308281116577815,,,,-0.0373984447772312,-0.0375769305201755,0.0678614291429333,-0.0003110558122999,0.1280920753461871,969023005.0,其它专用机械,30691000000.000004,61.58,6.22,24.147235288950764,0.0162390386489119,0.1607717041800643,,,,,,,,,25.67738425811128,低,0.5438492903889548,0.0,67.26943942133815,47.068943911513074,20260902T215322_score_0067f767,,,,,,,,,,
2026-09-02 21:53:49,2026-09-02,56.94,57.67,59.55,56.02,3285312.0,0.0365,185928300.00000003,688379,-0.0346501506528289,0.1652859163467366,-0.2861740314395347,0.0701428836518835,0.0003469210754554,0.7458292365729982,0.0370343730050979,-0.0994948614317204,0.7868223484943513,222858186.0,0.1397311948230355,19.04087167886692,51.53621340212641,,,,,,,0.2067988668555255,0.4674220963172808,0.5325779036827192,0.2606232294617553,0.0119331340462494,,-8.673617379884035e-18,32.142857142857146,51.42857142857142,79.94047619047619,44.58333333333333,50.0,无新闻/中性,7,50.17559523809524,1324,0.5128398791540786,0.1329764475735335,0.0876363407329401,1.517366499575344,0.0255026949619961,,,,0.0115429091280554,-0.0038291782381129,0.0764695682330501,-0.001327637958901,0.6639146487266352,229015700.0,金属制品,5344000000.0,34.13,3.74,22.399240273180755,0.0292997363023732,0.267379679144385,,,,,,,,,20.52897350384037,低,0.5438492903889548,0.0,30.0,62.43879144482455,20260902T215322_score_0067f767,,,,,,,,,,
2026-09-02 21:53:49,2026-09-02,62.81,63.27,65.05,62.52,19229000.0,0.0871,312081900.0,300622,0.0758374426118007,-0.0028368794326241,0.0206484916922085,-0.2310403500243072,0.0,0.3608252482847931,0.0531572245387133,0.0716493666705246,2.106341260365206,1186884627.0,-0.0017473222677344,19.558776214530948,61.50643669692889,,,,,,,0.1818181818181825,0.2964426877470362,0.7035573122529637,0.1146245059288536,0.0025535628402549,,0.0,37.5,66.30952380952381,52.91666666666666,25.892857142857142,78.42105263157895,关键词新闻评分,9,50.13674812030075,1962,0.5234454638124363,0.1139269938962897,0.0824713413890773,1.3814131306390802,0.0203324763163619,,,,0.0075830500779292,0.0001799852193308,0.0337104021314547,-0.0053971913644937,0.8844476197185951,140115340.0,专业连锁,5129000000.0,29.21,5.53,22.358176545353544,0.0342348510783978,0.1808318264014466,,,,,,,,,33.472982081874775,低,0.5438492903889548,0.0,97.43821579264618,58.81456090819236,20260902T215322_score_0067f767,,,,,,,,,,
2026-09-02 21:53:49,2026-09-02,158.99,162.87,165.71,156.81,3761800.0,0.0515,326241600.0,301191,-0.0346156125896508,-0.02914878397711,-0.0763865260292616,-0.0345011559665658,0.0099838769688702,0.6363456177008353,-0.0531254360262313,-0.1392627159175885,0.7246075315419436,325456300.0,0.1233287163098511,19.60314877220849,43.4650320941967,,,,,,,0.4359550561797745,0.6808988764044942,0.3191011235955058,0.2449438202247197,0.0006302614707778,,0.0,37.5,43.511904761904766,51.90476190476191,66.30952380952381,75.85106382978724,关键词新闻评分,9,50.04046352583586,898,0.5412026726057907,0.1475709844917994,0.1109527556769864,1.3300344240337618,0.0289609834344054,,,,-0.0361599674931001,-0.0357447649206236,0.0682446122674525,0.0066338408290242,0.208952774675479,483233865.0,终端设备,8481999999.999999,108.96,4.97,22.86121210799881,0.0091776798825256,0.2012072434607646,,,,,,,,,34.281766220425254,低,0.5438492903889548,0.0,97.51356238698013,64.10599303941696,20260902T215322_score_0067f767,,,,,,,,,,
2026-09-02 21:53:49,2026-09-02,31.54,31.36,32.59,30.64,82578600.0,0.1798999999999999,842412800.0,603318,0.008684464458025,0.1248206599713055,0.1887793783169067,0.0839958520566885,0.0255068672334859,0.6410025802548441,0.0712211784799317,0.1060753020015872,1.57767677520304,1142684809.0,-0.0872900061873646,20.55178071453753,59.05582750806336,,,,,,,0.092307692307692,0.3692307692307681,0.5384615384615399,0.3692307692307681,0.0100035106076122,,-0.0206195487898444,3.571428571428571,76.30952380952381,65.23809523809524,39.88095238095238,100.0,关键词新闻评分,9,49.17857142857143,1864,0.5026824034334764,0.1101256493838743,0.0921036158010863,1.1956712928807236,0.0095534772666755,,,,0.0297085095092045,0.0229637410756051,0.0537764212827988,-0.0053916904535363,0.8660115410126444,503004430.0,其它专用机械,5624000000.0,249.14,2.93,22.450308991454776,0.0040138074977924,0.341296928327645,,,,,,,,,31.608640318381124,低,0.5438492903889548,0.0,99.87944544906571,43.13064294300864,20260902T215322_score_0067f767,,,,,,,,,,
2026-09-02 21:53:49,2026-09-02,108.84,109.22,111.98,107.33,22938500.0,0.0277,2508734700.0,301217,0.0098936662043458,0.1469074871364064,-0.1126817775611341,1.4554856115107917,-0.0466131284916201,0.9583804096922012,-0.0624691516985344,-0.1480078319001719,0.5226431019871192,1853220192.0,0.0165160669068543,21.643044359800125,46.48936677779576,,,,,,,0.0817204301075258,0.4064516129032254,0.5935483870967746,0.3247311827956996,0.0211257610831925,,-5.204170427930421e-18,34.523809523809526,46.54761904761905,63.57142857142857,38.392857142857146,78.125,关键词新闻评分,10,48.27976190476191,973,0.5159301130524152,0.2071046614758219,0.0866237788845266,2.390852305715057,0.0649195685572975,,,,0.0009539917999302,-0.0008944960951557,0.0786616789180422,-0.0026481599853893,0.2735868046613088,5116725270.0,铜,90272000000.0,372.14,16.09,25.226093171766,0.0026871607459558,0.0621504039776258,,,,,,,,,20.55546604161509,低,0.5438492903889548,0.0,38.17058468957203,51.721295443893375,20260902T215322_score_0067f767,,,,,,,,,,
2026-09-02 21:53:49,2026-09-02,405.09,400.89,408.17,398.79,4016086.0,0.0219,1150361300.0,688017,-0.0267534170085699,-0.1624569100595424,-0.3203411094534111,0.3645925522499831,-0.0172337713277114,0.8587694391192473,-0.1186635184867631,-0.1898759927668342,0.4398710806652947,329522455.0,-0.0258266012708865,20.86334190476161,40.43859921989743,,,,,,,0.4477611940298497,0.2238805970149218,0.3283582089552284,0.2238805970149218,-0.0074462021108999,,0.0132528817763465,95.23809523809524,10.23809523809524,17.20238095238095,46.011904761904766,65.31914893617021,关键词新闻评分,8,48.005129179331306,1317,0.5254365983295368,0.1922593735872593,0.1236158501757294,1.555297102385721,0.0423565528948766,,,,-0.0489026976342951,-0.0363065611513859,0.070298941996914,-0.0042886119965226,0.1728642277054536,3022862310.0,机械基础件,52249000000.0,370.4,14.64,24.679286588852204,0.0026997840172786,0.0683060109289617,,,,,,,,,26.921696641545225,低,0.5438492903889548,0.0,82.5497287522604,34.99064069317639,20260902T215322_score_0067f767,,,,,,,,,,
2026-09-02 21:53:49,2026-09-02,155.04,154.09,155.32,151.78,62952.0,1.73,124065535.0,000026,-0.0152105834984341,0.0140168465385628,-0.1768256851327527,0.1103985011169561,-0.014769820971867,0.95978697868397,-0.0827129884007155,-0.0741007799449591,0.4623745908445394,14456769.52,0.0687621968876439,18.636320500082885,44.832635749395,,,,,,,0.2683615819209013,0.6525423728813581,0.0790960451977406,0.6525423728813581,0.0086241721838948,,-1.3877787807814457e-17,30.95238095238096,30.059523809523803,51.96428571428571,81.01190476190476,84.83870967741936,关键词新闻评分,6,47.82910906298002,1959,0.4788157223072996,0.0960442532690969,0.0608411452480547,1.578606925913638,0.0142780501624037,2.26,-1.48,-2.31,-0.0070473908692924,0.0028485769508684,0.0733754855696577,0.0023417680348662,0.2741144966065507,277073977.0575,珠宝首饰,8042000000.0,76.32,2.38,22.80794364542149,0.0131027253668763,0.4201680672268907,,,,,,,,,29.991482506547506,低,0.5438492903889548,0.0,83.89089813140446,53.66765395433284,20260902T215322_score_0067f767,,,,,,,,,,
2026-09-02 21:53:49,2026-09-02,257.8,256.32,263.0,251.31,14062500.0,0.1017,1370944700.0,002975,-0.0334841628959275,0.1492624310630856,-0.2301546778795614,0.6167528699381859,-0.0405390230207748,0.8614689406867213,-0.0355498028355559,-0.1020892399239598,0.8586871200595723,354993659.0,0.1042152040775918,21.038765901921,47.798474111886,,,,,,,0.1266039349871701,0.4285714285714279,0.444824636441402,0.4285714285714279,0.0119358228095481,,-0.0078372240606567,13.095238095238097,44.64285714285714,77.14285714285714,50.41666666666667,94.2622950819672,关键词新闻评分,10,47.50658665105386,1451,0.4858718125430737,0.1580064265993763,0.1086919657549116,1.453708427315257,0.0208892655405901,,,,0.0132741944181158,0.0077111208538194,0.0863652577135723,-0.0021670581212771,0.3249187468805566,1663994100.0,其它专用机械,20278000000.0,68.24,8.21,23.7328023914768,0.014654161781946,0.1218026796589524,,,,,,,,,28.7591487919622,低,0.5438492903889548,0.0,81.43459915611814,48.727161157479244,20260902T215322_score_0067f767,,,,,,,,,,
2026-09-02 21:53:49,2026-09-02,264.75,259.55,264.75,259.41,7888200.0,0.0169,149626000.0,600645,-0.0474180643740596,-0.0058983492282352,-0.0010776276796365,-0.3955800847654976,-0.022226407986438,0.6627036904831498,-0.0634426915693604,-0.0028129728442145,0.4413281469639178,1081864248.0,0.0090814737498986,18.82364941187852,43.647098735818,,,,,,,0.9737827715355828,0.026217228464417,0.0,0.026217228464417,0.0082428235708234,,8.673617379884035e-18,46.42857142857143,46.24999999999999,40.595238095238095,43.86904761904762,70.76923076923077,关键词新闻评分,9,47.26739926739927,1944,0.4763374485596708,0.0934460634530661,0.0748496471953872,1.2484502860666125,0.0053159022184336,,,,5.645291901503248e-05,0.0115871722284729,0.0620579574538349,-0.0064564698676806,0.1717516323187874,369943795.0,生物制品,8816000000.0,75.28,2.36,22.89983408935697,0.0132837407013815,0.423728813559322,,,,,,,,,31.49276371950286,低,0.5438492903889548,0.0,95.70524412296564,47.92373405195365,20260902T215322_score_0067f767,,,,,,,,,,
2026-09-02 21:53:49,2026-09-02,160.4,159.86,167.56,159.46,202383000.0,0.1166,2404498000.0,600110,-0.0008749999999999,0.2399937946013033,-0.0133316874459943,0.4116919816319324,-0.0214849727612168,0.7347047835598105,0.080598770418389,-0.0180217719139645,1.100206966640135,9903326455.0,-0.0084277856127194,21.600606987323776,56.84385811776475,,,,,,,0.0666666666666657,0.0493827160493834,0.8839506172839509,0.0493827160493834,0.0113257419960953,,-0.0123378953545309,8.333333333333332,73.45238095238095,74.28571428571429,10.952380952380953,94.21052631578948,关键词新闻评分,7,46.784147869674186,1950,0.4656410256410256,0.1545699181802779,0.0970470938190088,1.5927310349813069,0.0201161097170693,,,,0.0276489240820988,0.008836889591137,0.0665269610909546,-0.0149934275386131,0.8202693094089608,2003792095.0,其他电子,20215000000.0,-164.13,3.37,23.729690740039143,,0.2967359050445103,,,,,,,,,26.50047361293008,低,0.5438492903889548,0.0,76.52200120554551,40.21945723136192,20260902T215322_score_0067f767,,,,,,,,,,
2026-09-02 21:53:49,2026-09-02,24.96,25.02,25.13,24.65,203051.0,2.15,207946843.48,002083,0.0088709677419354,-0.0954446854663774,0.1255060728744939,-0.061867266591676,-0.0051689860834989,0.3311047968380931,-0.0536707137183706,-0.0236923056912261,0.0040433889400023,2928518035.0,-0.0260458920538086,19.15279304962113,43.50142524540375,,,,,,,0.1249999999999972,0.7708333333333347,0.2291666666666652,0.6458333333333375,-0.0055134189743261,,-1.7347234759768068e-17,29.761904761904763,53.27380952380952,11.666666666666666,75.47619047619048,100.0,关键词新闻评分,8,45.90178571428572,1954,0.5373592630501536,0.0612590930137341,0.0478382132465106,1.280547262458688,0.0107862348462513,1.91,-0.52,-0.13,-0.0123481821502646,-0.0041854232323811,0.0425373986525065,0.0034759358288769,0.2168431820840062,592090712.595,棉纺,9760000000.0,16.66,2.02,23.00155823737141,0.0600240096038415,0.495049504950495,,,,,,,,,31.758955672697617,低,0.5438492903889548,0.0,99.38215792646172,44.79579533525722,20260902T215322_score_0067f767,,,,,,,,,,
2026-09-02 21:53:49,2026-09-02,204.13,203.71,208.2,201.04,11073780.0,0.0312,585809600.0,688257,-0.0018619236611299,-0.0658075758965421,-0.3462661660408844,-0.0831307948510217,-0.0249377752249664,0.7724004646837211,-0.0967138315278843,-0.2783717578655212,0.6975244978537972,529520358.0,-0.0933214747423765,20.18850538177635,40.32399941766898,,,,,,,0.0586592178770932,0.3729050279329633,0.5684357541899434,0.3729050279329633,0.0004728862368505,,2.862293735361732e-17,66.66666666666666,16.726190476190478,31.36904761904762,37.97619047619047,95.0,关键词新闻评分,10,45.65178571428572,1038,0.5732177263969171,0.1424447914600146,0.0788590148614791,1.806322228476072,0.0479962498411112,,,,-0.056744133507564,-0.0579040409610577,0.0742266667601702,-0.0029692470837752,0.1257658727030145,931779880.0,金属新材料,18722000000.0,27.12,6.52,23.652965139895965,0.0368731563421828,0.1533742331288343,,,,,,,,,27.326251936428854,低,0.5438492903889548,0.0,81.73598553345388,38.77266695080928,20260902T215322_score_0067f767,,,,,,,,,,
2026-09-02 21:53:49,2026-09-02,148.72,145.6,149.32,143.08,221305.0,6.01,1064180089.96,002552,-0.0757902754855909,0.2147505422993492,-0.2598617324115494,1.420212765957447,-0.0420422396210278,1.073392951317104,-0.1163359501360999,-0.1192571756948855,0.0115811678964018,1265491643.0,0.0494461603571454,20.785470471964327,44.78846134205384,,,,,,,0.5000000000000023,0.4038461538461522,0.0961538461538455,0.4038461538461522,0.0117984090603581,,-0.0132857021096558,7.142857142857142,38.33333333333334,64.88095238095238,68.0952380952381,100.0,关键词新闻评分,9,44.91666666666667,1936,0.5098140495867769,0.1594550551224202,0.0809822017590402,1.9690135814888468,0.0415960898432332,4.11,-4.2,-6.39,0.0117833872647132,0.0245250664337024,0.1020800627943485,-0.0027397260273972,0.1794341810819678,1961052743.403,机械基础件,18592000000.0,78.04,11.35,23.64599721761591,0.0128139415684264,0.0881057268722467,,,,,,,,,31.268660957570404,低,0.5438492903889548,0.0,96.66968053044002,45.143800429104765,20260902T215322_score_0067f767,,,,,,,,,,
2026-09-02 21:53:49,2026-09-02,98.83,99.34,100.09,98.12,150267.0,1.77,354665740.63,000034,0.0160580955303264,0.059400661192279,0.1633680758871063,-0.0173113067563557,-0.0063018905671701,0.931627795282198,0.0567804047764688,0.052588823881567,0.4682502276716262,38920625.6,0.0199014104511894,19.686686331008264,54.61725686511743,,,,,,,0.2588832487309672,0.6192893401015226,0.3807106598984773,0.3604060913705554,-0.0004952967640217,,-0.0083288141505001,11.904761904761903,62.083333333333336,43.69047619047619,62.79761904761904,75.0,关键词新闻评分,10,44.75,1869,0.5066880684858213,0.1214036276320027,0.086529007835867,1.40303963570561,0.0188279776045142,1.97,-0.63,-0.63,0.0132322325549092,0.0073563597182279,0.0535534527884034,0.0015795664594184,0.7759813653342437,786880767.493,IT服务,24076000000.0,40.63,2.11,23.90448133063193,0.024612355402412,0.4739336492890995,,,,,,,,,28.741994260245583,低,0.5438492903889548,0.0,76.34116937914406,55.404037315333895,20260902T215322_score_0067f767,,,,,,,,,,
2026-09-02 21:53:49,2026-09-02,30.61,31.03,31.28,30.43,40321.0,3.53,65849524.24,003001,0.0183787331801772,-0.2021085111853946,-0.0152332592827674,-0.1354137642797436,0.00064495324089,0.4108198964478223,-0.043509085584822,-0.0026676951756501,0.0052113716495359,-198812751.0,-1.805456180463139,18.002882776408516,45.721739804708776,,,,,,,0.4941176470588247,0.705882352941177,0.294117647058823,0.2117647058823522,-0.0226934272977981,,1.214306433183765e-17,50.0,44.82142857142858,3.75,69.58333333333333,70.57142857142857,关键词新闻评分,8,44.45,1284,0.4618380062305296,0.1208719118640578,0.0886832637045689,1.362961925563758,0.0080972807753342,2.74,0.06,0.02,-0.0282482702472816,-0.0230436926129631,0.0389254638368399,0.0037739918050463,0.3705019249939307,188214907.9785,其他专业工程,2861000000.0,-106.66,2.47,21.774437051014385,,0.4048582995951417,,,,,,,,,29.863731539679744,低,0.5438492903889548,0.0,83.86075949367088,52.85616569219255,20260902T215322_score_0067f767,,,,,,,,,,
2026-09-02 21:53:49,2026-09-02,6.15,5.76,6.2,5.72,2155086.0,18.53,1269251181.65,001330,0.1294117647058823,0.1013384321223707,-0.1627906976744186,-0.2431011826544021,-0.06645056726094,0.7160356937142583,0.1119691119691117,0.0658771280532939,0.0491431237228328,3988787699.0,-0.0492635454680123,20.96169294356208,60.02930997448955,,,,,,,0.8125000000000004,0.0833333333333333,0.1041666666666662,0.0833333333333333,0.009840412368294,,-0.0007021303538572,27.380952380952383,60.17857142857143,46.07142857142857,46.1904761904762,50.0,无新闻/中性,7,44.40178571428572,836,0.4700956937799043,0.1369516859038246,0.124102069136223,1.103540713358267,-0.0013818230468226,7.78,-6.65,-0.41,0.0182680711673938,-0.0061243912549946,0.0508432539682539,-0.0226244343891403,0.9049487726255884,457248654.347,影视动漫,7917000000.0,-13.7,2.14,22.792278183135707,,0.4672897196261682,,,,,,,,,33.17114880973074,低,0.5438492903889548,0.0,96.44364074743822,58.12843915417607,20260902T215322_score_0067f767,,,,,,,,,,
2026-09-02 21:53:49,2026-09-02,129.47,134.81,137.86,127.79,592982.0,7.98,2012279200.4,300209,-0.0148348436129787,-0.0692488262910798,0.4489466895958727,2.6712962962962963,0.024547803617571,0.8810305464977382,-0.0237809028632669,0.13365737159003,0.0053235451774303,3476329079.0,0.1244333914149228,21.422533847647955,52.52811008718624,,,,,,,0.5302879841112214,0.6971201588877846,0.3028798411122154,0.1668321747765632,-0.0011275649422767,,-0.0028335705705883,19.047619047619047,46.42857142857142,31.48809523809524,68.57142857142857,100.0,关键词新闻评分,6,43.9047619047619,1943,0.4693772516726711,0.1827483875692733,0.1043679195122361,1.75100153786095,0.0303979436160894,7.65,2.45,3.23,0.0263196480143512,0.037835676790818,0.0759057721449235,0.0099135993607351,0.3966527376907217,4177321041.22,软件开发,31945000000.0,-437.33,34.0,24.18728151100072,,0.0294117647058823,,,,,,,,,17.150848789192317,低,0.5438492903889548,0.0,31.479807112718504,37.94488386354618,20260902T215322_score_0067f767,,,,,,,,,,
2026-09-02 21:53:49,2026-09-02,25.56,24.86,26.51,24.86,85099700.0,0.1939,2126083500.0,603533,0.1578947368421053,0.0171849427168575,0.121841155234657,-0.0953420669577874,-0.0273865414710484,0.5927588336459184,0.0948406843855285,0.1602274406701875,3.675040621002003,1078600766.0,-0.1069700280758455,21.477547392200243,62.86343302976161,,,,,,,0.4242424242424232,0.0,0.5757575757575767,0.0,0.008801633613747,,-0.0010796099961637,25.0,69.88095238095238,55.89285714285714,16.36904761904762,50.0,无新闻/中性,9,43.60416666666667,1949,0.4279117496151873,0.1562182450957236,0.0987223437653723,1.582400084290932,0.0103697296621053,,,,0.0197194948652607,0.0093806318722975,0.0446500402252614,-0.0216450216450216,0.911889913273161,528417155.0,移动互联网服务,10599000000.0,-159.5,4.66,23.08402549399153,,0.2145922746781116,,,,,,,,,33.56297087995992,低,0.5438492903889548,0.0,98.64376130198914,57.80709221630271,20260902T215322_score_0067f767,,,,,,,,,,
2026-09-02 21:53:49,2026-09-02,34.44,33.85,34.83,33.81,30171700.0,0.0479,516073700.0,603936,0.0011830819284235,0.2163133309378369,-0.2178835489833641,0.0993829165313413,-0.0336854125035683,0.7895782002965785,0.0039594857117437,-0.0946656146779175,0.5255706549169834,2515410901.0,-0.0484921176956162,20.061760144641752,49.95165755991428,,,,,,,0.5784313725490182,0.0392156862745091,0.3823529411764726,0.0392156862745091,0.0087039072849576,,-0.0020634343093687,20.23809523809524,54.94047619047618,57.5,30.89285714285714,73.47826086956522,关键词新闻评分,10,43.28830227743271,1953,0.5232974910394266,0.1223257885730963,0.1005578113883968,1.2164722649006583,0.0160766172652877,,,,0.0215710339037394,0.0116169292584326,0.0703523950200464,-0.0091716265001463,0.5315863786191525,981638690.0,印制电路板,10952000000.0,-132.63,2.57,23.11678792493256,,0.3891050583657587,,,,,,,,,21.27673969651328,低,0.5438492903889548,0.0,36.69379144062688,58.498844141808135,20260902T215322_score_0067f767,,,,,,,,,,
2026-09-02 21:53:49,2026-09-02,899.16,906.44,920.26,884.94,3740204.0,0.0163999999999999,840186300.0,688019,-0.0348910254362708,-0.0639238284073775,0.0517985611510791,0.1945546315942068,-0.0062163554834394,0.5792151548162006,-0.0791369829961775,-0.1256846764931701,0.5746898484316686,292630204.0,0.0306966415381101,20.54913421211532,41.3487044651505,,,,,,,0.206115515288791,0.6087202718006806,0.3912797281993194,0.4026047565118895,-0.0023282298411583,,-0.0007930573593827,26.1904761904762,46.30952380952381,35.35714285714286,61.78571428571429,65.0,关键词新闻评分,5,42.273809523809526,1587,0.5324511657214871,0.1530827163990436,0.0977840893007643,1.5655176368027706,0.0357902338349242,,,,-0.0254871209443349,-0.0179702422342796,0.0581781474780459,0.0028322343673938,0.0557904121176738,1605990860.0,半导体材料,51516999999.99999,54.82,10.55,24.665177687233424,0.0182415176942721,0.0947867298578199,,,,,,,,,29.123958784888544,低,0.5438492903889548,0.0,79.80711271850512,53.32920969380556,20260902T215322_score_0067f767,,,,,,,,,,
2026-09-02 21:53:49,2026-09-02,1021.23,995.41,1027.08,991.04,128872.0,1.86,1601191438.48,002353,-0.0984095067297067,-0.1660788338290119,-0.1791177707589414,0.1062938306456093,-0.0298715474728573,0.5860157937635738,-0.1353659066232356,-0.1486515034152524,0.0124639062984121,1685415651.0,-0.0107873825659654,21.194013838753136,37.02129451196706,,,,,,,0.7164261931187591,0.1212541620421756,0.1623196448390653,0.1212541620421756,0.002441207414371,,2.255140518769849e-17,62.5,26.42857142857143,21.130952380952383,47.20238095238095,50.0,无新闻/中性,4,41.66369047619048,1960,0.5826530612244898,0.1154988459920721,0.0895231495020987,1.2901561957375556,0.0299335437909335,3.51,-2.99,-30.65,-0.0309508147066248,-0.0088147136428472,0.0711767010578556,-0.0090591432638797,0.0275518878482641,2544597429.502,冶金矿采化工设备,126518000000.0,48.01,5.43,25.563650427481488,0.0208289939595917,0.1841620626151013,,,,,,,,,30.06746725730204,低,0.5438492903889548,0.0,84.94575045207957,52.76774919846294,20260902T215322_score_0067f767,,,,,,,,,,
2026-09-02 21:53:49,2026-09-02,276.46,268.96,283.48,268.33,257861.0,5.24,3101869048.62,002851,-0.0367452188238666,0.017439001324002,-0.2654978425910754,-0.0566778900112234,-0.0455980980092971,0.7172748860834275,-0.0503277562686808,-0.1428985702760394,0.0154763073648622,2609322191.0,0.0158821124592436,21.85527068598699,44.92997764891626,,,,,,,0.4950495049504939,0.0415841584158411,0.4633663366336649,0.0415841584158411,0.0066825863761699,,1.214306433183765e-17,50.0,36.011904761904766,40.65476190476191,28.98809523809524,50.0,关键词新闻评分,7,41.48214285714285,1888,0.5058262711864406,0.1529024577618393,0.0839617608895346,1.8210963674643204,0.0358503836083796,5.38,-4.56,-12.85,-0.0130165521777112,-0.0171447701215116,0.0730060763151185,-0.0169231331554515,0.1889514528416939,3660279004.701,电气设备,69353000000.0,309.29,7.59,24.962475241603627,0.0032332115490316,0.1317523056653491,,,,,,,,,22.188531748153324,低,0.5438492903889548,0.0,39.45147679324894,60.90054401591232,20260902T215322_score_0067f767,,,,,,,,,,
2026-09-02 21:53:49,2026-09-02,205.59,202.04,212.35,201.85,18483500.0,0.0437,3727282600.0,603893,0.1179106955126432,-0.0015319990116136,0.1636908190300656,0.1431481271924859,-0.029353831371607,0.622497977805055,0.0174928802189695,0.026044695205714,1.292478333410252,1131912767.0,0.0444287350995026,22.03894527989762,52.82623625740285,,,,,,,0.3380952380952391,0.0180952380952378,0.6438095238095229,0.0180952380952378,0.0040066343913884,,-0.0189570729195726,4.761904761904762,62.85714285714285,58.92857142857142,16.36904761904762,100.0,关键词新闻评分,9,41.38392857142857,1456,0.4910714285714285,0.1564971682210183,0.1024759518331541,1.527159937736598,0.0246983481934483,,,,-0.0105571803733198,-0.0170889136751886,0.0485017111180247,-0.0164221731792808,0.5553257974715627,2829011235.0,集成电路,83567000000.0,61.09,16.97,25.148914542265867,0.0163692912096906,0.0589275191514437,,,,,,,,,31.200286660560515,低,0.5438492903889548,0.0,99.02049427365884,41.553553458080415,20260902T215322_score_0067f767,,,,,,,,,,
2026-09-02 21:53:49,2026-09-02,48.74,45.9,49.1,45.45,638796.0,9.74,398799715.21,000759,0.047945205479452,-0.1162880246438198,0.0384615384615383,0.007462686567164,-0.0347003154574132,0.7479783359254433,-0.0538130920110079,-0.0485140373546341,0.8431824025621925,68939919.42,0.0413336848149285,19.80396988444188,46.10407349650795,,,,,,,0.7780821917808232,0.1232876712328756,0.0986301369863012,0.1232876712328756,-0.0007006790020516,,6.0715321659188256e-18,41.66666666666667,36.72619047619048,38.86904761904762,51.01190476190476,32.352941176470594,关键词新闻评分,10,40.34243697478992,1956,0.4151329243353783,0.1368567529063271,0.0786706828312766,1.7396156736028443,0.0108018518409801,7.68,-3.47,-1.65,-0.0275924416538821,-0.0228301960425995,0.0778244631185808,-0.0195799216803134,0.3383753703218422,497810961.6865,超市,4067000000.0,-4.08,8.05,22.126171463871497,,0.124223602484472,,,,,,,,,31.019704213942624,低,0.5438492903889548,0.0,89.5117540687161,53.02799075388477,20260902T215322_score_0067f767,,,,,,,,,,
2026-09-02 21:53:49,2026-09-02,87.71,86.24,87.71,85.89,168542.0,0.67,190790339.12,000729,-0.0151878497202238,-0.243376030882611,-0.1419759227937519,-0.2594246457707171,-0.0159744408945687,1.0735542052855516,-0.1541034418495159,-0.1631815403126425,0.7039261984698327,29606801.73,-0.0302321509511771,19.06668568739492,35.57331527017887,,,,,,,0.80769230769231,0.1923076923076899,0.0,0.1923076923076899,-0.0181703027544357,,1.8214596497756478e-17,55.95238095238096,13.988095238095235,21.13095238095238,59.345238095238095,66.25806451612902,关键词新闻评分,7,40.03652073732719,1963,0.5348955680081507,0.0662494569170841,0.0585094946677822,1.1322855767811624,0.0082235156043062,2.08,-1.6,-1.4,-0.0664934817853876,-0.0484021318399766,0.0698134773389875,-0.0043103448275861,0.2023339971464551,287029603.7665,啤酒,31821000000.0,16.11,1.95,24.183392286137853,0.0620732464307883,0.5128205128205129,,,,,,,,,33.229427910610084,低,0.5438492903889548,0.0,98.29716696805303,56.04559819921857,20260902T215322_score_0067f767,,,,,,,,,,
2026-09-02 21:53:49,2026-09-02,163.84,162.71,165.65,162.27,541340.0,3.57,3250647237.01,002156,-0.0251048532055122,0.0290936689646448,-0.0728774928774927,0.2673105382039102,-0.0271449925261584,0.6758441658465584,-0.056455517830271,-0.0991759101113642,0.008239139378226,15066255788.0,0.030310507527486,21.90211996361722,43.60912812560349,,,,,,,0.334319526627218,0.1301775147928989,0.5355029585798831,0.1301775147928989,0.0146852978439956,,-0.0014457039330822,23.809523809523807,48.095238095238095,48.86904761904761,31.30952380952381,62.85714285714285,关键词新闻评分,6,39.92261904761904,1961,0.5124936257011729,0.1390666546134318,0.0885132757399081,1.5711389444231194,0.0281199879036954,2.02,-2.71,-4.54,-0.0158324782004511,-0.0139569834399009,0.05768369667331,-0.0050954894727186,0.1600769939502083,6562880059.502001,集成电路,90601000000.0,35.89,5.38,25.229731087462024,0.0278629144608526,0.1858736059479554,,,,,,,,,24.34731800682315,低,0.5438492903889548,0.0,62.53767329716696,44.51085706848716,20260902T215322_score_0067f767,,,,,,,,,,
2026-09-02 21:53:49,2026-09-02,359.65,362.41,369.99,354.28,4553826.0,0.0224,1649423900.0000002,688702,-0.0182847545779607,0.0341570596963818,0.388012255840674,0.7046566321730952,-0.0184442879583988,0.8538454616707911,-0.0589148736165858,0.0091612831365561,0.5539108224723517,237496900.0,0.1661671625175959,21.22369191298244,47.57280659346762,,,,,,,0.1756842775302381,0.5175047740292829,0.4824952259707171,0.3418204964990446,0.0077166055840925,,-0.0105562546961138,9.523809523809524,54.10714285714285,60.47619047619048,50.47619047619048,36.0,关键词新闻评分,7,39.65059523809524,577,0.6377816291161178,0.2223141406138187,0.0970592376826723,2.290499553897772,0.1066312358235819,,,,0.0012989533089074,0.0094799607643867,0.0807845888831512,0.0005061287591563,0.2406173242055575,3186489065.0,通信传输设备,148588000000.0,-1033.14,66.03,25.724443212268103,,0.0151446312282295,,,,,,,,,31.19580647256733,低,0.5438492903889548,0.0,85.39783001808318,59.68723787889343,20260902T215322_score_0067f767,,,,,,,,,,
2026-09-02 21:53:49,2026-09-02,185.57,185.21,188.03,183.59,262627.0,3.35,799035262.67,002747,-0.0264914586070958,-0.111148437874934,-0.1874259641117887,0.3533796127146511,-0.0190667867168051,0.7494215525103107,-0.0960118312581449,-0.1400819942334745,0.0044611304031059,4058978939.0,0.0456369615148632,20.498915637512585,41.60497617296922,,,,,,,0.0810810810810778,0.3648648648648661,0.5540540540540562,0.3648648648648661,0.0007215292073965,,7.806255641895632e-18,45.23809523809524,20.297619047619047,25.416666666666668,37.73809523809524,100.0,关键词新闻评分,9,39.38988095238095,1952,0.5020491803278688,0.1379123982643281,0.100146469808064,1.377106936756178,0.0193707897774607,2.35,-1.91,-3.6,-0.0327298076245254,-0.0218584084013447,0.0628012989116601,-0.0021550563008458,0.173336209110471,2112720327.5225005,其它通用机械,29457000000.0,147.57,8.94,24.10619740980168,0.0067764450769126,0.1118568232662192,,,,,,,,,25.461106160187395,低,0.5438492903889548,0.0,80.40988547317662,28.10649518956924,20260902T215322_score_0067f767,,,,,,,,,,
2026-09-02 21:53:49,2026-09-02,767.99,764.99,777.95,756.59,51647600.0,0.0605,3246988000.0,300285,-0.0217894454176948,-0.0662199111371515,-0.0541666666666665,0.5697576590811155,-0.0201355176698133,0.8613729656666751,-0.0862888989219262,-0.1293515917709561,0.4312767947856254,4248882544.0,0.1054849088703382,21.900993634649144,44.5759076874883,,,,,,,0.1404494382022471,0.3932584269662908,0.4662921348314621,0.3932584269662908,6.109182993513716e-05,,3.469446951953614e-18,39.285714285714285,29.28571428571429,37.142857142857146,46.36904761904762,50.0,无新闻/中性,7,38.49107142857143,1958,0.5209397344228804,0.1206556739018706,0.0781772206413931,1.5433610060829663,0.0254027346365072,,,,-0.0104617556117944,-0.0051698775878396,0.0773567534963108,-0.0019830139202356,0.1473352025294241,8352888500.0,无机盐,62515000000.0,97.47,8.59,24.858672364893373,0.0102595670462706,0.1164144353899883,,,,,,,,,20.942255752285632,低,0.5438492903889548,0.0,39.978902953586505,51.88880249634429,20260902T215322_score_0067f767,,,,,,,,,,
2026-09-02 21:53:49,2026-09-02,105.22,104.86,107.74,104.56,415008.0,2.21,702048389.1,002517,0.0156915924060441,-0.0853105373342637,0.132886776145203,-0.1644621513944223,-0.0124317197212281,0.3356407686826924,-0.0254012807524653,0.0173076176801583,0.0099714820869465,7092703164.0,-0.0235624016370205,20.369512891380783,47.913237679072566,,,,,,,0.1132075471698114,0.0943396226415087,0.7924528301886798,0.0943396226415087,-0.0026493090587966,,-0.0076789878221491,15.476190476190476,56.78571428571429,17.44047619047619,16.01190476190476,86.0,关键词新闻评分,8,33.329166666666666,1925,0.509090909090909,0.127885296920127,0.0885560362878824,1.4441172197950576,0.0216322787998314,2.99,-1.24,-1.32,-0.00232945412588,0.0014303314972845,0.0352715184872346,-0.0081346954218691,0.3171417769062617,1103924492.873,移动互联网服务,35785000000.0,15.02,3.41,24.30079464813697,0.066577896138482,0.2932551319648093,,,,,,,,,28.50962955296989,低,0.5438492903889548,0.0,88.15551537070525,38.10247794474771,20260902T215322_score_0067f767,,,,,,,,,,
2026-09-02 21:53:49,2026-09-02,110.16,108.92,112.53,108.88,4094088.0,0.0338,451677300.00000006,688031,0.1074733096085409,-0.0774964004404166,-0.2252098449281548,-0.5491908447498034,-0.0311332503113325,0.6271757385236009,-0.0038503397627606,0.019638558164426,0.6273916061205532,242375855.0,-0.0238084102756204,19.92847854698224,53.12865562244609,,,,,,,0.3397260273972583,0.0109589041095907,0.6493150684931509,0.0109589041095907,0.0032395088584537,,-0.0031295059447737,17.857142857142858,36.01190476190476,33.92857142857143,15.654761904761903,94.3076923076923,关键词新闻评分,8,32.92481684981685,802,0.4438902743142144,0.2559020363028616,0.1520434984925543,1.6830843728276432,0.0290395568530417,,,,0.0070010205041814,0.0056604485062863,0.0658084570589161,-0.010807374443738,0.4716205550695151,725558835.0,软件开发,13194000000.0,-61.35,17.6,23.30302801774709,,0.0568181818181818,,,,,,,,,28.028971422438417,低,0.5438492903889548,0.0,93.29415310427969,28.04657342977195,20260902T215322_score_0067f767,,,,,,,,,,
2026-09-02 21:53:49,2026-09-02,1047.69,1030.5,1058.17,1025.37,23048400.0,0.0266,5229124600.0,300476,-0.095790886835663,-0.0465043117805988,-0.3388551704669396,-0.201045115172002,-0.0329391891891891,0.7638549569912726,-0.124390503991649,-0.178108413123148,0.5900402484024287,3133754454.0,0.0284097650223989,22.377509720707668,40.10106287782949,,,,,,,0.5240853658536573,0.1564024390243927,0.31951219512195,0.1564024390243927,0.0062141341747625,,-0.007758407250468,14.285714285714285,18.035714285714285,42.44047619047619,43.75,89.375,关键词新闻评分,7,32.782738095238095,1963,0.5348955680081507,0.1562227050341947,0.0908180101258938,1.720173177298593,0.0413229735308014,,,,-0.0258192278229874,-0.0156628757154686,0.0626831635128578,-0.0072381857651153,0.0308414945697895,10190148420.0,印制电路板,221303000000.00003,44.03,5.84,26.122798640170004,0.0227117874176697,0.1712328767123287,,,,,,,,,26.31854170634683,低,0.5438492903889548,0.0,83.24291742013261,30.04535623469082,20260902T215322_score_0067f767,,,,,,,,,,
2026-09-02 21:53:49,2026-09-02,30.65,30.59,30.94,30.03,12681443.0,0.0308999999999999,384609500.0,688158,0.0397688647178788,-0.1358757062146892,-0.1540376106194689,-0.4031219512195122,-0.0116316639741518,0.5047475159709586,-0.0674491273530979,-0.09029629556201,0.5245638146341202,2037928319.0,-0.0548576685353617,19.767739094401968,43.10880289198396,,,,,,,0.0659340659340645,0.6153846153846139,0.3186813186813216,0.6153846153846139,-0.0062825661263705,,-0.0088068458416411,10.714285714285714,35.53571428571429,18.09523809523809,65.35714285714286,70.0,关键词新闻评分,5,32.520833333333336,1461,0.4045174537987679,0.1781756262971658,0.105350647867597,1.6912627487691771,0.0093406786425842,,,,-0.0282649694972377,-0.0218995516423257,0.0521879232242095,0.0022935779816513,0.2589002472011495,811741750.0,IT服务,14069999999.999998,-283.79,5.72,23.367310708072708,,0.1748251748251748,,,,,,,,,31.07248752506816,低,0.5438492903889548,0.0,97.24231464737794,43.07246538983924,20260902T215322_score_0067f767,,,,,,,,,,
2026-09-02 21:53:49,2026-09-02,232.88,232.78,236.28,228.55,9555121.0,0.0659,2210976800.0,688146,-0.0415843214756258,-0.1892023685127134,0.0591982527187513,4.048362611147256,-0.0211101766190076,0.7159262051593871,-0.1619443984418315,-0.1934667969426717,0.5454967034261897,976466521.0,-0.0270179757392937,21.51670024622936,39.93583963370892,,,,,,,0.0129366106080199,0.547218628719275,0.439844760672705,0.547218628719275,-0.0050017359172094,,-0.0164648200946979,5.952380952380952,30.416666666666664,19.642857142857142,58.0952380952381,50.0,无新闻/中性,6,27.03273809523809,673,0.5260029717682021,0.2524920178864149,0.075815711015853,3.330338982557572,0.0968751300412091,,,,-0.0443096887772299,-0.0225290467109631,0.0767892430621187,0.0010464299536991,0.1227088646183734,4978297500.0,,122824000000.0,238.22,20.44,25.53401827330301,0.0041978003526152,0.0489236790606653,,,,,,,,,31.40735222402296,低,0.5438492903889548,0.0,94.78601567209162,48.57996201658633,20260902T215322_score_0067f767,,,,,,,,,,
2026-09-02 21:53:49,2026-09-02,34.99,34.06,34.99,34.02,5127300.0,0.0308,166268400.0,301291,-0.1390293225480283,-0.1978332548280734,-0.2817376634331505,-0.5186546071226682,-0.0323863636363636,0.4809108669686722,-0.1463124255905756,-0.1512055323655844,0.6101204819277108,107418100.0,-0.3908912186870757,18.929113914082127,31.083118750341548,,,,,,,0.958762886597939,0.041237113402061,0.0,0.041237113402061,-0.0106917960197084,,-0.0226743164315309,2.380952380952381,22.32142857142857,17.261904761904763,46.48809523809524,33.63636363636364,关键词新闻评分,10,20.08387445887445,631,0.5847860538827259,0.1082752894870063,0.106285998342502,1.0187163989192058,0.0191864504833119,,,,-0.0478710442735274,-0.0255822944433863,0.059013505578391,-0.0086349083147375,-0.007645388069217,325636305.00000006,,10097000000.0,27.36,1.99,23.035504186968595,0.0365497076023391,0.5025125628140703,,,,,,,,,30.14561956040217,低,0.5438492903889548,0.0,99.92465340566606,33.31689394768185,20260902T215322_score_0067f767,,,,,,,,,,
2026-09-03 23:06:45,2026-09-03,50.63,53.02,53.02,49.81,29814100.0,0.0771999999999999,532671000.0,605277,0.0732793522267207,0.1829540383757251,0.0414456884698488,-0.0443403028118239,0.0443175103407524,0.4667402330172283,0.1513697217125049,0.1274733920957778,2.7786427157800264,599812336.0,0.2157098851006317,20.093414532635588,73.11388911475629,,,,,,,0.7445482866043613,1.0,0.0,0.2554517133956386,0.0161533013827492,,0.011721441282999,91.11111111111111,82.83333333333333,87.77777777777777,83.41666666666666,100.0,关键词新闻评分,7,88.49444444444444,1228,0.4885993485342019,0.1199243396378966,0.0734667914924349,1.6323611961500393,0.0210239891901374,,,,0.0292070699033622,0.010955411724796,0.0379775825833917,0.0205967276227139,1.0807640286233489,176402060.0,线缆部件及其他,7123000000.0,28.45,4.04,22.686594821942627,0.0351493848857645,0.2475247524752475,,,,,,,,,39.11275803667744,低,0.5438492903889548,0.0,100.0,92.99735499707168,20260903T230623_score_c25afbb1,,,,,,,,,,
2026-09-03 23:06:45,2026-09-03,31.81,33.53,33.72,30.97,4069600.0,0.0366,130145900.0,301133,0.0651207115628971,0.254865269461078,-0.1630054917623564,-0.1515688259109312,0.0668151447661471,0.7108910008741506,0.1262070702829794,0.0486590737313978,1.3791163637904011,188038563.0,0.1326037062649467,18.684166694479384,63.45929843253028,,,,,,,0.6254545454545464,0.9309090909090916,0.0690909090909082,0.3054545454545454,0.0169045490147859,,0.0676795134163202,100.0,64.22222222222223,86.0,79.88888888888889,35.30612244897959,关键词新闻评分,8,79.77505668934242,1017,0.5378564405113078,0.0983021691462098,0.0952160956668069,1.0324112583885194,0.0088689494194469,,,,0.0231840188869697,0.0054501629336399,0.0556431340803544,0.024129505192425,1.1004793939888515,85742665.0,汽车零部件,4010000000.0,-60.7,3.01,22.11205707826489,,0.3322259136212624,,,,,,,,,34.728707878882055,低,0.5438492903889548,0.0,98.86392009987514,65.28512714526892,20260903T230623_score_c25afbb1,,,,,,,,,,
2026-09-03 23:06:45,2026-09-03,72.91,70.32,72.98,69.84,4621702.0,0.0454,167872700.0,688152,0.1393389500972131,0.2430616934771079,0.1922685656154628,-0.0593900481540932,-0.020749199275867,1.1544292931561009,0.1023412210090684,0.2345758486392217,0.907333824749167,12833703.0,-0.4628899824319861,18.93871651800057,60.06267491852979,,,,,,,0.8248407643312111,0.1528662420382132,0.0222929936305756,0.1528662420382132,0.0246737939711163,,0.0146118230849687,95.55555555555556,70.38888888888889,65.44444444444444,48.94444444444444,85.23404255319149,关键词新闻评分,8,77.54840425531916,795,0.3836477987421384,0.1718662562606162,0.1226036307756204,1.401803969208321,-0.0096309068183221,,,,0.0631369875494418,0.0517125434151229,0.0933792458963107,-0.0102280191423478,0.7344785326777131,176596690.0,,3684000000.000001,-73.5,3.02,22.027264955339472,,0.3311258278145695,,,,,,,,,35.72830662987921,低,0.5438492903889548,0.0,98.85143570536827,71.96576467792573,20260903T230623_score_c25afbb1,,,,,,,,,,
2026-09-03 23:06:45,2026-09-03,263.01,258.2,266.23,253.66,1558010.0,0.0545,5971834300.000001,000938,0.5656075673053602,0.0048647596808717,0.4557961208840775,0.4240803044509402,0.5031728474122372,3.412957228180847,0.1921994509972318,0.1553460109165729,0.7464605516097261,102662985.51,0.0103365862653147,22.510319970257186,56.33923330654291,,,,,,,0.3826571201272867,0.3611774065234673,0.2561654733492459,0.3611774065234673,0.0296404117807395,,0.0422670236423614,98.88888888888889,61.05555555555556,56.83333333333333,52.11111111111111,95.8181818181818,关键词新闻评分,8,76.03459595959596,1958,0.4673135852911134,0.1217798986879331,0.0848057721470028,1.4359859665783028,0.0117345183606409,,,,-0.0425649391603159,-0.0766118160423795,0.130430452583822,-0.0044853423125857,0.7082234860047434,7894432406.852,IT服务,109055000000.0,38.79,6.1,25.415118179070227,0.0257798401649909,0.1639344262295082,,,,,,,,,36.55072960314492,低,0.5438492903889548,0.0,98.83895131086142,77.46523035903971,20260903T230623_score_c25afbb1,,,,,,,,,,
2026-09-03 23:06:45,2026-09-03,131.74,138.91,141.62,128.77,387195500.0,0.3015,6092419500.0,600172,0.0898321041895497,0.3568079703067006,0.3141911069063385,0.4629805160610847,0.0794995337270747,0.7143112840182776,0.1683074218766427,0.153826985480602,2.014008339818339,11074890875.0,0.2046968634788084,22.53031113057372,66.80756522245746,,,,,,,0.5579766536964973,0.7891050583657581,0.2108949416342419,0.2311284046692607,0.0198505032812738,,6.0715321659188256e-18,56.66666666666666,83.5,91.83333333333334,67.66666666666666,98.46153846153848,关键词新闻评分,5,75.68782051282051,1950,0.4861538461538461,0.168616446895612,0.1055786984058709,1.597068816357332,0.0277223260791577,,,,0.0411072490434216,0.0263292800717593,0.0759021771547867,0.0181529440508185,1.0515263343580028,2658668620.0,磨具磨料,22960000000.0,-26.3,67.94,23.85701940839777,,0.0147188695908154,,,,,,,,,37.34234962329658,低,0.5438492903889548,0.0,98.82646691635456,82.75934301939321,20260903T230623_score_c25afbb1,,,,,,,,,,
2026-09-03 23:06:45,2026-09-03,6.82,7.08,7.27,6.75,163129900.0,0.0381,1097401700.0,601118,0.0442477876106195,0.2597864768683273,0.2123287671232876,-0.1796060254924681,0.0427098674521355,0.5270323377655894,0.124702144559174,0.2458574068099834,1.2573472154170149,7718194254.0,0.0581772527144522,20.816211132615287,70.57246488897837,,,,,,,0.5,0.6346153846153852,0.3653846153846147,0.1346153846153852,0.0176206256964762,,1.7347234759768068e-17,67.22222222222223,87.22222222222221,81.05555555555556,50.5,64.4,关键词新闻评分,8,73.03444444444443,1850,0.5027027027027027,0.0621855701678452,0.0528976955555188,1.175581838013686,0.0049549731594695,,,,0.0536864345358793,0.0470621403538884,0.0711259079903147,0.0066350710900473,0.8827140924343134,798119370.0,其他种植业,29057000000.0,-505.67,3.06,24.092525255072623,,0.326797385620915,,,,,,,,,36.631077552507385,低,0.5438492903889548,0.0,93.1960049937578,85.52481177759425,20260903T230623_score_c25afbb1,,,,,,,,,,
2026-09-03 23:06:45,2026-09-03,93.37,93.93,96.05,90.93,1080702.0,0.0204999999999999,98779700.0,688667,0.025324746206746,0.0045989304812834,-0.1085698016513239,-0.0891194724592707,0.0001064735945486,0.5007967683081586,0.02395552285177,-0.0849443981704732,1.6541279500116632,32121354.0,0.0007038901191198,18.40840268614364,51.283298855808326,,,,,,,0.1093750000000006,0.5859375000000011,0.4140624999999989,0.4765625000000004,-0.0020723628807402,,0.0133620648784781,93.33333333333331,57.05555555555556,48.88888888888888,54.27777777777778,100.0,关键词新闻评分,8,72.13611111111112,1181,0.4767146486028789,0.1578218512926444,0.1204454748458225,1.3103178138877023,0.0122086357519394,,,,-0.0116837617386098,-0.0220081816043538,0.0522881781265683,0.0031326759460326,0.7149833551005278,58937745.0,汽车零部件,4848000000.0,30.82,2.67,22.301832085713425,0.0324464633354964,0.3745318352059925,,,,,,,,,35.04946907862197,低,0.5438492903889548,0.0,99.9250936329588,66.00863709942345,20260903T230623_score_c25afbb1,,,,,,,,,,
2026-09-03 23:06:45,2026-09-03,6.2,5.83,6.34,5.69,278898600.0,0.2398,1669841500.0,001330,0.1409001956947162,0.1298449612403101,-0.138847858197932,-0.215343203230148,0.0121527777777779,0.7126996730814723,0.118250695310252,0.0819672131147541,5.114542646379207,4267686299.0,0.0333085888419795,21.23599454929004,61.0674719598822,,,,,,,0.5692307692307699,0.215384615384615,0.215384615384615,0.215384615384615,0.0118234632983307,,0.0210203914903375,97.77777777777776,59.66666666666667,77.61111111111111,42.0,29.0,关键词新闻评分,7,71.76111111111112,837,0.4707287933094384,0.1370018501982576,0.124102069136223,1.103944931392521,-0.001192936259538,,,,0.0234838354526073,-0.0002027459134742,0.0551335456995834,-0.020716685330347,0.8972991985122419,523728264.347,影视动漫,8013000000.0,-13.87,2.16,22.804331059742346,,0.4629629629629629,,,,,,,,,33.02743975478184,低,0.5438492903889548,0.0,99.91260923845194,52.545087466498416,20260903T230623_score_c25afbb1,,,,,,,,,,
2026-09-03 23:06:45,2026-09-03,29.59,30.26,30.6,29.38,36677800.0,0.0335,157774100.0,002512,0.0514246004169562,0.1633986928104576,0.0205733558178753,-0.0448232323232322,0.0320600272851296,0.4041448776057106,0.0742114698521452,0.1653925401012883,2.1036108193691123,6369940891.0,0.0128425790828615,18.876674827430705,67.0215255956947,,,,,,,0.5491803278688527,0.7213114754098368,0.2786885245901632,0.1721311475409839,0.0162286613952262,,8.673617379884035e-18,58.88888888888889,78.5,76.50000000000001,60.05555555555556,100.0,关键词新闻评分,7,71.54166666666667,1803,0.5163616195230172,0.123571295615536,0.1120586556906549,1.1027376230236292,0.0096116075739395,,,,0.0304207108109659,0.028700154332962,0.0342271740156737,0.0059840425531914,1.106603371221751,109625177.0325,计算机,4773000000.0,-41.17,14.82,22.28624087497017,,0.0674763832658569,,,,,,,,,36.057722749045446,低,0.5438492903889548,0.0,92.03495630461924,83.25051134003279,20260903T230623_score_c25afbb1,,,,,,,,,,
2026-09-03 23:06:45,2026-09-03,74.01,74.42,75.51,71.59,7107000.0,0.0465,520188900.0,301021,-0.0951975683890576,0.1332419674128215,-0.1345505291312942,0.2992318435754191,0.0193124229557595,0.8026621658427961,-0.0030943992712756,-0.1202529775098263,0.7135463363356429,597478045.0,0.036923468131598,20.0697025747266,49.40890851711395,,,,,,,0.1045918367346929,0.7219387755102034,0.2780612244897966,0.6173469387755104,0.007511103099171,,0.0022450426691956,81.11111111111111,51.22222222222223,62.77777777777777,67.88888888888889,100.0,关键词新闻评分,8,70.53888888888889,1113,0.5157232704402516,0.1656843166352262,0.1155776423267539,1.433532587269897,0.0294756949995503,,,,0.0083640102131628,0.0024566005474757,0.0831861634737206,0.0078548212351026,0.493554823900731,738163715.0,其他电子,11312000000.0,150.84,10.75,23.14912994610063,0.0066295412357464,0.0930232558139534,,,,,,,,,37.335563548982,低,0.5438492903889548,0.0,99.8876404494382,81.29920447985114,20260903T230623_score_c25afbb1,,,,,,,,,,
2026-09-03 23:06:45,2026-09-03,54.72,55.8,56.68,53.62,8976900.0,0.0554,281816200.0,300727,0.0755589822667692,0.1029847796007115,-0.0108136855167523,-0.0724734042553191,0.0344827586206897,0.4324733716586377,0.1133280127693534,0.0373578977700521,2.51923049938962,925816238.0,0.0268197327175001,19.456765646904763,65.39478322043088,,,,,,,0.3529411764705874,0.7124183006535941,0.2875816993464059,0.3594771241830067,0.012575523505847,,2.4286128663675305e-17,68.88888888888889,73.33333333333333,73.83333333333334,64.44444444444444,63.5,关键词新闻评分,3,70.00555555555555,1963,0.4910850738665308,0.1307396296901669,0.0991296532595455,1.318875083198958,0.0137557205374605,,,,0.0131313347063122,-0.0052152131456093,0.0376728110599078,0.007826610475617,1.1168719219331842,102563830.0,纺织化学用品,5710000000.0,55.66,4.22,22.46548486061433,0.0179662234998203,0.2369668246445497,,,,,,,,,25.440058627843555,低,0.5438492903889548,0.0,30.0,95.17935893817912,20260903T230623_score_c25afbb1,,,,,,,,,,
2026-09-03 23:06:45,2026-09-03,52.08,51.32,52.68,50.72,43408500.0,0.0877999999999999,1100053300.0,603011,0.0062745098039216,0.2230695900857959,-0.2045877247365157,-0.0371482176360224,-0.0153491941673061,0.8717242136434775,0.0290549618014477,-0.0089985710423665,0.6786758343967487,4378983432.0,0.0588902377435257,20.818624471031352,54.77100582454403,,,,,,,0.3877551020408151,0.3061224489795924,0.3061224489795924,0.3061224489795924,0.0204249157434413,,0.0003709999637039,75.55555555555556,52.38888888888888,72.05555555555554,43.11111111111111,100.0,关键词新闻评分,10,68.26388888888889,1956,0.5322085889570553,0.1357030556572478,0.0963271866443022,1.4087721274196956,0.0271613012063693,,,,0.0323652682952901,0.022239521307852,0.0724306870059013,-0.0049120992761115,0.6531059259168565,1567512240.0,机械设备,12509000000.0,-42.76,6.73,23.249714222179016,,0.1485884101040119,,,,,,,,,25.87814435846633,低,0.5438492903889548,0.0,52.671660424469415,67.87104990970504,20260903T230623_score_c25afbb1,,,,,,,,,,
2026-09-03 23:06:45,2026-09-03,42.8,45.3,45.55,41.52,337841900.0,0.3812,2297433900.0,300189,0.0598970519419745,0.3752276867030966,0.4603481624758219,-0.1301843317972351,0.0505565862708718,1.3311038638705748,0.1952033560677017,0.4235285491321605,2.090490130970648,18200216021.0,0.0321312807761154,21.5550586418129,63.309937794178296,,,,,,,0.6203473945409439,0.9379652605459056,0.0620347394540943,0.3176178660049618,0.0379197507802295,,-2.775557561562892e-17,32.22222222222222,79.38888888888889,88.44444444444444,82.16666666666667,93.2,关键词新闻评分,3,66.35055555555556,1955,0.4792838874680307,0.1274284013625778,0.0890341727864958,1.4312302498519471,0.014712851243009,,,,0.0831025158595396,0.0724940398652911,0.1182749921160517,0.026667673944247,0.8468282374406683,1655063557.1655002,种子生产,7198999999.999999,66.64,10.51,22.697207964433577,0.0150060024009603,0.0951474785918173,,,,,,,,,34.94938710460454,低,0.5438492903889548,0.0,99.8501872659176,65.44129909536221,20260903T230623_score_c25afbb1,,,,,,,,,,
2026-09-03 23:06:45,2026-09-03,285.0,280.91,287.55,274.66,2884206.0,0.0250999999999999,383227100.0,688531,-0.0358662822624931,0.0373338257016249,-0.239632957990472,0.7922036493556208,0.0033216658332737,0.6013822721692903,-0.0232037359649212,-0.0944283050121668,0.6462428914158029,294942677.0,0.1183984287020097,19.76413832442036,47.7649151169511,,,,,,,0.3173002327385554,0.484871993793639,0.1978277734678055,0.484871993793639,0.0025521163594831,,0.003899946255924,84.44444444444444,44.72222222222222,53.55555555555556,61.27777777777777,86.0,关键词新闻评分,6,66.175,680,0.4911764705882352,0.1862482270939779,0.0917551388440493,2.029839739118404,0.0447935732490405,,,,-0.0088451459800884,-0.0101104106522049,0.0618856064728408,-0.0004625676060346,0.3630744623937195,609535760.0,其它专用机械,22031000000.0,99.56,6.42,23.81571638937684,0.0100441944556046,0.1557632398753894,,,,,,,,,35.85457571740332,低,0.5438492903889548,0.0,99.83770287141074,71.49253570669657,20260903T230623_score_c25afbb1,,,,,,,,,,
2026-09-03 23:06:45,2026-09-03,262.56,267.8,272.89,257.04,114348800.0,0.1058,3920516900.0,002407,-0.0129736104968302,-0.036863873404064,-0.0010817262859486,0.1389928547124872,0.0261322706720821,0.4765478848260119,-0.045694757735467,-0.0757884528774627,1.070837557075632,11548607107.0,0.1048222891423245,22.089489344555687,46.73534759952316,,,,,,,0.3305993690851748,0.6788643533123038,0.3211356466876963,0.3482649842271289,0.0070821541671782,,2.688821387764051e-17,71.11111111111111,51.94444444444444,58.55555555555556,60.0,100.0,关键词新闻评分,8,65.58611111111111,1962,0.4821610601427115,0.1367104545288221,0.0826252783856313,1.6545838900628291,0.0231298711235801,,,,-0.0079496412274706,-0.0033933656686232,0.0536167715779366,0.0071076680079724,0.2459686999022862,5869686818.903,氟化工及制冷剂,41284000000.0,61.31,4.76,24.44374085265009,0.0163105529277442,0.2100840336134453,,,,,,,,,36.37918562902773,低,0.5438492903889548,0.0,95.33083645443196,80.99909034016437,20260903T230623_score_c25afbb1,,,,,,,,,,
2026-09-03 23:06:45,2026-09-03,143.02,146.27,147.79,142.63,10311200.0,0.0266,268030900.0,002832,0.0686002337814144,0.0111994469408918,0.2033730974907446,0.4557125796178345,0.0220095025153717,0.3165190053453173,0.0237871093955055,0.1038606571192108,1.0057086047977415,716755788.0,-0.0275095721490357,19.406612834067143,60.90043529850583,,,,,,,0.6298449612403105,0.7054263565891506,0.2945736434108494,0.0755813953488401,0.0026893975407577,,1.3498317047444529e-17,63.33333333333333,72.72222222222223,48.22222222222223,56.61111111111112,99.0909090909091,关键词新闻评分,8,65.56186868686869,1963,0.5292919001528273,0.0741036816716876,0.0584340237543652,1.268159830703972,0.011717110192486,,,,0.0114415723363649,0.0139183521983609,0.031653790934573,0.0048547024204816,0.6850598009497585,277907920.671,其他服装,14804000000.0,23.61,2.73,23.41816325147032,0.0423549343498517,0.3663003663003663,,,,,,,,,35.540724806991626,低,0.5438492903889548,0.0,99.06367041198504,70.43223958318623,20260903T230623_score_c25afbb1,,,,,,,,,,
2026-09-03 23:06:45,2026-09-03,106.18,106.66,108.4,104.74,54924400.0,0.0292,937697000.0,002517,0.0230193746403222,-0.0456335003579099,0.1659379099256668,-0.082573542060898,0.0171657448025939,0.334305700664464,-0.0063164955560939,0.0322368357382729,1.3930100152160965,7147627564.0,-0.0024405497341298,20.6589374281337,51.396619512467176,,,,,,,0.1311475409836033,0.5245901639344251,0.4754098360655748,0.3934426229508218,0.0015448015645382,,0.0022234425879195,80.0,60.33333333333334,43.94444444444444,47.27777777777777,86.0,关键词新闻评分,8,65.2,1926,0.5088265835929388,0.127885296920127,0.0885350834048083,1.4444589873530476,0.0215853593358129,,,,-0.0013931196458311,0.0008656412686614,0.0312608823765771,0.0005628517823641,0.4562701587677596,1061530817.873,移动互联网服务,36426000000.0,15.29,3.47,24.318548642322764,0.0654022236756049,0.2881844380403458,,,,,,,,,21.69871426636561,低,0.5438492903889548,0.0,36.8789013732834,61.065194697281626,20260903T230623_score_c25afbb1,,,,,,,,,,
2026-09-03 23:06:45,2026-09-03,54.23,54.85,56.53,53.86,82819600.0,0.1392,1008013200.0,603466,0.0810011824990146,0.054604883676216,0.0045787545787545,0.1518269634607307,0.0023757309941521,0.6357936209920502,0.0255307612485859,0.0792110052632442,1.2359925084941317,3196581056.0,0.0738077385855405,20.731247102739992,57.250560660128585,,,,,,,0.2322097378277169,0.3707865168539331,0.629213483146067,0.1385767790262161,0.0065647693698553,,1.5612511283791264e-17,65.55555555555556,63.05555555555556,66.5,26.444444444444443,100.0,关键词新闻评分,10,64.65277777777777,1957,0.4961676034747062,0.109431580331827,0.0912968689558918,1.1986345378908505,0.0082980846763896,,,,0.0127425570305949,0.0107142645454425,0.0429743456179189,-0.0041757443718228,0.6260672124286929,808581870.0,装修装饰,7191000000.0,123.16,3.39,22.696096081066766,0.0081195193244559,0.2949852507374631,,,,,,,,,30.21804312997501,低,0.5438492903889548,0.0,77.31585518102372,63.944782044357225,20260903T230623_score_c25afbb1,,,,,,,,,,
2026-09-03 23:06:45,2026-09-03,114.37,116.65,118.63,113.29,23932200.0,0.0659,919201200.0,002655,-0.0121940892539588,0.3850629304203279,0.1394939923805802,1.2445641716374831,0.0272102853117295,0.7662370971905672,0.0860103433989842,0.1023696458525293,1.3068651698835163,3751127281.0,0.0391489993560046,20.639015591068897,60.01695984554417,,,,,,,0.4269662921348325,0.6292134831460686,0.3707865168539314,0.202247191011236,0.0219097664775487,,-3.469446951953614e-18,48.333333333333336,75.72222222222223,84.27777777777779,52.83333333333333,66.45714285714286,关键词新闻评分,8,64.6318253968254,1952,0.5379098360655737,0.140339491611903,0.1004199692421302,1.397525737869126,0.0290869128770987,,,,0.0519312419425475,0.0433405379718379,0.0711468985365256,0.003959032618986,0.7683757026990528,1160899434.697,电子系统组装,14091999999.999998,313.82,16.1,23.368873097425404,0.0031865400548084,0.062111801242236,,,,,,,,,35.90239399016044,低,0.5438492903889548,0.0,97.52808988764043,74.89080817010444,20260903T230623_score_c25afbb1,,,,,,,,,,
2026-09-03 23:06:45,2026-09-03,1338.77,1296.65,1345.61,1291.68,43957600.0,0.0317,7943744700.0,002384,-0.106393389523304,-0.0451696993350465,-0.1552988847196164,0.6337600483834389,-0.0231655868615338,0.5702109420393642,-0.0888002507354107,-0.178124477077618,1.0882886779252754,10841290949.0,0.0238952737684001,22.79565062583651,39.931948682163245,,,,,,,0.7810124235119603,0.0921564991655858,0.1268310773224539,0.0921564991655858,0.0056028691188857,,0.0104002553012396,87.77777777777777,35.0,50.0,38.388888888888886,100.0,关键词新闻评分,8,63.3111111111111,1892,0.5507399577167019,0.1616921365800388,0.1002125020908905,1.613492660161181,0.0440288475365452,,,,-0.03022462222904,-0.0243143723299807,0.0670596206708496,-0.0111821735969536,0.0022332852826283,13077239146.891,印制电路板,328151000000.0,91.54,13.47,26.51673970524837,0.0109241861481319,0.0742390497401633,,,,,,,,,32.07491128928251,低,0.5438492903889548,0.0,96.86641697877651,50.25648737607011,20260903T230623_score_c25afbb1,,,,,,,,,,
2026-09-03 23:06:45,2026-09-03,165.14,162.25,165.68,160.41,45503000.0,0.03,2715820200.0,002156,-0.0653801843317971,-0.0232376136295227,-0.0308225315094677,0.2843346790152774,-0.0028271157273677,0.651366401549731,-0.0580688233842759,-0.1012947448591012,0.7580648917508142,15020752788.0,0.016145216982496,21.722359844525187,43.36688183345429,,,,,,,0.5483870967741898,0.349146110056926,0.1024667931688841,0.349146110056926,0.0092630870926481,,0.0035172158230501,83.33333333333334,44.72222222222222,50.16666666666667,60.277777777777786,65.0,关键词新闻评分,7,62.90833333333334,1962,0.5127420998980632,0.1390091872643207,0.0885132757399081,1.5704896932386994,0.0281470697148595,,,,-0.0187582922525877,-0.0149172452024382,0.0575258639665419,-0.0032559282467133,0.1531102312458158,6222215059.502001,集成电路,90343000000.0,35.79,5.36,25.22687937450284,0.0279407655769768,0.1865671641791044,,,,,,,,,24.23191784177683,低,0.5438492903889548,0.0,39.07615480649188,75.02354728907846,20260903T230623_score_c25afbb1,,,,,,,,,,
2026-09-03 23:06:45,2026-09-03,926.62,947.32,976.52,906.32,89042800.0,0.0786,6020923300.0,002837,0.0378518137099159,0.2906618708956647,-0.0058975381451088,-0.0888876065170138,0.0338196937784422,0.6405235760653702,0.152835388244686,0.0642835168361948,1.5271713119668135,4462850875.0,0.1292760082324517,22.518506456765955,63.07159973784697,,,,,,,0.2948717948717958,0.5840455840455846,0.4159544159544154,0.2891737891737888,0.0226872207454841,,-0.0003709999637039,28.88888888888889,77.94444444444444,89.38888888888887,47.61111111111112,100.0,关键词新闻评分,8,62.23611111111111,1953,0.5345622119815668,0.1737265254474613,0.0965036710663866,1.8002063914019566,0.0479511805262694,,,,0.0308375539561692,0.0050260837580177,0.0541195915092802,0.0041693755830058,0.9425503880026836,3547043085.0,机械设备,87471000000.0,178.13,24.4,25.194573146803965,0.0056138775051928,0.040983606557377,,,,,,,,,28.269703886244702,低,0.5438492903889548,0.0,77.79026217228466,50.32331109780725,20260903T230623_score_c25afbb1,,,,,,,,,,
2026-09-03 23:06:45,2026-09-03,147.12,146.92,151.44,143.72,17685200.0,0.08,644616900.0,300191,-0.0293340380549684,0.1198170731707317,0.2484704282800813,-0.2006528835690969,0.0030038230475148,0.4523963948977061,0.0493536175987427,0.1891541885876162,1.7748470635545124,1007488291.0,0.0930099838731798,20.28416674636273,60.649023256008256,,,,,,,0.0259067357512975,0.414507772020724,0.5595854922279785,0.414507772020724,-0.0005697180865417,,-6.938893903907228e-18,45.55555555555556,80.55555555555556,68.22222222222221,40.22222222222222,82.72727272727272,关键词新闻评分,8,62.02272727272727,1955,0.4664961636828644,0.1202438176818507,0.0759394393074557,1.5834172437726344,0.0155792974568652,,,,0.0488502293119157,0.0453143687936155,0.0599743300532845,-0.002985884907709,0.7020242802016455,639981216.6605,油气钻采服务,11642000000.0,61.63,9.47,23.17788508579596,0.0162258640272594,0.1055966209081309,,,,,,,,,31.122384015978696,低,0.5438492903889548,0.0,84.54431960049938,60.3357687250809,20260903T230623_score_c25afbb1,,,,,,,,,,
2026-09-03 23:06:45,2026-09-03,24.68,24.53,24.99,24.18,6509979.0,0.0250999999999999,114069200.0,688207,-0.023875845602865,-0.0968335787923416,-0.0847014925373134,0.0591537132987911,0.0057400574005739,0.5928261310045664,-0.0724319827569907,-0.0822816381503466,0.6244113034118692,190872808.0,0.1145729445231595,18.55231584850861,44.32721565998533,,,,,,,0.1851851851851837,0.4320987654321012,0.3827160493827151,0.4320987654321012,-0.0054468739619641,,0.011904058261313,92.22222222222224,33.55555555555556,31.27777777777777,48.94444444444444,100.0,关键词新闻评分,9,61.81666666666667,944,0.4597457627118644,0.1482987897721935,0.0998592488908723,1.4850781617059492,0.0142303578673592,,,,-0.0178834927674903,-0.0074670235355894,0.0667695533166385,-0.0014925373134327,0.2242050704618181,198995335.0,集成电路,4537000000.0,-22.51,1.84,22.23553183762824,,0.5434782608695652,,,,,,,,,29.91647059102577,低,0.5438492903889548,0.0,95.792759051186,37.29842662447924,20260903T230623_score_c25afbb1,,,,,,,,,,
2026-09-03 23:06:45,2026-09-03,83.46,84.1,84.75,82.12,4322200.0,0.0166,247998200.0,001301,-0.0449693390869861,0.0943396226415094,-0.0686600221483942,0.0011904761904761,0.0160686238975473,0.464896282072933,-0.0073826651952482,-0.0023271125416934,1.336262112039528,232485309.0,0.1237721542115841,19.328932050070687,49.27526093227699,,,,,,,0.2433460076045633,0.7528517110266134,0.2471482889733866,0.50950570342205,0.0302716190006549,,-1.214306433183765e-17,40.0,62.0,78.27777777777777,70.33333333333333,93.2,关键词新闻评分,8,61.50888888888888,752,0.4986702127659574,0.1360195592081245,0.0930841510610893,1.4612536898881692,0.0211630448843298,,,,0.0117008239583303,0.017823878715786,0.0408527263461864,0.0052994381798621,0.477512961805717,392955543.2065,锂,21046000000.0,24.29,2.93,23.76997635526504,0.0411692054343351,0.341296928327645,,,,,,,,,35.6379187673094,低,0.5438492903889548,0.0,99.7003745318352,70.23126049217112,20260903T230623_score_c25afbb1,,,,,,,,,,
2026-09-03 23:06:45,2026-09-03,40.64,40.51,41.49,39.9,10984600.0,0.0262,431508300.0,002957,-0.0755362848014605,0.0145254194840971,-0.257378551787351,0.420406732117812,0.0074608306391443,0.676889723879812,-0.0356943072400292,-0.0969616359164504,0.7453451458250652,1679871267.0,0.0204233478497896,19.88279730584617,47.00208041341062,,,,,,,0.0817610062893096,0.3836477987421371,0.5345911949685532,0.3836477987421371,0.0013226850527439,,0.0136216602278395,94.44444444444444,38.27777777777777,48.333333333333336,39.22222222222222,50.0,无新闻/中性,9,61.21388888888888,1581,0.4920936116382036,0.127814553620941,0.0945548658307113,1.3517501452519318,0.0148717049051428,,,,-0.0037419093283031,-0.0022400309768283,0.0661917692280565,-0.0030352748154225,0.2149629250990037,848416980.059,其它专用机械,16472000000.0,52.9,4.98,23.5249278066719,0.0189035916824196,0.2008032128514056,,,,,,,,,31.57428182438944,低,0.5438492903889548,0.0,96.94132334581774,46.81908245406137,20260903T230623_score_c25afbb1,,,,,,,,,,
2026-09-03 23:06:45,2026-09-03,174.45,172.12,175.35,169.87,56940.0,0.0156,112797900.0,000026,0.0867533779517617,0.1321449713872262,-0.0609416771236837,0.2430129269877952,0.1170095398792914,1.0422246479243753,0.0185278331725735,0.035396499952377,0.4281573218736959,14513709.52,0.0635243949401863,18.54110828869907,53.96960688975806,,,,,,,0.4251824817518227,0.4105839416058401,0.1642335766423371,0.4105839416058401,0.0113132646495416,,2.6020852139652106e-17,70.0,53.66666666666667,56.27777777777777,60.66666666666667,55.333333333333336,关键词新闻评分,4,60.77222222222223,1960,0.4790816326530612,0.0961050790950727,0.0608411452480547,1.5796066741223185,0.0143489081489843,,,,-0.0013124506320716,0.0020163714342803,0.0725822515852727,-0.001894305485754,0.5687944795814284,272427372.0575,珠宝首饰,8022000000.0,76.13,2.37,22.80545360429427,0.0131354262445816,0.4219409282700421,,,,,,,,,38.887334521009045,低,0.5438492903889548,0.0,98.5518102372035,93.42545124301108,20260903T230623_score_c25afbb1,,,,,,,,,,
2026-09-03 23:06:45,2026-09-03,275.15,288.29,295.65,266.82,43212400.0,0.0878999999999999,5389016899.999999,002851,-0.0040420092586193,0.047755769580229,-0.125811146825156,0.0549253512880563,0.0718694229625225,0.7474597718004292,0.0155687188348208,-0.0792702465903923,2.523335343938206,2652534591.0,0.0192365798010842,22.40762881209623,50.77710538334447,,,,,,,0.4557752341311151,0.7447103711411738,0.2552896288588263,0.2889351370100586,0.0115203773318758,,3.469446951953614e-18,55.00000000000001,50.0,69.0,65.33333333333333,84.36363636363637,关键词新闻评分,7,60.519696969696966,1889,0.5060878771836951,0.1527912998299896,0.0839617608895346,1.8197724560709416,0.0358560930267518,,,,-0.0093791715888927,-0.0155916504149878,0.0719761351416976,0.0165851709060136,0.5807169967081877,3728306379.701,电气设备,74378000000.0,331.7,8.14,25.032426036133177,0.0030147723846849,0.1228501228501228,,,,,,,,,34.044321725537806,低,0.5438492903889548,0.0,79.43820224719101,86.62350992655277,20260903T230623_score_c25afbb1,,,,,,,,,,
2026-09-03 23:06:45,2026-09-03,27.21,29.3,29.3,26.98,150479200.0,0.2637,1451661800.0,002328,0.2558936990998715,0.3596287703016241,0.2223612849395078,0.3653308480894688,0.0871985157699444,0.4959522365178219,0.2613543415558139,0.3157205403584926,18.94877963254258,193458955.0,3.969182221944357,21.095974806797585,84.63653811586356,,,,,,,0.900862068965517,1.0,0.0,0.0991379310344829,0.0837748800366547,,-0.0766810670001241,1.1111111111111112,92.83333333333331,99.2222222222222,77.25,93.2,关键词新闻评分,6,60.486666666666665,1956,0.5030674846625767,0.098085744415927,0.0672394253354971,1.458753460882799,0.0159302919627653,,,,0.0459704480147939,0.023560274214788,0.0375182837640175,0.0271091376489833,1.2575221142340047,405507236.8165,汽车零部件,7795000000.0,19.37,2.23,22.77674833945615,0.0516262261228704,0.4484304932735426,,,,,,,,,31.482059939332046,低,0.5438492903889548,0.0,94.73158551810236,49.15058699063258,20260903T230623_score_c25afbb1,,,,,,,,,,
2026-09-03 23:06:45,2026-09-03,92.42,93.91,95.4,91.9,8395300.0,0.0224,128754200.0,600769,0.0233191674839272,0.04845372334487,-0.0202399582681273,0.0523307933662036,0.0161220515040034,0.6139051444053071,0.0076180257510729,-0.0559737563854045,0.7447719234123263,1696977740.0,0.0443430040599936,18.67341572610201,51.71651828695391,,,,,,,0.4257142857142842,0.5742857142857117,0.4257142857142883,0.1485714285714274,0.0041658850689831,,1.7347234759768068e-17,67.22222222222223,60.05555555555555,55.5,44.50000000000001,50.0,无新闻/中性,9,59.09166666666667,1950,0.5353846153846153,0.135088448295168,0.1012486359900307,1.3342248710241311,0.0252826029811217,,,,-0.0024974578664504,-0.0066934353872212,0.0595707136011683,0.0018491518793781,0.5676632127048347,172592015.0,房屋建设,5782000000.0,413.46,44.05,22.478015480540567,0.0024186136506554,0.0227014755959137,,,,,,,,,36.8220664691968,低,0.5438492903889548,0.0,97.39076154806492,81.20506248311418,20260903T230623_score_c25afbb1,,,,,,,,,,
2026-09-03 23:06:45,2026-09-03,27.08,27.11,27.86,27.05,51070900.0,0.0243,431712200.0,002739,-0.001105379513633,-0.060311958405546,-0.0163280116110304,-0.1583359205215772,0.0033308660251665,0.6087143644674046,-0.0564855740785855,-0.0634284529814137,0.4263960963969171,2325948446.0,0.2073624902240726,19.88326972280874,42.60831107738964,,,,,,,0.0370370370370385,0.0740740740740726,0.9259259259259274,0.0370370370370341,0.0005486674171782,,0.0114993282932677,90.0,41.11111111111112,33.94444444444444,4.777777777777778,100.0,关键词新闻评分,9,59.04444444444444,1753,0.4187107815173987,0.0884786727457534,0.0701441627752742,1.261383260489097,-0.0037270713477589,,,,-0.0240377356776568,-0.020592667973507,0.0290088001264689,-0.0084125822970007,0.31316434804428,1196758975.1005,影视动漫,17676000000.0,-100.02,2.46,23.595473624214904,,0.4065040650406504,,,,,,,,,28.61297972142708,低,0.5438492903889548,0.0,94.7565543071161,29.99009381924781,20260903T230623_score_c25afbb1,,,,,,,,,,
2026-09-03 23:06:45,2026-09-03,173.39,171.97,176.25,170.14,3431300.0,0.0137,142982800.0,300863,-0.0247263653377191,0.0723996008979794,-0.3987062937062937,0.087866902834008,-0.0081896303131667,0.533237316753534,-0.0256657223796034,-0.1454701603599589,0.5253274972116904,421376993.0,0.0688057827264569,18.778234908263563,46.82601590144963,,,,,,,0.2324058919803575,0.2995090016366626,0.4680851063829799,0.2995090016366626,0.0055162901994803,,0.0024522142679268,82.22222222222221,45.94444444444444,52.55555555555556,31.22222222222221,50.0,无新闻/中性,4,58.89722222222222,1322,0.5211800302571861,0.1167620885651426,0.0862898922061061,1.353137494786211,0.0195367452760348,,,,-0.0084108232744357,-0.0138838130676681,0.0540085895380423,-0.0047264449417393,0.3227074899941382,278091230.0,汽车零部件,10835000000.0,78.54,7.47,23.106047471934733,0.0127323656735421,0.1338688085676037,,,,,,,,,32.20187448994084,低,0.5438492903889548,0.0,89.1510611735331,61.39004978745026,20260903T230623_score_c25afbb1,,,,,,,,,,
2026-09-03 23:06:45,2026-09-03,58.65,60.38,61.99,57.98,4857811.0,0.0538999999999999,284653800.0,688379,-0.022977346278317,0.1897536945812807,-0.2302396736359,0.1573701360935404,0.0469915033813075,0.7560832436391203,0.0764458389788205,-0.052726535841755,1.134392608777988,227715997.0,0.1485964234846762,19.466784266513034,55.582403103271126,,,,,,,0.4314214463840403,0.5985037406483797,0.4014962593516203,0.1670822942643393,0.0134920250734515,,3.469446951953614e-18,55.00000000000001,54.44444444444444,80.33333333333333,47.94444444444444,50.0,无新闻/中性,6,58.72222222222222,1325,0.5132075471698113,0.1330429292824584,0.0876363407329401,1.5181251084854013,0.025617926142887,,,,0.0141984566791045,-0.0002236512546694,0.0703638858657076,0.0043803714998613,0.8208488618541528,236581850.0,金属制品,5602000000.0,35.78,3.92,22.44638951378433,0.0279485746226942,0.2551020408163265,,,,,,,,,36.39631955197312,低,0.5438492903889548,0.0,98.47690387016227,76.91855993882653,20260903T230623_score_c25afbb1,,,,,,,,,,
2026-09-03 23:06:45,2026-09-03,75.97,75.84,77.07,75.8,27604400.0,0.0084,430126700.0,601058,0.0924805531547103,0.1108832576534351,0.1905808477237047,0.0674173117522871,-0.0045937787111168,0.2697348037277818,0.0809963296867761,0.144959225421396,0.8301354904995462,3086990035.0,0.1195967073428609,19.87959037673844,71.87720106700826,,,,,,,0.1023622047244061,0.031496062992131,0.8661417322834628,0.031496062992131,0.0117619589049087,,-1.7347234759768068e-17,35.55555555555556,81.83333333333333,70.94444444444444,4.555555555555557,100.0,关键词新闻评分,8,57.547222222222224,1963,0.5547631176770249,0.0924933012250278,0.0644971321810959,1.43406843214864,0.0225953701007526,,,,0.0278701821046708,0.0192284773382961,0.025881555153707,-0.0052030956232783,0.9697493094471064,480071685.0,轮胎,50801000000.0,13.19,2.24,24.65118187637647,0.0758150113722517,0.4464285714285714,,,,,,,,,30.38164863282291,低,0.5438492903889548,0.0,94.7940074906367,41.73128231719255,20260903T230623_score_c25afbb1,,,,,,,,,,
2026-09-03 23:06:45,2026-09-03,367.0,347.01,369.0,337.0,6813160.0,0.0336,2371435800.0,688702,-0.087776025236593,-0.1102763960822521,0.2985929196916397,0.7832879387429981,-0.0424933086835352,0.7618902016300154,-0.0938444564855496,-0.0372862797828082,0.8625704029812001,230683740.0,0.0634496867097036,21.586761431863405,44.54440903581371,,,,,,,0.6246875000000003,0.3128124999999997,0.0625,0.3128124999999997,-0.0032842793329754,,0.0070918108636952,85.55555555555556,33.94444444444444,34.94444444444444,59.833333333333336,53.483870967741936,关键词新闻评分,6,56.751164874551975,578,0.6384083044982699,0.2219323016531676,0.0970592376826723,2.286565472302164,0.1065876100940144,,,,-0.0049945489573556,0.0065850588200382,0.0863272775177331,-0.0113769100008547,0.1060602185245747,3056169520.0,通信传输设备,142274000000.0,-989.24,63.22,25.68102061276918,,0.0158177791838025,,,,,,,,,32.94743978219711,低,0.5438492903889548,0.0,94.80649188514356,58.81991078701141,20260903T230623_score_c25afbb1,,,,,,,,,,
2026-09-03 23:06:45,2026-09-03,1007.15,998.26,1011.99,983.91,9964600.0,0.0144,1233890200.0,002353,-0.0877055098105517,-0.1388222709156473,-0.1401500469435042,0.1445835626490552,0.0028631418209581,0.582123185593256,-0.1267875199876839,-0.1442291302657526,0.994975436949545,1695380251.0,0.0047670451791012,20.93343778035089,37.37292089322058,,,,,,,0.3165954415954407,0.5110398860398861,0.1723646723646732,0.5110398860398861,0.0050356787303406,,4.163336342344337e-17,73.33333333333333,25.66666666666667,36.22222222222222,65.05555555555554,100.0,关键词新闻评分,4,55.83333333333333,1961,0.5823559408465069,0.1154988459920721,0.0895840867540446,1.289278600441361,0.0298471774968811,,,,-0.0363337285451312,-0.014318516623304,0.0668713561597179,0.0002070697624709,0.0943021967156369,2485593964.502,冶金矿采化工设备,126897000000.0,48.15,5.45,25.56664157072537,0.0207684319833852,0.18348623853211,,,,,,,,,32.608708694219644,低,0.5438492903889548,0.0,99.56304619225968,50.21963112434015,20260903T230623_score_c25afbb1,,,,,,,,,,
2026-09-03 23:06:45,2026-09-03,100.83,103.32,105.11,99.13,14004200.0,0.0798,605940800.0,603200,-0.0267520723436323,0.1471078050405241,-0.0352040339901018,-0.3735903965078211,0.0437417921002121,0.6159969611722507,0.103044796515352,0.0988683740321616,1.5973409967498156,1128655873.0,0.0113052523848111,20.22229285114298,62.23662503683984,,,,,,,0.4163879598662196,0.7006688963210694,0.2993311036789306,0.2842809364548498,0.015763877301454,,-1.734723475976807e-18,50.0,69.27777777777777,72.5,59.72222222222223,0.0,关键词新闻评分,9,55.29166666666666,1963,0.4773306164034641,0.1521114538960364,0.0950810437585063,1.5998084148337717,0.0229115035172484,,,,0.0321726635969384,0.0183973874151306,0.0570695757977988,0.0078033554428404,0.8456102130888121,360008570.0,环保工程及服务,7630000000.0,-317.47,7.03,22.755353682242777,,0.1422475106685632,,,,,,,,,31.232671944234987,低,0.5438492903889548,0.0,84.9438202247191,60.53835408116319,20260903T230623_score_c25afbb1,,,,,,,,,,
2026-09-03 23:06:45,2026-09-03,89.07,87.61,90.47,86.31,47612800.0,0.0692,761140300.0,300328,-0.0704509283819628,0.0966328701965202,-0.1723975061401851,-0.1840365092670206,-0.011620036101083,0.6443938569123535,0.0152678390358373,0.0885122878513031,0.9139168236798988,6003669284.0,0.0049126262992926,20.45032826282775,53.9484658821406,,,,,,,0.3509615384615372,0.3124999999999995,0.3365384615384632,0.3124999999999995,0.0085732808146481,,8.673617379884035e-18,58.88888888888889,53.16666666666666,59.55555555555556,42.05555555555556,50.0,关键词新闻评分,5,55.01944444444444,1950,0.518974358974359,0.1338848772646082,0.0966231815021052,1.3856392967322355,0.0230045905347737,,,,0.0489897715019419,0.0465571489542394,0.0721541898348199,-0.0059003744468398,0.5726610676499242,835510140.0,铝,11033000000.0,-212.64,10.67,23.12415661872458,,0.0937207122774133,,,,,,,,,36.55521070176383,低,0.5438492903889548,0.0,94.84394506866415,82.82177933942876,20260903T230623_score_c25afbb1,,,,,,,,,,
2026-09-03 23:06:45,2026-09-03,128.73,123.96,128.99,122.43,48293600.0,0.0478,2248586500.0,601208,-0.0541736609186632,0.106390574794716,-0.25,0.4328979308750431,-0.0280696252156187,0.7417018656072254,-0.018496231076202,-0.1123491312177987,0.662350849303236,4501762644.0,0.0745677892941236,21.53356763397098,48.759563625506495,,,,,,,0.7271341463414626,0.2332317073170711,0.0396341463414663,0.2332317073170711,0.0105206846651482,,1.734723475976807e-18,53.333333333333336,42.88888888888889,63.77777777777778,54.777777777777786,73.47826086956522,关键词新闻评分,9,54.97004830917875,1958,0.5444330949948928,0.1266941055525968,0.0745779826519856,1.698813792588202,0.0350012032653202,,,,0.0098936633321487,0.0009649127339325,0.0647155764532337,-0.0093238851297352,0.4046489141837455,3446467405.0,其他塑料制品,46832000000.0,115.11,7.59,24.56983256689594,0.0086873425419164,0.1317523056653491,,,,,,,,,35.93811954528114,低,0.5438492903889548,0.0,95.03121098626715,78.45815040607344,20260903T230623_score_c25afbb1,,,,,,,,,,
2026-09-03 23:06:45,2026-09-03,230.45,224.09,230.87,221.63,31497300.0,0.0187999999999999,1570235500.0,002080,-0.0478840924541128,-0.0314647534252495,-0.194760860972367,0.0844463801780874,-0.0185696141549511,0.6842950204747702,-0.0764278707848035,-0.1902819866739256,0.6619617307862717,3980487774.0,0.0055776769752315,21.1744914456946,42.39883653274649,,,,,,,0.688311688311686,0.2662337662337668,0.0454545454545471,0.2662337662337668,0.0044013707587219,,0.0005312973852722,76.66666666666667,31.0,41.388888888888886,56.61111111111112,54.064516129032256,关键词新闻评分,7,53.92867383512544,1954,0.5255885363357216,0.1302020553970664,0.0808555370414711,1.610304750437625,0.030073914050841,,,,-0.0316443911326667,-0.0310604472897788,0.0608811510681295,-0.0063849598723008,0.2142812465233153,2815178561.077,玻纤,83520000000.0,41.21,4.09,25.14835196108074,0.0242659548653239,0.2444987775061124,,,,,,,,,24.81829134557085,低,0.5438492903889548,0.0,51.19850187265917,62.7695745594822,20260903T230623_score_c25afbb1,,,,,,,,,,
2026-09-03 23:06:45,2026-09-03,455.92,460.14,468.46,447.49,6049500.0,0.0337,666092000.0,300776,-0.0484521372293567,-0.0559681588773542,-0.3059519140848895,0.2546079179845131,0.0226696892919056,0.7028424477638,-0.0510425044855534,-0.1873156194568093,0.7597574101308523,486081933.0,-0.0040862460749556,20.316938358603903,44.45609002006202,,,,,,,0.2012398664759168,0.6032427277062468,0.3967572722937532,0.4020028612303299,2.739886394439316e-05,,0.0075035087738085,86.66666666666667,25.22222222222222,33.44444444444444,54.333333333333336,50.0,无新闻/中性,7,53.76111111111111,1631,0.5180870631514408,0.1584988969245945,0.1064684155517682,1.4886940516882918,0.0308077212002407,,,,-0.036130514725626,-0.0372876473612656,0.06598923309055,0.003146596516216,0.2504026029472443,930784975.0,其它专用机械,31401000000.0,63.01,6.36,24.170105576487263,0.0158704967465481,0.1572327044025157,,,,,,,,,33.25506130141869,低,0.5438492903889548,0.0,98.2521847690387,56.27646373662842,20260903T230623_score_c25afbb1,,,,,,,,,,
2026-09-03 23:06:45,2026-09-03,63.59,61.77,63.63,61.49,10849600.0,0.0491,171215099.99999997,300622,0.0508676420551208,-0.005794302269435,0.0247179827471799,-0.2359925788497215,-0.0237079184447605,0.3631964378632759,0.0284972152151652,0.0458029052902468,1.199054204221379,1176035027.0,-0.0003950701813405,18.95843122455763,55.65446011255238,,,,,,,0.850467289719626,0.1308411214953276,0.0186915887850463,0.1308411214953276,0.0025875999811269,,-9.974659986866641e-18,42.77777777777778,66.44444444444444,49.11111111111112,46.5,76.18181818181819,关键词新闻评分,8,53.67373737373737,1963,0.5236882322975038,0.1138306077198036,0.0824713413890773,1.3802444073606337,0.020329679336307,,,,0.0088632699097442,0.0019166421574135,0.0341936677536483,-0.00845417090267,0.702557233011663,138833820.0,专业连锁,4995000000.0,28.45,5.39,22.331703249046928,0.0351493848857645,0.1855287569573284,,,,,,,,,31.134554349455613,低,0.5438492903889548,0.0,88.15230961298377,55.6062509316145,20260903T230623_score_c25afbb1,,,,,,,,,,
2026-09-03 23:06:45,2026-09-03,76.83,75.61,77.22,74.25,9226395.0,0.0453,311371100.0,688598,-0.1004164187983343,0.1628729621654876,0.0317958515283842,0.2568151595744681,-0.0011889035667107,0.9878338175833804,-0.0362382573005494,-0.105708045197562,0.4307265936139234,287123674.0,0.4637196875634669,19.556496009589456,47.89904065291757,,,,,,,0.4107744107744105,0.4579124579124579,0.1313131313131315,0.4579124579124579,0.0147585381810004,,-9.974659986866641e-18,42.77777777777778,56.11111111111111,65.0,64.94444444444444,43.76923076923077,关键词新闻评分,9,52.87136752136752,1390,0.460431654676259,0.1854355636843167,0.1323979071271621,1.4005928621380273,0.0139426837500655,,,,0.0131686806726003,0.0154344683294753,0.086080828310692,-0.0011009335916857,0.3844741006402327,754282345.0,非金属新材料,7009999999.999999,-5.58,1.84,22.67060353799291,,0.5434782608695652,,,,,,,,,35.19985759648283,低,0.5438492903889548,0.0,98.35205992509364,69.10860549564944,20260903T230623_score_c25afbb1,,,,,,,,,,
2026-09-03 23:06:45,2026-09-03,413.49,408.47,419.91,400.28,5767837.0,0.0315,1680541400.0000002,688017,-0.0295550117602337,-0.135238700116439,-0.3137264784946236,0.4173635448835839,0.0189079298560703,0.8634240297284885,-0.0956490550665084,-0.169334076276391,0.650490260271181,335290292.0,0.0246445017042977,21.242381840946173,42.20701539147732,,,,,,,0.2557310239429429,0.4172185430463593,0.3270504330106978,0.4172185430463593,-0.0062334547454221,,0.0180720322676477,96.66666666666669,8.055555555555557,24.05555555555556,51.77777777777778,67.02702702702703,关键词新闻评分,7,52.53881381381382,1318,0.5250379362670713,0.1922593735872593,0.1236095301131842,1.5553766235598114,0.0422336272166389,,,,-0.0481858392809225,-0.0386824167772932,0.0694700432624882,-0.0026451581397619,0.24363848861803,2921081990.0,机械基础件,53241000000.0,377.44,14.92,24.698094613166948,0.0026494277236117,0.067024128686327,,,,,,,,,30.68104731552983,低,0.5438492903889548,0.0,93.84519350811486,44.99235884526782,20260903T230623_score_c25afbb1,,,,,,,,,,
2026-09-03 23:06:45,2026-09-03,230.5,229.0,231.55,225.27,6430100.0,0.0289999999999999,1457966400.0000002,300666,-0.0828260173021467,-0.0463101782442112,-0.0659542358363584,0.5407387472246519,0.0090772891513175,0.6757197906200038,-0.0842197872510598,-0.1605007667915122,0.4355474332904792,1695376824.0,0.0234914851371381,21.10030842568573,43.55506271760893,,,,,,,0.2388535031847133,0.5939490445859855,0.1671974522293011,0.5939490445859855,-0.0007722376448034,,0.0002577169319155,74.44444444444444,34.05555555555556,27.333333333333336,67.83333333333334,57.02439024390244,关键词新闻评分,8,52.52188346883469,1948,0.5087268993839835,0.1279373167350321,0.0819133879121421,1.5618608874077329,0.0248433103965589,,,,-0.023951278583106,-0.0155544858954841,0.0631378665003119,0.0017205680790877,0.1253272538311346,3699663460.0,半导体材料,62783000000.00001,79.82,8.61,24.86295017313759,0.0125281884239538,0.1161440185830429,,,,,,,,,25.63723446099522,低,0.5438492903889548,0.0,57.87765293383272,59.3236605807466,20260903T230623_score_c25afbb1,,,,,,,,,,
2026-09-03 23:06:45,2026-09-03,259.27,257.72,261.37,256.03,7107300.0,0.0152,133514900.0,600645,-0.0531613946140562,-0.0086548447897834,0.0104685355812585,-0.4018058166794326,-0.0070506646118281,0.6630423759394776,-0.0696683807457596,-0.0100130605137134,0.4028139678221504,1074756948.0,0.0135129470922559,18.70972364755328,42.7629046395227,,,,,,,0.2902621722846339,0.316479400749072,0.393258426966294,0.316479400749072,0.008350335212161,,1.1275702593849246e-17,62.22222222222222,47.11111111111112,38.5,38.94444444444445,72.5,关键词新闻评分,9,52.400000000000006,1945,0.4760925449871465,0.0934460634530661,0.0747842138200959,1.249542633126611,0.0053089670307771,,,,-0.004027715325323,0.0084641947177137,0.0560741446974567,-0.002528640726597,0.1476813919501687,365437090.0,生物制品,8755000000.0,74.76,2.34,22.892890802684228,0.0133761369716425,0.4273504273504274,,,,,,,,,31.05205691784841,低,0.5438492903889548,0.0,88.20224719101124,54.98968461686316,20260903T230623_score_c25afbb1,,,,,,,,,,
2026-09-03 23:06:45,2026-09-03,193.96,207.5,211.24,191.18,371030300.0,0.1672,7617489000.0,600869,0.1674355800607627,0.3371568501095501,-0.326735885788449,0.529221018498047,0.0772505451147336,0.7975897335316579,0.2197666865552319,-0.0266068609752225,1.896961673460064,6199833825.0,0.451415125245412,22.753712624911053,63.76005412890663,,,,,,,0.6749750747756725,0.8135593220338979,0.1864406779661021,0.1385842472582253,0.0216483663555107,,-0.0117214412829989,7.777777777777778,57.333333333333336,92.72222222222224,67.0,100.0,关键词新闻评分,8,52.30000000000001,1949,0.5156490507952797,0.1127389227459002,0.0760575794046669,1.4822838647818248,0.021295157722742,,,,0.0177987474764659,-0.0170817977414577,0.0704647160068846,0.0206256558237143,1.1869683065643872,3407130180.0,线缆部件及其他,46717000000.0,386.84,10.69,24.56737396107592,0.0025850480818943,0.0935453695042095,,,,,,,,,32.178554540738915,低,0.5438492903889548,0.0,94.95630461922596,53.49425886518027,20260903T230623_score_c25afbb1,,,,,,,,,,
2026-09-03 23:06:45,2026-09-03,76.9,75.39,78.3,74.74,618032.0,0.0491,435629800.00000006,000676,0.2533665835411471,-0.0717803496675695,0.2138142006118177,-0.1669613259668508,0.1706521739130433,1.4042647018448555,0.0846935765824743,0.1292182795859981,0.6171699986628676,103401941.56,-0.0292114916823487,19.892303360365247,56.19370439111128,,,,,,,0.4241573033707876,0.1825842696629228,0.3932584269662895,0.1825842696629228,-0.0006633905088693,,0.0012203691835591,78.88888888888889,46.0,23.61111111111111,28.83333333333333,50.0,无新闻/中性,9,51.71666666666666,1957,0.4399591211037302,0.1279440758861517,0.0896701174264615,1.426830694083552,0.006071231803053,,,,-0.0185725674323779,-0.0290927460496917,0.0799082864343509,-0.0098936216784134,0.6528007851948942,716714554.2165,移动互联网服务,8768000000.0,43.31,2.03,22.89437456715207,0.0230893558069729,0.4926108374384237,,,,,,,,,30.945005784106,低,0.5438492903889548,0.0,92.72159800249688,48.25020930993293,20260903T230623_score_c25afbb1,,,,,,,,,,
2026-09-03 23:06:45,2026-09-03,62.89,62.15,63.68,61.49,18489300.0,0.0555,254539200.0,300996,-0.0232594688040232,-0.3173330404217926,0.1815589353612166,0.1341240875912408,-0.0076640587577838,0.5776814718018111,-0.1322014018822083,0.0129491243653787,0.3366607073583907,395133249.0,-0.6229270192550387,19.354965413527413,41.59555378887468,,,,,,,0.3378995433789967,0.3013698630136974,0.3607305936073059,0.3013698630136974,-0.0218101503675012,,0.0113434717521725,88.88888888888889,35.72222222222222,1.3333333333333337,39.05555555555556,74.0,关键词新闻评分,6,51.61388888888889,1131,0.4721485411140583,0.1510085566834948,0.0989721301564325,1.5257684809331162,0.0190558864417294,,,,-0.0240223506167002,-0.0007478744655318,0.051672221583726,-0.0046444586803331,0.2722724211674359,929387145.0,软件开发,5426000000.0,79.41,4.23,22.41446805118315,0.0125928724342022,0.2364066193853427,,,,,,,,,28.34842794597238,低,0.5438492903889548,0.0,89.28838951310861,35.51730170822647,20260903T230623_score_c25afbb1,,,,,,,,,,
2026-09-03 23:06:45,2026-09-03,24.67,24.62,24.93,24.28,6210100.0,0.0118,148319500.0,601133,-0.1147069399496583,-0.0567049808429118,-0.1752093802345058,0.5310945273631844,0.0,0.5535330699917462,-0.0727628803856582,-0.1910540611583282,0.4985703464606691,532765800.0,0.0033953401649455,18.814879295428803,39.42780088450078,,,,,,,0.0769230769230781,0.523076923076924,0.3999999999999978,0.523076923076924,-0.0003464011734186,,0.0011010455536955,77.77777777777779,33.333333333333336,24.27777777777778,52.61111111111111,50.0,无新闻/中性,6,50.672222222222224,682,0.5659824046920822,0.114744058149888,0.0813159046946367,1.411089977794418,0.0296505845399476,,,,-0.0390104959677103,-0.0367216739400829,0.0570094000232099,0.0004063388866315,0.0867583280792893,325060645.0,,12586000000.0,60.6,4.12,23.255850922051152,0.0165016501650165,0.2427184466019417,,,,,,,,,33.753724847465705,低,0.5438492903889548,0.0,98.3645443196005,59.45107464285947,20260903T230623_score_c25afbb1,,,,,,,,,,
2026-09-03 23:06:45,2026-09-03,162.97,156.62,165.27,154.46,150166300.0,0.0865,1723723599.9999998,600110,-0.0161442301652113,0.1961203604704444,-0.0637814573495128,0.3797903268434499,-0.020267734267484,0.7432221287399742,0.0495876906993342,-0.0368721405027796,0.814724098797429,9753160155.0,-0.0372339723066454,21.267752672088665,54.51091523112055,,,,,,,0.5874190564292315,0.1998149861239589,0.2127659574468095,0.1998149861239589,0.0098704449522853,,-0.0022450426691956,23.33333333333333,63.11111111111111,60.66666666666667,41.5,94.21052631578948,关键词新闻评分,7,49.64883040935672,1951,0.4659149154279856,0.154712680390854,0.0970470938190088,1.594202096143039,0.0202515400901481,,,,0.0274934531693968,0.012568202306789,0.0711686155754601,-0.0136244358140023,0.7151724627525939,2022434665.0,其他电子,19798000000.0,-160.74,3.3,23.708846759444025,,0.303030303030303,,,,,,,,,32.16502968219295,低,0.5438492903889548,0.0,94.88139825218477,53.50396829759539,20260903T230623_score_c25afbb1,,,,,,,,,,
2026-09-03 23:06:45,2026-09-03,70.93,70.71,71.15,70.28,74305800.0,0.0093999999999999,212617300.0,600166,-0.026971239851383,-0.0525257939166555,-0.0384824585259724,-0.0660414740457007,0.0,0.2314145531504057,-0.0239222561186038,-0.0500521703305317,0.6607856590646825,14796066455.0,-0.0158621215402951,19.175004398736075,42.00755791131473,,,,,,,0.2528735632184045,0.4942528735632073,0.2528735632183881,0.4942528735632073,-0.0033465553518003,,0.0,51.66666666666667,51.72222222222223,26.88888888888889,58.61111111111112,71.81818181818181,关键词新闻评分,8,49.43459595959596,1963,0.4645950076413652,0.0824968943122305,0.0590312835562463,1.397511443802938,0.0067220013220271,,,,-0.0126099502365752,-0.0119029956600948,0.0235064751399074,-4.713868200245663e-05,0.2324543953607436,329817080.0,商用载货车,22644000000.0,15.17,1.43,23.843160753120824,0.0659195781147,0.6993006993006994,,,,,,,,,34.06332805642878,低,0.5438492903889548,0.0,89.25093632958801,73.66657335596327,20260903T230623_score_c25afbb1,,,,,,,,,,
2026-09-03 23:06:45,2026-09-03,187.61,187.61,191.15,185.69,29439200.0,0.0375,909833600.0,002747,-0.0309901348070864,-0.1134161901611454,-0.1376235348195816,0.3916623395890513,0.0129582635926785,0.7485444121839461,-0.0789027940750486,-0.1269161679433362,0.5263631541286433,4088418139.0,0.029808616942751,20.628772284711008,42.977309896409416,,,,,,,0.0,0.351648351648354,0.6483516483516459,0.351648351648354,-0.000126260891834,,2.949029909160572e-17,72.22222222222221,21.0,24.944444444444446,33.388888888888886,100.0,关键词新闻评分,9,48.855555555555554,1953,0.5017921146953405,0.1379123982643281,0.1001265444144663,1.377380983942181,0.0193195200121688,,,,-0.0333279492201837,-0.0241523165651125,0.06179231993421,-0.002870050491629,0.2388752581387392,2004936907.5225005,其它通用机械,29845000000.0,149.51,9.06,24.119283158567026,0.0066885158183399,0.1103752759381898,,,,,,,,,24.078668464801936,低,0.5438492903889548,0.0,67.89013732833956,35.58324141344891,20260903T230623_score_c25afbb1,,,,,,,,,,
2026-09-03 23:06:45,2026-09-03,260.92,268.92,270.79,255.2,14871000.0,0.1076,1486423700.0,002975,-0.0528317836010143,0.0976326530612246,-0.1507074279939362,0.6711409395973156,0.0491573033707866,0.8092159787822921,0.0073268305838987,-0.0553183716197382,0.910461490895232,369864659.0,0.0967858467858934,21.11963887113354,51.30211122346248,,,,,,,0.5131494547787032,0.8800513149454778,0.1199486850545221,0.3669018601667745,0.0094599354323077,,-0.0054586027897809,18.88888888888889,46.88888888888889,68.77777777777777,78.27777777777777,82.72727272727272,关键词新闻评分,8,48.18939393939394,1452,0.4862258953168044,0.1579680245657314,0.1086919657549116,1.4533551166231722,0.0209650267839134,,,,0.0121837610223814,0.0086056488875318,0.0839973651218631,0.0149073480016606,0.5569554124705787,1666631355.0,其它专用机械,21288000000.0,71.64,8.62,23.7814093706218,0.0139586823003908,0.1160092807424594,,,,,,,,,31.27456020864053,低,0.5438492903889548,0.0,90.34956304619226,53.60995208190259,20260903T230623_score_c25afbb1,,,,,,,,,,
2026-09-03 23:06:45,2026-09-03,31.23,30.81,31.32,30.41,3719200.0,0.0325,60496200.0,003001,0.0029296875,-0.1801490154337414,0.0065338124795817,-0.1284299858557285,-0.0070899129874315,0.4020084833124902,-0.0402766096626482,-0.0098447760554478,0.5555129454516071,-202531951.0,-1.122385516963144,17.918091127641052,44.89818592384462,,,,,,,0.4615384615384633,0.4395604395604379,0.0989010989010987,0.4395604395604379,-0.0202440096707384,,1.3877787807814457e-17,64.44444444444444,43.33333333333333,8.61111111111111,67.83333333333334,59.69230769230769,关键词新闻评分,7,47.863675213675215,1285,0.4614785992217899,0.1208719118640578,0.0888101622252168,1.361014424875551,0.0079536276074212,,,,-0.0272320384018894,-0.0238813617707484,0.037673297166968,-0.0011886751674952,0.3710192441267533,166449587.9785,其他专业工程,2840000000.0,-105.88,2.45,21.76706988911953,,0.4081632653061224,,,,,,,,,29.106931615755176,低,0.5438492903889548,0.0,77.97752808988764,55.65514140440639,20260903T230623_score_c25afbb1,,,,,,,,,,
2026-09-03 23:06:45,2026-09-03,163.96,160.96,164.98,159.33,2406800.0,0.0113,374826900.0,603929,-0.0750488449603493,-0.0436694195234982,-0.2940970090342952,0.21626114553423,-0.0061743640405038,0.5513378551667982,-0.059005103681315,-0.1770133670563333,0.4497544084546653,910489866.0,0.0078573901585439,19.741974880032508,41.029085690165104,,,,,,,0.5309734513274358,0.2884955752212393,0.1805309734513249,0.2884955752212393,-0.0033560792174634,,8.673617379884035e-18,58.88888888888889,34.0,25.0,48.0,82.4,关键词新闻评分,6,47.15111111111111,1954,0.5092118730808598,0.1448946266969105,0.0823542419957792,1.7594069617486938,0.0333635800867317,,,,-0.0278625164973971,-0.0262628831894908,0.0543391437091735,-0.0049250932470582,0.116208210008468,894296855.0,建筑装饰,33071000000.0,27.07,13.85,24.22192260237013,0.0369412633912079,0.0722021660649819,,,,,,,,,30.58765150110136,低,0.5438492903889548,0.0,91.4481897627965,47.56572507616917,20260903T230623_score_c25afbb1,,,,,,,,,,
2026-09-03 23:06:45,2026-09-03,121.81,120.79,123.91,120.4,38157000.0,0.0064,842366400.0,600188,-0.0291753737341262,0.015724857046754,-0.0438533998258529,-0.0032183528635088,-0.0064160565929093,0.2654228884891505,-0.0091708501492927,0.0514770209746988,0.712310518625603,5680434246.0,0.0118414879543763,20.551725633135817,51.22590366483576,,,,,,,0.2905982905982902,0.1111111111111115,0.5982905982905983,0.1111111111111115,0.0009824484469299,,-1.3877787807814457e-17,38.333333333333336,62.05555555555556,45.33333333333333,14.22222222222222,74.0,关键词新闻评分,10,46.81944444444444,1963,0.5109526235354049,0.0837801779786545,0.0501954516578837,1.6690790741295358,0.0182597477947132,,,,0.0162866929246142,0.018045944231097,0.0354393102551062,-0.0074774034511092,0.3659813444089173,1182318130.0,煤炭开采,218302000000.0,19.27,2.84,26.10914526216441,0.0518941359626362,0.352112676056338,,,,,,,,,27.415917607186053,低,0.5438492903889548,0.0,75.98002496878902,47.04505217541042,20260903T230623_score_c25afbb1,,,,,,,,,,
2026-09-03 23:06:45,2026-09-03,57.34,60.37,61.0,57.34,43367600.0,0.1035,774187400.0,002272,0.0658545197740112,0.2225597407857431,-0.1269703543022415,-0.0786019536019535,0.0572679509632223,0.655663996251133,0.1305666878909321,-0.0165696956204201,17.47620840393432,101828153.0,0.8041652185363328,20.467324522402684,60.8758112764714,,,,,,,0.8278688524590155,0.8278688524590155,0.1721311475409844,0.0,0.0515448384190081,,-0.012003531149158,6.666666666666667,68.11111111111111,94.61111111111111,66.13888888888889,15.0,关键词新闻评分,5,46.39722222222222,1955,0.5023017902813299,0.1487437604776181,0.0935339884074565,1.5902642772983715,0.0281625586028469,,,,0.0099445331929491,-0.0135311042835229,0.0537518635083651,0.0134295786469698,1.063033187169044,528963152.9615,机械基础件,8699000000.0,-251.27,5.92,22.88647391347181,,0.1689189189189189,,,,,,,,,31.14300910720128,低,0.5438492903889548,0.0,98.16479400749064,42.31263679057644,20260903T230623_score_c25afbb1,,,,,,,,,,
2026-09-03 23:06:45,2026-09-03,65.34,65.53,70.64,62.98,6346400.0,0.1086999999999999,418526700.0,300816,0.0753199868723335,0.2677500483652544,-0.2627967150410619,-0.0804097670502386,-0.0065191024863552,0.6700406898473794,0.1419360460050538,0.0712563380895683,1.4090226381875242,304918644.0,0.1311811691078702,19.852251247531203,63.5210686186854,,,,,,,0.0248041775456915,0.3328981723237602,0.6671018276762398,0.3080939947780686,0.0272292754481652,,-0.0068127255626011,13.333333333333334,62.27777777777777,89.1111111111111,29.33333333333333,50.0,无新闻/中性,9,45.99166666666666,1456,0.4910714285714285,0.1351528640521669,0.1174737161979177,1.150494497207049,0.0065839794606059,,,,0.0462699643011023,0.016307268318217,0.0754725207647533,-0.0128546321867939,0.8449749286787418,264162610.0,汽车零部件,5164000000.0,57.41,5.29,22.364977309930808,0.0174185681936944,0.1890359168241966,,,,,,,,,22.119454524184984,低,0.5438492903889548,0.0,46.79151061173534,50.65331743147486,20260903T230623_score_c25afbb1,,,,,,,,,,
2026-09-03 23:06:45,2026-09-03,111.44,105.17,112.53,103.34,26931400.0,0.0325,2839254400.0,301217,-0.0843635730454466,0.0587939192590356,-0.1458620969706813,1.4670419892094766,-0.0370811206738692,0.9623228951420242,-0.0994909645130769,-0.1776805331484584,0.630155724373498,1826288792.0,-0.0249785447515748,21.76680731979206,43.99867721001534,,,,,,,0.6822633297062022,0.1991294885745374,0.1186071817192604,0.1991294885745374,0.0180099632968503,,-1.0408340855860844e-17,41.11111111111111,34.05555555555555,52.44444444444445,46.61111111111112,78.125,关键词新闻评分,10,45.86527777777778,974,0.5164271047227926,0.2070345113292492,0.0866237788845266,2.390042480197445,0.0650293217084191,,,,-0.005997431215182,-0.001915083119161,0.0831171300886999,-0.0172252678793919,0.0803268266466843,5014193720.0,铜,86914000000.0,358.3,15.49,25.18818496095985,0.0027909572983533,0.0645577792123951,,,,,,,,,31.85927316039359,低,0.5438492903889548,0.0,93.645443196005,53.11353156050606,20260903T230623_score_c25afbb1,,,,,,,,,,
2026-09-03 23:06:45,2026-09-03,628.82,606.66,631.07,600.96,206608500.0,0.052,8844628200.0,600176,-0.0002307185234013,0.0421562564419706,0.0767455894359447,0.5548208519145008,-0.0317607252298263,0.6599899296142496,-0.001435315341414,-0.1114893018718977,0.8664089660329239,6913640769.0,0.0144994084004095,22.90307612873968,49.34145763033356,,,,,,,0.7359681169046852,0.1893058784456967,0.074726004649618,0.1893058784456967,0.0044411203244946,,-0.0005312973852722,26.666666666666668,60.94444444444445,54.38888888888889,48.83333333333334,55.14285714285714,关键词新闻评分,7,45.84484126984127,1953,0.5232974910394266,0.1010469067334649,0.0640192432595056,1.5783833358333474,0.0223594588873535,,,,-0.0066975397748657,-0.0168679286111982,0.0622071200154476,-0.0101757229331752,0.5013841434002395,10219846780.0,玻纤,170654000000.0,37.66,5.15,25.86290395181346,0.0265533722782793,0.1941747572815534,,,,,,,,,25.65434206348092,低,0.5438492903889548,0.0,52.43445692883896,66.69530593730961,20260903T230623_score_c25afbb1,,,,,,,,,,
2026-09-03 23:06:45,2026-09-03,779.15,776.15,788.99,761.39,57346100.0,0.0672,3653371800.0,300285,-0.0897843346507019,-0.0829552436315516,0.0410295616717635,0.6449083395146762,0.0145884259924966,0.853842341754276,-0.0690558680425825,-0.1171624685327161,0.5059599250722531,4306228644.0,0.0687869611570356,22.01891635921353,45.79245106712416,,,,,,,0.1086956521739129,0.5347826086956514,0.3565217391304356,0.5347826086956514,-0.0022771842825334,,-3.469446951953614e-18,48.333333333333336,33.5,28.944444444444443,58.0,80.0,关键词新闻评分,8,44.88055555555556,1959,0.5206738131699847,0.1206556739018706,0.078102852733881,1.5448305622456502,0.0253855072296037,,,,-0.0130875513010214,-0.0067534123304759,0.074819852568999,0.0008252633750691,0.2188953099227054,7911057720.0,无机盐,63441999999.99999,98.92,8.71,24.873391939627272,0.0101091791346542,0.1148105625717565,,,,,,,,,31.53599444342,低,0.5438492903889548,0.0,94.74406991260923,49.49350449187645,20260903T230623_score_c25afbb1,,,,,,,,,,
2026-09-03 23:06:45,2026-09-03,87.37,86.09,88.3,85.74,8191900.0,0.0113999999999999,155871700.0,603613,0.0188165680473373,-0.0356222695194353,-0.0913025121384841,-0.3175043602346599,-0.0136342804766269,0.3015802041709925,0.0062650489749165,0.0046425869342392,0.9683091203846806,117869004.0,-0.0678003613425192,18.86454379734596,50.76359458000206,,,,,,,0.5,0.1367187500000032,0.3632812499999968,0.1367187500000032,0.0013852957882339,,-1.3877787807814457e-17,38.333333333333336,55.388888888888886,38.77777777777778,27.11111111111111,70.76923076923077,关键词新闻评分,6,44.80747863247864,1579,0.5047498416719443,0.1143040319548987,0.100074535059379,1.1421889883083312,0.0081330126989359,,,,-0.000625609839099,-0.0053833215280025,0.0307319582496722,-0.0071502710183368,0.5386979179188598,159433295.0,互联网信息服务,13625000000.0,10.26,1.39,23.33517217749572,0.0974658869395711,0.7194244604316548,,,,,,,,,30.92117739999702,低,0.5438492903889548,0.0,89.11360799001248,52.90200676585225,20260903T230623_score_c25afbb1,,,,,,,,,,
2026-09-03 23:06:45,2026-09-03,246.58,252.83,257.08,238.62,12485000.0,0.098,1565678299.9999998,301128,0.0580874659970707,0.1875528417097229,-0.2313795829026569,0.6373939511689659,0.0557457825288125,0.8087914166049606,0.113065298979738,-0.0005554007285434,1.6992729262337252,625153515.0,0.0638000789281958,21.1715849862089,58.45955962559084,,,,,,,0.3385698808234023,0.769772481040088,0.230227518959912,0.4312026002166856,0.0153433850390312,,-0.0100825973577038,8.88888888888889,53.27777777777777,80.77777777777779,71.05555555555556,50.0,无新闻/中性,6,44.69166666666666,1029,0.5636540330417882,0.1784184112204861,0.0985273234947933,1.810852105709689,0.0575742568111951,,,,0.0127935194245857,-0.0057729113212011,0.070527344743221,0.0133060799166366,1.1111503138731558,843860140.0,其它专用机械,18428000000.0,106.61,19.2,23.637137084020083,0.0093799831160303,0.0520833333333333,,,,,,,,,33.46341994268187,低,0.5438492903889548,0.0,94.71910112359552,62.376299538973896,20260903T230623_score_c25afbb1,,,,,,,,,,
2026-09-03 23:06:45,2026-09-03,147.79,145.69,148.36,141.67,16639800.0,0.0452,794433700.0,002552,-0.1421926519076778,0.1066464109380933,-0.1894403026593969,1.465978334461747,0.0006181318681319,1.0239230662620753,-0.1195409453648836,-0.115677020895613,0.8732694490392594,1282131443.0,0.0478399004951631,20.493140093007884,44.83100281613749,,,,,,,0.3139013452914777,0.6008968609865463,0.0852017937219759,0.6008968609865463,0.0072831272637155,,-0.0060685011184896,16.666666666666664,33.611111111111114,65.16666666666667,73.55555555555556,100.0,关键词新闻评分,9,44.625,1937,0.5100671140939598,0.1594852274445705,0.0809822017590402,1.9693861611606127,0.041672325888439,,,,0.003291999017534,0.0202784529504687,0.1001490444485845,0.0030983200220326,0.1288326835529714,1963243723.403,机械基础件,18604000000.0,78.09,11.36,23.646642448308263,0.0128057369701626,0.0880281690140845,,,,,,,,,32.14573726778055,低,0.5438492903889548,0.0,99.67540574282148,46.98334221399712,20260903T230623_score_c25afbb1,,,,,,,,,,
2026-09-03 23:06:45,2026-09-03,134.85,137.54,139.1,134.81,59597400.0,0.0802,2086298700.0,300209,-0.0106459502229896,0.0122911606682858,0.4599299437427024,2.7022880215343204,0.0202507232401156,0.8549165460719855,-0.0046136310180746,0.1496331298958386,0.5757232562893233,3535926479.0,0.2300552731715839,21.45865737646654,54.08912572924843,,,,,,,0.6270396270396277,0.6363636363636351,0.3636363636363648,0.0093240093240074,0.0058613530877136,,-0.008253545450083,11.11111111111111,56.94444444444444,55.833333333333336,51.44444444444445,100.0,关键词新闻评分,3,44.43611111111111,1944,0.4691358024691358,0.1827483875692733,0.10428760598964,1.7523500116344368,0.0303712551861464,,,,0.0255702761272356,0.0353825966581015,0.0677361390971976,0.0028436018957347,0.4866452330951782,3896711476.22,软件开发,32595000000.0,-446.23,34.69,24.20742473932292,,0.0288267512251369,,,,,,,,,30.9547835468086,低,0.5438492903889548,0.0,85.08114856429464,58.5026603122199,20260903T230623_score_c25afbb1,,,,,,,,,,
2026-09-03 23:06:45,2026-09-03,115.71,110.51,115.96,108.4,7774668.0,0.0642,864517800.0,688031,0.1053210642128426,-0.0344255133245958,-0.1867088607594935,-0.5191663403385111,0.0145978699963276,0.621543307135981,0.0125155757531336,0.0386343272827525,1.2126657876556957,250150523.0,0.0500576262780647,20.577682453968745,54.68473545349183,,,,,,,0.6878306878306875,0.2791005291005294,0.0330687830687831,0.2791005291005294,0.0065882514198151,,-0.0030899263020895,21.11111111111111,43.66666666666667,56.66666666666667,57.72222222222221,90.0,关键词新闻评分,5,44.41111111111111,803,0.4445828144458281,0.2552272406829656,0.1520434984925543,1.678646198051436,0.0290220729715311,,,,0.0090795358893147,0.006344265982892,0.0641700169344726,-0.0099740197688654,0.5424371870596675,710694245.0,软件开发,13387000000.0,-62.25,17.86,23.31754992375017,,0.0559910414333706,,,,,,,,,32.00095421557924,低,0.5438492903889548,0.0,92.95880149812734,54.97359419224724,20260903T230623_score_c25afbb1,,,,,,,,,,
2026-09-03 23:06:45,2026-09-03,13.58,12.64,14.18,12.45,2876480.0,0.4047,1564525500.0,000892,0.3235602094240837,0.245320197044335,0.354769560557342,-0.182934712346477,-0.0224284609435421,0.675092076988767,0.2242723618577173,0.331881563696393,4.842636779766409,-2634221.350000001,0.2706326371639839,21.170848420716656,72.20362793923746,,,,,,,0.543352601156069,0.1098265895953764,0.3468208092485546,0.1098265895953764,0.0031626076753324,,-0.0325197197836052,2.2222222222222223,84.11111111111111,83.88888888888889,26.444444444444443,23.0,关键词新闻评分,6,43.52777777777778,1956,0.4723926380368098,0.1265297618983632,0.0980938905660168,1.2898842238621289,0.0080166691870952,,,,0.0477545733458616,0.0232197818635956,0.0541930379746835,-0.0343773873185636,1.046845250497834,260512547.141,影视动漫,4983000000.0,-12.79,9.86,22.32929795624568,,0.101419878296146,,,,,,,,,29.611460375732754,低,0.5438492903889548,0.0,98.03995006242198,32.268770507544474,20260903T230623_score_c25afbb1,,,,,,,,,,
2026-09-03 23:06:45,2026-09-03,24.99,24.6,25.17,24.58,24010800.0,0.0254,244826700.0,002083,-0.0284360189573459,-0.1106290672451192,0.1274060494958753,-0.0632140137090632,-0.0167865707434051,0.3332358912358039,-0.0641406071673134,-0.0418135431476035,0.5027516064781338,2904507235.0,-0.0340313020856353,19.31606117536687,41.01178205689325,,,,,,,0.6610169491525335,0.0338983050847508,0.3050847457627156,0.0338983050847508,-0.0062192960922565,,-4.3368086899420185e-18,46.66666666666666,47.277777777777786,12.444444444444445,27.66666666666667,100.0,关键词新闻评分,8,43.40833333333333,1955,0.5370843989769821,0.0612590930137341,0.0478845144707016,1.2793090561921812,0.0107348143572561,,,,-0.0148956200993995,-0.0063274626057848,0.0413182346109175,-0.007397444519166,0.1719533811509045,561540597.595,棉纺,9571000000.0,16.34,1.98,22.98200353016018,0.0611995104039167,0.5050505050505051,,,,,,,,,26.674467244309856,低,0.5438492903889548,0.0,87.36579275905119,26.9210260358862,20260903T230623_score_c25afbb1,,,,,,,,,,
2026-09-03 23:06:45,2026-09-03,64.84,65.16,65.72,64.53,3474000.0,0.0149,215089700.0,603026,-0.015412511332729,-0.071662630004274,-0.230605738575983,-0.1252517116391461,0.0049352251696481,0.2629535686112659,-0.0418281143159645,-0.1358128390237002,0.4772197621731219,686421094.0,-0.0284345427478594,19.186565713035883,39.45087489063136,,,,,,,0.2689075630252048,0.5294117647058796,0.4705882352941204,0.2605042016806747,-0.002571130945621,,-8.673617379884035e-18,44.44444444444444,38.22222222222222,18.22222222222222,42.61111111111111,100.0,关键词新闻评分,5,43.016666666666666,1963,0.4931227712684666,0.1579056592615483,0.104654478275045,1.5088284979697917,0.0248199043716296,,,,-0.0269120107756982,-0.0267085771304672,0.0351004121722353,0.0003582211759889,0.1537067695678642,476894690.0,化工,14422999999.999998,27.63,2.67,23.392089991547785,0.0361925443358668,0.3745318352059925,,,,,,,,,25.48797833713909,低,0.5438492903889548,0.0,79.51310861423221,29.481345514506405,20260903T230623_score_c25afbb1,,,,,,,,,,
2026-09-03 23:06:45,2026-09-03,532.37,527.75,537.71,517.46,18878200.0,0.024,3273328300.0,002281,-0.0162177276540218,-0.0112967889392633,-0.1420233779324023,0.7373341672976266,0.0002274321020412,0.7393686374185492,-0.0365121282630109,-0.1377211657388964,0.5224059287690624,5478316835.0,0.0190895963731735,21.909073133270784,45.55122068216416,,,,,,,0.2281481481481483,0.5081481481481464,0.2637037037037052,0.5081481481481464,0.0020343953396879,,-0.0003751822046221,27.77777777777778,38.16666666666666,37.27777777777778,58.55555555555556,100.0,关键词新闻评分,6,42.575,1963,0.5185939887926643,0.1336399401580084,0.0784349868350677,1.7038307208366732,0.0315457954771847,,,,-0.0240953456785489,-0.0279061464217151,0.0617256547337078,0.0002084754757032,0.3292867032852986,7121741528.8085,通信传输设备,143615000000.0,124.22,9.93,25.69040194492981,0.0080502334567702,0.1007049345417925,,,,,,,,,21.615085530108857,低,0.5438492903889548,0.0,51.43570536828964,41.098597795561616,20260903T230623_score_c25afbb1,,,,,,,,,,
2026-09-03 23:06:45,2026-09-03,45.39,47.94,50.83,44.62,1170463.0,0.1785,755857600.0,000759,0.0655701266948209,-0.0472972972972973,0.1678440925700366,0.0744060959211116,0.0444444444444445,0.7610738186855946,-0.0093301509562628,-0.008585776769804,1.5020637828140888,70110382.42,0.0709478538030471,20.443363557936514,50.09225254923135,,,,,,,0.410628019323671,0.5346215780998389,0.465378421900161,0.1239935587761679,0.0041331711280711,,-1.474514954580286e-17,36.66666666666666,45.61111111111111,54.83333333333333,40.22222222222221,33.46938775510204,关键词新闻评分,9,42.5719387755102,1957,0.4149207971384772,0.1368567529063271,0.07871538264522,1.7386278044681227,0.0107299796786717,,,,-0.0222070926652874,-0.0227055753671371,0.0780588831277192,0.0029988144222052,0.4708750070630335,510586016.6865,超市,4238000000.000001,-4.25,8.39,22.16735729679252,,0.1191895113230035,,,,,,,,,25.88999802409764,低,0.5438492903889548,0.0,64.93133583021223,51.603840472923366,20260903T230623_score_c25afbb1,,,,,,,,,,
2026-09-03 23:06:45,2026-09-03,34.16,33.59,34.36,32.83,31126400.0,0.0494,522884900.0,603936,-0.0844916871082037,0.1594753192958233,-0.2157366332010272,0.0786769428387925,-0.0076809453471196,0.7839373265728643,-0.0105309669342364,-0.0979038820480454,0.5519885546220201,2484284501.0,-0.0782183184025815,20.07487192323945,49.17477928125773,,,,,,,0.3725490196078384,0.4967320261437938,0.1307189542483677,0.4967320261437938,0.0067790299216273,,-0.0025485599503499,22.22222222222222,46.11111111111111,47.49999999999999,66.83333333333333,65.1875,关键词新闻评分,9,42.00763888888888,1954,0.5235414534288638,0.122445604966655,0.1005578113883968,1.2176637824158512,0.016193721329729,,,,0.0177620400420051,0.0128459514151471,0.0720239867307447,-9.92260369120368e-05,0.4774645340863234,970857400.0,印制电路板,10868000000.0,-131.61,2.55,23.10908852851051,,0.3921568627450981,,,,,,,,,31.64930564330804,低,0.5438492903889548,0.0,93.48314606741572,51.93014428472137,20260903T230623_score_c25afbb1,,,,,,,,,,
2026-09-03 23:06:45,2026-09-03,25.15,24.0,26.04,23.81,66239600.0,0.1509,1596282000.0,603533,0.1204481792717087,0.0075566750629723,0.1183597390493942,-0.1120976692563818,-0.0345937248592115,0.5991726127804705,0.0565472914969955,0.1178822342118539,2.638272144353868,1012361166.0,-0.1424888536596741,21.19094301272166,57.68714085620831,,,,,,,0.5156950672645733,0.0852017937219736,0.399103139013453,0.0852017937219736,0.0049293462782235,,-0.0034438117714786,20.0,65.38888888888889,53.277777777777786,21.72222222222222,50.0,无新闻/中性,8,41.175,1950,0.4282051282051282,0.1560990887412085,0.0987223437653723,1.5811930996310228,0.0103935004105225,,,,0.022555628770459,0.0120156312519298,0.049345238095238,-0.0250507786052808,0.7331375036594836,576547810.0,移动互联网服务,10222000000.0,-153.82,4.49,23.0478080972925,,0.2227171492204899,,,,,,,,,33.640131472642175,低,0.5438492903889548,0.0,97.54057428214732,59.79241219397348,20260903T230623_score_c25afbb1,,,,,,,,,,
2026-09-03 23:06:45,2026-09-03,103.14,103.06,103.79,102.81,124880.0,0.005,140860700.0,000729,0.1768870617791482,-0.1016387726638772,-0.0308444611623095,-0.1067776044375108,0.1950371057513915,1.3004358468390491,0.0166916581169598,0.0005598578672976,0.5346626258708123,29731681.73,-0.0338051889404348,18.76328202384164,52.157478362138654,,,,,,,0.0816326530612224,0.2551020408163255,0.663265306122452,0.2551020408163255,-0.0137490445047818,,1.0408340855860844e-17,61.11111111111112,32.333333333333336,14.111111111111112,22.05555555555556,66.25806451612902,关键词新闻评分,7,41.1258064516129,1964,0.5346232179226069,0.0662494569170841,0.0585449840295295,1.131599197015215,0.0081730215682018,,,,-0.0447182813198793,-0.0476653617359572,0.06955726206648,-0.0015500871924046,0.5290718408191298,278709898.7665,啤酒,31709000000.0,16.05,1.94,24.17986638920628,0.0623052959501557,0.5154639175257733,,,,,,,,,31.220320891983206,低,0.5438492903889548,0.0,95.30586766541823,46.639950478552485,20260903T230623_score_c25afbb1,,,,,,,,,,
2026-09-03 23:06:45,2026-09-03,164.91,162.26,166.51,159.37,2941400.0,0.0403,256467000.0,301191,-0.0755469462169554,-0.0693966506079377,-0.0840530623765171,-0.020937669703735,-0.00374531835206,0.6185248442223821,-0.053342123533427,-0.1413603330275876,0.5912266737419298,322514900.0,0.085928132724254,19.36251056322672,43.166666592041295,,,,,,,0.371148459383755,0.4047619047619036,0.2240896358543413,0.4047619047619036,-0.0023274429684878,,-2.4286128663675305e-17,33.33333333333333,37.22222222222222,34.333333333333336,56.0,74.0,关键词新闻评分,8,40.83888888888889,899,0.5417130144605117,0.1472827627312678,0.1109527556769864,1.3274367259525113,0.0289367854407219,,,,-0.0364844128087768,-0.0358926944982542,0.0665510380165871,-0.0027860859589462,0.2117287058919942,462495305.0,终端设备,8448999999.999999,108.54,4.95,22.85731392811712,0.0092131932927952,0.202020202020202,,,,,,,,,24.431730984495488,低,0.5438492903889548,0.0,57.11610486891385,52.30236815730686,20260903T230623_score_c25afbb1,,,,,,,,,,
2026-09-03 23:06:45,2026-09-03,63.13,62.06,63.52,61.02,32786200.0,0.0562,450839900.0,002579,-0.0513604402323448,-0.0130407124681933,-0.1261616446071528,0.1078186362013566,-0.0060858424087122,0.6988556112030073,-0.0510848457974647,-0.1053984575835476,0.4614968941769415,5225710191.0,-0.0375885959486674,19.92662284774803,46.4878282740548,,,,,,,0.4280000000000001,0.4159999999999996,0.1560000000000002,0.4159999999999996,0.0036928521450087,,-0.0019929161760546,24.444444444444443,39.66666666666666,30.166666666666664,63.11111111111112,100.0,关键词新闻评分,9,40.81666666666666,1923,0.5117004680187207,0.1129429993049966,0.085071968197701,1.327617095240178,0.0162523833481411,,,,-0.0044532608411546,-0.0025620043325676,0.0639358224759448,-0.002250803858521,0.1716277263530833,1033699775.0,印制电路板,8417000000.0,-104.22,3.66,22.85351930717585,,0.2732240437158469,,,,,,,,,30.39200855264972,低,0.5438492903889548,0.0,96.8039950062422,39.12036509523061,20260903T230623_score_c25afbb1,,,,,,,,,,
2026-09-03 23:06:45,2026-09-03,131.0,127.33,131.29,125.23,75393300.0,0.0593,2961674400.0,600498,-0.0722092684348587,0.0379034887512226,-0.2741006784105809,-0.2716508408648895,-0.0173637907084427,0.5989517323044214,-0.0149120940757789,-0.1944427749431403,0.796145216487056,5884823084.0,0.003871786325915,21.80902062136153,45.88717895678042,,,,,,,0.6056105610561071,0.3465346534653463,0.0478547854785466,0.3465346534653463,0.0069129027087329,,-0.006716628659073,15.555555555555555,44.888888888888886,52.66666666666666,62.888888888888886,68.46153846153845,关键词新闻评分,8,40.335042735042734,1962,0.4734964322120285,0.1006359687200701,0.0694404722783726,1.449240844973535,0.0110901157377095,,,,-0.0140679601203085,-0.0253470371692574,0.0637769126342125,-0.00484564282923,0.3957962605679613,3804459835.0,通信传输设备,53457000000.00001,156.28,3.04,24.7021434293598,0.0063987714358843,0.3289473684210526,,,,,,,,,33.41056461181442,低,0.5438492903889548,0.0,96.79151061173532,59.2607180156711,20260903T230623_score_c25afbb1,,,,,,,,,,
2026-09-03 23:06:45,2026-09-03,57.41,55.4,57.72,54.89,9148300.0,0.0426999999999999,476549300.0,300726,-0.0571817562968005,-0.0383613955910432,-0.1902952353113125,0.0560426991993898,-0.0159857904085257,0.4850930057167692,-0.0370827430974998,-0.154215690265847,0.7231874858201245,1095787959.0,-0.0443520411029349,19.98208174055426,44.29914808778682,,,,,,,0.7102473498233213,0.180212014134275,0.1095406360424037,0.180212014134275,-0.0006660560692586,,-1.7780915628762273e-17,34.44444444444444,41.333333333333336,30.888888888888893,45.72222222222222,71.35593220338983,关键词新闻评分,10,40.27448210922787,1963,0.499745287824758,0.1209054147286739,0.0895307730981667,1.3504341640846345,0.0156337201561025,,,,-0.0166175265831959,-0.0207838847477941,0.0579551315110881,-0.0107731682637938,0.2052537669921391,683635605.0,被动元件,21247000000.0,50.08,4.32,23.779481545879914,0.0199680511182108,0.2314814814814814,,,,,,,,,29.267349179219323,低,0.5438492903889548,0.0,87.49063670411985,44.04044700852447,20260903T230623_score_c25afbb1,,,,,,,,,,
2026-09-03 23:06:45,2026-09-03,63.3,62.23,63.45,61.51,7286000.0,0.0118999999999999,432015600.0,603650,-0.0710553814002089,-0.0451127819548873,-0.0087607518317935,0.0862279629952871,-0.0101797359630985,0.4161949663929308,-0.0716997456609459,-0.1384883745076729,0.4204925175878527,1737813837.0,-0.0310927650499278,19.88397225898224,40.799930144744025,,,,,,,0.5515463917525761,0.3711340206185552,0.0773195876288687,0.3711340206185552,0.0009361645705346,,-3.816391647148976e-17,31.11111111111111,48.5,23.166666666666664,64.55555555555556,56.75,关键词新闻评分,9,39.77777777777777,1842,0.498914223669924,0.1370631719339552,0.088919254906437,1.5414341030879797,0.0238265921436826,,,,-0.0226224194889524,-0.0168188309146592,0.0509859736920639,-0.0026710828569902,0.0568114727231067,1124821745.0,其他化学制品,36484000000.0,60.74,8.69,24.320139645264323,0.016463615409944,0.1150747986191024,,,,,,,,,25.39482638585651,低,0.5438492903889548,0.0,61.66042446941324,52.66391136571451,20260903T230623_score_c25afbb1,,,,,,,,,,
2026-09-03 23:06:45,2026-09-03,204.55,198.45,205.12,196.43,11092100.0,0.0262,2167578900.0,603893,0.0673371699026514,-0.038284468136661,0.1887504492632084,0.1465796163623756,-0.0177687586616511,0.6214673246358641,0.0014053483977263,0.0051324475359186,0.7926719241808851,1120820667.0,0.0179978297954399,21.496876667801885,50.72044819316072,,,,,,,0.7019562715765275,0.2324510932105848,0.0655926352128876,0.2324510932105848,0.0021725646769673,,-0.014802881203335,4.444444444444445,57.11111111111112,43.44444444444444,52.11111111111112,100.0,关键词新闻评分,7,39.73333333333333,1457,0.4914207275223061,0.1563150280077493,0.1024759518331541,1.5253825430404693,0.024699299756473,,,,-0.0085382322607954,-0.0153787773923099,0.0483065183745455,-0.00775,0.4941871026857375,2762591050.0,集成电路,82048000000.0,59.98,16.67,25.13057027880456,0.0166722240746915,0.05998800239952,,,,,,,,,31.342459382282883,低,0.5438492903889548,0.0,96.5043695380774,45.85620458367144,20260903T230623_score_c25afbb1,,,,,,,,,,
2026-09-03 23:06:45,2026-09-03,205.04,205.31,209.69,200.81,10786860.0,0.0304,571180200.0,688257,-0.0687199491971333,-0.0965058968491463,-0.3066193853427896,-0.0813048147485233,0.0078543026851896,0.7556987443757878,-0.0851711822907035,-0.2687843464076728,0.7060899213290609,540307218.0,-0.1095614464459791,20.16321530627405,41.0366839679927,,,,,,,0.0304054054054065,0.506756756756757,0.493243243243243,0.4763513513513504,-0.0023680372635288,,0.0,51.66666666666667,14.61111111111111,20.833333333333336,46.55555555555556,91.36170212765956,关键词新闻评分,9,39.69450354609929,1039,0.5726660250240616,0.1424447914600146,0.0787802326033135,1.8081285971479013,0.047907822562885,,,,-0.056616584443508,-0.0576465496575477,0.0736899601299776,0.0001948652993619,0.1835715361384631,893988010.0,金属新材料,18872000000.0,27.33,6.58,23.660945179051787,0.0365898280278082,0.1519756838905775,,,,,,,,,29.952683367450422,低,0.5438492903889548,0.0,94.26966292134831,39.57063997376049,20260903T230623_score_c25afbb1,,,,,,,,,,
2026-09-03 23:06:45,2026-09-03,29.44,28.54,30.22,28.54,72495800.0,0.1578999999999999,679114200.0,603318,-0.0721716514954486,-0.0062674094707521,0.0269881252249011,0.0348078317621465,-0.089923469387755,0.7195250985723756,-0.0248069432105515,0.0061695751806805,1.3614143980824165,1070189009.0,-0.1807453413681325,20.33629986136589,47.98085408276594,,,,,,,0.535714285714287,0.0,0.4642857142857129,0.0,0.0021747885624577,,-0.0094839151100873,10.0,49.44444444444446,44.833333333333336,17.472222222222225,87.33333333333333,关键词新闻评分,8,35.30833333333334,1865,0.5029490616621984,0.1100715430151226,0.0921036158010863,1.1950838417987968,0.0095801906169319,,,,0.0258165016798347,0.0235342931964511,0.0641205325858444,-0.0192439862542954,0.3670076612205909,512209980.0,其它专用机械,5103000000.0,226.05,2.66,22.353094439028247,0.004423800044238,0.3759398496240601,,,,,,,,,29.14457254060544,低,0.5438492903889548,0.0,97.85268414481898,29.4058728301664,20260903T230623_score_c25afbb1,,,,,,,,,,
2026-09-03 23:06:45,2026-09-03,916.43,894.61,921.78,888.77,3544044.0,0.0155,793982500.0,688019,-0.1019775145553102,-0.0885927646525465,0.028677544355905,0.1888820965341271,-0.0130510568818675,0.5769892754212201,-0.0871228722348556,-0.1374412457114391,0.5692071126877967,289086160.0,-0.013686476909602,20.492571979925724,40.28053875097682,,,,,,,0.6610118146016342,0.176916086034536,0.1620720993638298,0.176916086034536,-0.0038125845592125,,-0.0002577169319154,30.0,40.11111111111111,20.27777777777778,41.94444444444444,62.0,关键词新闻评分,6,34.97777777777778,1588,0.5321158690176322,0.1530827163990436,0.0976919711906877,1.5669938330984956,0.0357492196237473,,,,-0.0296887833979309,-0.0203139504670099,0.0586440699618509,-0.0078849310207158,0.0520225279621964,1534580050.0,半导体材料,50841000000.0,54.1,10.41,24.651968952625754,0.0184842883548983,0.0960614793467819,,,,,,,,,25.067836100718885,低,0.5438492903889548,0.0,66.2047440699126,44.42488333079783,20260903T230623_score_c25afbb1,,,,,,,,,,
2026-09-03 23:06:45,2026-09-03,198.46,192.48,198.8,191.41,24663034.0,0.0215,4728428500.0,688008,-0.1395234476284144,-0.0870369492007779,-0.1741891196155827,0.283799106249583,-0.0157999693204479,0.6657815378112983,-0.075950369778277,-0.1731082617574028,0.6450843328573862,3144632195.0,-0.0371337441012962,22.276858743442663,41.501014669964576,,,,,,,0.8092016238159684,0.1447902571041936,0.0460081190798379,0.1447902571041936,0.0002236764113135,,-0.0006183928810281,25.55555555555556,25.55555555555556,23.88888888888889,46.66666666666666,98.0,关键词新闻评分,4,34.57777777777778,1588,0.506926952141058,0.1330216381796254,0.0944717945684361,1.4080566457670445,0.0208507579266454,,,,-0.0326653914620158,-0.0299906412491513,0.058247239045244,-0.0090099366730166,0.1057964373105726,7961920315.0,集成电路,231914000000.0,75.45,10.89,26.16963245023516,0.0132538104705102,0.0918273645546372,,,,,,,,,21.08544433619648,低,0.5438492903889548,0.0,58.35205992509363,28.345850427073778,20260903T230623_score_c25afbb1,,,,,,,,,,
2026-09-03 23:06:45,2026-09-03,87.13,87.2,88.81,86.41,229883.0,0.0271,553663200.0,000034,-0.1208791208791207,-0.0587219343696027,0.032808243515338,-0.1382547682577329,-0.1222065633178981,1.033989766337159,-0.0696731586836727,-0.0764961926649226,0.7387590019813639,38690742.6,0.0252859711220565,20.13206711940763,43.50822435201761,,,,,,,0.0291666666666696,0.3291666666666685,0.6708333333333315,0.2999999999999988,-0.0042026353523535,,-0.0067245907862437,14.444444444444445,33.166666666666664,33.27777777777778,28.05555555555556,76.18181818181819,关键词新闻评分,8,30.426515151515147,1870,0.5064171122994653,0.1214036276320027,0.0864969835407517,1.4035590914543898,0.0187874436146485,,,,0.0056315274354857,0.0070113932616795,0.0691923328964613,-0.0031247618321774,0.1853586736560611,760117042.493,IT服务,24381000000.0,41.14,2.13,23.917069977385587,0.0243072435585804,0.4694835680751174,,,,,,,,,30.67102824252401,低,0.5438492903889548,0.0,99.93757802746566,36.80238566609459,20260903T230623_score_c25afbb1,,,,,,,,,,
2026-09-03 23:06:45,2026-09-03,1047.69,1018.44,1052.14,1006.65,19965400.0,0.0231,4460712900.0,300476,-0.1519431098083953,-0.1088672278319302,-0.3225574712643677,-0.1983438547881802,-0.0117030567685588,0.7320984333757035,-0.1300392466387938,-0.1824572360208808,0.5478979895579019,3113789054.0,-0.0018622588449885,22.218574433478352,39.29977934568807,,,,,,,0.642998461200262,0.2591778412837996,0.0978236975159383,0.2591778412837996,0.0006315244312004,,-0.0058587791748351,17.77777777777778,12.444444444444445,22.0,52.11111111111112,90.0,关键词新闻评分,6,27.944444444444443,1964,0.535132382892057,0.1560781307989615,0.0908180101258938,1.718581265793015,0.0413041100940771,,,,-0.0320512404865695,-0.0189405486696888,0.0635194162500631,-0.0071200397760322,0.0491691271855452,9512571560.0,印制电路板,218670000000.0,43.51,5.77,26.11082958100864,0.0229832222477591,0.1733102253032929,,,,,,,,,30.78255813780591,低,0.5438492903889548,0.0,99.95006242197252,37.52927244196478,20260903T230623_score_c25afbb1,,,,,,,,,,
2026-09-03 23:06:45,2026-09-03,234.77,232.67,235.04,228.8,7263292.0,0.0501,1680796400.0000002,688146,-0.1026303609996913,-0.2464861713841569,0.0042297898053433,4.202817531305903,-0.0004725491880746,0.6434433183576744,-0.150704582661846,-0.1938935423482768,0.4445024932509082,969203229.0,-0.0629981975314472,21.242533566250508,39.909866561324975,,,,,,,0.3365384615384662,0.6201923076923058,0.0432692307692279,0.6201923076923058,-0.0124856637985331,,-0.0077125969437616,12.22222222222222,27.55555555555556,6.111111111111112,78.0,50.0,无新闻/中性,7,25.18888888888889,674,0.5252225519287834,0.2524920178864149,0.0760737321068849,3.319043392424329,0.0964964095809906,,,,-0.0491258770529932,-0.0278484127793691,0.0755392370555477,0.0021535943489683,0.1572615101507,4599461035.0,,122765000000.00002,238.11,20.43,25.533537795747947,0.0041997396161437,0.048947626040137,,,,,,,,,31.229667715207896,低,0.5438492903889548,0.0,99.9625468164794,40.493357098635535,20260903T230623_score_c25afbb1,,,,,,,,,,
2026-09-03 23:06:45,2026-09-03,30.62,30.28,30.9,29.97,12677432.0,0.0308999999999999,384953000.0,688158,-0.0003301419610431,-0.1419665627656559,-0.1539536183291421,-0.3725652714463323,-0.0101340307289963,0.5046850033984829,-0.0697960186778079,-0.097049307429662,0.5479765959939624,2025250887.0,-0.0459221064796026,19.768631809475583,41.99967161771218,,,,,,,0.3655913978494623,0.3333333333333358,0.3010752688172018,0.3333333333333358,-0.0066178577509702,,-0.0139164044043258,5.555555555555555,29.27777777777778,11.27777777777778,46.66666666666667,0.0,关键词新闻评分,7,16.186111111111114,1462,0.4042407660738714,0.1781756262971658,0.1053606409181306,1.6911023390187556,0.0092562769507067,,,,-0.0290967103642205,-0.0233389833867047,0.0494904698999811,-0.0034009873834339,0.251187666052221,771640060.0,IT服务,13927000000.000002,-280.91,5.66,23.357095239017365,,0.1766784452296819,,,,,,,,,29.781175000305264,低,0.5438492903889548,0.0,99.97503121098627,30.82009313994216,20260903T230623_score_c25afbb1,,,,,,,,,,
2026-09-03 23:06:45,2026-09-03,34.21,34.22,34.8,34.04,4459900.0,0.0268,144818500.0,301291,-0.0736329182458039,-0.2082369273484497,-0.2329074198610177,-0.5248542071646765,0.0046975924838519,0.4727787667413809,-0.1325179035426834,-0.1435221878311072,0.5500297836706555,111878000.0,-0.4008196299882604,18.7909917990911,31.873624579512462,,,,,,,0.0131578947368395,0.2368421052631581,0.7631578947368418,0.2236842105263186,-0.0120960364475776,,-0.0296263001466945,3.333333333333333,21.444444444444446,9.0,18.33333333333333,42.6530612244898,关键词新闻评分,10,14.426417233560093,632,0.5838607594936709,0.1082752894870063,0.1066022515816591,1.0156942079601918,0.0188563127448243,,,,-0.0519199564979569,-0.0308498268543005,0.0562327794940302,-0.0038812342324858,0.0607029555527714,311896760.00000006,,10147000000.0,27.49,2.0,23.04044393224336,0.0363768643142961,0.5,,,,,,,,,30.39655165257245,低,0.5438492903889548,0.0,99.98751560549312,34.90595829571427,20260903T230623_score_c25afbb1,,,,,,,,,,
2026-09-05 20:46:05,2026-09-04,51.59,49.29,52.28,48.85,25668800.0,0.0665,444437300.00000006,605277,0.0129469790382243,0.1063973063973064,-0.0008108655990269,-0.1015311702515494,-0.0703508110147115,0.5434531376664924,0.064889330582351,0.0481695841558891,2.211566421389872,574143536.0,0.1831833224498064,19.91231954785092,57.49690808893618,,,,,,,0.6705539358600596,0.1282798833819235,0.2011661807580168,0.1282798833819235,0.0073646584253736,,0.0161907377185611,94.56521739130434,76.79347826086956,86.14130434782608,50.32608695652174,100.0,关键词新闻评分,8,84.5570652173913,1229,0.4890154597233523,0.1199808391786527,0.0734667914924349,1.633130244853655,0.0211320905525802,,,,0.0307728486071942,0.0149188991012756,0.0459090513868359,-0.0169525329078579,0.7496353547092707,192453760.0,线缆部件及其他,7123000000.0,28.45,4.04,22.686594821942627,0.0351493848857645,0.2475247524752475,,,,,,,,,38.55866353574292,低,4.969344745931628,0.0,100.0,80.45240074642285,20260905T204544_score_38950a3b,,,,,,,,,,
2026-09-05 20:46:05,2026-09-04,26.0,26.15,26.38,25.53,22820300.0,0.0924,551633400.0,002882,0.0950586264656616,0.1010526315789472,0.2095282146160961,-0.183067791315214,0.0143522110162916,0.6595758290002022,0.0766855378281008,0.1721989376246722,1.527135066695844,2256832046.0,0.025309632411063,20.128394254987075,62.44839435448132,,,,,,,0.1764705882352928,0.7294117647058812,0.2705882352941188,0.5529411764705883,0.0099942705923804,,0.0008218102318595,76.08695652173914,74.83695652173913,78.09782608695652,69.51086956521739,100.0,关键词新闻评分,10,77.91032608695653,1959,0.4650331801939765,0.1152331033454406,0.0708883311814044,1.6255581338282208,0.0156643114188793,,,,0.0312884056432471,0.0268851497177508,0.0468451242829828,0.0049961568024596,0.9345737561849252,340408360.0,,,,,,,,,,,,,,,,39.72363661929085,低,4.969344745931628,0.0,100.0,88.21888797007576,20260905T204544_score_38950a3b,,,,,,,,,,
2026-09-05 20:46:05,2026-09-04,926.89,884.52,937.45,864.92,82201000.0,0.0725,5339439200.0,002837,-0.0087634758051864,0.1417580999096424,-0.0476846717843261,-0.1427657656784547,-0.0662922771608327,0.6796035139775407,0.0692662122539127,-0.0054454705221601,1.3750647585728473,4380649875.0,0.0938831518935514,22.398386465864355,54.44449610163663,,,,,,,0.5841720667310072,0.2702330070315731,0.1455949262374196,0.2702330070315731,0.0151236465329798,,0.0036190084618605,82.6086956521739,70.32608695652173,83.75,74.8913043478261,65.42857142857143,关键词新闻评分,6,77.27655279503105,1954,0.5348004094165814,0.1737907105803256,0.0965036710663866,1.8008714970104274,0.0480498749012767,,,,0.0316188065864089,0.0103446283236959,0.0621353954687287,-0.0124046760380961,0.704288379008358,3669145745.0,机械设备,87471000000.0,178.13,24.4,25.194573146803965,0.0056138775051928,0.040983606557377,,,,,,,,,40.31179831582304,低,4.969344745931628,0.0,100.0,92.139965946957,20260905T204544_score_38950a3b,,,,,,,,,,
2026-09-05 20:46:05,2026-09-04,72.25,70.72,74.74,70.03,5641659.0,0.0554,210254800.0,688152,-0.0439367311072056,0.2753832281334534,0.2413550991750044,-0.022259090280658,0.0056882821387942,1.1482791334936375,0.0954999612733329,0.2366230677764567,1.0772691969727248,18475362.0,-0.1251364239554594,19.163830691277195,60.50760104056297,,,,,,,0.3248407643312108,0.1464968152866239,0.5286624203821653,0.1464968152866239,0.0248298498430474,,0.0210164027683832,95.65217391304348,73.74999999999999,67.06521739130434,39.78260869565218,78.42105263157893,关键词新闻评分,10,77.1491704805492,796,0.3844221105527638,0.1721687790241798,0.1226036307756204,1.4042714553802216,-0.009286598867657,,,,0.0613984571620089,0.0536497261645001,0.0945984162895927,-0.0154531532785744,0.7229233822800964,183216290.0,,3684000000.000001,-73.5,3.02,22.027264955339472,,0.3311258278145695,,,,,,,,,36.93474843593502,低,4.969344745931628,0.0,100.0,69.62630008103687,20260905T204544_score_38950a3b,,,,,,,,,,
2026-09-05 20:46:05,2026-09-04,260.7,239.36,261.62,236.93,2382789.0,0.0833,8618222700.0,000938,0.4725315287603813,-0.0698686562524285,0.3787224238235125,0.355609673217421,-0.0729666924864445,3.428451929019829,0.1098154403258599,0.065818065236235,1.1600880732336971,100280196.51,-0.0418472855720225,22.877144717184684,53.37104377584833,,,,,,,0.8643175374645596,0.098420413122722,0.0372620494127183,0.098420413122722,0.0257748824443098,,0.0519425091189925,100.0,57.17391304347826,54.29347826086956,47.8804347826087,100.0,关键词新闻评分,7,74.94021739130434,1959,0.4675855028075549,0.1216697368731986,0.0848057721470028,1.434686976993684,0.0117391825556539,,,,-0.0306397683124303,-0.0674174064963897,0.1446834415584415,-0.0268731959182014,0.6171153615048732,7748934826.852,IT服务,109055000000.0,38.79,6.1,25.415118179070227,0.0257798401649909,0.1639344262295082,,,,,,,,,35.45380172016033,低,4.969344745931628,0.0,96.7391304347826,64.1011480628288,20260905T204544_score_38950a3b,,,,,,,,,,
2026-09-05 20:46:05,2026-09-04,5.69,5.77,6.05,5.6,222572600.0,0.1914,1304790700.0,001330,0.1313725490196078,0.1291585127201564,-0.1026438569206843,-0.2052341597796143,-0.0102915951972556,0.712890382131775,0.0997808062517868,0.0730225638482517,3.5473040538756915,4045113699.0,-0.0065583970188453,20.98930848248296,59.63765022743652,,,,,,,0.1777777777777759,0.3777777777777775,0.6222222222222226,0.2000000000000015,0.0089004944521019,,0.0435857171534437,97.82608695652172,66.19565217391305,78.91304347826087,54.02173913043478,26.666666666666668,关键词新闻评分,7,74.63949275362319,838,0.4713603818615752,0.1369150434339445,0.124102069136223,1.1032454526093118,-0.0010689432827431,,,,0.0269306652541241,0.0052239363200454,0.0589254766031195,-0.0063145809414465,0.8216965633134328,574289469.347,影视动漫,8013000000.0,-13.87,2.16,22.804331059742346,,0.4629629629629629,,,,,,,,,35.760987903821935,低,4.969344745931628,0.0,98.91304347826087,63.25050522926848,20260905T204544_score_38950a3b,,,,,,,,,,
2026-09-05 20:46:05,2026-09-04,137.86,137.77,143.54,132.7,349249500.0,0.2719,5535759500.0,600172,0.0951510333863276,0.2970250423649032,0.3365347303065582,0.5312882071801712,-0.0082067525736087,0.7147559712848951,0.1435472625253162,0.1388883913625136,1.7533166535826636,10725641375.0,0.1406016807512758,22.43449461157968,65.55756208023587,,,,,,,0.0083025830258305,0.467712177121773,0.5239852398523963,0.467712177121773,0.016458328423662,,5.204170427930421e-18,65.21739130434783,82.66304347826087,91.46739130434784,59.67391304347826,67.74647887323944,关键词新闻评分,10,74.52736527862828,1951,0.4864172219374679,0.1688039449083136,0.1055786984058709,1.5988447239554802,0.0278857447028738,,,,0.0459345671660746,0.0302503374906223,0.0765354265390557,-0.0016907804159318,0.9582376614154244,2809038815.0,磨具磨料,22960000000.0,-26.3,67.94,23.85701940839777,,0.0147188695908154,,,,,,,,,39.07234991716089,低,4.969344745931628,0.0,97.82608695652172,86.77552734718037,20260905T204544_score_38950a3b,,,,,,,,,,
2026-09-05 20:46:05,2026-09-04,6.96,7.32,7.57,6.81,200703900.0,0.0469,1393075400.0,601118,0.0517241379310344,0.2686308492201041,0.2491467576791808,-0.1040391676866584,0.0338983050847458,0.5302858109869788,0.148685759121224,0.2825979032210965,1.4912931017220088,7918898154.0,0.0704523366407848,21.054779658778827,73.65137076262621,,,,,,,0.4736842105263157,0.6710526315789477,0.3289473684210523,0.1973684210526318,0.0184844215502047,,5.204170427930421e-18,65.21739130434783,89.34782608695653,85.7608695652174,67.71739130434783,46.48780487804878,关键词新闻评分,8,73.73573700954401,1851,0.5029713668287412,0.0623654803811972,0.0528976955555188,1.1789829353859371,0.0050763815903929,,,,0.0555700464116295,0.0487637215654366,0.0743559718969555,0.0119815668202765,0.93534320822119,839491420.0,其他种植业,29057000000.0,-505.67,3.06,24.092525255072623,,0.326797385620915,,,,,,,,,36.95843845162712,低,4.969344745931628,0.0,97.82608695652172,72.68278424362187,20260905T204544_score_38950a3b,,,,,,,,,,
2026-09-05 20:46:05,2026-09-04,33.86,32.92,34.46,32.45,3352000.0,0.0302,109039800.0,301133,0.0537772087067862,0.2005835156819839,-0.186557944156165,-0.167425392008093,-0.0181926632866089,0.7168855690771662,0.0955986354938014,0.0336490658851849,1.1193518979225872,184686563.0,0.096056424318477,18.507223520332545,60.59991350128383,,,,,,,0.4676616915422878,0.2338308457711439,0.2985074626865682,0.2338308457711439,0.0145557924249095,,0.0450855186166307,98.91304347826086,62.06521739130435,80.86956521739131,63.3695652173913,0.0,关键词新闻评分,9,72.64673913043477,1018,0.5383104125736738,0.0985889700048366,0.0952160956668069,1.0354233631867509,0.0091111891937634,,,,0.0269652343073203,0.009753177208376,0.059256205519875,-0.0107182209756584,0.9488033130309044,87931310.0,汽车零部件,4010000000.0,-60.7,3.01,22.11205707826489,,0.3322259136212624,,,,,,,,,34.398428756546025,低,4.969344745931628,0.0,100.0,52.7175022184436,20260905T204544_score_38950a3b,,,,,,,,,,
2026-09-05 20:46:05,2026-09-04,94.11,90.43,95.69,89.23,894338.0,0.017,80650400.0,688667,0.0022165576859138,-0.0129884304736956,-0.1794010889292195,-0.0868423709986871,-0.0372617906951985,0.5137864429396917,-0.0135590631919976,-0.1162040656763095,1.3998900077254428,31227016.0,0.0100941761034424,18.205634334624804,46.0249438989572,,,,,,,0.5696594427244576,0.1857585139318891,0.2445820433436532,0.1857585139318891,-0.0028645362481257,,0.0099228811354511,89.13043478260869,54.72826086956522,57.77173913043478,59.13043478260869,100.0,关键词新闻评分,8,72.34510869565216,1182,0.4771573604060913,0.1575553122732287,0.1204454748458225,1.3081048704810951,0.0122046469267196,,,,-0.0125003642079472,-0.0201066181250725,0.0566104800872023,-0.0147448701652442,0.3946378404953907,57639085.0,汽车零部件,4848000000.0,30.82,2.67,22.301832085713425,0.0324464633354964,0.3745318352059925,,,,,,,,,38.35896461669453,低,4.969344745931628,0.0,100.0,79.12107461943361,20260905T204544_score_38950a3b,,,,,,,,,,
2026-09-05 20:46:05,2026-09-04,23.82,24.71,25.81,23.82,57043000.0,0.13,1385450600.0,603533,0.1628235294117648,0.0278702163061563,0.1960309777347531,-0.0543436662839647,0.0295833333333332,0.6071695270337569,0.0862015912787377,0.1473456121343446,2.1523300936255856,1069404166.0,-0.1159826420668845,21.049291267355244,60.573519352149575,,,,,,,0.4472361809045233,0.4472361809045233,0.5527638190954768,0.0,0.0073458587663403,,0.012829801449697,91.30434782608695,73.31521739130436,62.33695652173913,39.97282608695652,50.0,无新闻/中性,9,71.75,1951,0.4284982060481804,0.1559281399249507,0.0987223437653723,1.5794614874170327,0.0103949316652324,,,,0.0255704750189443,0.0147266000053327,0.0508180609354223,-0.0028248587570621,0.8478544757067402,612554355.0,移动互联网服务,10222000000.0,-153.82,4.49,23.0478080972925,,0.2227171492204899,,,,,,,,,36.54994661674921,低,4.969344745931628,0.0,97.82608695652172,69.9595053444358,20260905T204544_score_38950a3b,,,,,,,,,,
2026-09-05 20:46:05,2026-09-04,27.02,27.38,27.71,26.96,57209800.0,0.0272,484808300.0,002739,0.0088430361090641,-0.0587830869714678,0.0304855099736545,-0.1467746961670303,0.0099594245665806,0.6091255954884593,-0.0442446984902695,-0.0545416875291354,0.4806376893632215,2383158246.0,0.1924323160729602,19.999264115097542,44.4403132291258,,,,,,,0.4799999999999992,0.5599999999999975,0.4400000000000024,0.0799999999999983,0.0005394963865118,,0.0322360726590869,96.7391304347826,54.94565217391304,44.94565217391305,49.1304347826087,100.0,关键词新闻评分,9,71.49728260869566,1754,0.4184720638540479,0.0884786727457534,0.0701375623619859,1.2615019650826689,-0.0037610990956913,,,,-0.0227864945317546,-0.0210314332851565,0.0239486590837942,0.0010968921389398,0.3519621026277016,1188639260.1005,影视动漫,17676000000.0,-100.02,2.46,23.595473624214904,,0.4065040650406504,,,,,,,,,34.016256292881,低,4.969344745931628,0.0,97.82608695652172,53.06823651864771,20260905T204544_score_38950a3b,,,,,,,,,,
2026-09-05 20:46:05,2026-09-04,75.89,75.45,76.72,75.14,23925200.0,0.0073,369925200.0,601058,0.0599887608878897,0.1136531365313653,0.227827502034174,0.077395401970584,-0.0051424050632911,0.2682893282313172,0.0695679909274553,0.1350729259908381,0.7319674033241291,3063064835.0,0.1253100445056212,19.728811383706105,69.76630620588013,,,,,,,0.2784810126582267,0.1962025316455712,0.525316455696202,0.1962025316455712,0.0121885178316983,,-3.469446951953614e-18,55.97826086956522,87.01086956521739,70.0,51.57608695652174,98.0,关键词新闻评分,6,70.30271739130434,1964,0.554989816700611,0.0925127903294153,0.0644971321810959,1.4343706022409897,0.0226417759331898,,,,0.0291388235622195,0.0212105465830808,0.025097036826659,-0.00422330737759,0.8841600858448201,474521670.0,轮胎,50801000000.0,13.19,2.24,24.65118187637647,0.0758150113722517,0.4464285714285714,,,,,,,,,38.29425720859697,低,4.969344745931628,0.0,98.91304347826086,80.13896726110204,20260905T204544_score_38950a3b,,,,,,,,,,
2026-09-05 20:46:05,2026-09-04,42.74,45.42,47.66,41.9,318132400.0,0.359,2236414200.0,300189,0.0644480899929693,0.4314528837062716,0.4346178142766899,-0.1457588865901824,0.0026490066225166,1.3163958228169013,0.177110869227181,0.4170869949560605,1.9068563154800124,18518348421.0,0.0630488603511945,21.528139617034004,63.45769434493978,,,,,,,0.4652777777777779,0.6111111111111118,0.3888888888888881,0.1458333333333339,0.0393356352133376,,-1.3010426069826053e-17,45.10869565217392,79.5108695652174,93.20652173913044,59.18478260869565,99.0909090909091,关键词新闻评分,3,70.13463438735178,1956,0.4795501022494887,0.1276481379726963,0.0890341727864958,1.4336982529033748,0.0148758514937302,,,,0.083893119126222,0.0747738557174773,0.1191734289488582,0.0094828863535336,0.8193230243070189,1715199692.1655002,种子生产,7198999999.999999,66.64,10.51,22.697207964433577,0.0150060024009603,0.0951474785918173,,,,,,,,,35.92175127069283,低,4.969344745931628,0.0,96.73913043478262,67.22081173304542,20260905T204544_score_38950a3b,,,,,,,,,,
2026-09-05 20:46:05,2026-09-04,148.6,148.04,156.0,146.24,15880200.0,0.0718,594803200.0,300191,-0.035695674830641,0.0901325478645065,0.2373788030758943,-0.1686882300089848,0.0076231962973047,0.4393612369732341,0.0527513475843037,0.1936463568683313,1.6483390727783915,1023368491.0,0.0837991837300564,20.20374115417668,61.58506417789916,,,,,,,0.0573770491803281,0.1844262295081951,0.7581967213114768,0.1844262295081951,-0.0040526035728789,,1.0408340855860844e-17,69.56521739130434,83.09782608695653,70.38043478260869,41.30434782608695,66.45714285714286,关键词新闻评分,8,69.97451863354037,1956,0.4667689161554192,0.1202365507541705,0.0759394393074557,1.5833215500494984,0.0156294149493258,,,,0.0466968086535336,0.0455908567655991,0.0605627822596209,-0.0136803766545261,0.7094729493914714,632001786.6605,油气钻采服务,11642000000.0,61.63,9.47,23.17788508579596,0.0162258640272594,0.1055966209081309,,,,,,,,,37.26368257713433,低,4.969344745931628,0.0,97.82608695652172,74.71774508033666,20260905T204544_score_38950a3b,,,,,,,,,,
2026-09-05 20:46:05,2026-09-04,146.56,149.51,153.83,146.56,12797200.0,0.0331,344673000.0,002832,0.0753020713463752,0.06960938617828,0.2563865546218487,0.5221950722867033,0.0221508169822928,0.297469532553195,0.0429135451108413,0.1239987119360177,1.2659087394368889,729552988.0,0.0113540499447101,19.658106702338795,64.95214763666166,,,,,,,0.4057771664374119,0.4057771664374119,0.5942228335625881,0.0,0.0067387828293115,,1.3010426069826053e-18,61.95652173913043,83.53260869565219,69.67391304347827,38.34239130434783,95.0,关键词新闻评分,7,69.83695652173913,1964,0.5295315682281059,0.074053822479755,0.0584340237543652,1.267306574523255,0.0117224732331526,,,,0.0143637758385029,0.0140074369263893,0.0328931652923359,-0.0030451211380307,0.836030659645949,275688620.671,其他服装,14804000000.0,23.61,2.73,23.41816325147032,0.0423549343498517,0.3663003663003663,,,,,,,,,36.52608289473442,低,4.969344745931628,0.0,98.91304347826087,68.3511385020184,20260905T204544_score_38950a3b,,,,,,,,,,
2026-09-05 20:46:05,2026-09-04,86.71,93.91,94.44,86.71,39480000.0,0.0548,810266200.0,603613,0.1159833630421864,0.0519771479780442,0.0350490466218449,-0.2505785651584071,0.0908351724939016,0.4459474242911211,0.0947007670249224,0.0952220824886145,4.010699261555904,157349004.0,0.2444381448401353,20.512873394849283,65.03397814919695,,,,,,,0.9314359637774902,0.9314359637774902,0.0685640362225098,0.0,0.019406201121929,,-6.938893903907228e-18,48.91304347826087,77.11956521739131,86.14130434782608,72.96195652173913,61.48936170212766,关键词新闻评分,6,67.07284921369103,1580,0.5044303797468355,0.1143040319548987,0.0999857334004622,1.1432034158022215,0.0081085343136027,,,,0.0064434067260565,-0.0030179758771907,0.0325387529093204,0.0242492547080637,1.2000671494647843,188412070.0,互联网信息服务,13625000000.0,10.26,1.39,23.33517217749572,0.0974658869395711,0.7194244604316548,,,,,,,,,37.60642344078407,低,4.969344745931628,0.0,98.91304347826086,75.55340880901608,20260905T204544_score_38950a3b,,,,,,,,,,
2026-09-05 20:46:05,2026-09-04,54.11,56.08,56.53,53.7,95229200.0,0.1601,1167287100.0,603466,0.0998234948029024,0.0824165219069676,0.1290517414938594,0.2143785188393243,0.0224247948951685,0.638648834958682,0.04435919401095,0.1010975633700494,1.3638876524092447,3291810256.0,0.120447415567256,20.87794817627485,60.13824046103311,,,,,,,0.6961130742049471,0.8409893992932851,0.1590106007067148,0.1448763250883381,0.0079364955396253,,-1.3010426069826053e-17,45.10869565217392,72.01086956521739,77.93478260869564,76.79347826086956,100.0,关键词新闻评分,10,67.0570652173913,1958,0.4964249233912155,0.1093586874040273,0.0912968689558918,1.1978361213774114,0.0083135502381027,,,,0.0157350520915188,0.0117184220546578,0.0420317913185245,0.0116048343454993,0.7131698049193589,845164525.0,装修装饰,7191000000.0,123.16,3.39,22.696096081066766,0.0081195193244559,0.2949852507374631,,,,,,,,,36.61542082892596,低,4.969344745931628,0.0,97.82608695652172,70.39600009228084,20260905T204544_score_38950a3b,,,,,,,,,,
2026-09-05 20:46:05,2026-09-04,97.69,96.69,99.21,96.04,21522000.0,0.0283,272075700.0,002169,0.0252359240801611,-0.0281435320132676,-0.1542902125426397,-0.1790626591951095,0.0053025577043044,0.4467700587314458,-0.01687849517031,-0.0265862395865668,1.0640028199387068,6146474629.0,-0.0104522688430749,19.42159089803853,49.20855633681585,,,,,,,0.3154574132492126,0.2050473186119855,0.4794952681388019,0.2050473186119855,-0.0028081595529518,,0.002412517539336,79.34782608695652,55.81521739130434,47.5,55.3804347826087,100.0,关键词新闻评分,9,66.76358695652173,1953,0.4879672299027138,0.1216983445861857,0.0788359815403457,1.5436903582395871,0.0190181980800252,,,,0.002008707350511,0.0017599041248409,0.0372767164576038,-0.0064054257724189,0.3570252329853388,260246395.0,,,,,,,,,,,,,,,,36.52150698220782,低,4.969344745931628,0.0,98.91304347826086,68.3206324185077,20260905T204544_score_38950a3b,,,,,,,,,,
2026-09-05 20:46:05,2026-09-04,116.2,113.83,120.67,111.7,27767100.0,0.0764,1073251400.0,002655,-0.0132628294036061,0.2812922107158937,0.1116210937499999,1.235467399842891,-0.024174882126018,0.7665254501629928,0.0475699653049392,0.0737868840087541,1.545055949497869,3723360181.0,0.0216673026371716,20.793958570448943,57.06962813702216,,,,,,,0.264214046822743,0.2374581939799326,0.4983277591973243,0.2374581939799326,0.0151790689275201,,-5.204170427930421e-18,53.2608695652174,72.22826086956522,83.6413043478261,57.71739130434783,66.45714285714286,关键词新闻评分,8,65.84408385093168,1953,0.5381464413722479,0.1405547504233198,0.1004199692421302,1.399669323582618,0.0292597186065067,,,,0.0505563933451044,0.0447837090464912,0.0759214869291299,-0.0136048526863084,0.6698630056097428,1164915374.697,电子系统组装,14091999999.999998,313.82,16.1,23.368873097425404,0.0031865400548084,0.062111801242236,,,,,,,,,39.46885800671554,低,4.969344745931628,0.0,98.91304347826086,87.96963924855922,20260905T204544_score_38950a3b,,,,,,,,,,
2026-09-05 20:46:05,2026-09-04,1317.17,1293.12,1349.5,1279.3,46669700.0,0.0337,8483836200.0,002384,-0.0862440554845002,-0.0846075433231398,-0.1525137138475453,0.6055823886564271,-0.0027224000308488,0.5482775677763175,-0.0874486075885051,-0.178342012468599,1.24096644508732,10794621249.0,0.0097273573373242,22.861428566649643,39.72158656597871,,,,,,,0.3425925925925949,0.1968660968660958,0.4605413105413092,0.1968660968660958,0.0003726186254451,,0.0079157320550653,85.86956521739131,40.59782608695652,50.21739130434783,54.40217391304349,100.0,关键词新闻评分,7,65.6875,1893,0.5504490227152667,0.1616921365800388,0.100143758426142,1.6146002419041416,0.0439835540917874,,,,-0.0339764773782935,-0.0262467933396432,0.065290040477958,-0.0108518276762402,0.0499970128127655,12496486586.891,印制电路板,328151000000.0,91.54,13.47,26.51673970524837,0.0109241861481319,0.0742390497401633,,,,,,,,,35.74691112058861,低,4.969344745931628,0.0,97.82608695652172,64.6059353700318,20260905T204544_score_38950a3b,,,,,,,,,,
2026-09-05 20:46:05,2026-09-04,70.93,71.58,71.8,70.71,106507400.0,0.0135,307452200.0,600166,-0.0324412003244121,-0.0408682835320916,-0.0324412003244121,-0.0519205298013245,0.0123037759864235,0.2372894310196911,-0.0098284006888871,-0.0378471864400703,0.9413971077163656,14902573855.0,-0.0087779436613266,19.54383018922575,45.5466916319111,,,,,,,0.5963302752293481,0.7981651376146806,0.2018348623853194,0.2018348623853324,-0.0027471000767785,,1.6046192152785466e-17,70.65217391304348,65.05434782608695,44.18478260869565,76.79347826086956,68.62068965517241,关键词新闻评分,6,64.37022113943029,1964,0.4643584521384928,0.0824968943122305,0.059016518339432,1.3978610842095378,0.0066964309163298,,,,-0.0118944475854201,-0.0119012860451599,0.0227916816349339,0.0030361063104302,0.3927379176965402,331186105.0,商用载货车,22644000000.0,15.17,1.43,23.843160753120824,0.0659195781147,0.6993006993006994,,,,,,,,,38.12723805201197,低,4.969344745931628,0.0,100.0,77.57623085488319,20260905T204544_score_38950a3b,,,,,,,,,,
2026-09-05 20:46:05,2026-09-04,74.64,70.25,76.08,69.59,7714600.0,0.0504999999999999,552059200.0,301021,-0.1160186233798917,0.0068797477425828,-0.1707979225684608,0.2451258419000355,-0.0560333243751679,0.8052793428097904,-0.0592567793773015,-0.1671738048005563,0.7953573056041833,589763445.0,0.0010775235687275,20.1291658466791,45.02706536103194,,,,,,,0.6764252696456092,0.1016949152542368,0.2218798151001539,0.1016949152542368,0.0013244943594872,,0.0069324848061577,84.78260869565217,40.92391304347826,50.48913043478261,35.326086956521735,100.0,关键词新闻评分,9,63.53532608695652,1114,0.5161579892280072,0.1656334204345007,0.1155776423267539,1.4330922235481518,0.0295716943767662,,,,0.0022571071004892,0.0024167018580784,0.0914184036603965,-0.0239440533530939,0.2357946687152043,722153240.0,其他电子,11312000000.0,150.84,10.75,23.14912994610063,0.0066295412357464,0.0930232558139534,,,,,,,,,33.345065132085715,低,4.969344745931628,0.0,95.65217391304348,51.49217950465022,20260905T204544_score_38950a3b,,,,,,,,,,
2026-09-05 20:46:05,2026-09-04,55.6,53.77,55.66,52.93,6725300.0,0.0415,207685700.0,300727,0.0452954898911355,0.0664418881396271,-0.0322174226061915,-0.0934075198111616,-0.036379928315412,0.4564256769360544,0.0692518021377082,0.0001736089582222,1.789583624377166,919090938.0,0.0225723586333402,19.151536441989208,57.91438439349312,,,,,,,0.6703296703296705,0.3076923076923093,0.0219780219780202,0.3076923076923093,0.0087954408892992,,-1.7347234759768068e-17,43.47826086956522,74.94565217391303,75.65217391304347,82.06521739130434,62.0,关键词新闻评分,4,63.49076086956522,1964,0.4913441955193482,0.1306998351697473,0.0991296532595455,1.3184736440824971,0.0137957318393687,,,,0.015730802131397,-0.001026010090208,0.0406626105900794,-0.0064671101256467,0.8619765593958986,108923560.0,纺织化学用品,5710000000.0,55.66,4.22,22.46548486061433,0.0179662234998203,0.2369668246445497,,,,,,,,,37.03764108582619,低,4.969344745931628,0.0,96.7391304347826,74.66007716726784,20260905T204544_score_38950a3b,,,,,,,,,,
2026-09-05 20:46:05,2026-09-04,291.12,274.86,294.7,272.4,33403800.0,0.0679,4168680200.0,002851,-0.0376387381394208,-0.0257337303275201,-0.1297216857169996,0.0300168634064079,-0.0465850359013493,0.7629009799138838,-0.0305018385756989,-0.1202438965840074,1.9378685760978391,2619130791.0,-0.0055054583496085,22.15086532409973,47.04009455148944,,,,,,,0.7291479820627795,0.110313901345293,0.1605381165919274,0.110313901345293,0.0046420873237841,,4.163336342344337e-17,75.0,44.130434782608695,64.40217391304348,45.54347826086956,83.23076923076923,关键词新闻评分,8,63.040468227424746,1890,0.5063492063492063,0.1526729480596314,0.0839617608895346,1.8183628647390748,0.035858036181551,,,,-0.0113512627039227,-0.0147435728727748,0.0776109395952225,-0.0206423107986126,0.2964264747887126,3742864989.701,电气设备,74378000000.0,331.7,8.14,25.032426036133177,0.0030147723846849,0.1228501228501228,,,,,,,,,35.65958932271873,低,4.969344745931628,0.0,98.91304347826086,62.57451468858048,20260905T204544_score_38950a3b,,,,,,,,,,
2026-09-05 20:46:05,2026-09-04,24.78,24.08,25.65,23.88,10844976.0,0.0419,192945300.0,688207,-0.0061906727197689,-0.1166544387380779,-0.0482213438735178,0.0798206278026905,-0.0183448838157359,0.5939959137476257,-0.0839404256937972,-0.0984312404058557,1.0527432219348958,180027832.0,-0.0246622084945267,19.077917292191906,42.526359505957146,,,,,,,0.3954802259887022,0.1129943502824855,0.4915254237288122,0.1129943502824855,-0.0067163174272059,,0.0142652580053896,93.47826086956522,41.52173913043478,32.55434782608695,27.93478260869565,100.0,关键词新闻评分,9,62.40217391304348,945,0.4592592592592592,0.1482987897721935,0.0998405583256144,1.4853561744771118,0.0141197348748603,,,,-0.02085081656545,-0.0101437821415616,0.0645170859041291,-0.0186116016845537,0.1869246401338807,195819455.0,集成电路,4537000000.0,-22.51,1.84,22.23553183762824,,0.5434782608695652,,,,,,,,,30.68629765171372,低,4.969344745931628,0.0,94.56521739130434,35.21633833115571,20260905T204544_score_38950a3b,,,,,,,,,,
2026-09-05 20:46:05,2026-09-04,62.36,63.61,67.96,62.36,117133900.0,0.2007999999999999,1696327000.0,002579,-0.0185156611634007,-0.0663437545868192,-0.0746290369508291,0.145094509450945,0.0249758298420883,0.6342997462821601,-0.0240122746451859,-0.0819235200869823,1.726854045149545,5342844091.0,-0.0478233834294924,21.2517311629246,49.11226216334924,,,,,,,0.2232142857142859,0.2232142857142859,0.7767857142857141,0.0,-0.0051388029532753,,0.0044085227920289,83.69565217391305,49.076086956521735,45.16304347826087,30.788043478260867,80.85714285714285,关键词新闻评分,6,61.75962732919254,1924,0.511954261954262,0.1128362114365991,0.085071968197701,1.3263618301903628,0.0162479678416885,,,,-0.0043157455564475,-0.0029127525773435,0.0664428324387449,-0.0159851492806682,0.3278143467861716,987010510.0,印制电路板,8417000000.0,-104.22,3.66,22.85351930717585,,0.2732240437158469,,,,,,,,,32.41203948990055,低,4.969344745931628,0.0,94.56521739130434,46.72128391906795,20260905T204544_score_38950a3b,,,,,,,,,,
2026-09-05 20:46:05,2026-09-04,62.56,62.41,63.77,61.99,10833600.0,0.0491,173475200.0,300622,0.0612140792382247,0.0092173350582145,0.0503197576573544,-0.2175275827482448,0.0103610166747611,0.3645734628235153,0.0386606087839296,0.0557477437853657,1.1870012320769507,1186868627.0,0.016821302482248,18.97154521341761,57.51193259242162,,,,,,,0.0842696629213514,0.2359550561797721,0.6797752808988764,0.2359550561797721,0.0034172285999999,,-6.0715321659188256e-18,51.08695652173913,73.80434782608695,62.55434782608695,51.630434782608695,74.92307692307692,关键词新闻评分,9,61.49774247491639,1964,0.5234215885947047,0.1138306077198036,0.0823835554880118,1.3817151620309445,0.0203191735230035,,,,0.010340395689459,0.0036013928638226,0.0344267173300982,-0.0049954828080991,0.7703372970351059,140273260.0,专业连锁,4995000000.0,28.45,5.39,22.331703249046928,0.0351493848857645,0.1855287569573284,,,,,,,,,39.11187021545874,低,4.969344745931628,0.0,96.73913043478262,88.48827136481817,20260905T204544_score_38950a3b,,,,,,,,,,
2026-09-05 20:46:05,2026-09-04,174.21,168.1,179.22,165.61,5911300.0,0.0235,244650400.0,300863,-0.0252812246317987,-0.0036156718629601,-0.3769227918010305,0.0739155433463234,-0.0225039251032157,0.5093241583851426,-0.0474274591359979,-0.1576060175294118,0.933778689411525,415465693.0,0.0279072016233872,19.31534081477429,44.399237514099646,,,,,,,0.4489346069066877,0.1829537105069789,0.3681116825863333,0.1829537105069789,0.0005547429278792,,0.003345096368802,81.52173913043478,45.16304347826087,54.23913043478261,51.73913043478261,50.0,无新闻/中性,4,60.84510869565217,1323,0.5215419501133787,0.1167164700638906,0.0862898922061061,1.3526088291443177,0.0195864418576109,,,,-0.0110956551344382,-0.0133261814810221,0.0579204555111752,-0.0168249078821672,0.1440798544920118,270579120.0,汽车零部件,10835000000.0,78.54,7.47,23.106047471934733,0.0127323656735421,0.1338688085676037,,,,,,,,,37.61967627317216,低,4.969344745931628,0.0,98.91304347826087,75.64176102493664,20260905T204544_score_38950a3b,,,,,,,,,,
2026-09-05 20:46:05,2026-09-04,30.26,29.38,30.53,29.25,31973300.0,0.0292,136860400.0,002512,0.0258379888268156,0.0817378497790868,0.0356009869580542,-0.0763910719899402,-0.0290812954395242,0.4005146110985642,0.0388783790951361,0.1307683425917609,1.866543420964515,6337967591.0,0.0016916450492164,18.7344719934858,60.02060812144523,,,,,,,0.6875000000000013,0.1015624999999991,0.2109374999999994,0.1015624999999991,0.0088883961510399,,-7.112366251504909e-17,33.69565217391305,78.09782608695652,75.16304347826087,35.54347826086956,100.0,关键词新闻评分,8,59.90489130434783,1804,0.516629711751663,0.1236045036407597,0.1120586556906549,1.1030339680495356,0.00969193438522,,,,0.0309727172731126,0.0291546669209921,0.0360789652825051,-0.0114401076716016,0.8181821816155679,109231302.0325,计算机,4773000000.0,-41.17,14.82,22.28624087497017,,0.0674763832658569,,,,,,,,,33.71751917997357,低,4.969344745931628,0.0,97.82608695652172,51.07665576593157,20260905T204544_score_38950a3b,,,,,,,,,,
2026-09-05 20:46:05,2026-09-04,84.75,81.33,85.46,81.14,4610400.0,0.0177,262725000.0,001301,-0.0507703081232493,0.0602268283144309,-0.0518768943809746,-0.0888415863768765,-0.0329369797859689,0.4836168976063944,-0.042686551352751,-0.0343378214718246,1.4135003416403715,227874909.0,0.1235776056533171,19.3866184195222,43.93443661082579,,,,,,,0.7916666666666683,0.043981481481481,0.1643518518518506,0.043981481481481,0.027805455421351,,-2.4286128663675305e-17,40.21739130434783,64.8913043478261,81.46739130434781,34.72826086956522,96.28571428571428,关键词新闻评分,6,59.69378881987578,753,0.49933598937583,0.1359304399879044,0.0930841510610893,1.4602962850109236,0.021271076341861,,,,0.0071485106320283,0.0156888050990345,0.0429115947374892,-0.015891582301456,0.3295265258082078,395449198.2065,锂,21046000000.0,24.29,2.93,23.76997635526504,0.0411692054343351,0.341296928327645,,,,,,,,,34.10902714775315,低,4.969344745931628,0.0,97.82608695652172,53.686708884462135,20260905T204544_score_38950a3b,,,,,,,,,,
2026-09-05 20:46:05,2026-09-04,120.95,120.05,121.11,118.26,48176100.0,0.0081,1035293000.0,600188,-0.0453280318091451,0.0074689493118496,-0.0381379697139652,0.0035947166025747,-0.0061263349615034,0.2665453087054208,-0.0156003361964698,0.0457575172441826,0.9277497330192696,5632258146.0,-0.011005414338091,20.75795031635417,49.77558893545274,,,,,,,0.3157894736842132,0.628070175438595,0.0561403508771919,0.628070175438595,0.0005719349266939,,-6.938893903907228e-18,48.91304347826087,68.8586956521739,49.34782608695652,79.94565217391305,73.14285714285714,关键词新闻评分,9,59.51265527950311,1964,0.5112016293279023,0.0837127126887173,0.0501954516578837,1.667735022274061,0.0182586201364072,,,,0.0137046781042984,0.0171776910057373,0.03559231272684,0.0020310500250402,0.2695834284090165,1148635890.0,煤炭开采,218302000000.0,19.27,2.84,26.10914526216441,0.0518941359626362,0.352112676056338,,,,,,,,,35.06016078084854,低,4.969344745931628,0.0,93.4782608695652,65.82470122104007,20260905T204544_score_38950a3b,,,,,,,,,,
2026-09-05 20:46:05,2026-09-04,61.9,57.9,62.25,57.53,4948619.0,0.0549,287003300.0,688379,-0.0029275012915447,0.0961756910261264,-0.2959630350194552,0.1284350029234067,-0.0410732030473667,0.7673383170460353,0.0275795974869557,-0.0858159369070894,1.1371561258283265,222767378.0,0.1038168217093262,19.47500427539991,51.35675304830577,,,,,,,0.8474576271186443,0.078389830508474,0.0741525423728816,0.078389830508474,0.0092731791104059,,-1.734723475976807e-18,59.2391304347826,48.75,76.79347826086958,42.55434782608696,50.0,无新闻/中性,8,57.53532608695652,1326,0.5135746606334841,0.133187647010895,0.0876363407329401,1.5197764522912507,0.0257732638323326,,,,0.0138139964717505,0.0025838782906145,0.0726868985936343,-0.0223998199009455,0.62097517842604,241911785.0,金属制品,5602000000.0,35.78,3.92,22.44638951378433,0.0279485746226942,0.2551020408163265,,,,,,,,,36.05647185690524,低,4.969344745931628,0.0,97.82608695652172,66.66967361214267,20260905T204544_score_38950a3b,,,,,,,,,,
2026-09-05 20:46:05,2026-09-04,125.15,123.37,131.17,122.41,54888300.0,0.0542999999999999,2597452700.0,601208,-0.0975788164728257,0.0040693415805321,-0.2461350443018637,0.3753623188405797,-0.004759599870926,0.6603665664795026,-0.0233611196871461,-0.1123066093115345,0.7835694571468523,4446874344.0,0.0337899383877355,21.67779707133972,48.31906476002003,,,,,,,0.2031963470319638,0.1095890410958914,0.6872146118721447,0.1095890410958914,0.0030259935212522,,3.4694469519536136e-17,73.91304347826086,43.586956521739125,53.96739130434783,18.58695652173913,74.40677966101694,关键词新闻评分,8,56.85915622697125,1959,0.5446656457376212,0.1266700193297216,0.0745779826519856,1.6984908256478433,0.035034890300787,,,,0.0070394631294575,0.0021798228130375,0.065910906796049,-0.0181456426581774,0.359423513110964,3327350180.0,其他塑料制品,46832000000.0,115.11,7.59,24.56983256689594,0.0086873425419164,0.1317523056653491,,,,,,,,,33.25845483713269,低,4.969344745931628,0.0,91.30434782608695,56.71187898757202,20260905T204544_score_38950a3b,,,,,,,,,,
2026-09-05 20:46:05,2026-09-04,612.1,574.16,615.55,568.86,216682300.0,0.0546,8938882900.0,600176,-0.0652209306111817,-0.0884612942147711,-0.0201546154239978,0.4918284095928493,-0.0535720172749151,0.6185167575817473,-0.0505766057154574,-0.158846123700622,0.936392959521551,6696958469.0,-0.0663394538723275,22.91367646317888,44.35672310365327,,,,,,,0.8125937031484279,0.1135146712358098,0.0738916256157621,0.1135146712358098,-0.0042775354578528,,0.0014397253297838,78.26086956521739,48.53260869565217,31.57608695652173,54.673913043478265,54.90909090909091,关键词新闻评分,6,56.79797430830039,1954,0.5235414534288638,0.1010012903448577,0.0640192432595056,1.5776707940055354,0.0223758467493294,,,,-0.0109325562076589,-0.0156808541304904,0.0670980214574334,-0.0205223562326207,0.1776988807894478,9893221710.0,玻纤,170654000000.0,37.66,5.15,25.86290395181346,0.0265533722782793,0.1941747572815534,,,,,,,,,35.544073585158785,低,4.969344745931628,0.0,97.82608695652172,63.253685133832974,20260905T204544_score_38950a3b,,,,,,,,,,
2026-09-05 20:46:05,2026-09-04,260.25,256.46,261.66,253.79,7509800.0,0.0161,140974000.0,600645,-0.0534086295353044,-0.0607237034866687,0.0241603769817497,-0.375386638739375,-0.004889026850846,0.6363753468358847,-0.0714380110829302,-0.0152345662420444,0.4377411720817449,1067247148.0,-0.0097026664511516,18.764086041269582,42.130072431726,,,,,,,0.4815756035578151,0.3392630241423096,0.1791613722998753,0.3392630241423096,0.0059496060250975,,2.6020852139652106e-18,63.04347826086957,50.326086956521735,37.98913043478261,72.71739130434783,72.5,关键词新闻评分,9,56.766304347826086,1946,0.4763617677286742,0.0933464205015004,0.0747842138200959,1.2482102269077604,0.005306792354683,,,,-0.0076091857658094,0.0052495186210091,0.0531801116297723,-0.003277584174321,0.1492829035250309,355763280.0,生物制品,8755000000.0,74.76,2.34,22.892890802684228,0.0133761369716425,0.4273504273504274,,,,,,,,,37.30231993625614,低,4.969344745931628,0.0,97.82608695652172,74.97532747448201,20260905T204544_score_38950a3b,,,,,,,,,,
2026-09-05 20:46:05,2026-09-04,102.9,97.78,103.29,96.84,10996900.0,0.0626999999999999,459713900.0,603200,-0.0569968174365898,0.0901995763184302,-0.0778951339117314,-0.3897522311676964,-0.0536198219125048,0.6524264484772606,0.0394110925084376,0.0414721347444959,1.215302988609401,1117658973.0,0.006290967475591,19.94611489960575,53.92875022391684,,,,,,,0.7937984496124034,0.1457364341085267,0.0604651162790698,0.1457364341085267,0.0121403814307383,,-5.204170427930421e-18,53.2608695652174,64.45652173913042,72.44565217391303,65.16304347826087,0.0,关键词新闻评分,10,55.76086956521739,1964,0.4775967413441955,0.152102773104671,0.0950810437585063,1.5997171159689056,0.0229731416883676,,,,0.0313724560427781,0.0209924011406601,0.0631300587324314,-0.0153402034171393,0.6304043716682387,372949740.0,环保工程及服务,7630000000.0,-317.47,7.03,22.755353682242777,,0.1422475106685632,,,,,,,,,35.36964353748975,低,4.969344745931628,0.0,98.91304347826087,60.64154278705392,20260905T204544_score_38950a3b,,,,,,,,,,
2026-09-05 20:46:05,2026-09-04,30.06,28.94,30.6,28.61,164651000.0,0.2885,1663555200.0,002328,0.2441960447119517,0.319653442772458,0.2441960447119517,0.3663833805476866,-0.0122866894197951,0.505860395971887,0.2273373057104688,0.2940536431589693,10.196246455955036,28807955.0,-0.2696886497959951,21.23222283652117,81.24388988383662,,,,,,,0.5628140703517569,0.165829145728644,0.271356783919599,0.165829145728644,0.0349068505358137,,-0.0457028822859748,2.1739130434782608,92.71739130434784,79.89130434782608,53.69565217391304,100.0,关键词新闻评分,9,55.28804347826087,1957,0.5033214103219213,0.0983837961136435,0.0672394253354971,1.4631861534025423,0.0161222880663442,,,,0.0547313954782351,0.0297944984674774,0.041514463421858,-0.0150879183210437,1.0728495519244357,470312679.1475,汽车零部件,7795000000.0,19.37,2.23,22.77674833945615,0.0516262261228704,0.4484304932735426,,,,,,,,,32.95681954934991,低,4.969344745931628,0.0,94.56521739130434,50.35315098206367,20260905T204544_score_38950a3b,,,,,,,,,,
2026-09-05 20:46:05,2026-09-04,24.68,24.19,24.78,24.11,33384000.0,0.0353,335041000.0,002083,-0.0678227360308284,-0.127974044700793,0.1045662100456621,-0.0899172310007523,-0.0166666666666667,0.3338306915689136,-0.073481816266733,-0.0591819537175082,0.7203513983908911,2871123235.0,-0.0643272547313557,19.629763473344944,38.68429356050295,,,,,,,0.7313432835820853,0.1194029850746293,0.1492537313432853,0.1194029850746293,-0.0072019059010912,,8.673617379884035e-18,67.93478260869566,51.35869565217391,17.5,51.41304347826087,100.0,关键词新闻评分,8,55.25815217391304,1956,0.5368098159509203,0.0612590930137341,0.0479583291306068,1.2773400183919,0.0106706551493308,,,,-0.0181892396236391,-0.0086998180093556,0.0413098683044941,-0.0069786535303776,0.1345251181271882,542322907.595,棉纺,9571000000.0,16.34,1.98,22.98200353016018,0.0611995104039167,0.5050505050505051,,,,,,,,,35.279790694943806,低,4.969344745931628,0.0,98.91304347826086,60.042523836747634,20260905T204544_score_38950a3b,,,,,,,,,,
2026-09-05 20:46:05,2026-09-04,46.24,47.09,49.47,45.3,1024542.0,0.1563,652763900.0,000759,0.0057667663391713,-0.0947712418300653,0.2369319674284213,0.080045871559633,-0.0177304964539005,0.751455583218459,-0.0219129712327342,-0.0291822576821184,1.309753872244596,69085840.42,0.0399763960248488,20.296726061371903,48.48243530840255,,,,,,,0.2038369304556357,0.4292565947242219,0.570743405275778,0.2254196642685862,0.0008734685284194,,0.0,60.86956521739131,49.45652173913043,54.02173913043479,56.95652173913043,44.12244897959184,关键词新闻评分,8,54.58072315882875,1958,0.4147088866189989,0.1368567529063271,0.0787119319785482,1.738704024487994,0.0106863173199802,,,,-0.02043130086356,-0.0222507204664217,0.0826987834845129,-0.0041590300296066,0.4292557098224503,510457626.6865,超市,4238000000.000001,-4.25,8.39,22.16735729679252,,0.1191895113230035,,,,,,,,,37.29565028770649,低,4.969344745931628,0.0,98.91304347826086,73.4815877884989,20260905T204544_score_38950a3b,,,,,,,,,,
2026-09-05 20:46:05,2026-09-04,77.22,71.25,77.75,70.24,14890972.0,0.0731,489206300.0,688598,-0.105349070818684,0.0465628672150411,-0.0796951692069233,0.1875,-0.0576643301150641,1.0046683991657068,-0.0936440597113654,-0.1562505550983191,0.7070016042143927,272232702.0,0.2475203104858112,20.00829484190693,43.6523937472666,,,,,,,0.7949400798934747,0.1344873501997343,0.070572569906791,0.1344873501997343,0.0105067608938732,,-1.734723475976807e-18,59.2391304347826,41.95652173913044,63.64130434782608,62.71739130434783,42.97560975609756,关键词新闻评分,8,54.52038706256627,1391,0.4608195542774982,0.1854032240878559,0.1323979071271621,1.4003486015060993,0.0140510685082271,,,,0.0048261430614261,0.0133128032758655,0.092781954887218,-0.0250410509031198,0.1651749774769899,745940480.0,非金属新材料,7009999999.999999,-5.58,1.84,22.67060353799291,,0.5434782608695652,,,,,,,,,36.224956926168105,低,4.969344745931628,0.0,96.7391304347826,69.2421827695473,20260905T204544_score_38950a3b,,,,,,,,,,
2026-09-05 20:46:05,2026-09-04,353.94,324.8,355.0,320.5,8313631.0,0.0409999999999999,2772377600.0,688702,-0.1103807176116132,-0.1920398009950248,0.2296974974444403,0.7368983957219253,-0.0640039191954121,0.7775276306965333,-0.1432057242721006,-0.1014244966953558,1.0899732698870983,222370109.0,-0.0359392288851177,21.742971128693977,40.53654176712005,,,,,,,0.8446376811594198,0.1246376811594206,0.0307246376811594,0.1246376811594206,-0.0096557858250015,,0.0099207783738237,88.04347826086956,27.98913043478261,23.91304347826087,62.282608695652186,53.483870967741936,关键词新闻评分,6,54.17175666199158,579,0.6373056994818653,0.2219323016531676,0.0969808457544074,2.2884137576525667,0.1062643207281403,,,,-0.0160463577379523,0.0020587755084401,0.0937258092892329,-0.0258922323303009,-0.0377891436644241,2928511525.0,通信传输设备,142274000000.0,-989.24,63.22,25.68102061276918,,0.0158177791838025,,,,,,,,,34.10957521894058,低,4.969344745931628,0.0,97.82608695652172,53.69036269237826,20260905T204544_score_38950a3b,,,,,,,,,,
2026-09-05 20:46:05,2026-09-04,40.98,38.49,41.78,38.19,14583700.0,0.0348,560670400.0,002957,-0.0855310049893086,-0.0964788732394366,-0.2725382725382724,0.4104067423964823,-0.0498642310540606,0.6540374746129376,-0.0792747105540138,-0.1373694512094907,1.050124467763646,1665287567.0,-0.007477308632943,20.144643770330063,42.80890528385154,,,,,,,0.6935933147632292,0.0835654596100289,0.2228412256267419,0.0835654596100289,-0.0088181669160112,,0.0107433219169123,90.21739130434784,28.369565217391305,35.65217391304348,32.22826086956522,50.0,无新闻/中性,10,54.02173913043478,1582,0.4924146649810366,0.1276845645998774,0.0945548658307113,1.350375398220972,0.0148790888503434,,,,-0.0099994647061284,-0.0037919177226883,0.0738967449801432,-0.0252405875400979,-0.0621405317338939,813610300.059,其它专用机械,16472000000.0,52.9,4.98,23.5249278066719,0.0189035916824196,0.2008032128514056,,,,,,,,,32.101426194485754,低,4.969344745931628,0.0,94.56521739130434,44.65052861630262,20260905T204544_score_38950a3b,,,,,,,,,,
2026-09-05 20:46:05,2026-09-04,88.31,85.94,90.96,85.13,50374200.0,0.0732,805748700.0,300328,-0.117477921544465,0.0699701195219124,-0.1625414149288638,-0.193959857437629,-0.0190617509416733,0.6502178464033043,-0.0073174816774186,0.0714641930979451,0.9484545593617246,5953295084.0,-0.0085123646412827,20.50728246649594,51.634292981197,,,,,,,0.4065180102915961,0.1389365351629506,0.4545454545454532,0.1389365351629506,0.0073531315630506,,-1.214306433183765e-17,46.73913043478261,56.79347826086957,61.14130434782609,39.891304347826086,50.0,关键词新闻评分,7,51.77445652173913,1951,0.5192209123526397,0.1338597661767846,0.0966231815021052,1.3853794099490315,0.0230483848734537,,,,0.0432646020608524,0.045898639575562,0.0753515741879716,-0.0160668625729877,0.4876683887065281,853877430.0,铝,11033000000.0,-212.64,10.67,23.12415661872458,,0.0937207122774133,,,,,,,,,36.803429278917925,低,4.969344745931628,0.0,97.82608695652172,71.64938975889392,20260905T204544_score_38950a3b,,,,,,,,,,
2026-09-05 20:46:05,2026-09-04,62.8,63.5,66.13,62.76,38263700.0,0.1149,544876700.0,300996,0.0096994752742884,-0.2799637147068828,0.2031072375899962,0.1418809566624708,0.0217216411906677,0.5922769474378926,-0.0977999104903848,0.0319470213025283,0.7346597722333331,433396949.0,-0.5451857807380056,20.116070090334887,44.1912356133867,,,,,,,0.2077151335311582,0.2195845697329384,0.7804154302670615,0.0118694362017801,-0.0193453050393827,,0.0130966907155399,92.3913043478261,37.28260869565217,6.793478260869565,30.92391304347825,50.0,关键词新闻评分,5,51.10869565217392,1132,0.4717314487632509,0.1510085566834948,0.0992850671564435,1.5209594051595952,0.0187863066337747,,,,-0.024381512169802,-0.0054746020063859,0.0515523059617547,-0.0098237954155621,0.3199523974981693,865338110.0,软件开发,5426000000.0,79.41,4.23,22.41446805118315,0.0125928724342022,0.2364066193853427,,,,,,,,,29.869864483531327,低,4.969344745931628,0.0,88.04347826086956,38.46910271718615,20260905T204544_score_38950a3b,,,,,,,,,,
2026-09-05 20:46:05,2026-09-04,207.5,208.94,216.33,202.31,342735900.0,0.1543999999999999,7271769500.0,600869,0.1327116990133361,0.3014014325755214,-0.2758214335228059,0.5619346639754801,0.0069397590361446,0.7949971559778207,0.21100768544171,-0.0137151839430151,1.6694610689773706,6542569725.0,0.4801505694692782,22.70726549653705,64.22057285197363,,,,,,,0.1027104136947215,0.4728958630527811,0.5271041369472189,0.3701854493580594,0.0199515911648497,,-0.0161907377185612,4.3478260869565215,59.61956521739131,93.04347826086956,60.43478260869565,100.0,关键词新闻评分,7,51.078804347826086,1950,0.5158974358974359,0.1129490250534796,0.0760575794046669,1.4850462759606178,0.0214504432029717,,,,0.0273712550666161,-0.008191187179843,0.0723413420120608,-0.0012110009879217,1.074924504061451,3651586910.0,线缆部件及其他,46717000000.0,386.84,10.69,24.56737396107592,0.0025850480818943,0.0935453695042095,,,,,,,,,33.662115629692266,低,4.969344745931628,0.0,96.73913043478262,52.15657412637498,20260905T204544_score_38950a3b,,,,,,,,,,
2026-09-05 20:46:05,2026-09-04,11.9,13.87,13.87,11.9,3116860.0,0.4385,1660285799.9999998,000892,0.4109867751780263,0.3298178331735377,0.5428253615127918,-0.1063144329896907,0.0973101265822784,0.7389761546693898,0.3213928452341255,0.4490684311335537,4.417989494861642,482638.6499999994,1.177125478195447,21.230255593772544,77.38774934052365,,,,,,,1.0,1.0,0.0,0.0,0.0224247089785374,,-0.0758217898125305,1.0869565217391304,84.83695652173913,97.77173913043478,75.625,21.875,关键词新闻评分,5,50.89402173913044,1957,0.4726622381195707,0.1265768736814554,0.0980938905660168,1.290364496209574,0.0080994957032278,,,,0.057468833004376,0.0300695920917517,0.057060459367597,0.0496972754793139,1.143323982883339,325733022.141,影视动漫,4983000000.0,-12.79,9.86,22.32929795624568,,0.101419878296146,,,,,,,,,30.413724367905505,低,4.969344745931628,0.0,91.30434782608695,37.74700919272418,20260905T204544_score_38950a3b,,,,,,,,,,
2026-09-05 20:46:05,2026-09-04,231.38,221.68,232.92,219.08,8577100.0,0.0387,1918778400.0,300666,-0.0813857119177854,-0.1273815147220909,-0.2457298400816603,0.5182521745085955,-0.0319650655021833,0.6454819334282712,-0.1077193067194758,-0.1837335866675502,0.6092505992457087,1686799724.0,0.0047986470151687,21.37495457101434,41.2236856664478,,,,,,,0.7008670520231218,0.1878612716763005,0.1112716763005776,0.1878612716763005,-0.0063707984657666,,0.0012638222768673,77.17391304347827,23.64130434782609,23.53260869565218,72.17391304347827,56.92307692307692,关键词新闻评分,5,50.53741638795987,1949,0.50846587993843,0.1279373167350321,0.0818956149084126,1.5621998427890171,0.0247972713197319,,,,-0.029461492637428,-0.0183358872438729,0.0642045161622931,-0.0128250801567511,0.056928084867719,3518367155.0,半导体材料,62783000000.00001,79.82,8.61,24.86295017313759,0.0125281884239538,0.1161440185830429,,,,,,,,,34.39730991640848,低,4.969344745931628,0.0,98.91304347826087,54.15931864651211,20260905T204544_score_38950a3b,,,,,,,,,,
2026-09-05 20:46:05,2026-09-04,180.44,171.97,186.22,170.62,175758.0,0.0482,361246300.0,000026,0.1038577572373067,0.1173413033591059,-0.0505189929328622,0.2624431067390984,-0.0008714850104578,1.0425930181215088,0.0122312998846325,0.0354440541896636,1.30325056307872,14337951.52,0.0401044387356363,19.705070557892125,53.889640862032735,,,,,,,0.542948717948718,0.0865384615384612,0.3705128205128207,0.0865384615384612,0.0104652964685463,,-6.418476861114186e-17,34.78260869565217,58.58695652173913,78.75,23.53260869565217,54.90909090909091,关键词新闻评分,6,50.41482213438736,1961,0.479347271800102,0.0962387420497409,0.0608411452480547,1.5818035912599435,0.014454670182811,,,,0.0025500082503262,0.0021230987974895,0.0721803636846958,-0.0243943949622738,0.5434351694438682,278755777.0575,珠宝首饰,8022000000.0,76.13,2.37,22.80545360429427,0.0131354262445816,0.4219409282700421,,,,,,,,,35.0419421912215,低,4.969344745931628,0.0,98.91304347826087,58.45686714526557,20260905T204544_score_38950a3b,,,,,,,,,,
2026-09-05 20:46:05,2026-09-04,264.23,254.13,268.02,250.85,101438100.0,0.0938,3411290800.0,002407,-0.1069684084759461,-0.0966515000710934,-0.1336083458339015,0.0654005785435793,-0.0510455563853622,0.5047697803920582,-0.0899992301177921,-0.1209839021724343,1.0461087956158772,11447169007.0,0.0647840880856656,21.950356590633504,41.4943888888313,,,,,,,0.5882352941176489,0.1910308677926618,0.2207338380896893,0.1910308677926618,0.0033234027196617,,-2.537033083616081e-17,38.04347826086957,41.14130434782609,50.81521739130434,63.53260869565218,100.0,关键词新闻评分,9,50.11684782608696,1963,0.4819154355578197,0.1367104545288221,0.082595470234866,1.6551810182819502,0.0230914400180371,,,,-0.0135520508757665,-0.0054251027100519,0.0579343530588956,-0.01372574385511,0.0495809278911679,5496373533.903,氟化工及制冷剂,41284000000.0,61.31,4.76,24.44374085265009,0.0163105529277442,0.2100840336134453,,,,,,,,,34.06902074716551,低,4.969344745931628,0.0,96.7391304347826,54.86927490952999,20260905T204544_score_38950a3b,,,,,,,,,,
2026-09-05 20:46:05,2026-09-04,106.66,108.82,111.46,106.12,92073800.0,0.049,1609670100.0,002517,0.0467487495190457,-0.0278720743255316,0.2166815742397136,-0.0884570279778858,0.0202512657041065,0.3434893617969368,0.0152824168237204,0.0498591440589664,2.2748389592532576,7239701364.0,0.0004752428558359,21.199295088735457,55.26301570355544,,,,,,,0.404494382022472,0.5056179775280888,0.4943820224719112,0.1011235955056167,0.0036667286224574,,-0.0045854093794011,19.565217391304348,72.17391304347825,64.83695652173913,47.336956521739125,75.2,关键词新闻评分,7,50.11239130434783,1927,0.508562532433835,0.127885296920127,0.0884931554184474,1.4451433708676171,0.0215488182669718,,,,0.0009223584134334,0.0008769846976158,0.0302071572977656,0.0001838235294118,0.6152006576809335,1078644802.873,移动互联网服务,36426000000.0,15.29,3.47,24.318548642322764,0.0654022236756049,0.2881844380403458,,,,,,,,,33.74076946478485,低,4.969344745931628,0.0,93.47826086956522,57.0287591139488,20260905T204544_score_38950a3b,,,,,,,,,,
2026-09-05 20:46:05,2026-09-04,162.16,156.22,163.72,154.96,3109900.0,0.0146,476372600.0,603929,-0.0845053914674167,-0.0851487467791051,-0.340342876446246,0.0763400854347526,-0.029448310139165,0.556275183450237,-0.0828176555546423,-0.1957248104120224,0.6033936649388875,907379966.0,-0.0033703170630637,19.98171088119705,38.27015580004877,,,,,,,0.6780821917808224,0.1438356164383552,0.1780821917808223,0.1438356164383552,-0.0053695708343703,,1.7347234759768068e-17,71.73913043478261,32.71739130434782,27.336956521739133,55.54347826086956,56.0,关键词新闻评分,6,49.90978260869566,1955,0.5089514066496164,0.1448946266969105,0.082302694138983,1.7605089142310428,0.0333297018874692,,,,-0.0325468063933093,-0.0275196678302545,0.0525540903853539,-0.0131396083385975,0.0153298681763994,860052020.0,建筑装饰,33071000000.0,27.07,13.85,24.22192260237013,0.0369412633912079,0.0722021660649819,,,,,,,,,35.74254427596013,低,4.969344745931628,0.0,100.0,61.67827234787095,20260905T204544_score_38950a3b,,,,,,,,,,
2026-09-05 20:46:05,2026-09-04,191.03,182.03,192.83,180.65,36230900.0,0.0462,1108356100.0,002747,-0.0503938650946841,-0.1475202547651384,-0.102637416810451,0.3544906615075527,-0.0297425510367251,0.7515890743355703,-0.0993340128447449,-0.1515137390169436,0.6751791322166881,4052187239.0,0.0001271240559157,20.826143764430768,40.588952166923534,,,,,,,0.738916256157635,0.113300492610837,0.1477832512315279,0.113300492610837,-0.0018255124519109,,5.204170427930421e-18,65.21739130434783,23.64130434782609,25.869565217391305,49.45652173913044,100.0,关键词新闻评分,9,48.85597826086956,1954,0.5015353121801432,0.1379123982643281,0.1001285703036001,1.3773531155609582,0.0192573811787794,,,,-0.037224590524143,-0.0267667713569186,0.063874871489001,-0.0169573905060214,0.1788078161727704,1918467912.5225005,其它通用机械,29845000000.0,149.51,9.06,24.119283158567026,0.0066885158183399,0.1103752759381898,,,,,,,,,31.83121041741169,低,4.969344745931628,0.0,97.82608695652172,38.501264015519006,20260905T204544_score_38950a3b,,,,,,,,,,
2026-09-05 20:46:05,2026-09-04,28.27,28.96,30.34,27.79,58960900.0,0.1284,553423100.0,603318,-0.0435931307793923,0.0254957507082154,-0.050180387012135,0.0854572713643178,0.0147161878065873,0.71811437641498,-0.0116715582554092,0.0218952345665943,1.0949935083253337,1129149909.0,-0.1033124822822008,20.131633368211663,49.49985292156646,,,,,,,0.2705882352941181,0.4588235294117652,0.5411764705882347,0.1882352941176471,0.0036866316586191,,-0.0003962252345134,32.608695652173914,55.70652173913044,52.22826086956522,56.79347826086956,71.24590163934425,关键词新闻评分,9,48.58926407697791,1866,0.5026795284030011,0.1100715430151226,0.0920304194295908,1.1960343514389222,0.0095620997414387,,,,0.0210374909328562,0.0230349327437321,0.0668902920284135,-0.0024112986565621,0.4325367942440696,518541685.0,其它专用机械,5103000000.0,226.05,2.66,22.353094439028247,0.004423800044238,0.3759398496240601,,,,,,,,,37.259543252185466,低,4.969344745931628,0.0,96.7391304347826,76.13942494299634,20260905T204544_score_38950a3b,,,,,,,,,,
2026-09-05 20:46:05,2026-09-04,60.14,56.91,60.9,56.74,39860600.0,0.0951,692558600.0,002272,0.0263300270513975,0.1395674809771725,-0.1851374570446736,-0.0949427480916031,-0.0573132350505217,0.6989346119309732,0.0588596466746671,-0.0696673296460779,8.933735696516646,61967553.0,0.0929887795165144,20.35590341482817,53.242840953556026,,,,,,,0.7764423076923093,0.0408653846153833,0.1826923076923073,0.0408653846153833,0.0030342243218572,,-0.0055961120478862,18.47826086956521,60.4891304347826,83.58695652173913,32.77173913043478,67.18181818181819,关键词新闻评分,9,48.30242094861659,1956,0.5025562372188139,0.1488131119199071,0.0935339884074565,1.5910057344250246,0.0282590584339537,,,,0.0115323720764958,-0.0085184090115192,0.0587268117579135,-0.0218848467487826,0.762806453074117,544897309.004,机械基础件,8699000000.0,-251.27,5.92,22.88647391347181,,0.1689189189189189,,,,,,,,,34.09273818849129,低,4.969344745931628,0.0,97.82608695652172,53.57811582271634,20260905T204544_score_38950a3b,,,,,,,,,,
2026-09-05 20:46:05,2026-09-04,30.79,30.79,31.57,30.65,4633600.0,0.0405,76186800.0,003001,0.0195364238410595,-0.177397809243922,0.0263333333333333,-0.1346261944912872,-0.0006491398896462,0.4027979305954121,-0.0308772150703471,-0.0109060537432339,0.7928519441906561,-207165551.0,-0.7694772599779217,18.148698790430288,44.81914993637869,,,,,,,0.0,0.1521739130434786,0.8478260869565214,0.1521739130434786,-0.0224777022585554,,2.255140518769849e-17,72.82608695652173,47.71739130434783,10.706521739130435,33.47826086956522,50.0,无新闻/中性,6,47.90760869565217,1286,0.4611197511664074,0.1208719118640578,0.0889591156554128,1.3587355379325117,0.007798115541357,,,,-0.0260361598586955,-0.0243123213883378,0.0369090149863128,-0.0068809805397268,0.3828654180004016,148976142.9785,其他专业工程,2840000000.0,-105.88,2.45,21.76706988911953,,0.4081632653061224,,,,,,,,,32.03674541910789,低,4.969344745931628,0.0,92.3913043478261,47.11787417175451,20260905T204544_score_38950a3b,,,,,,,,,,
2026-09-05 20:46:05,2026-09-04,55.72,52.61,56.61,52.11,12858100.0,0.06,646063800.0,300726,-0.0696728558797523,-0.0969790593889461,-0.2287054684063919,0.0473820426040214,-0.0503610108303248,0.5121284733086069,-0.0810640862168345,-0.1936093682941284,1.049985382958326,1082929859.0,-0.0725019829209251,20.28640882002801,39.25519630651527,,,,,,,0.691111111111111,0.1111111111111111,0.1977777777777779,0.1111111111111111,-0.004296495957164,,-2.6020852139652106e-18,57.60869565217392,36.57608695652174,30.92391304347826,42.5,72.23529411764704,关键词新闻评分,9,46.965377237851655,1964,0.4994908350305499,0.1209054147286739,0.0894754545129204,1.351269075824755,0.0156078615390164,,,,-0.0226343365920458,-0.0211539751166445,0.063906916121324,-0.0216946631128741,-0.0670679525375292,659257690.0,被动元件,21247000000.0,50.08,4.32,23.779481545879914,0.0199680511182108,0.2314814814814814,,,,,,,,,33.38043383362687,低,4.969344745931628,0.0,94.56521739130434,53.1772462105767,20260905T204544_score_38950a3b,,,,,,,,,,
2026-09-05 20:46:05,2026-09-04,106.35,101.2,107.28,99.99,26127700.0,0.0315,2684104900.0,301217,-0.1178521617852161,-0.12863785086964,-0.2112851687319772,1.4409068982151472,-0.0377484073404963,0.7494337953599831,-0.1279057241958764,-0.2059163936677325,0.6519350802140371,1800161092.0,-0.0779818730166117,21.7106131391222,41.643449847495056,,,,,,,0.7064471879286677,0.1659807956104262,0.1275720164609061,0.1659807956104262,0.0012239447586343,,8.673617379884035e-18,67.93478260869566,18.80434782608696,21.086956521739133,66.95652173913044,71.72413793103448,关键词新闻评分,10,46.56371814092954,975,0.5169230769230769,0.2067375525167605,0.0866237788845266,2.3866143359129,0.0650214631936771,,,,-0.0149809134192265,-0.0045282491791741,0.082714568040655,-0.0157875968489641,0.006367012909141,4706539090.0,铜,86914000000.0,358.3,15.49,25.18818496095985,0.0027909572983533,0.0645577792123951,,,,,,,,,33.80825312204985,低,4.969344745931628,0.0,96.7391304347826,53.130824075425565,20260905T204544_score_38950a3b,,,,,,,,,,
2026-09-05 20:46:05,2026-09-04,65.68,63.79,65.94,63.49,5280800.0,0.0227,324668000.0,603026,-0.0446308222255503,-0.0949205448354143,-0.2500587820362098,-0.1622012083004991,-0.0210251688152239,0.2682763694539498,-0.0573370769912812,-0.1499861195935817,0.7422978932757015,681140294.0,-0.0474921064197172,19.59831368278652,36.22127576211436,,,,,,,0.7714285714285759,0.1224489795918357,0.1061224489795883,0.1224489795918357,-0.003660791537045,,-2.255140518769849e-17,42.391304347826086,42.33695652173913,27.55434782608696,55.97826086956522,100.0,关键词新闻评分,7,46.52989130434783,1964,0.4928716904276985,0.1579056592615483,0.1046178999646127,1.5093560405529105,0.0247725304482813,,,,-0.0288334921631056,-0.0271335601369949,0.036089400488209,-0.0095745782010143,0.0520756464576157,464334915.0,化工,14422999999.999998,27.63,2.67,23.392089991547785,0.0361925443358668,0.3745318352059925,,,,,,,,,32.82207867410891,低,4.969344745931628,0.0,100.0,42.20850166886278,20260905T204544_score_38950a3b,,,,,,,,,,
2026-09-05 20:46:05,2026-09-04,467.76,446.71,479.23,444.05,5486400.0,0.0306,606433100.0,300776,-0.0487436115843271,-0.125983173547251,-0.266389673520331,0.2898764148764148,-0.029186769244143,0.6826421544445934,-0.0725817753007502,-0.2072500011091507,0.7239059571427723,480595533.0,-0.0411738461084841,20.223104976884464,42.292033881720144,,,,,,,0.598351335986356,0.0756111426947119,0.3260375213189319,0.0756111426947119,-0.0052445705918196,,0.0025005008850972,80.43478260869566,24.945652173913043,22.39130434782608,23.64130434782609,50.0,无新闻/中性,9,46.23097826086956,1632,0.5177696078431373,0.1584988969245945,0.1063766540204832,1.4899782135850506,0.0307678561195846,,,,-0.0388367007619357,-0.0375974580413996,0.068595157612641,-0.0217957795312375,0.1405847806925449,881915745.0,其它专用机械,31401000000.0,63.01,6.36,24.170105576487263,0.0158704967465481,0.1572327044025157,,,,,,,,,32.12480031043281,低,4.969344745931628,0.0,94.56521739130434,44.806356055949664,20260905T204544_score_38950a3b,,,,,,,,,,
2026-09-05 20:46:05,2026-09-04,156.89,151.48,158.51,149.86,139382000.0,0.0803,1558410400.0,600110,0.0080521727557063,0.053554040895813,-0.0959656242539986,0.3157300442977504,-0.0328182862980462,0.6800818814103137,0.0125296195661255,-0.0669426170941434,0.7525661215931896,9613778155.0,-0.0622411833787392,21.16693216498325,50.93921040173456,,,,,,,0.625433526011562,0.1872832369942174,0.1872832369942206,0.1872832369942174,0.0053711381442407,,-0.0069324848061577,17.391304347826086,57.66304347826088,47.98913043478261,64.13043478260869,94.21052631578948,关键词新闻评分,7,45.93463958810068,1952,0.4661885245901639,0.1547604492844973,0.0970470938190088,1.5946943199878083,0.0203426931810888,,,,0.0248063202269037,0.0150158258908119,0.0746020219548078,-0.011764705882353,0.5520571256997617,2039867000.0,其他电子,19798000000.0,-160.74,3.3,23.708846759444025,,0.303030303030303,,,,,,,,,32.804479625246245,低,4.969344745931628,0.0,92.3913043478261,52.23610221267688,20260905T204544_score_38950a3b,,,,,,,,,,
2026-09-05 20:46:05,2026-09-04,419.09,393.61,427.49,389.69,6898310.0,0.0375999999999999,1994788300.0,688017,-0.0415885461053349,-0.1946763237580816,-0.236301901435778,0.4118005738880919,-0.0363796606849952,0.8560652373678074,-0.1192722545363821,-0.1962355811233153,0.7998464753365587,328391982.0,-0.0312108702446382,21.413803766870696,39.71738698671689,,,,,,,0.6740740740740728,0.103703703703704,0.222222222222223,0.103703703703704,-0.0102292028951427,,0.0081359003863628,86.95652173913044,10.380434782608695,17.554347826086957,35.97826086956521,55.785714285714285,关键词新闻评分,9,45.71715838509317,1319,0.5246398786959818,0.1922593735872593,0.123610555408311,1.5553637223956087,0.0421074058236333,,,,-0.0526017844654705,-0.0414662903149287,0.0747385918621405,-0.0247441752905126,0.1836476329583748,2820204330.0,机械基础件,53241000000.0,377.44,14.92,24.698094613166948,0.0026494277236117,0.067024128686327,,,,,,,,,31.472118032905872,低,4.969344745931628,0.0,95.65217391304348,39.0058655101179,20260905T204544_score_38950a3b,,,,,,,,,,
2026-09-05 20:46:05,2026-09-04,51.48,49.12,51.76,48.74,40117500.0,0.0810999999999999,991318500.0,603011,-0.123170296322742,0.0659722222222221,-0.2767962308598352,-0.1000366434591425,-0.0428682774746688,0.8284495235370184,-0.018051696219739,-0.0457071066844539,0.6604433181014726,4338865932.0,0.0233393198418517,20.714546434200297,50.39021682270247,,,,,,,0.781456953642385,0.1258278145695351,0.0927152317880799,0.1258278145695351,0.0116481178860152,,-0.0036190084618606,21.73913043478261,42.06521739130434,58.26086956521739,59.23913043478261,100.0,关键词新闻评分,10,45.701086956521735,1957,0.5324476239141543,0.1357905601580295,0.0963271866443022,1.409680536601258,0.0272633561089066,,,,0.028893207972942,0.02357025864087,0.0729990693345742,-0.0151049324956556,0.4354135122290139,1504665480.0,机械设备,12509000000.0,-42.76,6.73,23.249714222179016,,0.1485884101040119,,,,,,,,,32.865486577316744,低,4.969344745931628,0.0,93.47826086956522,51.19353986416144,20260905T204544_score_38950a3b,,,,,,,,,,
2026-09-05 20:46:05,2026-09-04,1021.97,1009.81,1060.19,1001.07,19157500.0,0.0277,2446753300.0,002353,-0.0407792997321276,-0.1320704444463545,-0.1314284239770859,0.1923885320234271,0.0115701320297316,0.5846729012119043,-0.1107077720271135,-0.1324337106906711,1.8504145276264303,1714537751.0,0.00871132631287,21.6180277994059,38.86267958963099,,,,,,,0.2056833558863342,0.1478349120433,0.6464817320703657,0.1478349120433,0.0057201481152647,,-5.204170427930421e-18,53.2608695652174,30.43478260869565,52.55434782608695,37.60869565217392,50.0,无新闻/中性,2,45.52173913043478,1962,0.582059123343527,0.1154988459920721,0.0896191892784915,1.2887736088881545,0.0297716345130394,,,,-0.0388339943808884,-0.0192216121748209,0.0611133353233352,-0.0135587922124863,0.161272336191172,2517615919.502,冶金矿采化工设备,126897000000.0,48.15,5.45,25.56664157072537,0.0207684319833852,0.18348623853211,,,,,,,,,36.95957862073847,低,4.969344745931628,0.0,100.0,69.7918346463932,20260905T204544_score_38950a3b,,,,,,,,,,
2026-09-05 20:46:05,2026-09-04,65.27,64.98,67.18,63.97,4476100.0,0.0767,289075400.0,300816,0.0108898568761668,0.220510894064613,-0.2221690208283456,-0.0544237485448194,-0.0083931023958492,0.6708089305656302,0.1208859449389361,0.0676641902013028,0.9724606005831156,300442544.0,0.1043288619101601,19.482198115161594,62.18638622516642,,,,,,,0.0903426791277231,0.3146417445482874,0.5950155763239894,0.3146417445482874,0.0254222946819911,,-0.0126506138349092,6.521739130434782,64.2391304347826,80.92391304347827,55.10869565217391,50.0,无新闻/中性,8,45.03804347826086,1457,0.4914207275223061,0.1353310305296185,0.1174737161979177,1.1520111469157504,0.0067597763600204,,,,0.0472751340736168,0.022500841469297,0.0771995778920986,-0.0060674042726761,0.7885860077855728,272292895.0,汽车零部件,5164000000.0,57.41,5.29,22.364977309930808,0.0174185681936944,0.1890359168241966,,,,,,,,,34.31602172401036,低,4.969344745931628,0.0,92.3913043478261,62.31304953777104,20260905T204544_score_38950a3b,,,,,,,,,,
2026-09-05 20:46:05,2026-09-04,201.05,193.55,201.47,191.44,12534200.0,0.0296,2385256100.0,603893,0.0666850372003307,-0.0724589064072457,0.1842990882946826,0.1347912757973735,-0.0246913580246912,0.6249845366381139,-0.0195805293910559,-0.0221718512131702,0.907031808563911,1108286467.0,-0.0078246998870081,21.592572335396124,47.91304324155703,,,,,,,0.7477567298105682,0.2103688933200412,0.0418743768693905,0.2103688933200412,0.000428419956334,,-0.012006046821883,8.695652173913043,56.35869565217392,41.52173913043479,81.25,100.0,关键词新闻评分,8,43.56250000000001,1458,0.4910836762688614,0.1563150280077493,0.1023654693222388,1.5270288803705987,0.0246683002856291,,,,-0.0088989113261413,-0.0140828041790762,0.0490939956452743,-0.009906899021246,0.4110854992742874,2719273885.0,集成电路,82048000000.0,59.98,16.67,25.13057027880456,0.0166722240746915,0.05998800239952,,,,,,,,,31.87850949267852,低,4.969344745931628,0.0,93.47826086956522,44.6136926332399,20260905T204544_score_38950a3b,,,,,,,,,,
2026-09-05 20:46:05,2026-09-04,93.97,90.47,95.59,90.15,8146800.0,0.0217,124165200.0,600769,-0.0318887105403959,-0.0148099749537188,-0.0964745830420452,0.0456541840036985,-0.0366308167394313,0.6234911562982901,-0.0285830863720311,-0.0890799341503566,0.7355538932630656,1688830940.0,0.0316608646376518,18.637123503019264,47.19011985818617,,,,,,,0.6433823529411767,0.0588235294117634,0.2977941176470597,0.0588235294117634,0.0015168448541689,,-3.642919299551295e-17,35.869565217391305,53.31521739130434,50.21739130434783,24.076086956521745,50.0,无新闻/中性,9,43.33423913043478,1951,0.5356227575602255,0.1349911696944727,0.1012486359900307,1.3332640817775,0.0252867801761948,,,,-0.0040709259278602,-0.006168933495349,0.0615278940138009,-0.0173780818942109,0.3263421916112943,169810960.0,房屋建设,5782000000.0,413.46,44.05,22.478015480540567,0.0024186136506554,0.0227014755959137,,,,,,,,,36.62936915700108,低,4.969344745931628,0.0,100.0,67.59043822147729,20260905T204544_score_38950a3b,,,,,,,,,,
2026-09-05 20:46:05,2026-09-04,103.3,103.22,104.37,102.97,184634.0,0.0074,208872000.0,000729,0.1721553486259368,-0.0989874301675978,0.0007756447547022,-0.1136109918419923,0.0015524936929942,1.3005025664496568,0.0239977777998234,0.0021002488584547,0.7940712807933573,29916315.73,-0.0212632854676206,19.15723218690722,52.28330621767567,,,,,,,0.0571428571428556,0.1785714285714278,0.7642857142857165,0.1785714285714278,-0.0136879373571039,,-6.938893903907228e-18,48.91304347826087,41.35869565217392,25.815217391304348,38.91304347826087,66.25806451612902,关键词新闻评分,7,43.13939340813464,1965,0.5343511450381679,0.0662494569170841,0.0585874663856986,1.1307786631520185,0.0081192865241852,,,,-0.0354717935269504,-0.0452266480941558,0.06768483405763,-0.0028979907264296,0.5433268825269859,276218088.7665,啤酒,31709000000.0,16.05,1.94,24.17986638920628,0.0623052959501557,0.5154639175257733,,,,,,,,,33.26242882174894,低,4.969344745931628,0.0,100.0,45.14416931979632,20260905T204544_score_38950a3b,,,,,,,,,,
2026-09-05 20:46:05,2026-09-04,287.09,275.43,302.9,273.51,5392016.0,0.047,739935500.0,688531,-0.035001051082615,-0.0451047011510192,-0.2372895436420026,0.7667094291212315,-0.0195080274821117,0.5580133369171915,-0.0400878255338799,-0.1079874039344893,1.2186092653986598,289550661.0,0.0728987755275634,20.42207357955296,45.70921029662547,,,,,,,0.396733582851309,0.0653283429738011,0.5379380741748897,0.0653283429738011,-0.0031474158004214,,-0.0008624443801316,30.434782608695656,44.673913043478265,55.92391304347825,14.07608695652174,86.0,关键词新闻评分,4,43.01304347826087,681,0.4919236417033774,0.1859068033307951,0.0917551388440493,2.0261187076047014,0.0448333349130327,,,,-0.0107068260115772,-0.0102296937240793,0.0668564997069517,-0.0299938955672426,0.2350720861984235,605498855.0,其它专用机械,22031000000.0,99.56,6.42,23.81571638937684,0.0100441944556046,0.1557632398753894,,,,,,,,,32.90939126103456,低,4.969344745931628,0.0,100.0,42.790585581700455,20260905T204544_score_38950a3b,,,,,,,,,,
2026-09-05 20:46:05,2026-09-04,163.13,154.79,164.31,153.36,3931100.0,0.0538,333972800.0,301191,-0.0550061050061051,-0.1287290329843521,-0.1119334480780265,-0.0257426988922457,-0.0460372242080611,0.6310557392037404,-0.0908583661998303,-0.1794778463259208,0.8038574360033495,318583800.0,0.0527467480003899,19.626570113493297,39.58326360440001,,,,,,,0.7616438356164394,0.1305936073059342,0.1077625570776263,0.1305936073059342,-0.0053070016187495,,-2.4286128663675305e-17,40.21739130434783,31.52173913043478,34.56521739130435,59.45652173913044,63.72881355932204,关键词新闻评分,10,41.18809874723655,900,0.5411111111111111,0.1472827627312678,0.1108285243584733,1.3289246932033834,0.0288383609889755,,,,-0.041813802091993,-0.037076916017002,0.0711470840678153,-0.0171231426999112,0.0407010281929626,452613255.0,终端设备,8448999999.999999,108.54,4.95,22.85731392811712,0.0092131932927952,0.202020202020202,,,,,,,,,34.56231140431133,低,4.969344745931628,0.0,98.91304347826087,55.25932856586445,20260905T204544_score_38950a3b,,,,,,,,,,
2026-09-05 20:46:05,2026-09-04,254.54,233.03,254.54,230.39,11834000.0,0.0929,1431057000.0,301128,0.0397554881313582,0.0242626697727572,-0.2975946467325777,0.5434494635051001,-0.0783134912787248,0.8349574684870834,0.0246522457002027,-0.0727941907888192,1.5686253717267007,613319515.0,0.0298264035410998,21.08167916971134,51.20000571220893,,,,,,,0.890683229813664,0.109316770186336,0.0,0.109316770186336,0.0052096811974066,,-0.0078358733029094,16.304347826086957,41.03260869565217,70.3804347826087,53.04347826086956,50.0,无新闻/中性,6,40.34510869565217,1030,0.5640776699029126,0.1784060116872798,0.0985273234947933,1.8107262570337432,0.0576845869331528,,,,0.0131138633141625,-0.0019955563941283,0.0808050465605287,-0.0262828012702656,0.6348179813040715,871454270.0,其它专用机械,18428000000.0,106.61,19.2,23.637137084020083,0.0093799831160303,0.0520833333333333,,,,,,,,,35.30507249253661,低,4.969344745931628,0.0,98.91304347826087,60.21106915403298,20260905T204544_score_38950a3b,,,,,,,,,,
2026-09-05 20:46:05,2026-09-04,147.04,139.72,151.15,138.28,19061900.0,0.0516999999999999,902979400.0,002552,-0.1343782913078496,-0.0340154867256636,-0.1372645878357516,1.3855215980877582,-0.0409774178049282,0.977076494882076,-0.1543627004469675,-0.1500027376092761,0.9634382344339196,1263069543.0,0.0285222531175394,20.62121029938242,42.49212446559046,,,,,,,0.568764568764568,0.1118881118881116,0.3193473193473203,0.1118881118881116,0.0039310199585272,,-0.0025397883384766,23.91304347826087,29.18478260869565,55.97826086956522,34.23913043478261,100.0,关键词新闻评分,9,40.28532608695653,1938,0.5103199174406605,0.1593536989319101,0.0809822017590402,1.9677619954821868,0.0416659952395923,,,,-0.0069460976195242,0.0148335428364701,0.104888348124821,-0.0232785739252008,0.0287285948465078,1997834843.403,机械基础件,18604000000.0,78.09,11.36,23.646642448308263,0.0128057369701626,0.0880281690140845,,,,,,,,,32.0962676033119,低,4.969344745931628,0.0,98.91304347826087,38.81903655920157,20260905T204544_score_38950a3b,,,,,,,,,,
2026-09-05 20:46:05,2026-09-04,195.47,190.17,198.45,188.27,31685760.0,0.0277,6063080900.0,688008,-0.1174177379681626,-0.1276205330519749,-0.1759684548054424,0.2799165432763493,-0.012001246882793,0.65111189787086,-0.0809025201839451,-0.1806495948918239,0.8514722616050235,3112946435.0,-0.0617948118024,22.525483907341343,40.63136745354782,,,,,,,0.5206286836935189,0.1866404715127683,0.2927308447937127,0.1866404715127683,-0.0026572523223162,,-0.0007965089874607,31.521739130434785,29.673913043478265,28.043478260869566,57.391304347826086,100.0,关键词新闻评分,6,39.798913043478265,1589,0.5066079295154186,0.1330216381796254,0.0944366937270154,1.4085800013726242,0.0207955008512387,,,,-0.0364515371277394,-0.0312828204248689,0.0575049391897475,-0.011059300733242,0.0938317376917005,7707713750.0,集成电路,231914000000.0,75.45,10.89,26.16963245023516,0.0132538104705102,0.0918273645546372,,,,,,,,,32.15677046142011,低,4.969344745931628,0.0,98.91304347826087,39.22238894658961,20260905T204544_score_38950a3b,,,,,,,,,,
2026-09-05 20:46:05,2026-09-04,62.71,60.17,63.29,59.73,10248600.0,0.0167,596395600.0,603650,-0.0795471929019427,-0.1089885976602991,-0.1060763630961224,0.0447994443479771,-0.03310300498152,0.4043895397237722,-0.0974748194424653,-0.1656324317578295,0.6274954002896057,1727565237.0,-0.0527270331845571,20.206414764905457,37.6035176491668,,,,,,,0.713483146067415,0.1235955056179788,0.1629213483146061,0.1235955056179788,-0.0033871777423676,,-2.4286128663675305e-17,40.21739130434783,41.141304347826086,20.97826086956522,52.28260869565217,57.41176470588236,关键词新闻评分,7,39.52650255754475,1843,0.4986435160065111,0.1370631719339552,0.0888668447447211,1.5423431801554668,0.0237916931433437,,,,-0.0283275554468138,-0.0191205758210901,0.0530520667632184,-0.0146296195207161,-0.0337598921654852,1059388585.0,其他化学制品,36484000000.0,60.74,8.69,24.320139645264323,0.016463615409944,0.1150747986191024,,,,,,,,,34.45032607126265,低,4.969344745931628,0.0,97.82608695652172,55.96203504119209,20260905T204544_score_38950a3b,,,,,,,,,,
2026-09-05 20:46:05,2026-09-04,782.51,737.27,792.59,724.91,75218000.0,0.0882,4639757900.0,300285,-0.1216597767426345,-0.1452536635132628,-0.0309279705573081,0.5801916111194461,-0.0500934097790375,0.8654107931250268,-0.108995128459537,-0.1610125612367403,0.694817660476941,4231010644.0,0.0059446399781502,22.257928025314712,42.30826773118324,,,,,,,0.6684397163120562,0.1826241134751773,0.1489361702127664,0.1826241134751773,-0.0056885779828701,,-2.775557561562892e-17,36.95652173913043,25.59782608695652,23.695652173913043,64.34782608695652,83.15789473684211,关键词新闻评分,7,38.82394164759725,1960,0.5204081632653061,0.1206556739018706,0.0780907819106521,1.5450693532550268,0.0253384961142321,,,,-0.0201173079660892,-0.0094261914575986,0.0809395278721306,-0.0190529410982052,0.0869232580083613,7523203120.0,无机盐,63441999999.99999,98.92,8.71,24.873391939627272,0.0101091791346542,0.1148105625717565,,,,,,,,,33.086444388442246,低,4.969344745931628,0.0,100.0,43.9709397644184,20260905T204544_score_38950a3b,,,,,,,,,,
2026-09-05 20:46:05,2026-09-04,137.58,136.41,144.13,136.29,76263700.0,0.1027,2719496599.9999995,300209,0.037969867600061,-0.063696890658247,0.2822899041173152,2.7027687296416936,-0.008215791769667,0.8139348026317534,-0.0094653029659402,0.1354379383823136,0.7842192300103576,3459662779.0,0.1246321411386737,21.723712626964403,53.30774707784159,,,,,,,0.1492346938775529,0.0153061224489801,0.8354591836734668,0.0153061224489801,-0.0015764089025595,,-0.0012905014461543,27.17391304347825,54.51086956521739,49.076086956521735,4.728260869565219,50.0,无新闻/中性,2,38.4266304347826,1945,0.4694087403598971,0.1825617650537594,0.10428760598964,1.7505605131245905,0.0303619959448708,,,,0.0246481733847836,0.0332357120034379,0.0671347932179249,-0.0182328527217329,0.4498330208219309,3674806481.22,软件开发,32595000000.0,-446.23,34.69,24.20742473932292,,0.0288267512251369,,,,,,,,,32.97531968024838,低,4.969344745931628,0.0,95.65217391304348,49.02720982573464,20260905T204544_score_38950a3b,,,,,,,,,,
2026-09-05 20:46:05,2026-09-04,163.44,155.05,165.3,153.73,82164400.0,0.0541,4779679400.0,002156,-0.107163422780145,-0.1204334014068526,-0.0531875915974595,0.2398048936510475,-0.0443759630200307,0.6262876824293719,-0.0942864987061233,-0.1404845364825184,1.4672953357134544,14938588388.0,-0.000416813785837,22.28763931027992,39.65388307294906,,,,,,,0.7251512532411384,0.1140881590319809,0.1607605877268807,0.1140881590319809,-0.0022219864312494,,-0.0014627021960458,25.0,36.57608695652174,45.00000000000001,49.02173913043478,62.85714285714286,关键词新闻评分,5,38.0819099378882,1963,0.5124808965868568,0.1390091872643207,0.0884371922190972,1.571840803357199,0.0281247322639993,,,,-0.0254719648341779,-0.0170281891287862,0.0576772469710231,-0.0188364832939588,-0.0109068468826931,5950263119.502001,集成电路,90343000000.0,35.79,5.36,25.22687937450284,0.0279407655769768,0.1865671641791044,,,,,,,,,33.15547962938698,低,4.969344745931628,0.0,98.91304347826087,45.88045006636878,20260905T204544_score_38950a3b,,,,,,,,,,
2026-09-05 20:46:05,2026-09-04,531.11,510.41,536.6,505.88,22175300.0,0.0282,3787435100.0,002281,-0.033570644147385,-0.1296318401173199,-0.1813924395759489,0.8619268230401635,-0.0328564661297962,0.6497164862831156,-0.0616574914720787,-0.1634762257521025,0.6571111999452852,5456141535.0,0.0019210796624212,22.054954872585583,42.591618840462665,,,,,,,0.673828124999999,0.1474609375000008,0.1787109375000001,0.1474609375000008,-0.0091284844459167,,-0.0011746034395946,29.347826086956523,29.56521739130435,21.25,57.60869565217392,100.0,关键词新闻评分,7,37.673913043478265,1964,0.5183299389002036,0.1336399401580084,0.0783944441757995,1.704711878029531,0.0315093253006854,,,,-0.0270980089515234,-0.0277445189276767,0.0631089292361603,-0.0139481869288873,0.1957764484077655,6646659823.8085,通信传输设备,143615000000.0,124.22,9.93,25.69040194492981,0.0080502334567702,0.1007049345417925,,,,,,,,,31.91364285155932,低,4.969344745931628,0.0,98.91304347826087,37.60153821418436,20260905T204544_score_38950a3b,,,,,,,,,,
2026-09-05 20:46:05,2026-09-04,128.54,122.71,128.84,121.59,69158700.0,0.0544,2669254800.0,600498,-0.07542194092827,-0.0328656998738966,-0.3577746375673837,-0.2586394393426777,-0.0362836723474436,0.60175714216815,-0.0491208765662656,-0.2180349232277382,0.7462411415243901,5815664384.0,-0.0261327474774275,21.705065169653643,42.59544658447955,,,,,,,0.8041379310344825,0.1544827586206883,0.0413793103448291,0.1544827586206883,0.0036856144364271,,-0.008746174934229,14.130434782608695,39.29347826086956,42.55434782608696,70.8695652173913,70.25,关键词新闻评分,9,37.39184782608696,1963,0.4737646459500764,0.1005766457821319,0.0694404722783726,1.448386545802003,0.0111076274650146,,,,-0.0183320905016821,-0.0239440478357423,0.0673830285108909,-0.0134265959157421,0.1421360299510856,3725068190.0,通信传输设备,53457000000.00001,156.28,3.04,24.7021434293598,0.0063987714358843,0.3289473684210526,,,,,,,,,32.33129443718691,低,4.969344745931628,0.0,94.56521739130434,46.18298356764369,20260905T204544_score_38950a3b,,,,,,,,,,
2026-09-05 20:46:05,2026-09-04,87.92,85.42,88.4,84.91,249343.0,0.0294,593575700.0,000034,-0.1535869996036464,-0.0626577416876987,0.0553496417099086,-0.1136245719622289,-0.0204128440366972,1.0348983627870096,-0.08587939429611,-0.096062336636178,0.8226430992954963,38441399.6,0.0298909057851683,20.20167531400654,42.154360907181136,,,,,,,0.7163323782234938,0.1461318051575942,0.1375358166189119,0.1461318051575942,-0.0040495503173135,,-0.0100688414539957,11.956521739130435,40.92391304347826,44.56521739130434,61.30434782608696,74.92307692307692,关键词新闻评分,9,36.95154682274247,1871,0.5061464457509354,0.1214036276320027,0.0864538534052308,1.4042592996167984,0.0187524718445074,,,,-0.0035313929760987,0.0049028360141238,0.0712362444392414,-0.0095466316237003,0.1310705826132956,738390742.493,IT服务,24381000000.0,41.14,2.13,23.917069977385587,0.0243072435585804,0.4694835680751174,,,,,,,,,32.77723272290686,低,4.969344745931628,0.0,96.7391304347826,46.25735474780562,20260905T204544_score_38950a3b,,,,,,,,,,
2026-09-05 20:46:05,2026-09-04,207.48,197.65,211.28,195.79,11391879.0,0.0321,595253200.0,688257,-0.0948848285020835,-0.186391141481085,-0.3370564164486482,-0.0544871794871794,-0.0373094345136622,0.7124566187954156,-0.1103278935724397,-0.2918414570426215,0.7836672543763425,528915339.0,-0.16441087210311,20.20449742088924,38.65648394705932,,,,,,,0.6346029696578424,0.1200774693350556,0.2453195610071019,0.1200774693350556,-0.0101720938145267,,-3.469446951953614e-18,55.97826086956522,11.84782608695652,11.956521739130435,42.28260869565217,76.18181818181819,关键词新闻评分,8,36.79209486166008,1040,0.5721153846153846,0.1424447914600146,0.0787978837007118,1.807723567818709,0.0477784544922037,,,,-0.0614882554787556,-0.0584148908217893,0.0742329514654331,-0.0194635533800767,0.0954439568913013,843112340.0,金属新材料,18872000000.0,27.33,6.58,23.660945179051787,0.0365898280278082,0.1519756838905775,,,,,,,,,32.34798870838486,低,4.969344745931628,0.0,97.82608695652172,41.94645262200685,20260905T204544_score_38950a3b,,,,,,,,,,
2026-09-05 20:46:05,2026-09-04,268.71,250.09,275.59,247.05,14762100.0,0.1067999999999999,1447649200.0000002,002975,-0.07535031611639,-0.0293421307975935,-0.2226711839119759,0.6298879040667362,-0.0700208240368883,0.8329225143018067,-0.0618787183122893,-0.117765339479316,0.929336119685997,355102559.0,-0.0162444545821109,21.09320683705639,46.30074811285554,,,,,,,0.6524176594253679,0.1065171688857742,0.2410651716888578,0.1065171688857742,0.0026152535424165,,-0.0041492798844551,20.65217391304348,33.75,46.90217391304349,34.89130434782609,80.0,关键词新闻评分,9,36.53532608695652,1453,0.4865794907088782,0.1578462615985456,0.1086919657549116,1.452234859331475,0.0210000691651807,,,,0.0065508593162894,0.0081946909732833,0.0934892010304861,-0.029065779767836,0.1484278666702451,1624806590.0,其它专用机械,21288000000.0,71.64,8.62,23.7814093706218,0.0139586823003908,0.1160092807424594,,,,,,,,,32.10774652360188,低,4.969344745931628,0.0,100.0,37.44628733214928,20260905T204544_score_38950a3b,,,,,,,,,,
2026-09-05 20:46:05,2026-09-04,113.22,105.88,116.0,104.71,9577521.0,0.0791,1060074900.0,688031,0.0561596009975062,-0.0824956672443675,-0.1482583862923338,-0.5176749271137027,-0.041896660935662,0.6368880728215764,-0.0256561269186882,-0.0019998334781234,1.5240195213464185,240573002.0,-0.0390142100130681,20.781605403894748,49.52833388087127,,,,,,,0.6501328609388839,0.1036315323294952,0.2462356067316208,0.1036315323294952,0.0027286136503006,,-0.0118061892693855,9.782608695652174,42.55434782608695,49.18478260869565,32.71739130434783,89.27272727272728,关键词新闻评分,6,36.09846837944664,804,0.4440298507462686,0.2552272406829656,0.1517186631609449,1.682240242337342,0.028977465784672,,,,0.0076622916864434,0.0066078711236022,0.0670502995304657,-0.0274043908264184,0.3613555131843992,694225410.0,软件开发,13387000000.0,-62.25,17.86,23.31754992375017,,0.0559910414333706,,,,,,,,,30.6993972715408,低,4.969344745931628,0.0,97.82608695652172,30.95584304304641,20260905T204544_score_38950a3b,,,,,,,,,,
2026-09-05 20:46:05,2026-09-04,76.58,76.9,79.06,76.36,795977.0,0.0632,571846000.0,000676,0.2857381708744357,-0.0729355033152501,0.2967959527824622,-0.1316621499548328,0.0200291815890703,1.404014116747714,0.1112556176933861,0.1467969717004111,0.8733463132145175,104197918.56,-0.045011277293002,20.16438028407445,57.39077965769503,,,,,,,0.1185185185185211,0.2000000000000021,0.7999999999999979,0.0814814814814809,-0.0028874174797519,,-0.0082443920702957,15.217391304347828,56.30434782608696,35.0,30.48913043478261,50.0,无新闻/中性,9,34.45108695652174,1958,0.4397344228804903,0.1279440758861517,0.0896413802164668,1.4272881070906238,0.0060384347500064,,,,-0.0068847686811509,-0.0246511505759835,0.0760263793423741,-0.0069731404958678,0.71030847966087,643831679.2165,移动互联网服务,8768000000.0,43.31,2.03,22.89437456715207,0.0230893558069729,0.4926108374384237,,,,,,,,,34.5469970551037,低,4.969344745931628,0.0,100.0,53.70795754216142,20260905T204544_score_38950a3b,,,,,,,,,,
2026-09-05 20:46:05,2026-09-04,904.04,854.08,909.11,846.53,6139808.0,0.0269,1332902900.0,688019,-0.1256078708396039,-0.1549368240869917,-0.0774880646345942,0.1680525164113786,-0.0453046578956193,0.5803587617585847,-0.1214614878209349,-0.1755687463640903,0.996352764242436,282946352.0,-0.0584693700414354,21.01062503302923,36.77535976311737,,,,,,,0.7983381271971859,0.1206455736657089,0.0810162991371052,0.1206455736657089,-0.0078939581616119,,-0.0012638222768672,28.26086956521739,31.68478260869565,22.826086956521745,57.06521739130435,54.64516129032258,关键词新闻评分,8,33.54875525946704,1589,0.5317809943360604,0.1530827163990436,0.0976596075681025,1.5675131224779082,0.035680394793281,,,,-0.037700341527426,-0.0237912286790931,0.0613893646630626,-0.0181935226767622,-0.0480980954861581,1508651120.0,半导体材料,50841000000.0,54.1,10.41,24.651968952625754,0.0184842883548983,0.0960614793467819,,,,,,,,,34.61730959646679,低,4.969344745931628,0.0,100.0,54.17670781791532,20260905T204544_score_38950a3b,,,,,,,,,,
2026-09-05 20:46:05,2026-09-04,33.59,31.91,34.79,31.61,39815900.0,0.0632,656414800.0,603936,-0.1165559246954595,0.0031436655139893,-0.3219294517637059,0.035702693930542,-0.0500148853825543,0.7343694616167764,-0.0601575730800383,-0.1371711326825836,0.7083605830575151,2444468601.0,-0.1073782769461281,20.30230346567675,44.37259801445362,,,,,,,0.5283018867924539,0.0943396226415096,0.3773584905660364,0.0943396226415096,0.0012415459729292,,-0.0027562972342379,22.82608695652174,35.32608695652174,36.73913043478261,23.75,62.34285714285714,关键词新闻评分,8,32.77776397515528,1955,0.5237851662404092,0.1224809856310549,0.1005578113883968,1.2180156264338484,0.0162666019864975,,,,0.0110051851231675,0.0124777981567512,0.0760173702824909,-0.0262435154104364,0.2741792185276542,970522990.0,印制电路板,10868000000.0,-131.61,2.55,23.10908852851051,,0.3921568627450981,,,,,,,,,32.880021965495786,低,4.969344745931628,0.0,98.91304347826087,44.04406564042746,20260905T204544_score_38950a3b,,,,,,,,,,
2026-09-05 20:46:05,2026-09-04,228.37,214.39,229.16,212.56,38108500.0,0.0227,1851794200.0,002080,-0.0879737950397754,-0.1503586573138351,-0.2418487870429309,0.0381579584523752,-0.0432861796599581,0.608158466826686,-0.1094430851925546,-0.2221278191169312,0.8427253837316483,3942379274.0,-0.0250665050692714,21.33942084442564,38.94985953947575,,,,,,,0.8421686746987965,0.1102409638554207,0.0475903614457826,0.1102409638554207,-0.0057401262458159,,-0.0014397253297838,26.08695652173913,22.66304347826087,23.85869565217391,52.06521739130434,74.38709677419355,关键词新闻评分,7,32.213166199158486,1955,0.5253196930946291,0.1302020553970664,0.0807928724138534,1.6115537362023635,0.0300469183083024,,,,-0.0375699159472419,-0.0323623410212714,0.0651882750394807,-0.0197223026626633,0.1029429980553537,2674943676.077,玻纤,83520000000.0,41.21,4.09,25.14835196108074,0.0242659548653239,0.2444987775061124,,,,,,,,,33.35078968649315,低,4.969344745931628,0.0,98.91304347826087,47.18251711374323,20260905T204544_score_38950a3b,,,,,,,,,,
2026-09-05 20:46:05,2026-09-04,24.67,23.98,25.1,23.77,7739100.0,0.0148,183218500.0,601133,-0.0957767722473604,-0.1068901303538175,-0.2392131979695431,0.4702636419374617,-0.0259951259138911,0.5468501877197539,-0.0919590283431469,-0.2088158632749348,0.6400925678182091,525026700.0,-0.0384240846949624,19.026189993096622,37.23919820403644,,,,,,,0.5187969924812033,0.1578947368421057,0.323308270676691,0.1578947368421057,-0.0029765182786973,,-0.0149361066464415,5.434782608695652,32.391304347826086,23.858695652173907,51.086956521739125,50.0,无新闻/中性,6,24.88043478260869,683,0.5651537335285505,0.114744058149888,0.0812259839059453,1.4126521173662183,0.0295272170216559,,,,-0.0434513325383195,-0.0380676056597302,0.0564160610032169,-0.0124914207275224,0.0256550897455521,314710890.0,,12586000000.0,60.6,4.12,23.255850922051152,0.0165016501650165,0.2427184466019417,,,,,,,,,34.126117447214355,低,4.969344745931628,0.0,100.0,50.902093489565786,20260905T204544_score_38950a3b,,,,,,,,,,
2026-09-05 20:46:05,2026-09-04,1033.33,1004.94,1055.16,995.67,21443900.0,0.0248,4800978100.0,300476,-0.0900497107000244,-0.2137173438490246,-0.321834193744306,-0.2025867883356477,-0.013255567338282,0.5696991265290821,-0.1314381132153746,-0.1881139245159395,0.6328491373465218,3092345154.0,-0.031265243906479,22.292085505143422,38.37539135411162,,,,,,,0.4772230626996102,0.1558245083207274,0.3669524289796623,0.1558245083207274,-0.0124075666929768,,-0.0095679576128564,13.043478260869565,17.119565217391305,10.217391304347828,48.91304347826088,80.63829787234043,关键词新闻评分,8,23.84372109158187,1965,0.5348600508905852,0.1560781307989615,0.090845841369556,1.7180547666903556,0.0412239269506027,,,,-0.0378887345797895,-0.0227301858517089,0.0639668608502568,-0.0134008776838571,0.0596551726035701,8765087425.0,印制电路板,218670000000.0,43.51,5.77,26.11082958100864,0.0229832222477591,0.1733102253032929,,,,,,,,,30.936588679869345,低,4.969344745931628,0.0,100.0,29.638568373932383,20260905T204544_score_38950a3b,,,,,,,,,,
2026-09-05 20:46:05,2026-09-04,34.36,35.7,36.35,34.36,10068700.0,0.0605,338212800.0,301291,-0.0064013359309768,-0.166082690960056,-0.1886363636363636,-0.4595003785011354,0.043249561659848,0.5108111452256334,-0.0867696715440498,-0.1033755274261603,1.2163916344458452,121946700.0,-0.3226334856407744,19.63918584409684,38.85970249161723,,,,,,,0.6733668341708553,0.6733668341708553,0.3266331658291447,0.0,-0.0088353648851134,,-0.0271929985163894,3.260869565217391,29.78260869565218,22.17391304347826,53.83152173913043,41.47368421052632,关键词新闻评分,9,22.55225972540046,633,0.5829383886255924,0.1082752894870063,0.1069374156825813,1.0125108110747334,0.0185183318807328,,,,-0.0491021116679817,-0.0345002838170367,0.0522008803521408,0.0064843529743443,0.2064199228550939,315224180.00000006,,10147000000.0,27.49,2.0,23.04044393224336,0.0363768643142961,0.5,,,,,,,,,32.6095847083707,低,4.969344745931628,0.0,100.0,40.79187523060806,20260905T204544_score_38950a3b,,,,,,,,,,
2026-09-05 20:46:05,2026-09-04,31.03,29.89,31.38,29.69,16863265.0,0.0411,516691200.0,688158,-0.0036666666666665,-0.1577909270216962,-0.1368755414380595,-0.3058522991175104,-0.0128797886393658,0.5027352888782459,-0.0738101140307389,-0.1065744048063845,0.748458455241088,2008387622.0,-0.0665959905748963,20.06295596388849,40.584954374183205,,,,,,,0.6745562130177527,0.1183431952662719,0.2071005917159753,0.1183431952662719,-0.0076414626231225,,-0.0115026710047892,10.869565217391305,35.815217391304344,15.326086956521738,44.89130434782609,0.0,关键词新闻评分,8,20.3125,1463,0.4039644565960355,0.1781756262971658,0.105380070982083,1.690790532181931,0.0091663521840386,,,,-0.0306117786890248,-0.0247935424471687,0.0496343736557854,-0.0141820580474935,0.2298756434201735,746565940.0,IT服务,13927000000.000002,-280.91,5.66,23.357095239017365,,0.1766784452296819,,,,,,,,,31.21947433006792,低,4.969344745931628,0.0,100.0,31.52447270858956,20260905T204544_score_38950a3b,,,,,,,,,,
2026-09-05 20:46:05,2026-09-04,235.78,227.82,239.28,226.18,8777887.0,0.0605,2031038200.0,688146,-0.0882823755402593,-0.280825809710209,-0.0986706757398322,4.04472984942427,-0.0208449735677138,0.6268827305809479,-0.1546834329900542,-0.2095584833737347,0.5657291383623234,960425342.0,-0.0936207844136498,21.43181292832888,38.71432164557929,,,,,,,0.6076335877862604,0.1251908396946555,0.2671755725190841,0.1251908396946555,-0.0158476452871541,,-0.0124926220369555,7.608695652173914,23.20652173913044,4.021739130434783,44.673913043478265,50.0,无新闻/中性,5,18.73641304347826,675,0.5244444444444445,0.2524920178864149,0.0765449517803022,3.298610973211038,0.0960166589782427,,,,-0.0551351295235606,-0.0333057561282074,0.073143584534156,-0.0141645511193169,0.1476205254119415,4311812205.0,,122765000000.00002,238.11,20.43,25.533537795747947,0.0041997396161437,0.048947626040137,,,,,,,,,32.349964310871,低,4.969344745931628,0.0,100.0,39.06107258061005,20260905T204544_score_38950a3b,,,,,,,,,,
2026-09-15 23:36:36,2026-09-15,24.56,25.3,25.3,24.56,6055200.0,0.0245,141441100.0,002882,-0.0361904761904762,0.0784313725490195,0.099521946979574,-0.1417910447761193,0.0919292188174363,0.7099316075709056,0.0289572149015779,0.1258621968404658,0.5711883851117132,2255314472.0,0.0341776370560121,18.76739394104277,54.93329617933807,,,,,,,1.0,1.0,0.0,0.0,0.0121498717486055,,0.0365036470083754,98.91304347826086,75.70652173913044,68.26086956521739,76.52173913043478,50.0,无新闻/中性,3,79.85054347826087,1966,0.4669379450661241,0.1146772271263471,0.0708883311814044,1.617716558073376,0.0157592692898651,,,,0.0156421916371903,0.0238351414111522,0.0484754376058724,0.0098456625864822,0.6489218803787451,334899040.66550004,线缆部件及其他,10519000000.0,133.72,4.98,23.07644898270355,0.0074783128926114,0.2008032128514056,,,,,,,,,45.47822670694827,低,27.784531322297926,0.0,98.91304347826086,82.40172409737814,20260915T233549_score_74965937,,,,,,,,,,
2026-09-15 23:36:36,2026-09-15,51.07,49.92,51.87,49.89,19312500.0,0.05,335499400.0,605277,0.0458830923947204,0.1289009497964721,-0.028793774319066,-0.0476917207172834,-0.0405535268114549,0.6167941396042805,0.0340756084930089,0.0658885073219337,1.0660971982551612,546322036.0,0.1059812413551,19.631130728979485,54.83883648097551,,,,,,,0.580808080808081,0.0151515151515157,0.4040404040404032,0.0151515151515157,0.0103187300704107,,0.0257283945343395,96.7391304347826,78.96739130434781,66.25,30.65217391304348,55.48640865634246,关键词新闻评分,8,75.46440173519946,1236,0.4919093851132686,0.1199177035541414,0.0734667914924349,1.6322708684847038,0.0216608565563663,,,,0.0305345926850853,0.0263146144307635,0.0494934752747252,-0.0126582278481012,0.6374511534366231,309761140.0,线缆部件及其他,6594000000.0,26.34,3.74,22.60942598159595,0.037965072133637,0.267379679144385,,,,,,,,,42.8887341669384,低,27.784531322297926,0.0,98.91304347826086,65.13844049731232,20260915T233549_score_74965937,,,,,,,,,,
2026-09-15 23:36:36,2026-09-15,28.1,27.56,28.25,27.47,36463000.0,0.0174,312190300.0,002739,-0.0264924055104203,-0.0306014773126979,0.0325964780816785,-0.1103938024531956,-0.0202630643441166,0.2748452215211644,-0.0015216288674733,-0.0543832561331273,1.074516815863276,2382179274.0,0.0420773274062487,19.55912349893907,45.06457079647418,,,,,,,0.6923076923076947,0.115384615384615,0.1923076923076902,0.115384615384615,-0.0035481598498467,,0.0096299910695082,89.13043478260869,73.36956521739131,60.869565217391305,59.23913043478261,64.18181818181819,关键词新闻评分,9,74.05405138339921,1761,0.416808631459398,0.0884786727457534,0.0704008425170671,1.256784288118479,-0.0041784891934383,,,,-0.0080679982616523,-0.0119196310110189,0.0263580758863778,-0.0072046109510087,0.4884277066897159,478338368.4345,影视动漫,17866000000.0,-101.09,2.49,23.60616530222606,,0.4016064257028112,,,,,,,,,44.52908807399701,低,27.784531322297926,0.0,90.21739130434784,87.6683361095871,20260915T233549_score_74965937,,,,,,,,,,
2026-09-15 23:36:36,2026-09-15,127.77,130.02,132.42,126.35,74780900.0,0.0588,3003081500.0,600498,0.47833996588971,-0.0152238127698249,-0.4910756223579144,-0.0764313112658047,-0.0081623312228239,2.125862931907492,0.0919397845850216,-0.0818477443409914,1.0826640321521923,5829691066.0,-0.0176409718674799,21.822904765439464,55.10266814649408,,,,,,,0.3706754530477787,0.6046128500823756,0.3953871499176243,0.2339373970345969,0.0307813366654889,,0.0325229018278998,97.82608695652172,43.369565217391305,71.57608695652173,68.04347826086956,50.0,无新闻/中性,7,71.20108695652173,1970,0.4725888324873096,0.1004749429985275,0.070586076018512,1.4234385684249788,0.0102554512428401,,,,-0.0495523998649244,-0.0727610455255859,0.0864702133737666,0.0032665449214228,0.6447939902217759,3650239444.3,通信传输设备,51339000000.0,150.08,2.92,24.66171653420984,0.0066631130063965,0.3424657534246575,,,,,,,,,27.334768834576376,低,27.784531322297926,0.0,18.47826086956522,68.69171509315971,20260915T233549_score_74965937,,,,,,,,,,
2026-09-15 23:36:36,2026-09-15,68.59,71.71,72.25,67.8,30244100.0,0.0491,2038410500.0,603650,0.1510433386837881,-0.0254145148138081,-0.0204890042343942,0.4082875098193241,0.0272167311273454,0.5365030487808079,0.0873636246465043,-0.0028297885654295,1.7434717305041114,1798996037.0,-0.0340791479877641,21.43543617491833,59.64408661698904,,,,,,,0.7011235955056153,0.8786516853932571,0.1213483146067429,0.1775280898876417,0.0056708841188826,,2.6020852139652106e-17,66.30434782608695,74.40217391304347,70.97826086956522,85.16304347826087,50.0,无新闻/中性,3,69.51902173913044,1850,0.4967567567567567,0.1370631719339552,0.0886021804079612,1.5469503267623823,0.0234986081337799,,,,0.0020026918958474,-0.0123390259119908,0.0434986154551069,0.015914242538723,0.9671380231191712,1109687730.0,其他化学制品,35215000000.0,58.63,8.39,24.284737965143783,0.0170561146170902,0.1191895113230035,,,,,,,,,31.40576721222501,低,27.784531322297926,0.0,25.0,87.13605210357093,20260915T233549_score_74965937,,,,,,,,,,
2026-09-15 23:36:36,2026-09-15,139.73,132.0,142.26,130.05,74849600.0,0.1008,2597164600.0,300209,-0.0521327014218009,-0.0762124711316396,0.1178861788617886,2.166986564299424,-0.0706188833345068,0.6701534161971959,-0.0313490665727368,0.0671697096274337,1.5056402258140904,3323968505.0,0.0243874975567055,21.677686148827608,47.55419034251752,,,,,,,0.6330876330876333,0.159705159705159,0.2072072072072076,0.159705159705159,-0.0114500181062841,,0.0082782858035886,86.95652173913044,58.53260869565217,51.46739130434783,61.84782608695652,68.0,关键词新闻评分,3,68.34619565217392,1952,0.4677254098360656,0.1825617650537594,0.1039474121597496,1.756289658978646,0.0300602101742328,,,,0.024522095943331,0.0287498781662451,0.0664448051948051,-0.0205535356533353,0.3227415803918818,2586114844.2345,软件开发,32326000000.0,-442.54,34.4,24.199137696934027,,0.0290697674418604,,,,,,,,,31.09806817945445,低,27.784531322297926,0.0,23.91304347826086,86.53400058075272,20260915T233549_score_74965937,,,,,,,,,,
2026-09-15 23:36:36,2026-09-15,97.36,94.62,98.22,94.4,591646.0,0.0112,55740700.0,688667,-0.0136557906807046,-0.0502860584161396,-0.256073590691092,-0.0356706074194863,-0.0108718377587287,0.4807091429574897,0.0183994274059444,-0.048201840491826,0.8272828876360049,33394504.0,0.0438292256894517,17.836221156185857,50.836362557996885,,,,,,,0.7172774869109947,0.057591623036649,0.2251308900523563,0.057591623036649,-0.0057789913549936,,0.0194188100389274,93.47826086956522,58.85869565217392,49.02173913043478,45.97826086956522,54.0,关键词新闻评分,8,67.23423913043479,1189,0.479394449116905,0.1565186393423976,0.1202787537927305,1.301299143921271,0.0124163800062795,,,,0.0051551602821111,-0.0022499435884311,0.0493100220430594,-0.011767163347723,0.6425248400104847,65317495.0,汽车零部件,4664000000.0,29.65,2.57,22.2631392859946,0.0337268128161888,0.3891050583657587,,,,,,,,,41.802882359091214,低,27.784531322297926,0.0,96.7391304347826,60.79797916963545,20260915T233549_score_74965937,,,,,,,,,,
2026-09-15 23:36:36,2026-09-15,68.54,69.37,69.51,68.14,25751400.0,0.0078,354648300.0,601058,-0.0373300027754648,0.005653812699333,0.1672555948174323,0.074171570145556,0.0147747220596841,0.3493482866743894,-0.0276892025425569,0.0271533524013058,0.6407080795365357,2996411535.0,0.0845123361690382,19.68663715496224,46.40615645875457,,,,,,,0.6058394160583909,0.8978102189781021,0.1021897810218978,0.2919708029197112,0.0015270321824229,,1.7347234759768068e-17,54.891304347826086,79.34782608695653,67.22826086956522,86.57608695652173,59.0,关键词新闻评分,10,67.05217391304349,1971,0.5560629122272958,0.0923081442475439,0.0644352255381393,1.432572687945454,0.0227239491372075,,,,0.0060162327450603,0.0153673669124382,0.0321567577586029,0.0052651917689112,0.3134662608173313,586519665.0,轮胎,50505000000.0,13.11,2.23,24.64533817822756,0.07627765064836,0.4484304932735426,,,,,,,,,45.239640855119205,低,27.784531322297926,0.0,94.56521739130434,86.60825320112639,20260915T233549_score_74965937,,,,,,,,,,
2026-09-15 23:36:36,2026-09-15,97.02,97.06,97.34,95.96,84186.0,0.99,193562785.8,000034,-0.0140186915887849,0.0492972972972973,0.0646045848415048,0.1135842129417163,0.0,1.1837067282239968,0.0113893317494555,0.0202969646533222,0.4584940757561441,38479058.6,-0.0166616801743891,19.08111249738856,52.20505623519652,,,,,,,0.0289855072463811,0.7971014492753629,0.202898550724637,0.7681159420289818,-0.0047986472822352,,0.0031535632262574,80.43478260869566,66.03260869565217,43.31521739130435,73.26086956521738,50.85714285714285,关键词新闻评分,9,65.73517080745341,1878,0.5079872204472844,0.121094187522221,0.0864538534052308,1.4006800478241537,0.0189778990147846,1.42,0.0,0.0,0.0081099316385632,0.0064339701241299,0.0558123105001324,0.0028240804518528,0.5559104052557283,434103017.9755,IT服务,23853000000.0,40.25,2.09,23.895175832533862,0.0248447204968944,0.4784688995215311,,,,,,,,,29.08509013402194,低,27.784531322297926,0.0,22.82608695652173,74.56342230685476,20260915T233549_score_74965937,,,,,,,,,,
2026-09-15 23:36:36,2026-09-15,24.99,24.28,25.21,24.21,21689100.0,0.0494,515824300.0,603533,-0.0448465774980331,0.0946798917944093,0.0635129215943934,-0.0311252992817238,-0.0256821829855538,0.6672809124721478,0.0356152697803369,0.1080686381891202,0.6792960209265682,1111010066.0,-0.0106954341503983,20.061276763523903,53.64882758655274,,,,,,,0.7099999999999973,0.0700000000000002,0.2200000000000024,0.0700000000000002,0.0114808760376869,,0.0013607010738542,72.82608695652173,79.40217391304348,50.48913043478261,49.56521739130434,51.267605633802816,关键词新闻评分,10,65.52078230251072,1958,0.4305413687436159,0.1551882218635878,0.0987223437653723,1.5719665472328597,0.0105966586989858,,,,0.0319080611254668,0.0290460185861298,0.0591903977406448,-0.0116689280868385,0.6130295102685546,757268090.0,移动互联网服务,10534000000.0,-158.51,4.63,23.077873958007608,,0.2159827213822894,,,,,,,,,44.47812977377078,低,27.784531322297926,0.0,98.91304347826086,75.73441120952822,20260915T233549_score_74965937,,,,,,,,,,
2026-09-15 23:36:36,2026-09-15,5.68,5.35,5.72,5.32,1000670.0,8.61,544533134.28,001330,-0.1258169934640524,0.0873983739837398,-0.1666666666666667,-0.2074074074074074,-0.0547703180212014,0.8250435959433382,-0.0204156367298361,0.0166914768948152,0.0285014169199141,4041961310.0,0.0337153266003943,20.115439352994454,47.08948649966571,,,,,,,0.8250000000000013,0.0749999999999985,0.1000000000000002,0.0749999999999985,0.0160925918272716,,0.0066946254217615,84.78260869565217,61.25000000000001,45.869565217391305,57.934782608695656,53.333333333333336,关键词新闻评分,8,65.28713768115941,845,0.4757396449704142,0.1365352584115949,0.124102069136223,1.1001851891907162,-0.0001065594625865,7.07,-5.48,-0.31,0.0279083283085447,0.0284139009551178,0.0777036048064085,-0.0207443563148262,0.4521425241685644,730641180.7184999,影视动漫,7931000000.0,-13.73,2.14,22.7940449680476,,0.4672897196261682,,,,,,,,,43.54627617473958,低,27.784531322297926,0.0,94.56521739130434,75.3191553319289,20260915T233549_score_74965937,,,,,,,,,,
2026-09-15 23:36:36,2026-09-15,86.33,83.72,87.82,83.48,10636500.0,0.0697,900861700.0,301021,0.1449671772428882,0.0314155476161142,-0.295167536622327,0.6284769500097258,-0.033702677746999,1.0022093371663887,0.089529610036374,0.04272446848702,1.3947459246363958,597447990.0,-0.0626410411680826,20.6188623087855,57.48767191352799,,,,,,,0.601382488479264,0.0552995391705058,0.3433179723502301,0.0552995391705058,0.0071803113998958,,0.0054050380612592,82.6086956521739,54.40217391304348,49.89130434782608,38.53260869565217,66.71428571428572,关键词新闻评分,8,63.01653726708074,1121,0.5182872435325602,0.1648163825271764,0.1154120822736954,1.4280687019953469,0.0298267563073095,,,,0.0209586923584632,0.0091028296851396,0.0749180943280322,-0.0151360677593915,0.9272785022344168,777914792.4219999,其他电子,10675000000.0,142.34,10.15,23.0911703960611,0.0070254320640719,0.0985221674876847,,,,,,,,,40.41367731003222,低,27.784531322297926,0.0,88.04347826086956,63.13081507445955,20260915T233549_score_74965937,,,,,,,,,,
2026-09-15 23:36:36,2026-09-15,236.33,246.21,250.21,235.5,14349700.0,0.0648,3495850000.0,300666,0.0423793395427605,-0.1199871327471583,-0.1634899602487003,0.8657926644437708,0.0318943839061189,0.6442451004772655,0.0290844571507389,-0.0687955158765428,1.5154261488805942,1710698161.0,-0.0096600727111632,21.974842387926767,52.19374106635345,,,,,,,0.6716519374575112,0.7280761386811694,0.2719238613188305,0.0564242012236581,-0.0144021456784529,,0.0011864557083135,71.73913043478261,51.08695652173913,61.52173913043479,66.1413043478261,54.09090909090909,关键词新闻评分,4,62.20800395256917,1956,0.5066462167689162,0.1279373167350321,0.0820897487422836,1.5585054004329386,0.0243196694008758,,,,-0.0137450000927692,-0.0193713735267234,0.0516080929752185,0.0091676685976609,0.6974457264971379,2811118860.839,半导体材料,60763000000.0,77.25,8.33,24.830246888043643,0.0129449838187702,0.120048019207683,,,,,,,,,39.45386526405006,低,27.784531322297926,0.0,61.95652173913044,91.51467679689728,20260915T233549_score_74965937,,,,,,,,,,
2026-09-15 23:36:36,2026-09-15,58.42,55.83,59.12,55.63,81300600.0,0.1367,1021826200.0,603466,-0.0208698702209751,0.0050405040504051,0.1370672097759673,0.3026131591227252,-0.0443341321465252,0.5691961094107055,0.0312534633713843,0.0750700441928307,1.110963909858994,3253852656.0,0.1412806303270116,20.744857256536527,53.07169846219748,,,,,,,0.7421203438395436,0.0573065902578785,0.2005730659025778,0.0573065902578785,0.0054445063549957,,1.8214596497756478e-17,56.52173913043478,78.75,64.29347826086956,47.5,51.21621621621622,关键词新闻评分,9,62.20042596944771,1965,0.4977099236641221,0.1089858657171095,0.0913309483161381,1.1933070632296472,0.0083687179049896,,,,0.0268866406733009,0.0220578684457681,0.0603746065863206,-0.0181146676046428,0.6514600067810383,885112875.0,装修装饰,7370000000.0,126.22,3.48,22.720683543147658,0.007922674694977,0.2873563218390804,,,,,,,,,44.105992398946114,低,27.784531322297926,0.0,95.65217391304348,77.60132146432029,20260915T233549_score_74965937,,,,,,,,,,
2026-09-15 23:36:36,2026-09-15,97.98,98.49,99.28,95.32,33349500.0,0.0438,421974100.00000006,002169,0.0288310874334063,-0.02,-0.1040662239607024,-0.0712871287128713,0.0418914630276101,0.437019580601847,0.0208809490492405,0.0116583637204046,2.174635428478722,6190647217.0,-0.0111591738513005,19.86045449807903,54.11617633865214,,,,,,,0.1287878787878762,0.8005050505050493,0.1994949494949506,0.671717171717173,0.0009703052014412,,1.0408340855860844e-17,47.82608695652174,70.27173913043478,73.47826086956522,75.76086956521739,56.0,关键词新闻评分,9,62.178804347826095,1960,0.4862244897959183,0.1216983445861857,0.0786605158564748,1.5471338226186877,0.0187588688383494,,,,-0.0028174706072912,-0.00196989202793,0.0343689714691846,0.0081203725818008,0.7066700461426213,234577268.4035,工控自动化,9799000000.0,41.79,3.49,23.00554617660009,0.0239291696578128,0.2865329512893982,,,,,,,,,44.14272543912946,低,27.784531322297926,0.0,95.65217391304348,77.84620839887594,20260915T233549_score_74965937,,,,,,,,,,
2026-09-15 23:36:36,2026-09-15,30.05,31.75,32.06,29.6,12925700.0,0.113,214508500.0,003001,0.0365654587006203,-0.0413647342995168,0.1339285714285714,-0.0410752038659015,0.0565723793677204,0.4246994865000181,0.0443907172579398,0.0110016080498018,6.280209878349327,-190725355.0,0.0031631433934905,19.183859927248665,52.275234349379154,,,,,,,0.6910569105691051,0.8739837398373975,0.1260162601626025,0.1829268292682923,-0.0025114109756871,,-6.938893903907228e-18,36.95652173913043,78.20652173913044,78.04347826086956,84.18478260869566,50.0,无新闻/中性,4,61.513586956521735,1293,0.4586233565351895,0.1208719118640578,0.0893578454018968,1.352672631266152,0.0070584315189934,,,,-0.0186955229240562,-0.0233716487851436,0.0273565804274465,0.0196981051279305,1.0550007822068002,89850580.6375,其他专业工程,2838000000.0,-105.81,2.45,21.766365415684263,,0.4081632653061224,,,,,,,,,35.026625863514155,低,27.784531322297926,0.0,56.52173913043478,69.2461242715855,20260915T233549_score_74965937,,,,,,,,,,
2026-09-15 23:36:36,2026-09-15,144.67,142.75,147.3,141.35,252590800.0,0.1967,4158423500.0,600172,0.1314996829422956,0.1427313480627601,-0.0348860793725914,1.0054790671536948,-0.0103300055463118,1.2631671384658334,0.1313920679707065,0.1718252974712377,1.4487472178925032,10776288499.0,0.08391016621852,22.14840187328801,60.89903277520904,,,,,,,0.322689075630249,0.2352941176470591,0.4420168067226918,0.2352941176470591,0.0334015812993912,,1.0408340855860844e-17,47.82608695652174,72.0108695652174,80.0,54.184782608695656,53.10344827586207,关键词新闻评分,9,61.47067091454274,1958,0.4882533197139939,0.1685177382042104,0.1055786984058709,1.596133886367741,0.0282497966907775,,,,0.0360996668058943,0.0327014974876115,0.0858744058043532,-0.0073018080667592,0.978542242598696,3517139220.0,磨具磨料,22772000000.0,-26.08,67.38,23.848797548035247,,0.0148411991688928,,,,,,,,,42.58882482519742,低,27.784531322297926,0.0,89.13043478260869,76.18252314657535,20260915T233549_score_74965937,,,,,,,,,,
2026-09-15 23:36:36,2026-09-15,26.89,26.4,27.3,26.36,6996298.0,0.027,133791900.0,688207,-0.0269074824917066,-0.1108117211182216,-0.0608324439701174,0.3233082706766916,-0.0229459659511472,0.6548509480171084,0.0263986625714398,-0.0047187890745268,0.6714919762622148,194724453.0,-0.0143469175429799,18.7117961731836,51.6719903165342,,,,,,,0.5212765957446822,0.0425531914893607,0.436170212765957,0.0425531914893607,-0.0066705659858171,,0.0110513120603507,91.30434782608695,54.89130434782608,37.5,31.08695652173913,50.9,关键词新闻评分,10,61.378043478260864,952,0.4558823529411764,0.1482987897721935,0.0992731460247046,1.4938459765875516,0.0135905305885871,,,,0.0046238365844669,-0.0021474349488982,0.0593073593073593,-0.0107419435423433,0.6332068420380383,192331025.0,集成电路,4454000000.0,-22.1,1.8,22.217068405781585,,0.5555555555555556,,,,,,,,,40.08197802797304,低,27.784531322297926,0.0,91.30434782608695,56.57166044044183,20260915T233549_score_74965937,,,,,,,,,,
2026-09-15 23:36:36,2026-09-15,151.94,159.59,159.8,151.94,5056000.0,0.0692,425172400.0,301191,0.0360968642472245,-0.1346383255612189,-0.1957770610763958,-0.0944220620779662,0.041302361999217,0.6336146474767465,-0.0121752694095581,-0.1325027450724589,1.5508584013520934,326188116.0,0.0131720771778247,19.868005294046977,45.89652289718415,,,,,,,0.9732824427480906,0.9732824427480906,0.0267175572519093,0.0,-0.0090309757076427,,2.688821387764051e-17,67.3913043478261,44.5108695652174,69.56521739130434,74.56521739130436,50.0,无新闻/中性,9,61.08423913043479,907,0.5369349503858876,0.1472827627312678,0.1114039440135033,1.3220605790528888,0.027493990037989,,,,-0.0418473838616585,-0.0441378761083148,0.052008271194937,0.0157851187066386,0.4259028356006847,347810802.8115,终端设备,8051000000.000001,103.42,4.72,22.809062144264256,0.0096693096112937,0.211864406779661,,,,,,,,,33.77702247579681,低,27.784531322297926,0.0,44.56521739130434,76.85746400564378,20260915T233549_score_74965937,,,,,,,,,,
2026-09-15 23:36:36,2026-09-15,163.69,164.44,171.34,162.64,43560800.0,0.1182,2386025700.0,002552,0.1399653379549392,-0.0584058634906091,-0.2135067916586953,2.3538649806241074,0.003662109375,0.8566827089464205,0.0469584151733841,0.0424914810999286,2.365534647618746,1387534843.0,0.038145523906866,21.592894932148365,55.57637059873376,,,,,,,0.0862068965517239,0.2068965517241388,0.7931034482758612,0.1206896551724148,0.007127593218019,,0.0003800187475532,70.65217391304348,51.30434782608696,72.55434782608695,37.71739130434783,50.34615384615385,关键词新闻评分,6,60.87157190635452,1945,0.5084832904884319,0.1593536989319101,0.0815047663311617,1.9551457676038315,0.0409677386277987,,,,0.0003816134268821,-0.0040528353423212,0.0738350071237446,-0.0102323341759962,0.6814716453468714,1829135988.403,机械基础件,17832000000.0,74.85,10.89,23.60426043302997,0.0133600534402137,0.0918273645546372,,,,,,,,,33.311624810089,低,27.784531322297926,0.0,43.47826086956522,75.20408826324388,20260915T233549_score_74965937,,,,,,,,,,
2026-09-15 23:36:36,2026-09-15,828.31,828.72,850.52,827.76,28565900.0,0.0252,1729471700.0000002,002837,-0.0496875179175505,0.0390170511534604,-0.2636349096337368,-0.206412134792726,-0.0028036820889235,0.6733934585292068,-0.0277182199002634,-0.0470839041135269,0.57382887316119,4322629355.0,0.0860969535201161,21.271081823675107,46.83173515151085,,,,,,,0.0180140597539579,0.042179261862919,0.957820738137081,0.0241652021089611,0.016443207357012,,0.0037250147124518,81.52173913043478,53.85869565217391,62.71739130434782,12.119565217391305,51.09090909090909,关键词新闻评分,8,60.86180830039525,1961,0.536460989291178,0.1732699562398774,0.0965036710663866,1.7954752842581685,0.0482193559230013,,,,0.0085987238150971,0.0157991737211634,0.0549367010053369,-0.008312724371759,0.4172808494920295,3773892891.9625,机械设备,81621000000.0,166.22,22.77,25.12535241874806,0.0060161232102033,0.043917435221783,,,,,,,,,39.11220998835872,低,27.784531322297926,0.0,80.43478260869566,64.59929379953475,20260915T233549_score_74965937,,,,,,,,,,
2026-09-15 23:36:36,2026-09-15,55.46,55.8,56.25,54.62,3613900.0,0.0223,113677000.0,300727,-0.0065871461634324,0.1106687898089171,-0.0743198407431984,0.0590244828240653,-0.0005373455131649,0.5211960605700534,0.0700006711473741,0.050046574646456,1.084807031232951,922806528.0,0.0300270518149433,18.548871660335465,59.22351506733223,,,,,,,0.2085889570552121,0.7239263803680969,0.2760736196319031,0.5153374233128847,0.0172809032404603,,-1.0842021724855044e-17,32.608695652173914,82.33695652173913,79.67391304347827,72.01086956521739,51.0,关键词新闻评分,5,60.23315217391305,1971,0.4931506849315068,0.1304269930025985,0.0991296532595455,1.315721267188426,0.0140763640752104,,,,0.0228719863427276,0.0170505355029251,0.0484383000512032,0.0043799124017518,0.8065505074433243,148359443.508,纺织化学用品,5494000000.0,53.55,4.06,22.42692242461949,0.0186741363211951,0.2463054187192118,,,,,,,,,43.21914381790816,低,27.784531322297926,0.0,97.82608695652172,68.79044686609625,20260915T233549_score_74965937,,,,,,,,,,
2026-09-15 23:36:36,2026-09-15,27.0,27.07,27.48,26.78,2028800.0,0.0183,53978000.0,301133,-0.0773687798227675,-0.1301413881748072,-0.3276204669647292,-0.3124206248412496,-0.0040470934510669,0.8380585023433886,-0.0926003519651388,-0.1113761578316746,0.91162290445358,185460033.0,0.0061759967953414,17.804087132634262,40.63720188210434,,,,,,,0.1000000000000005,0.4142857142857135,0.5857142857142865,0.314285714285713,0.0078941917081092,,0.008416825775651,88.04347826086956,21.90217391304348,64.78260869565217,52.880434782608695,50.0,无新闻/中性,10,59.53532608695652,1025,0.5365853658536586,0.098899440078132,0.0947758707837618,1.043508640546057,0.0091474667518885,,,,-0.0168929551411074,0.0016000572793584,0.0655179692859781,-0.0014754703061602,0.198949085319042,100238331.3,汽车零部件,3936000000.0,-59.58,2.96,22.09343081613642,,0.3378378378378378,,,,,,,,,40.18628511155179,低,27.784531322297926,0.0,84.78260869565219,65.96269317154649,20260915T233549_score_74965937,,,,,,,,,,
2026-09-15 23:36:36,2026-09-15,128.21,131.76,135.83,127.69,61934400.0,0.0613,3086898500.0,601208,0.0401010419955791,-0.002196137826581,-0.3061611374407583,0.6697503484982892,0.0217121588089328,0.677497924015099,0.0403186647033044,-0.0024303268448906,1.0401030927055963,4533384644.0,0.0378053006488873,21.850432702431235,54.67938419969616,,,,,,,0.4361179361179332,0.4999999999999983,0.5000000000000018,0.063882063882065,0.0019262097826961,,2.4286128663675305e-17,62.5,55.48913043478261,68.09782608695653,49.45652173913043,51.285714285714285,关键词新闻评分,6,59.44107142857143,1966,0.5447609359104781,0.1263110990889064,0.07444778210848,1.696640188754783,0.0349178139049487,,,,0.0102864020240683,0.0074660855063008,0.0618874143464307,0.0,0.7144103969151541,2842916565.0,其他塑料制品,46600000000.0,114.54,7.56,24.56486637807801,0.0087305744718002,0.1322751322751323,,,,,,,,,43.48851155533903,低,27.784531322297926,0.0,89.13043478260869,82.18043468085278,20260915T233549_score_74965937,,,,,,,,,,
2026-09-15 23:36:36,2026-09-15,90.02,88.12,90.64,88.08,7511500.0,0.0104,147298400.0,603613,-0.0311159978009895,0.0482988341660719,0.0014774406182522,-0.2114541387024607,-0.0196907331182556,0.4700365919853587,0.0142375378382424,0.0282620364535928,0.6522278990125626,121777704.0,0.1765404274951069,18.80797102597679,50.94090491681224,,,,,,,0.742187499999996,0.0156250000000024,0.2421875000000015,0.0156250000000024,0.0136406907336246,,1.0408340855860844e-17,47.82608695652174,78.58695652173913,63.96739130434783,40.0,59.0,关键词新闻评分,8,59.07934782608695,1587,0.5066162570888468,0.1135967014761825,0.0999857334004622,1.1361291017510045,0.0082186003366659,,,,0.0110098176736168,0.0088434613221663,0.0361601063484857,-0.0092939589266977,0.5811916495718825,224041635.0,互联网信息服务,14901000000.0,11.22,1.52,23.424694161739733,0.089126559714795,0.6578947368421053,,,,,,,,,41.36145010680926,低,27.784531322297926,0.0,91.30434782608695,65.10147429934995,20260915T233549_score_74965937,,,,,,,,,,
2026-09-15 23:36:36,2026-09-15,236.28,240.73,247.42,235.65,621451.0,3.7,3365503204.21,002080,0.0722939866369709,-0.0985920766868868,-0.2846700145603661,0.3162556728087922,0.0172406507500526,0.5811857935971705,0.0440533888473253,-0.0876572413945571,0.0245664165403374,3944777976.0,-0.0432825557298595,21.936843329787195,52.784658604535295,,,,,,,0.3780798640611721,0.4316057774001692,0.5683942225998307,0.0535259133389971,-0.0177255818181267,,0.0100199670475247,90.21739130434784,50.8695652173913,24.076086956521745,44.29347826086957,50.66666666666666,关键词新闻评分,4,58.60471014492754,1962,0.5234454638124363,0.1302020553970664,0.081095731531757,1.605535247512743,0.0295071365497423,4.97,1.72,4.08,-0.0152277543256188,-0.0260013639967741,0.0505337930461513,-0.0022243713733075,0.8303378506913326,2295713136.4925,玻纤,79610000000.0,39.28,3.9,25.100405550046897,0.025458248472505,0.2564102564102564,,,,,,,,,28.47546104014723,低,27.784531322297926,0.0,33.69565217391303,56.00647472450166,20260915T233549_score_74965937,,,,,,,,,,
2026-09-15 23:36:36,2026-09-15,185.68,190.3,194.07,185.68,24311840.0,0.0212,4579524800.0,688008,-0.0394710276600039,-0.1368440150587381,-0.268302060904337,0.3626924453992124,0.0169944420692604,0.6164803617668294,-0.0468749217415693,-0.1540705815412836,0.7816344392007901,3097896797.0,-0.0534978991209397,22.244861074449386,41.89988636448319,,,,,,,0.550655542312278,0.550655542312278,0.449344457687722,0.0,-0.0033903021937746,,0.0067420067777579,85.86956521739131,34.6195652173913,46.19565217391305,47.934782608695656,55.48640865634246,关键词新闻评分,6,58.2904886917212,1596,0.5043859649122807,0.1330216381796254,0.0944967648768917,1.407684573677449,0.0202603243840708,,,,-0.0344771506765224,-0.0323265924060213,0.0500375347196156,0.0014910972721693,0.2219908402969387,6198811535.0,集成电路,229095000000.0,74.53,10.76,26.157402601636928,0.0134174158057158,0.0929368029739777,,,,,,,,,30.939181872786435,低,27.784531322297926,0.0,50.0,50.69214984064705,20260915T233549_score_74965937,,,,,,,,,,
2026-09-15 23:36:36,2026-09-15,148.68,149.29,151.97,147.23,914260.0,3.2,3019964325.08,000938,-0.0291344215386617,-0.4378718276978688,-0.1900059682057403,-0.1513273833210164,0.0041027710519234,3.631789387608078,-0.155931350515493,-0.3240555159798607,0.5994849174391911,93676601.51,-0.1154730623788587,21.82851085570713,41.87057478682431,,,,,,,0.1286919831223595,0.4345991561181431,0.5654008438818569,0.3059071729957836,0.0061831721364335,,0.05005455969946,100.0,13.58695652173913,43.91304347826088,54.29347826086956,50.0,无新闻/中性,7,57.60869565217391,1966,0.4659206510681587,0.1216697368731986,0.0870363365297084,1.3979188661240198,0.0102041330720529,3.19,0.41,0.61,-0.1365609306289608,-0.1095738348911803,0.2141421777365243,-0.0013824165533234,0.3175724589016283,5461368829.52,IT服务,100875000000.0,35.88,5.64,25.337147963536523,0.027870680044593,0.1773049645390071,,,,,,,,,35.67957015488695,低,27.784531322297926,0.0,75.0,48.96140505465052,20260915T233549_score_74965937,,,,,,,,,,
2026-09-15 23:36:36,2026-09-15,1034.1,1034.46,1066.36,1025.19,20912500.0,0.0242,4791342100.0,300476,-0.0126843235504652,-0.1586267476758656,-0.3278755628325828,-0.1418687991505458,0.0046324621973603,0.5946966975563293,-0.046604809555518,-0.1185753058620771,1.0125791920149698,3097435795.0,-0.0239335690397806,22.290076397224087,42.60427637242411,,,,,,,0.0087442312363402,0.2251639543356817,0.7748360456643183,0.2164197230993414,-0.0177784656264498,,0.0213873659459005,94.56521739130434,30.326086956521745,38.58695652173913,41.30434782608695,50.0,无新闻/中性,8,57.52717391304348,1972,0.5329614604462475,0.1560781307989615,0.0914845466873042,1.7060600555024803,0.0404568194577593,,,,-0.0334511685391614,-0.0312752716105664,0.0511536729998536,-0.0072392602710803,0.2471175478858256,6475073458.9775,印制电路板,215721000000.0,42.92,5.69,26.097251743043483,0.0232991612301957,0.1757469244288224,,,,,,,,,26.98647639133124,低,27.784531322297926,0.0,34.78260869565217,44.63063503674282,20260915T233549_score_74965937,,,,,,,,,,
2026-09-15 23:36:36,2026-09-15,109.05,113.94,116.6,109.05,37638100.0,0.0454,4270949700.0,301217,0.076632334876689,-0.085113216637225,-0.3380968978738236,2.0844612885760694,0.045033477024672,0.7008622216592706,0.0277086264747266,-0.0457459593837632,1.557277843029202,1864375124.0,-0.0624339459457454,22.17510205186915,52.55911816793686,,,,,,,0.6476821192052983,0.6476821192052983,0.3523178807947016,0.0,-0.0049823512451362,,3.0140820395097023e-17,68.47826086956522,43.15217391304347,59.29347826086956,57.06521739130435,50.69230769230769,关键词新闻评分,5,57.38988294314381,982,0.5132382892057027,0.2067375525167605,0.087218759626714,2.3703335544047257,0.0636508751190203,,,,-0.0108453980231803,-0.0132786657362773,0.0688708342736778,0.0065667422480049,0.6537038950076378,3509391497.1800003,铜,83623000000.0,344.73,14.91,25.14958443881583,0.0029008209323238,0.0670690811535882,,,,,,,,,39.32423365689015,低,27.784531322297926,0.0,69.56521739130434,80.50553854626605,20260915T233549_score_74965937,,,,,,,,,,
2026-09-15 23:36:36,2026-09-15,60.38,59.12,61.53,58.77,292881.0,2.33,195758339.86,000676,-0.0949173300673605,-0.1805959805959807,-0.0295469468154958,-0.2759338640538886,-0.0282708744247206,1.4854755632184509,-0.0725619847675521,-0.1212645941868501,0.5321033179493598,102560216.56,-0.0281401445894485,19.09239150168476,41.66209798618244,,,,,,,0.456521739130437,0.1268115942028966,0.4166666666666664,0.1268115942028966,-0.000565611615466,,0.0245702098493456,95.65217391304348,28.26086956521739,33.47826086956522,47.391304347826086,50.78260869565217,关键词新闻评分,10,57.05652173913044,1965,0.4381679389312977,0.1279440758861517,0.0904109884577409,1.4151385585830003,0.0052652000410334,4.54,-2.83,-1.72,-0.0405852206055845,-0.0287762674855656,0.0982505316064179,-0.0114814401961877,0.3085414337785174,375956537.808,移动互联网服务,8945000000.0,44.18,2.08,22.91436055390709,0.0226346763241285,0.4807692307692307,,,,,,,,,28.323153602241806,低,27.784531322297926,0.0,42.391304347826086,43.39688890658141,20260915T233549_score_74965937,,,,,,,,,,
2026-09-15 23:36:36,2026-09-15,115.53,114.28,116.0,113.85,42971900.0,0.0072,868089700.0,600188,0.1900447776736435,-0.0739810388137103,0.0405171628880998,-0.004442895722624,-0.009791179273893,1.1278742270687694,-0.0045469591122104,0.0089998881635873,1.1682203958875208,5647561164.0,-0.0237605014241995,20.581805609451088,51.20254239384183,,,,,,,0.5813953488372078,0.2000000000000026,0.2186046511627896,0.2000000000000026,0.0134836484958132,,1.6479873021779667e-17,53.2608695652174,53.31521739130435,65.05434782608695,63.47826086956521,54.0,关键词新闻评分,10,56.72880434782609,1971,0.5093860984271943,0.0837127126887173,0.0509730667234386,1.6422930396342863,0.0176339969649452,,,,-0.0299221992465608,-0.0248098061696441,0.0607092854642732,-0.0037485833841861,0.4812444057020775,1072005669.6,煤炭开采,216395000000.0,19.1,2.82,26.10037127829136,0.0523560209424083,0.3546099290780142,,,,,,,,,47.44787508880606,低,27.784531322297926,0.0,100.0,94.08343794744457,20260915T233549_score_74965937,,,,,,,,,,
2026-09-15 23:36:36,2026-09-15,90.51,94.77,94.77,89.39,5172500.0,0.0295,203153300.00000003,603200,-0.0259019426456985,0.0736377025036818,-0.1196470041802137,-0.3015697545876631,0.0976372480889504,0.8197299049256295,-0.0012488341579853,0.0346728776395877,0.5005549894372978,1110068973.0,-0.0002943094777072,19.12947142934303,51.3250897747328,,,,,,,0.791821561338289,1.0,0.0,0.208178438661711,0.0085845705419017,,-1.734723475976807e-18,41.30434782608695,63.91304347826088,60.81521739130434,92.28260869565216,47.0,关键词新闻评分,3,56.52608695652174,1971,0.4779299847792998,0.151683764821085,0.0948745199225107,1.5987829497843409,0.0229630773522062,,,,-0.0013248913930948,0.010922276296483,0.0617208580171543,0.0192879934033627,0.5028941787368745,423431515.0,环保工程及服务,7212000000.0,-300.09,6.64,22.699012142287483,,0.1506024096385542,,,,,,,,,41.49308668623397,低,27.784531322297926,0.0,95.65217391304348,60.18195004623931,20260915T233549_score_74965937,,,,,,,,,,
2026-09-15 23:36:36,2026-09-15,54.32,50.93,55.14,50.93,863742.0,13.17,588044206.82,000759,-0.1457564575645755,-0.0289799809342231,0.0586156724173767,0.2669154228855721,-0.1187056584184115,1.2160950602805003,0.0061439380469783,0.0147574517825832,0.7922005834685858,69120162.42,-0.0169997211263774,20.19231268640412,47.99211334888398,,,,,,,0.8052256532066508,0.0,0.1947743467933492,0.0,0.0002102220454421,,3.9898639947466563e-17,69.56521739130434,57.826086956521735,39.56521739130435,37.69021739130434,54.22656666858975,关键词新闻评分,4,55.90906971033724,1965,0.4162849872773537,0.1374801823595023,0.0787244302776317,1.7463471234362815,0.0112783041433227,7.28,-11.87,-6.86,0.0535020221230694,0.0298052904260771,0.1182856020868979,-0.0268152866242038,0.4943835822677719,797090557.02,超市,4172000000.0,-4.18,8.26,22.15166137408493,,0.1210653753026634,,,,,,,,,42.0373970715944,低,27.784531322297926,0.0,93.47826086956522,66.70923667327988,20260915T233549_score_74965937,,,,,,,,,,
2026-09-15 23:36:36,2026-09-15,132.52,129.32,133.32,128.92,8892800.0,0.0401999999999999,287928200.0,300191,-0.1582921114293152,-0.0488378934980877,0.1102335164835164,-0.1337084673097535,-0.0208964264082375,0.5294188526036794,-0.0992045248742703,0.0210655970691342,1.9394081719138088,1001315424.0,0.0111546677364982,19.47822170493596,40.03341675918912,,,,,,,0.7272727272727302,0.090909090909092,0.1818181818181777,0.090909090909092,-0.01129840641343,,1.7347234759768068e-17,54.891304347826086,58.15217391304347,57.1195652173913,55.923913043478265,50.0,无新闻/中性,5,55.766304347826086,1963,0.4681609780947529,0.12015342828035,0.0759082151614238,1.5828777955697657,0.0158801955991417,,,,0.0138837173228143,0.0334093198657129,0.062988820644249,-0.0091939932577383,0.0558347450431029,614382006.9455,油气钻采服务,11731000000.0,62.1,9.54,23.185500747469995,0.0161030595813204,0.1048218029350104,,,,,,,,,43.51284852600412,低,27.784531322297926,0.0,78.26086956521739,96.8354347751418,20260915T233549_score_74965937,,,,,,,,,,
2026-09-15 23:36:36,2026-09-15,39.74,40.06,41.79,39.52,11564900.0,0.0276,455353000.0,002957,-0.0600656968559361,-0.1111604171289105,-0.287442191390964,0.5455246913580247,0.0027534418022527,0.671477653277701,-0.0350940578558179,-0.0637999532601074,1.1454488070409037,1666226767.0,-0.0239942187693142,19.93658350249114,46.21472883627685,,,,,,,0.1409691629955951,0.2378854625550661,0.7621145374449338,0.096916299559471,-0.0122902980538383,,0.0060971846728023,83.69565217391305,36.35869565217392,41.19565217391304,38.91304347826087,52.04545454545455,关键词新闻评分,9,55.71813241106719,1589,0.4915040906230333,0.1275375415924859,0.0943630435830372,1.351562399322738,0.0147020017423772,,,,-0.008269438825911,-0.004839040087869,0.0602845731402895,-0.0098047293400346,0.2079367859815493,653310205.059,其它专用机械,15622999999.999998,50.18,4.72,23.47201002437618,0.0199282582702271,0.211864406779661,,,,,,,,,39.38465401602468,低,27.784531322297926,0.0,92.3913043478261,50.4735583318006,20260915T233549_score_74965937,,,,,,,,,,
2026-09-15 23:36:36,2026-09-15,177.88,173.19,180.24,171.36,4911900.0,0.0196,206955800.00000003,300863,-0.0053982656635847,-0.1062083913918563,-0.3771488168021291,0.1391081294396212,-0.0323499832383505,0.5194656478996551,-0.0077346167067722,-0.0749608090821446,0.8131524120674142,414161393.0,-0.064847850776122,19.1480158066915,48.19099246649226,,,,,,,0.5281531531531531,0.2060810810810794,0.2657657657657674,0.2060810810810794,-0.0053177745375887,,0.0017966396104938,75.0,42.33695652173913,33.913043478260875,60.869565217391305,58.78048780487805,关键词新闻评分,9,55.581853128313895,1330,0.5210526315789473,0.1162929031336449,0.086020624719117,1.3519188393873662,0.0193953713725852,,,,-0.0039558448613209,-0.0073815552837995,0.0498874068941624,-0.0099468358772079,0.3722581732670778,255181205.0,汽车零部件,10587000000.0,76.74,7.3,23.08289267030765,0.0130310138128746,0.136986301369863,,,,,,,,,41.16549484094424,低,27.784531322297926,0.0,91.30434782608695,63.79510586024979,20260915T233549_score_74965937,,,,,,,,,,
2026-09-15 23:36:36,2026-09-15,143.61,144.35,145.24,142.63,3496300.0,0.009,89233600.0,002832,-0.033219476257451,-0.0271599946084377,0.2185547864257977,0.4859995882231829,0.0068354606961009,0.279021756823746,0.0118498943288039,0.0642310957980012,0.5454338580169507,738079660.0,0.0076688690442597,18.30676821944441,53.2034484363972,,,,,,,0.2835249042145505,0.6590038314176206,0.3409961685823793,0.3754789272030701,0.0018653753991833,,-1.0408340855860844e-17,33.69565217391305,79.61956521739131,54.40217391304349,71.30434782608695,53.003086843471664,关键词新闻评分,8,55.00954781478195,1971,0.5291730086250634,0.0739257790381,0.0582990834263751,1.2680435899384168,0.0116707448589863,,,,0.0110887198115368,0.0139762382384384,0.0296452075807808,0.0019203183563925,0.5827330422515536,224565007.867,其他服装,15181000000.0,24.21,2.8,23.44331048289699,0.0413052457662123,0.3571428571428571,,,,,,,,,39.3776508270757,低,27.784531322297926,0.0,76.08695652173913,72.16600084025663,20260915T233549_score_74965937,,,,,,,,,,
2026-09-15 23:36:36,2026-09-15,286.04,286.9,297.47,286.04,2379436.0,0.0207,327925100.0,688531,-0.0479508876721421,-0.0942669528980932,-0.1552820633612059,0.7381558221252875,-0.0098702374378796,0.6064172774513973,0.0019084802525546,-0.0443494259101554,0.6203151924647105,290228834.0,0.0038004737958654,19.60829578966269,49.26578620069533,,,,,,,0.0752405949256304,0.0752405949256304,0.9247594050743696,0.0,-0.0070548733142397,,0.0019016633590788,76.08695652173914,54.51086956521739,39.45652173913044,14.51086956521739,50.81818181818182,关键词新闻评分,4,54.68236166007905,688,0.4912790697674418,0.1848916305253873,0.0913877967334955,2.0231544816051,0.04434250328613,,,,0.0016635986973625,-0.0006475264129463,0.0588906039934273,-0.0111556622741008,0.4829012797203452,523475135.0,其它专用机械,21595000000.0,97.6,6.3,23.79572764335908,0.0102459016393442,0.1587301587301587,,,,,,,,,35.43490483185062,低,27.784531322297926,0.0,67.39130434782608,57.47523043730686,20260915T233549_score_74965937,,,,,,,,,,
2026-09-15 23:36:36,2026-09-15,1344.61,1323.01,1364.27,1320.78,476652.0,3.44,8853900257.98,002384,-0.0192152298488431,-0.1443474324149528,-0.2820809185821883,0.694341990676707,-0.0123105636431504,0.5472878407035852,-0.0445946346053439,-0.1306965610756066,0.0438757315993258,10794748618.0,-0.0110084565451614,22.90412390611272,43.252239108436434,,,,,,,0.4966659002069419,0.0512761554380321,0.4520579443550259,0.0512761554380321,-0.0290025509395979,,0.0183468009091024,92.3913043478261,36.95652173913044,22.66304347826087,30.43478260869565,50.0,无新闻/中性,5,54.15217391304348,1900,0.5489473684210526,0.16154217893357,0.0998947942289668,1.617123096157569,0.0436203441965731,3.25,-1.23,-16.49,-0.0216986748780954,-0.0226059816266577,0.0538463698039211,-0.0097378781754765,0.147088667547765,11354841438.8125,印制电路板,327253000000.0,91.29,13.43,26.513999408997687,0.0109541023113155,0.0744601638123603,,,,,,,,,35.57268262528456,低,27.784531322297926,0.0,79.34782608695652,42.4517200746925,20260915T233549_score_74965937,,,,,,,,,,
2026-09-15 23:36:36,2026-09-15,149.86,166.35,166.35,149.73,194172500.0,0.1119,2312286200.0,600110,0.1320947325438954,0.1440852819807427,-0.2118728383948452,0.5368625277161863,0.0981647742276208,0.8303213566332552,0.0991588643016192,0.076510901007591,1.3089990127542894,9913637311.0,-0.004668314938609,21.561502569455133,60.568119234193006,,,,,,,0.992178098676292,1.0,0.0,0.0078219013237078,0.0162165556098113,,-0.0054050380612592,19.565217391304348,69.83695652173914,80.05434782608695,78.80434782608694,50.0,无新闻/中性,0,53.19836956521739,1959,0.4665645737621235,0.1541692525605749,0.0968316993064092,1.5921361874764768,0.0202764528152975,,,,0.0092582871786823,0.0082440854419052,0.0673021598179397,0.0344505938685406,0.9261480993177532,2030772289.15,其他电子,19139000000.0,-155.39,3.19,23.674993975002348,,0.3134796238244514,,,,,,,,,33.67290560307439,低,27.784531322297926,0.0,78.26086956521739,64.5691486222769,20260915T233549_score_74965937,,,,,,,,,,
2026-09-15 23:36:36,2026-09-15,246.13,250.05,253.11,245.4,54889700.0,0.0508,1768370799.9999998,002407,-0.0358960518198643,-0.132252915047196,-0.2175423224958537,0.2244748053474365,0.011733764920089,0.4252258356261743,-0.0570875865891873,-0.115984922896892,1.1099590311053391,11540571507.0,0.0158770528404868,21.2933245082442,41.04127881249863,,,,,,,0.5084306095979263,0.6031128404669261,0.3968871595330738,0.0946822308689998,-0.0048042687976604,,1.3877787807814457e-17,51.63043478260869,42.82608695652174,64.07608695652175,62.01086956521738,50.0,无新闻/中性,2,52.79347826086956,1970,0.4802030456852791,0.1367104545288221,0.082927343039932,1.648557032184087,0.0225433963001904,,,,-0.0282370939116928,-0.0199569974265255,0.0441111777644471,0.0021240782302021,0.1942548370837939,3559509708.903,氟化工及制冷剂,39046000000.0,57.99,4.5,24.388006275207022,0.0172443524745645,0.2222222222222222,,,,,,,,,43.77122355611475,低,27.784531322297926,0.0,91.30434782608695,81.16663062805321,20260915T233549_score_74965937,,,,,,,,,,
2026-09-15 23:36:36,2026-09-15,58.65,59.6,60.98,58.32,15979700.0,0.0745,896108100.0,300726,0.1006463527239152,-0.0089790488859328,-0.3012076445069762,0.2996075010902748,0.0163710777626193,0.5622654690973408,0.0585581585350691,-0.0416183143095283,1.8607625882442904,1116663098.0,-0.0362891466953689,20.613571612099268,55.73131365895964,,,,,,,0.3571428571428586,0.481203007518798,0.5187969924812019,0.1240601503759393,-0.0036631763095731,,4.3368086899420185e-18,43.47826086956522,61.25000000000001,60.05434782608695,52.934782608695656,46.25,关键词新闻评分,7,52.45923913043478,1971,0.4977168949771689,0.1209054147286739,0.0893073736971812,1.353812229868428,0.0153190826426279,,,,-0.0052956866528969,-0.0155809850429953,0.0552732502396931,-0.0005589714924538,0.9677067000694266,592463948.8275,被动元件,20098000000.0,47.37,4.08,23.72388614457318,0.0211104074308634,0.2450980392156862,,,,,,,,,41.09694650676175,低,27.784531322297926,0.0,84.78260869565219,72.03376913961296,20260915T233549_score_74965937,,,,,,,,,,
2026-09-15 23:36:36,2026-09-15,27.16,26.95,27.63,26.62,22275200.0,0.0204,86128300.0,002512,-0.1013671223741247,-0.0340501792114694,-0.0051679586563307,-0.029178674351585,-0.0025906735751295,0.3293965622835425,-0.0599438408008791,0.0351052388999846,2.4680404921646266,6285305172.0,-0.0055707537838965,18.27134861457521,42.47668523336478,,,,,,,0.2079207920792092,0.3267326732673257,0.4653465346534651,0.3267326732673257,-0.0043051737405801,,-1.3877787807814457e-17,30.434782608695656,63.53260869565217,65.1086956521739,55.0,68.0,关键词新闻评分,7,51.85706521739131,1811,0.5173937051352844,0.1234878217887373,0.1118867580944147,1.1036857613171087,0.0098945678859902,,,,0.0108539257096737,0.0234013257519729,0.0378743705274317,-0.0043103448275861,0.0311893297106911,100116688.036,计算机,4630000000.0,-39.93,14.37,22.255822705044555,,0.069589422407794,,,,,,,,,41.49557410224644,低,27.784531322297926,0.0,84.78260869565217,74.69128644284416,20260915T233549_score_74965937,,,,,,,,,,
2026-09-15 23:36:36,2026-09-15,157.61,160.32,164.57,157.11,2768000.0,0.013,424105500.0,603929,-0.0245208396714329,-0.151341908845482,-0.2603801439379959,-0.1799069006087268,0.0135929695896819,0.4373217148481068,-0.0351120045259218,-0.143647687656462,0.6583923618874549,919723966.0,-0.0099631900837741,19.8654928053581,43.02331415421969,,,,,,,0.363270777479891,0.4302949061662183,0.5697050938337818,0.0670241286863272,-0.0112706290431512,,2.47198095326695e-17,65.21739130434783,41.79347826086956,44.94565217391303,45.70652173913043,50.0,无新闻/中性,4,51.83423913043478,1962,0.5071355759429154,0.1448946266969105,0.0822510451120578,1.7616144147409671,0.0329426059837238,,,,-0.0265571561329317,-0.0268603825425033,0.0459170943826632,-0.0021576763485476,0.2332486181190134,680218180.0,建筑装饰,32059000000.0,26.24,13.43,24.190843792125445,0.0381097560975609,0.0744601638123603,,,,,,,,,40.927024388804014,低,27.784531322297926,0.0,92.3913043478261,60.756027483662784,20260915T233549_score_74965937,,,,,,,,,,
2026-09-15 23:36:36,2026-09-15,212.77,214.26,220.55,212.77,3572500.0,0.0279999999999999,387397600.0,301128,-0.080941963711234,-0.0886043642860181,-0.3099739138836108,0.1289319774487591,0.0020109432726931,0.8753594290760793,-0.0552472667385395,-0.0964291111259494,0.4691075139271422,611223615.0,0.0160245414969524,19.77496211635217,44.75856212799578,,,,,,,0.1915167095115656,0.1915167095115656,0.8084832904884344,0.0,-0.0010692797502518,,0.0028957544463029,79.34782608695652,29.945652173913047,44.891304347826086,25.271739130434785,50.0,无新闻/中性,4,51.763586956521735,1037,0.5641272902603665,0.1776230488400492,0.0984460749090316,1.804267453061796,0.0572920517960911,,,,-0.0093949540278025,0.0006195961540915,0.0797595711485378,-0.0074122116186418,0.2519871047590278,880534180.0,其它专用机械,16965000000.0,98.15,17.68,23.55441823518261,0.010188487009679,0.0565610859728506,,,,,,,,,35.20391303117642,低,27.784531322297926,0.0,72.82608695652173,48.68890828788462,20260915T233549_score_74965937,,,,,,,,,,
2026-09-15 23:36:36,2026-09-15,70.93,70.28,72.24,70.06,86600200.0,0.0109,248255100.0,600166,-0.2301456895607405,-0.0152725234692447,-0.0822669104204752,0.0188460423311105,-0.0122276879831343,1.2334621262259071,-0.0789654743105018,-0.0665695634561363,1.0411282757528773,14728867113.0,0.0178942192219788,19.329967408513298,40.831475716629605,,,,,,,0.2981651376146825,0.1009174311926603,0.6009174311926571,0.1009174311926603,-0.0113073997694354,,2.4286128663675305e-17,62.5,44.673913043478265,50.0,35.48913043478261,50.0,关键词新闻评分,8,51.59239130434782,1971,0.465246067985794,0.0832291534796325,0.0589395895301425,1.4121094860538164,0.0072038591456381,,,,0.0245941946277247,0.0228252324036077,0.0601471664362956,-0.0081851538244425,0.3239936973440833,302686366.5,商用载货车,22960000000.0,15.39,1.45,23.85701940839777,0.0649772579597141,0.6896551724137931,,,,,,,,,38.43008640115392,低,27.784531322297926,0.0,72.82608695652175,70.1967307544013,20260915T233549_score_74965937,,,,,,,,,,
2026-09-15 23:36:36,2026-09-15,51.72,54.88,55.82,51.72,60076200.0,0.1215,1619059400.0,603011,0.0311912814731305,0.0635658914728682,-0.2289969092441697,0.2967863894139886,0.0473282442748093,0.7836515546302462,0.0742248668963356,0.111703815742385,1.179200322848098,4511837732.0,0.0226566023108719,21.205111200900905,59.07399456288365,,,,,,,0.7707317073170739,0.7707317073170739,0.2292682926829262,0.0,0.0093106558281926,,-0.0037250147124515,21.73913043478261,64.72826086956522,80.0,64.8913043478261,51.901955000865385,关键词新闻评分,8,51.47008680443437,1964,0.5336048879837068,0.1353900164251299,0.0962687059959885,1.4063761948848834,0.0273455206319809,,,,0.030895641186336,0.0296339596418892,0.0661443148688046,0.013668267454747,0.81628932888145,1295419140.0,机械设备,11965000000.0,-40.9,6.44,23.20525155830675,,0.15527950310559,,,,,,,,,40.28840044151054,低,27.784531322297926,0.0,83.69565217391305,68.09273740025701,20260915T233549_score_74965937,,,,,,,,,,
2026-09-15 23:36:36,2026-09-15,23.48,23.8,24.45,23.38,5258900.0,0.01,122142200.0,601133,-0.0356564019448946,-0.1678321678321678,-0.2082501663339986,0.3062568605927553,0.0101867572156197,0.4925613837163037,-0.0541292425085445,-0.1909623468890576,0.529639050015535,532070700.0,-0.0890702440676306,18.620696505901467,38.49769248504939,,,,,,,0.2990654205607478,0.3925233644859828,0.6074766355140172,0.0934579439252349,-0.0088084963610605,,0.0015699464425057,73.91304347826086,39.40217391304348,30.10869565217392,44.29347826086956,50.0,无新闻/中性,6,51.17119565217391,690,0.5594202898550724,0.114744058149888,0.0822765092301011,1.3946150514114006,0.0279407936810232,,,,-0.045363308525046,-0.0432969900144094,0.0456782713085234,-0.0032109451347199,0.1923073358158131,246769115.0,,12249000000.0,58.98,4.01,23.22871013795196,0.0169548999660902,0.2493765586034912,,,,,,,,,32.88983396779568,低,27.784531322297926,0.0,57.60869565217392,53.55156960447684,20260915T233549_score_74965937,,,,,,,,,,
2026-09-15 23:36:36,2026-09-15,6.4,6.29,6.48,6.25,143831900.0,0.0336,868478700.0,601118,-0.2291666666666666,0.051839464882943,0.0752136752136753,-0.1078014184397162,-0.029320987654321,0.8264583626395425,-0.0935946393832408,0.0742037400734352,0.7426845722730642,8012231654.0,0.0576017099295815,20.58225361945295,44.474139702884216,,,,,,,0.4782608695652179,0.1739130434782607,0.3478260869565214,0.1739130434782607,0.0076272501692317,,-6.938893903907228e-18,36.95652173913043,58.641304347826086,62.01086956521739,55.05434782608696,51.934191526303785,关键词新闻评分,10,50.69613654393472,1858,0.5048439181916039,0.0641368090430848,0.0528976955555188,1.2124688678691111,0.0061864623096535,,,,0.0483145716894686,0.059377627250741,0.0939132409720645,-0.0078864353312302,0.238492947902598,1307011485.0,其他种植业,30084000000.0,-523.54,3.17,24.127259305910567,,0.3154574132492113,,,,,,,,,36.251129116761255,低,27.784531322297926,0.0,54.34782608695652,80.3080300178705,20260915T233549_score_74965937,,,,,,,,,,
2026-09-15 23:36:36,2026-09-15,77.14,75.34,77.34,75.2,36586.0,1.41,190293908.01,001301,-0.0282471301431703,-0.0881142580488986,-0.2143080613202628,-0.0261116856256462,-0.0261116856256462,0.5427358832953971,-0.1042469206258618,-0.0835887704957913,0.0236234288807168,227793285.0,0.050505945586984,19.06408032444988,39.129699013186496,,,,,,,0.8411214953271012,0.0654205607476638,0.0934579439252349,0.0654205607476638,0.0460706011503259,,1.3877787807814457e-17,51.63043478260869,43.04347826086956,55.923913043478265,55.59782608695652,50.5,关键词新闻评分,7,50.62608695652173,760,0.4986842105263158,0.1350659094872642,0.0925333045749174,1.459646449543054,0.0209668298060915,2.77,-2.61,-2.02,-0.0252460533796997,-0.0099522049472113,0.041355379422807,-0.0081621906266456,0.1394113090295592,389737651.5935,锂,20324000000.0,23.46,2.82,23.73506829067789,0.0426257459505541,0.3546099290780142,,,,,,,,,41.7053600273238,低,27.784531322297926,0.0,78.26086956521739,84.7855114506063,20260915T233549_score_74965937,,,,,,,,,,
2026-09-15 23:36:36,2026-09-15,948.73,974.16,999.9,942.72,14506600.0,0.021,1759386600.0,002353,-0.0379711833776084,-0.2503116775176618,-0.259863697490484,0.2203084092247178,0.0246981108259352,0.3918070873203195,-0.07932957092369,-0.1384494017230835,1.4882081463438397,1669546751.0,-0.0359334637313406,21.28823106308942,37.58675465858314,,,,,,,0.4447359216509264,0.5498426023084989,0.4501573976915011,0.1051066806575725,-0.0113603871281554,,2.3418766925686896e-17,59.78260869565217,32.01086956521739,53.369565217391305,57.11956521739131,51.21621621621622,关键词新闻评分,6,50.43412162162162,1969,0.579989842559675,0.1154988459920721,0.0902927878897885,1.279159152036043,0.0290642694454501,,,,-0.0500602715792785,-0.0413855398273319,0.0482056335714872,0.0019542097792772,0.2371731895523546,2255613719.502,冶金矿采化工设备,128411999999.99998,48.73,5.51,25.57850968177928,0.0205212394828647,0.1814882032667876,,,,,,,,,42.58284363791857,低,27.784531322297926,0.0,86.95652173913044,79.04119928935404,20260915T233549_score_74965937,,,,,,,,,,
2026-09-15 23:36:36,2026-09-15,449.21,454.65,469.81,449.21,4076800.0,0.0227,446875800.0,300776,-0.0394650666553989,-0.161317100166021,-0.3410965058477413,0.4202930242729061,-8.797202489607692e-05,0.6268994636406476,-0.0283761604349387,-0.1582633917551222,0.8339295257138327,472089979.0,-0.075315050874627,19.917791263858494,43.94696570957821,,,,,,,0.2640776699029122,0.2640776699029122,0.7359223300970877,0.0,-0.0132609332788514,,0.0024390567224097,77.17391304347827,30.59782608695652,33.80434782608695,29.67391304347826,51.3235294117647,关键词新闻评分,6,49.52093989769821,1639,0.5155582672361196,0.1584988969245945,0.1060983754792433,1.4938861807135075,0.0303169357966828,,,,-0.0264783557923079,-0.0290886755306553,0.0589040235031657,-0.0070759352682959,0.2198898427036476,735555773.507,其它专用机械,30466000000.000004,61.13,6.17,24.13987714466092,0.0163585800752494,0.1620745542949757,,,,,,,,,39.27484800004599,低,27.784531322297926,0.0,92.3913043478261,49.74151822527599,20260915T233549_score_74965937,,,,,,,,,,
2026-09-15 23:36:36,2026-09-15,802.19,811.79,822.59,795.59,92226700.0,0.1081,6112773199.999999,300285,0.1019424724103759,-0.1017140454349294,-0.2629203893368199,1.1008514272404957,0.0119672396813721,0.8308119714206079,0.036418070512534,-0.0533879965678382,1.3308600836269788,4436749696.0,-0.0140019506359599,22.533646386208712,52.50076117399606,,,,,,,0.3555555555555522,0.5999999999999974,0.4000000000000025,0.2444444444444453,-0.0079452961839642,,-3.0357660829594124e-18,40.21739130434783,44.07608695652174,59.619565217391305,66.73913043478261,50.0,无新闻/中性,3,48.6929347826087,1967,0.5185561769191662,0.1206556739018706,0.0786774338478528,1.5335486682902713,0.0246879804402599,,,,-0.0158904703035431,-0.0206693738294927,0.0580410486174292,0.0022222496574029,0.6848757739993944,5525434225.997,无机盐,60212000000.0,93.88,8.27,24.82113750494467,0.0106518960374946,0.120918984280532,,,,,,,,,39.12554926408543,低,27.784531322297926,0.0,77.17391304347827,69.03604839133597,20260915T233549_score_74965937,,,,,,,,,,
2026-09-15 23:36:36,2026-09-15,640.62,665.83,685.72,640.62,311422700.0,0.0784,14675019700.0,600176,0.1293676640206258,0.0454067293652165,-0.1908639064759566,0.8546796657381617,0.0371991588129916,0.5898511806747152,0.1019606999402538,-0.0063909651013907,1.832672597680944,7263153787.0,0.05232637799237,23.409412545146893,60.05115464677687,,,,,,,0.5589800443458985,0.5589800443458985,0.4410199556541014,0.0,-0.0028016965363721,,-0.0100199670475247,13.043478260869565,72.3913043478261,77.82608695652173,49.40217391304349,50.75,关键词新闻评分,4,48.24347826086957,1961,0.5216726160122387,0.1010012903448577,0.0637631678249992,1.5840067830704416,0.0221899380943091,,,,0.0090003857072002,-0.0039131572870401,0.0530068807782338,0.0026704548306619,1.092158430834132,9372441817.65,玻纤,160846000000.0,35.49,4.85,25.803713222432897,0.0281769512538743,0.2061855670103093,,,,,,,,,37.15857647859757,低,27.784531322297926,0.0,78.26086956521739,54.47362112576478,20260915T233549_score_74965937,,,,,,,,,,
2026-09-15 23:36:36,2026-09-15,41.39,39.09,42.03,38.9,234024800.0,0.2641,1453659700.0,300189,-0.2096643752527294,-0.0271279243404678,0.2650485436893206,-0.1549935149156938,-0.0769775678866587,1.2179023116306713,-0.0965609688453359,0.1572050247190126,1.760622131666019,18040114897.0,0.0136218123744829,21.097350145336577,46.62215361959228,,,,,,,0.7348242811501582,0.0607028753993625,0.2044728434504792,0.0607028753993625,-0.0034189051938454,,-6.938893903907228e-18,36.95652173913043,50.92391304347826,57.39130434782608,48.80434782608695,54.0,关键词新闻评分,3,47.42445652173912,1963,0.4814060112073357,0.1300979179796535,0.0890341727864958,1.4612133061720989,0.0164573329567599,,,,0.0698467287004622,0.080741366047439,0.1276906771918284,-0.0229128478586901,0.2376811843236213,2145645601.153,种子生产,7219000000.0,66.83,10.54,22.69998227610344,0.0149633398174472,0.0948766603415559,,,,,,,,,35.03745953261309,低,27.784531322297926,0.0,54.34782608695652,72.21689945688274,20260915T233549_score_74965937,,,,,,,,,,
2026-09-15 23:36:36,2026-09-15,201.04,207.02,214.18,199.79,15229971.0,0.0429,822095200.0,688257,0.0087219217463334,-0.1709583116415041,-0.468961625282167,0.1925115207373273,0.0419770485202335,0.6541490182006883,-0.0094642053990946,-0.196935460408282,1.1727113506886164,551629642.0,-0.0929479108437413,20.52736676261597,45.27289985153634,,,,,,,0.41556636553162,0.5024322446143162,0.4975677553856837,0.0868658790826962,-0.0103131154522294,,2.3310346708438345e-17,58.69565217391305,28.75,47.06521739130434,52.28260869565217,50.0,无新闻/中性,6,47.372282608695656,1047,0.5682903533906399,0.1424447914600146,0.08003763886057,1.779722559134474,0.0463969800895234,,,,-0.0482309784196613,-0.0550656406709137,0.0544460852643637,0.0001127232322581,0.4209561360080777,708329150.0,金属新材料,18158000000.0,26.3,6.33,23.622377071895976,0.0380228136882129,0.1579778830963665,,,,,,,,,38.43068864865787,低,27.784531322297926,0.0,73.91304347826086,68.75147037544214,20260915T233549_score_74965937,,,,,,,,,,
2026-09-15 23:36:36,2026-09-15,393.89,393.05,400.89,389.85,2887227.0,0.0157,810968600.0,688017,-0.0447198930611252,-0.2653408347507523,-0.2605448319975918,0.5330161082725537,5.08867007609215e-05,0.7378767361359504,-0.0473755262398902,-0.1714296957236032,0.4500515211582016,319887939.0,-0.1016164074833383,20.51373989493068,40.40848499616156,,,,,,,0.0760869565217371,0.289855072463768,0.6340579710144948,0.289855072463768,-0.0248306598775153,,0.0026343377502087,78.26086956521739,23.750000000000004,20.05434782608696,46.73913043478261,50.0,无新闻/中性,7,47.013586956521735,1326,0.521870286576169,0.1922593735872593,0.1243143015922646,1.546558771796395,0.0408960929961445,,,,-0.0462167897979625,-0.0449718110732154,0.0485979610009631,-0.0039196141207477,0.126938758297628,1922192000.0,机械基础件,51296000000.0,363.65,14.38,24.660878613373555,0.002749896878867,0.0695410292072322,,,,,,,,,39.447597931483294,低,27.784531322297926,0.0,95.65217391304348,46.54535834790147,20260915T233549_score_74965937,,,,,,,,,,
2026-09-15 23:36:36,2026-09-15,64.88,63.94,65.73,63.81,5404500.0,0.0232,332742900.0,603026,-0.027972027972028,-0.0896924829157175,-0.3755249536087509,-0.2158449840569046,-0.0132716049382716,0.3069151894023357,-0.0302570713581558,-0.1060697500471851,0.869641475035521,687268194.0,-0.0343632533083398,19.62288068067683,40.07290934259167,,,,,,,0.4895833333333317,0.0677083333333309,0.4427083333333373,0.0677083333333309,-0.0040691333316729,,1.0408340855860844e-17,47.82608695652174,46.14130434782609,41.84782608695652,36.52173913043479,56.41909812792069,关键词新闻评分,7,45.93810546496599,1971,0.4911212582445459,0.1579056592615483,0.1044077224764143,1.5123944428269582,0.0244199556171157,,,,-0.0210857185238429,-0.0225193157170375,0.0330332007685776,-0.0085796981600166,0.1056758443272731,392005595.0,化工,14104000000.0,27.02,2.61,23.36972428204198,0.0370096225018504,0.3831417624521073,,,,,,,,,41.22627025115275,低,27.784531322297926,0.0,100.0,52.60607236308914,20260915T233549_score_74965937,,,,,,,,,,
2026-09-15 23:36:36,2026-09-15,54.83,56.71,57.86,54.83,288387.0,6.88,484823267.84,002272,0.0148532569792412,0.0269829771821803,-0.2660799792933868,0.0017664723547077,0.0190476190476189,0.6496000641803996,0.0285289370114443,-0.0422980793046766,0.06523565003509,62372508.0,0.0807761292855005,19.99929498834975,52.99398178453851,,,,,,,0.6204620462046211,0.6204620462046211,0.3795379537953789,0.0,0.0026100128459299,,-0.0030143564977619,23.91304347826087,59.78260869565217,59.56521739130434,55.81521739130434,49.00479098791927,关键词新闻评分,9,45.71026170748758,1963,0.5043301069791136,0.1483531665564794,0.0935339884074565,1.586088320218073,0.0284569863323787,5.44,1.9,1.06,0.0052574683998249,0.0035855268881557,0.0471320250900571,0.0043093270365996,0.6572083295837123,490678496.614,机械基础件,8190000000.000001,-236.57,5.57,22.82617973481139,,0.1795332136445242,,,,,,,,,41.9961631077466,低,27.784531322297926,0.0,94.56521739130434,64.98506821864234,20260915T233549_score_74965937,,,,,,,,,,
2026-09-15 23:36:36,2026-09-15,269.75,269.37,282.75,268.65,29118600.0,0.0592,3536757300.0,002851,-0.076171205158104,-0.097739072182214,-0.3119891704127503,0.19901184011395,-0.0056478405315613,0.7876705161867467,-0.043612097843627,-0.1069078129403379,2.989341566121227,2564002777.0,-0.0186757044352279,21.98647612762577,44.71912807609779,,,,,,,0.0269503546099287,0.0510638297872358,0.9219858156028354,0.0510638297872358,-0.0099934251269624,,2.0816681711721685e-17,57.60869565217392,33.913043478260875,50.380434782608695,14.782608695652174,50.0,无新闻/中性,7,45.19565217391305,1897,0.5055350553505535,0.152564287421409,0.0838611078009943,1.8192496071414888,0.0356602174590398,,,,-0.009142552887712,-0.0064598091128142,0.0713304589014579,-0.0154245403706274,0.1705903908920744,3606003124.287,电气设备,70886000000.0,316.13,7.76,24.984338789773485,0.0031632556226868,0.1288659793814433,,,,,,,,,34.93091883499107,低,27.784531322297926,0.0,60.86956521739131,62.81097596548951,20260915T233549_score_74965937,,,,,,,,,,
2026-09-15 23:36:36,2026-09-15,106.96,108.34,110.14,106.24,577916.0,3.08,1007174840.26,002517,-0.0216723857684666,0.0050092764378479,0.1423450021088148,-0.0184816089871352,0.0180417214809247,0.3089310368438472,0.0174394034728548,0.0269875726351511,0.0400222035015432,7241896550.0,0.0239717397340971,20.73041506149045,51.90686569945027,,,,,,,0.3538461538461558,0.5384615384615399,0.4615384615384601,0.184615384615384,0.0135626857301269,,-0.0259309109231997,3.260869565217391,82.33695652173913,57.60869565217392,59.51086956521739,50.0,无新闻/中性,10,44.19836956521739,1934,0.5072388831437435,0.1277829137351908,0.0881246052229251,1.4500253750010426,0.0213920835557262,3.66,1.8,1.92,0.0064979477196056,0.0054634332560628,0.0367889448561407,0.0009238728750924,0.6817705475984763,998369115.767,移动互联网服务,37195000000.0,15.62,3.55,24.339440180589715,0.0640204865556978,0.2816901408450704,,,,,,,,,40.085595311265294,低,27.784531322297926,0.0,88.04347826086956,60.94360174934672,20260915T233549_score_74965937,,,,,,,,,,
2026-09-15 23:36:36,2026-09-15,57.64,56.68,58.07,56.68,3893100.0,0.0176,55317700.00000001,300622,-0.0803180269349342,-0.0432140445644835,-0.0623655913978494,-0.1300076745970837,-0.0171666377666031,0.3725223333944792,-0.0502442253072714,-0.0378107988818596,0.5709988760059242,1186665388.0,0.0358797059779501,17.82860350569047,38.215761095520776,,,,,,,0.6906474820143889,0.0,0.3093525179856112,0.0,0.0068638294680636,,-3.2309224740068026e-17,28.26086956521739,61.41304347826087,54.56521739130434,30.29891304347825,44.90547767625343,关键词新闻评分,9,43.678047767625344,1971,0.5225773718924404,0.1136191931467827,0.0820805667432218,1.3842398713233215,0.0201876994600783,,,,-0.0064916961193704,0.0021167863884345,0.0317194273616291,-0.008108265764452,0.1474427020819766,126904018.445,专业连锁,5053000000.0,28.77,5.45,22.343247963256182,0.0347584289190128,0.18348623853211,,,,,,,,,34.03872481487454,低,27.784531322297926,0.0,61.95652173913043,55.413740469060514,20260915T233549_score_74965937,,,,,,,,,,
2026-09-15 23:36:36,2026-09-15,73.89,68.35,74.84,68.35,6388448.0,0.0626999999999999,234753500.0,688152,-0.0514848737163475,0.00426094622392,0.1506734006734005,0.0436707894335013,-0.0612553220711441,0.9842955348631968,-0.0078961883473163,0.1695389432797851,0.988509384262032,32635229.0,0.1343384448011011,19.274046589679457,53.40507640961978,,,,,,,0.8536209553158703,0.0,0.1463790446841296,0.0,0.0080227837505028,,-0.0064498981794854,17.391304347826086,64.18478260869566,60.81521739130434,39.42934782608695,52.48081087069399,关键词新闻评分,8,43.487211521852,803,0.3897882938978829,0.1746427752353395,0.1226036307756204,1.4244502722350616,-0.0067404613093309,,,,0.0428640808214481,0.0495843123036486,0.0870205873131989,-0.03067977687435,0.4465920812185563,232334850.0,,3705000000.0,-73.93,3.04,22.032949095694462,,0.3289473684210526,,,,,,,,,29.435859555219288,低,27.784531322297926,0.0,34.78260869565217,60.95985612932986,20260915T233549_score_74965937,,,,,,,,,,
2026-09-15 23:36:36,2026-09-15,24.74,24.33,24.89,24.28,336968.0,5.9,277204611.61,002328,-0.1084646390619274,0.0939748201438848,0.0384122919334186,0.2337728194726165,-0.0224989955805545,0.5820420912254664,-0.0208664506911885,0.0754779533650125,0.0207022004821238,23988637.0,-0.3927960357124054,19.440266465148795,48.49791567971823,,,,,,,0.6721311475409845,0.0819672131147495,0.245901639344266,0.0819672131147495,0.034190280178555,,-0.0059744236610474,18.47826086956521,75.38043478260869,36.73913043478261,49.83695652173914,53.5661656266226,关键词新闻评分,9,43.00063830179269,1964,0.505091649694501,0.0990236517258743,0.0672394253354971,1.4727022313439906,0.0167386665407149,2.45,-2.25,-0.56,0.0371893370801217,0.0451209354006988,0.0566907404145382,-0.0069387755102041,0.4542069678032506,605021821.6255,汽车零部件,7687000000.0,19.1,2.2,22.762796427313408,0.0523560209424083,0.4545454545454545,,,,,,,,,34.80582125383149,低,27.784531322297926,0.0,70.65217391304348,48.93351383022278,20260915T233549_score_74965937,,,,,,,,,,
2026-09-15 23:36:36,2026-09-15,249.15,245.36,249.29,244.93,3166700.0,0.0068,56639399.99999999,600645,-0.2857475547275266,-0.2092048860669738,-0.0305041883989252,-0.4372735195633227,-0.0129932821111066,1.547501691568638,-0.1356363303295261,-0.0813417193392119,0.3674258612565395,1059986757.0,-0.0711169551904586,17.852215431728844,39.510184342232094,,,,,,,0.8692660550458727,0.098623853211011,0.0321100917431162,0.098623853211011,-0.0260603787665989,,2.4286128663675305e-17,62.5,23.043478260869563,19.673913043478265,63.09782608695653,50.0,无新闻/中性,5,42.880434782608695,1953,0.4772145417306707,0.093939004755195,0.0749942596272231,1.252615936501557,0.0056231507180987,,,,0.0187069768069818,0.0264021886501849,0.0774576133029018,-0.0047324156953946,0.1920724823631371,200333112.05,生物制品,8713000000.0,74.4,2.33,22.88808200019556,0.0134408602150537,0.4291845493562232,,,,,,,,,35.65528880852554,低,27.784531322297926,0.0,67.3913043478261,58.944456948473,20260915T233549_score_74965937,,,,,,,,,,
2026-09-15 23:36:36,2026-09-15,90.99,89.37,91.7,88.98,8212900.0,0.0219,121734800.0,600769,0.3888111888111889,-0.1033410253837664,-0.3445063811060583,0.213771560505229,-0.0213534822601838,2.6229008765948385,0.0671235902732585,-0.0512419915036067,1.0676953830452576,1688733245.0,0.0127682360153205,18.617355474351747,53.49407636448094,,,,,,,0.5955882352941143,0.1433823529411767,0.2610294117647089,0.1433823529411767,0.021202554669606,,-3.4694469519536136e-17,27.17391304347825,33.96739130434783,68.36956521739131,57.44565217391304,53.75,关键词新闻评分,9,42.79619565217392,1958,0.5337078651685393,0.1349911696944727,0.1025905002350588,1.3158252409840714,0.024208705626208,,,,-0.0525022273291042,-0.0680163753554985,0.0982192809987372,-0.0071838548416959,0.5971942417984302,174749085.7,房屋建设,5583000000.0,399.25,42.54,22.44299210327464,0.0025046963055729,0.0235072872590503,,,,,,,,,42.772441160038056,低,27.784531322297926,0.0,100.0,62.91387842232452,20260915T233549_score_74965937,,,,,,,,,,
2026-09-15 23:36:36,2026-09-15,83.78,83.0,88.13,82.18,205597000.0,0.3524,3910512800.000001,002579,0.0841170323928943,0.2182592103331866,-0.0632054176072234,0.5310828260468548,-0.0097828680505844,0.838376965879627,0.208195349175734,0.2070269326973417,3.529844434489944,5285916366.0,-0.0368175879182722,22.08693435349502,69.24571983824652,,,,,,,0.1310924369747903,0.1378151260504193,0.7310924369747903,0.1378151260504193,0.0049632561974727,,-0.0165703082449771,7.608695652173914,76.25,55.97826086956522,37.44565217391304,50.0,无新闻/中性,4,41.66576086956522,1931,0.5132055929570171,0.1129889392061722,0.0850027544523671,1.3292385633160586,0.0166076900922276,,,,0.0499255290219331,0.0267320199699411,0.0623063683304646,-0.0170147250404643,1.0087687930449931,1458050131.929,印制电路板,8638000000.0,-106.95,3.75,22.87943691148492,,0.2666666666666666,,,,,,,,,32.61557976981626,低,27.784531322297926,0.0,55.434782608695656,54.62175900925166,20260915T233549_score_74965937,,,,,,,,,,
2026-09-15 23:36:36,2026-09-15,54.9,54.85,57.01,54.85,2430058.0,0.027,132627900.0,688379,-0.0755098601045002,-0.0590152684851603,-0.3835000561987186,0.2143015275625415,-0.0099277978339349,0.6364611061378096,-0.0444667044118286,-0.0776733040931575,0.5914854656869337,215087191.0,0.0631191613778775,18.703058028363248,45.74318329847051,,,,,,,0.0231481481481468,0.0,0.9768518518518532,0.0,-0.00059315475295,,1.0408340855860844e-17,47.82608695652174,37.880434782608695,48.85869565217392,4.646739130434783,50.0,无新闻/中性,6,41.44565217391304,1333,0.5146286571642911,0.1331849955022405,0.0875632678053665,1.5210144486416486,0.0260401145119766,,,,-0.0009301261111352,0.0059425321016797,0.0641489777314754,-0.0129566312758682,0.2422556535273905,231802390.0,金属制品,5366000000.0,34.27,3.75,22.403348588949843,0.0291800408520571,0.2666666666666666,,,,,,,,,31.632953151451936,低,27.784531322297926,0.0,60.869565217391305,40.82453807522866,20260915T233549_score_74965937,,,,,,,,,,
2026-09-15 23:36:36,2026-09-15,104.5,101.77,106.54,101.2,18850600.0,0.0519,644917800.0,002655,-0.1375423728813559,-0.1131927500871384,-0.2785850995959452,0.9065192956163356,-0.0371807000946073,0.7203101700664295,-0.0888131829760183,-0.0274598995637568,2.199579218136204,3726446489.0,-0.005472704089033,20.284633426328764,44.56679160442482,,,,,,,0.5112359550561802,0.1067415730337065,0.3820224719101133,0.1067415730337065,-0.0234426058432292,,-4.3368086899420185e-18,39.130434782608695,29.18478260869565,47.66304347826087,47.28260869565217,51.96753965606764,关键词新闻评分,9,40.44947135691111,1960,0.5387755102040817,0.1408571965559733,0.1002672603746501,1.4048174451925617,0.0296446919308286,,,,0.0168546186951867,0.0343560587317659,0.067399879279608,-0.0135698361926916,0.0462661831474694,1119343900.028,电子系统组装,13749000000.0,306.19,15.71,23.344231931141508,0.0032659459812534,0.0636537237428389,,,,,,,,,30.110959478978074,低,27.784531322297926,0.0,45.65217391304349,50.96776866453336,20260915T233549_score_74965937,,,,,,,,,,
2026-09-15 23:36:36,2026-09-15,176.51,174.53,177.17,174.11,15545000.0,0.0197999999999999,447190700.0,002747,-0.052137077065117,-0.2817399892999712,-0.2485252960172228,0.4211383437830795,-0.0112174947595036,0.572302187022444,-0.0754112255979657,-0.1719527643483749,0.554327855357537,4052583821.0,-0.0303508276730453,19.918495685760703,37.51368060847789,,,,,,,0.6470588235294139,0.1372549019607814,0.2156862745098046,0.1372549019607814,-0.0312973864694382,,5.204170427930421e-18,44.56521739130434,27.445652173913043,27.771739130434785,58.31521739130435,65.42857142857143,关键词新闻评分,9,40.38796583850932,1961,0.4997450280469148,0.1379123982643281,0.1005255705016171,1.3719136094045794,0.0186326188867695,,,,-0.0458469593259153,-0.0388894229800783,0.0361460575750382,-0.0042220573971585,0.1301730665549433,1197058845.5015,其它通用机械,28944000000.0,145.0,8.78,24.08862876559935,0.0068965517241379,0.1138952164009111,,,,,,,,,37.324949533468285,低,27.784531322297926,0.0,80.43478260869566,52.68422410026517,20260915T233549_score_74965937,,,,,,,,,,
2026-09-15 23:36:36,2026-09-15,101.0,101.93,105.37,98.19,5920666.0,0.0489,607957200.0,688031,-0.0652911508482346,-0.1174891774891774,-0.125889717862962,-0.298823691270551,0.0373498880521065,0.8474303834856348,-0.0347080827690704,-0.0183889560331087,0.9671077507751938,237680779.0,-0.0117748544441184,20.225615044360627,46.66516998808935,,,,,,,0.129526462395544,0.5208913649025078,0.4791086350974922,0.3913649025069637,0.0024657074674904,,-0.0048521018290768,20.65217391304348,39.72826086956522,59.836956521739125,59.836956521739125,50.0,无新闻/中性,7,40.11141304347826,811,0.4414303329223181,0.2545527811331989,0.1509532483748928,1.686302109253167,0.0280494132328714,,,,-0.0064460672644855,0.0033720823977774,0.0827598772266681,0.0009820288716488,0.3098158142708457,655050395.0,软件开发,12826000000.0,-59.64,17.11,23.274740197673083,,0.0584453535943892,,,,,,,,,40.47842603949022,低,27.784531322297926,0.0,88.04347826086956,63.56247327084623,20260915T233549_score_74965937,,,,,,,,,,
2026-09-15 23:36:36,2026-09-15,44.26,44.02,46.22,43.98,119410700.0,0.1894,2681873900.0,603936,0.2580737353529581,0.1565948502364686,-0.2067039106145251,0.6911256242796773,-0.0058717253839204,0.7598517269650302,0.2131400540153227,0.2429527421950739,1.7456813972503449,2742772201.0,-0.0209271622392298,21.70978160392205,70.76826906167166,,,,,,,0.1071428571428547,0.0178571428571456,0.8749999999999996,0.0178571428571456,0.0145090848382266,,-0.0231638586100257,5.434782608695652,73.58695652173913,61.35869565217392,14.347826086956522,50.0,无新闻/中性,9,39.00543478260869,1962,0.5249745158002038,0.1228349338884225,0.1004674715140847,1.2226338738026474,0.0167606006391173,,,,0.049645549369923,0.0275195475199625,0.059729343804764,-0.016092981671882,1.1010065658082302,1284352110.0,印制电路板,10313000000.0,-124.89,2.42,23.05667107228034,,0.4132231404958678,,,,,,,,,38.05159993497885,低,27.784531322297926,0.0,85.86956521739131,50.28218329874143,20260915T233549_score_74965937,,,,,,,,,,
2026-09-15 23:36:36,2026-09-15,64.98,60.81,64.98,60.78,3193200.0,0.0547,196021700.0,300816,-0.1000443984016574,0.0929187634795112,-0.2589568608335364,-0.0754143226395012,-0.050288927065438,0.7616443271951405,-0.0162979738747117,0.0363957085275545,0.7881785655416683,301392676.0,0.0865349581254248,19.093735930453608,48.98383912569045,,,,,,,0.9928571428571424,0.0071428571428574,0.0,0.0071428571428574,0.0272278373861151,,-0.0236578517640247,4.3478260869565215,58.80434782608696,62.44565217391305,46.79347826086956,48.23529411764706,关键词新闻评分,8,38.21483375959079,1464,0.4938524590163934,0.1360612953388534,0.1174737161979177,1.1582275571296274,0.0077351726962663,,,,0.0356947257257791,0.0395015462668638,0.0808607606831583,-0.0221900627110467,0.4723700484103391,312036297.4,汽车零部件,5120000000.0,56.92,5.24,22.356420275997827,0.0175685172171468,0.1908396946564885,,,,,,,,,38.39527665086902,低,27.784531322297926,0.0,90.21739130434784,46.77625995540052,20260915T233549_score_74965937,,,,,,,,,,
2026-09-15 23:36:36,2026-09-15,72.33,72.38,74.58,72.16,7332789.0,0.036,240458700.0,688598,-0.0220240508039455,-0.1558199206904595,-0.4314218381775334,0.352138987483654,-0.0063152114222955,0.9112297879530016,-0.0620403667347003,-0.0977256153429029,0.4637156166880414,250799308.0,-0.1607618992587516,19.29805891135056,45.945882869615794,,,,,,,0.0206611570247922,0.0909090909090903,0.9090909090909096,0.0702479338842981,-0.0052808653639341,,2.4286128663675305e-17,62.5,16.413043478260867,22.826086956521745,23.315217391304348,50.0,无新闻/中性,9,37.875,1398,0.4613733905579399,0.184596995252726,0.1323213464840163,1.395065876804876,0.0138963433730643,,,,-0.0156452648133189,-0.0053722194361522,0.0631883314254135,-0.0090361445783133,0.238149094381132,559274460.0,非金属新材料,6598999999.999999,-5.26,1.73,22.61018395934769,,0.5780346820809249,,,,,,,,,33.43332797838494,低,27.784531322297926,0.0,63.04347826086957,49.928486196810994,20260915T233549_score_74965937,,,,,,,,,,
2026-09-15 23:36:36,2026-09-15,23.46,23.59,23.83,23.46,140972.0,1.49,135609992.0,002083,-0.0260115606936416,-0.12369985141159,-0.1393651951842393,-0.082101167315175,0.0,0.2584730277687748,-0.0465412363842127,-0.0773081962724659,0.0060739612454283,2871038351.0,-0.0493260884684046,18.72529362544552,36.56564761951022,,,,,,,0.3513513513513511,0.3513513513513511,0.6486486486486489,0.0,-0.0107059410674461,,-3.122502256758253e-17,29.347826086956523,51.95652173913044,26.63043478260869,33.53260869565217,58.0,关键词新闻评分,9,37.74021739130435,1963,0.5348955680081507,0.0612590930137341,0.0487042394858296,1.2577774267793926,0.0101146597115936,1.57,0.0,0.0,-0.0281327958103373,-0.0217011477172161,0.0245261309271483,-0.0015519187358915,0.095776225860931,335822213.163,棉纺,9372000000.0,16.0,1.94,22.96099235759196,0.0625,0.5154639175257733,,,,,,,,,33.66931102502576,低,27.784531322297926,0.0,59.782608695652165,55.84953259470629,20260915T233549_score_74965937,,,,,,,,,,
2026-09-15 23:36:36,2026-09-15,233.61,215.85,239.75,215.85,277144000.0,0.1249,6344310900.0,600869,0.1614829961256993,0.2728505720014151,-0.3862492536040263,0.6875146587444296,-0.0978810548752455,1.289879165457791,0.1555726870477887,0.0961359746901011,1.4961040305311633,6525207135.0,0.447508860594298,22.570824327171465,57.73112590771738,,,,,,,0.743096234309624,0.0,0.2569037656903759,0.0,0.0233251292460216,,-0.0622320415427149,1.0869565217391304,56.95652173913044,73.31521739130436,33.77717391304348,50.6,关键词新闻评分,7,37.72032608695653,1957,0.5176290240163516,0.113719445414239,0.0760575794046669,1.4951757116695867,0.0221765167330702,,,,0.0513208537197229,0.028100445248846,0.1014659651212813,-0.0355946086827017,0.8450363245253095,5423501296.6,线缆部件及其他,47050000000.0,389.59,10.76,24.5744767029778,0.0025668009959187,0.0929368029739777,,,,,,,,,34.47927384879764,低,27.784531322297926,0.0,66.30434782608695,52.55363257927248,20260915T233549_score_74965937,,,,,,,,,,
2026-09-15 23:36:36,2026-09-15,864.07,879.86,896.05,857.28,4126510.0,0.0181,902417900.0,688019,-0.0436096436879062,-0.1970541800892506,-0.1097778137520741,0.2430210216998192,0.0145168171388379,0.5279500911013503,-0.0513848480976969,-0.1432574833273773,0.7961445128923199,285355235.0,-0.1172769276987278,20.62058827561238,41.95395220841044,,,,,,,0.4072736652050547,0.5824090791849381,0.4175909208150619,0.1751354139798834,-0.0133729758474489,,-0.0011864557083134,25.0,40.326086956521735,36.84782608695652,63.47826086956522,50.0,无新闻/中性,5,37.54891304347826,1596,0.5294486215538847,0.1530827163990436,0.0978723978848652,1.5641050971196857,0.0349954414446479,,,,-0.0370553853946674,-0.0336891638563028,0.0465845215634954,0.0024267143654654,0.2283173006553809,1213962745.0,半导体材料,48526000000.0,51.64,9.94,24.6053655737232,0.0193648334624322,0.1006036217303823,,,,,,,,,40.14344481077607,低,27.784531322297926,0.0,92.3913043478261,55.532163630143145,20260915T233549_score_74965937,,,,,,,,,,
2026-09-15 23:36:36,2026-09-15,69.09,67.74,69.36,66.93,25550100.0,0.0371,315266900.0,300328,-0.1721862397653673,-0.1903908210828254,-0.3289747399702823,-0.2767456758488149,-0.0016212232866616,0.8153583822994287,-0.1932544928364715,-0.1169396627580318,0.5589750345716775,5956647799.0,-0.0239992386488329,19.56893014279177,33.526249214909825,,,,,,,0.5555555555555608,0.3333333333333294,0.1111111111111098,0.3333333333333294,0.0073450952357321,,-9.54097911787244e-18,34.78260869565217,14.94565217391304,47.336956521739125,73.69565217391305,47.30128006633965,关键词新闻评分,7,37.47741061532962,1958,0.5188968335035751,0.1335875345627203,0.0968407276556538,1.3794561213721026,0.022727767959192,,,,-0.0423810289852218,-0.0003659114510921,0.0834176894850056,-0.0039700044111161,0.0837827927527342,901186287.438,铝,10819000000.0,-208.52,10.46,23.10456968465185,,0.0956022944550669,,,,,,,,,31.516322176077487,低,27.784531322297926,0.0,61.95652173913043,38.59772287708016,20260915T233549_score_74965937,,,,,,,,,,
2026-09-15 23:36:36,2026-09-15,184.55,181.75,185.08,181.54,6371200.0,0.0151,1137805200.0,603893,-0.0589727658693175,-0.1029121421520237,-0.0095367847411443,0.1852745532802922,-0.0084560829241681,0.5575271849090335,-0.0400359161252837,-0.0876210125775269,0.5604454570244808,1075699367.0,-0.0279903170573928,20.8523669813725,40.85113987346061,,,,,,,0.7909604519773997,0.0593220338983069,0.1497175141242932,0.0593220338983069,0.001050120016219,,-0.0093445406414018,14.130434782608695,54.83695652173913,42.22826086956522,50.97826086956522,49.41935483870968,关键词新闻评分,6,37.14030504908837,1465,0.4887372013651877,0.1563150280077493,0.1023761036511429,1.526870260079528,0.0240558760538173,,,,-0.0201187047965082,-0.0143501474872703,0.0450108076242876,-0.0056895891460144,0.238447943838026,2152457600.0,集成电路,79974000000.0,58.47,16.25,25.10496741879635,0.0171027877544039,0.0615384615384615,,,,,,,,,38.33089751182029,低,27.784531322297926,0.0,84.78260869565217,53.593442506669845,20260915T233549_score_74965937,,,,,,,,,,
2026-09-15 23:36:36,2026-09-15,260.01,260.66,267.59,259.23,7745400.0,0.0559999999999999,774298000.0,002975,-0.017711787760024,-0.0546206296242565,-0.3118977851693461,0.8586708499714775,-0.0039740160489107,0.8691541893615155,-0.0205630653903601,-0.041739911511853,0.6343651171587087,357537036.0,-0.0439489845301807,20.46746737166693,49.114398001629134,,,,,,,0.0777511961722532,0.171052631578949,0.8289473684210509,0.0933014354066957,0.000610746626141,,-0.0003143233390737,26.08695652173913,38.20652173913043,41.141304347826086,32.22826086956521,53.333333333333336,关键词新闻评分,5,35.46648550724638,1460,0.4856164383561643,0.1575556831690319,0.108191108069421,1.4562720169936332,0.0208599021963756,,,,-0.0001143496140626,0.0040699254061253,0.0760158279532176,-0.0069843043632853,0.3690302839335483,1557911898.2245,其它专用机械,19779000000.0,66.56,8.01,23.707886605745685,0.0150240384615384,0.1248439450686641,,,,,,,,,40.58082195104981,低,27.784531322297926,0.0,98.91304347826087,49.752359058055056,20260915T233549_score_74965937,,,,,,,,,,
2026-09-15 23:36:36,2026-09-15,85.11,84.48,85.25,84.13,104135.0,0.41,115035870.42,000729,-0.0219958323686036,-0.2529182879377432,-0.0975323149236192,-0.2430107526881719,-0.0074021854071201,1.4376258299351654,-0.0655952571880478,-0.1683088388516336,0.4798040882524368,29468160.73,-0.0424868629893025,18.560754563080216,39.72685491411966,,,,,,,0.5624999999999937,0.3125000000000063,0.125,0.3125000000000063,-0.0228069280531381,,-1.214306433183765e-17,31.521739130434785,23.315217391304348,27.28260869565217,72.11956521739131,56.48,关键词新闻评分,7,35.177891304347824,1972,0.5324543610547667,0.0662494569170841,0.0601096660675743,1.1021431535255517,0.0071708000246627,1.32,-0.74,-0.63,-0.0637427404673809,-0.0577782299615308,0.0729251217532467,-0.0016544552115339,0.3071436646143249,248253943.9925,啤酒,31765000000.0,16.08,1.95,24.18163089166491,0.0621890547263681,0.5128205128205129,,,,,,,,,37.61673876286768,低,27.784531322297926,0.0,84.78260869565217,48.83238418031915,20260915T233549_score_74965937,,,,,,,,,,
2026-09-15 23:36:36,2026-09-15,11.37,10.72,11.51,10.7,900869.0,12.67,395631926.09,000892,-0.2254335260115606,0.0817356205852675,0.1639522258414765,-0.2601794340924775,-0.0530035335689045,0.9093643634283756,-0.0446909949650224,0.0787964174298077,0.8284065021803088,-5193795.350000001,-2.952334181576427,19.795994859941658,46.58341765541434,,,,,,,0.8024691358024669,0.024691358024693,0.1728395061728401,0.024691358024693,0.0011205387476301,,-0.0163246164912697,8.695652173913043,65.65217391304348,31.30434782608696,45.70652173913044,46.53846153846154,关键词新闻评分,5,34.94188963210703,1964,0.4745417515274949,0.1270628639429005,0.0980938905660168,1.2953188339225643,0.008752390086891,7.16,-5.3,-0.6,0.0512947038452816,0.0589274450989957,0.1018789978678038,-0.0233829334952929,0.4266567935519879,545011142.956,影视动漫,5484000000.0,-14.08,10.85,22.42510059864648,,0.0921658986175115,,,,,,,,,31.337878957528808,低,27.784531322297926,0.0,60.869565217391305,38.85737678240781,20260915T233549_score_74965937,,,,,,,,,,
2026-09-15 23:36:36,2026-09-15,143.34,143.95,145.65,142.32,38876.0,1.07,71348505.98,000026,-0.063739837398374,-0.2720974919093851,-0.2269895822145849,0.1422790033328043,0.004746283241432,0.9542340029320042,-0.0917236114003043,-0.1131123216495271,0.3815786890716711,13740403.52,-0.0769477182123075,18.08308697637036,40.51475697248378,,,,,,,0.183183183183178,0.4894894894894863,0.5105105105105137,0.3063063063063082,-0.0227976618516464,,0.0,42.391304347826086,17.282608695652172,24.02173913043478,57.06521739130435,51.5,关键词新闻评分,6,34.81847826086956,1968,0.4776422764227642,0.0962387420497409,0.0613563496539734,1.568521311852659,0.0139177287004429,2.32,0.47,0.68,-0.0332400965399643,-0.0165283407160656,0.0723763211432541,-0.0001620670494536,0.13533260135445,205845499.41,珠宝首饰,8014000000.0,76.05,2.37,22.80445584916036,0.0131492439184746,0.4219409282700421,,,,,,,,,33.640962368330406,低,27.784531322297926,0.0,61.95652173913043,52.76199082543296,20260915T233549_score_74965937,,,,,,,,,,
2026-09-15 23:36:36,2026-09-15,58.6,57.07,58.91,56.76,14377600.0,0.0432,182257600.0,300996,-0.0771345407503234,-0.2177905701754385,0.127197313845546,0.0402843601895734,-0.0224391915039396,0.3819517645354529,-0.0869384359400997,-0.0883750648935743,0.4981146090429476,339862549.0,-0.4073012702002157,19.02093163443054,34.4952270871154,,,,,,,0.7116279069767452,0.144186046511629,0.1441860465116257,0.144186046511629,-0.0117063321758541,,-0.0034261839745118,22.82608695652174,46.52173913043478,18.586956521739133,65.70652173913044,49.1,关键词新闻评分,7,34.817608695652176,1139,0.4688323090430202,0.1510085566834948,0.1012754011004671,1.4910684632459894,0.0170034693618995,,,,-0.0472214549879704,-0.0320627963994993,0.0447820971738967,-0.0088572420979504,-0.0556042326931456,404878520.0,软件开发,5549000000.0,81.2,4.32,22.43688356829017,0.0123152709359605,0.2314814814814814,,,,,,,,,30.69828494735192,低,27.784531322297926,0.0,56.52173913043478,40.39051816383723,20260915T233549_score_74965937,,,,,,,,,,
2026-09-15 23:36:36,2026-09-15,30.97,29.41,32.11,29.41,80430900.0,0.1752,794380300.0,603318,-0.0010190217391304,-0.0110961667787491,-0.1832824215495695,0.1666005553351843,-0.0639719923615531,0.8407759743025747,-0.0163550620422088,0.0414674740606961,1.1565421946605676,1092616009.0,-0.1542343270807176,20.49307287305646,49.65262924873282,,,,,,,0.5777777777777775,0.0,0.4222222222222225,0.0,0.0024821699073156,,-0.0130193358615201,9.782608695652174,53.04347826086956,40.380434782608695,24.211956521739133,61.76923076923077,关键词新闻评分,8,33.358988294314386,1873,0.5040042712226375,0.1099474758110481,0.0919563110106899,1.1956490490170564,0.0098040599234908,,,,0.0177608741742839,0.0182933501808757,0.0689269927624229,-0.0296931705707687,0.3881025864787518,682153030.0,其它专用机械,5181000000.0,229.49,2.7,22.36826392477906,0.0043574883437186,0.3703703703703703,,,,,,,,,33.71178702658752,低,27.784531322297926,0.0,65.21739130434783,48.88632912685719,20260915T233549_score_74965937,,,,,,,,,,
2026-09-15 23:36:36,2026-09-15,35.84,35.76,36.84,35.62,5653300.0,0.034,193310700.0,301291,0.0133182204590536,-0.1720305626302385,-0.1152894606630381,-0.3750436910171268,-0.0096926059263362,0.4775592307826427,-0.0243636264425833,-0.0802311425093021,1.0794536444277252,125491217.0,-0.2191386216178713,19.079809302191027,42.73924052314437,,,,,,,0.0655737704918073,0.1147540983606556,0.819672131147537,0.1147540983606556,-0.0148154743571722,,-0.0086355870273771,15.217391304347828,47.60869565217392,31.35869565217391,30.543478260869563,49.1,关键词新闻评分,10,31.46434782608696,640,0.5765625,0.1082752894870063,0.1086030968186926,0.9969816023549172,0.0164408477856869,,,,-0.0389903066532825,-0.0418102527835857,0.0388902205177373,-0.008686009979671,0.3749268608791598,220259514.728,,10613000000.0,28.76,2.09,23.085345501726096,0.0347705146036161,0.4784688995215311,,,,,,,,,38.0858846713946,低,27.784531322297926,0.0,96.7391304347826,36.017994584991364,20260915T233549_score_74965937,,,,,,,,,,
2026-09-15 23:36:36,2026-09-15,154.78,156.24,159.68,153.92,421207.0,2.78,2422251383.57,002156,-0.0171730515191544,-0.1876884683373193,-0.1613076386279456,0.3605015673981191,0.0092371293844066,0.5028754697109189,-0.052174677946257,-0.1227983167878608,0.0229179770581259,14938198812.0,-0.0131939642439683,21.607963268834137,41.51628695903157,,,,,,,0.2534722222222227,0.4027777777777802,0.5972222222222199,0.1493055555555574,-0.0481978553455375,,-0.0084487781967068,16.304347826086957,40.27173913043478,26.195652173913043,49.51086956521738,49.41935483870968,关键词新闻评分,7,30.906609396914444,1970,0.5106598984771573,0.1390091872643207,0.0885253366807744,1.5702757253055464,0.0276674202170762,3.72,0.92,1.43,-0.0319869603160485,-0.0273466637985664,0.0428918879379708,-0.00238379022646,0.1605974052171316,4483916181.0135,集成电路,86306000000.0,34.19,5.12,25.181164957532143,0.0292483182217022,0.1953125,,,,,,,,,36.23908687209011,低,27.784531322297926,0.0,88.04347826086956,35.3002121548455,20260915T233549_score_74965937,,,,,,,,,,
2026-09-15 23:36:36,2026-09-15,300.89,306.3,318.34,298.28,6755179.0,0.0323,2088937200.0,688702,-0.0280818657782007,-0.2972675338977217,-0.0056163360711617,0.8563636363636364,0.018013826110077,0.6940085634200135,-0.1135049404083143,-0.1551265448316665,1.02177573276452,192695229.0,-0.2245320627309936,21.459921257316942,38.06396863068839,,,,,,,0.2696909272183462,0.3998005982053857,0.6001994017946143,0.1301096709870395,-0.0215503659448974,,-0.01187095656713,11.956521739130435,29.40217391304348,31.68478260869565,47.71739130434782,46.14285714285714,关键词新闻评分,7,27.258307453416148,586,0.6296928327645052,0.2219323016531676,0.1012509752885946,2.1919028534845832,0.1022552178709792,,,,-0.0606581794642523,-0.0403668467357651,0.0715568303717177,-0.0043557404758806,0.1601462337726429,2311120545.0,通信传输设备,133168000000.0,-925.93,59.17,25.61487732595015,,0.0169004563123204,,,,,,,,,28.4363657095805,低,27.784531322297926,0.0,48.91304347826087,35.45598411492633,20260915T233549_score_74965937,,,,,,,,,,
2026-09-15 23:36:36,2026-09-15,219.78,228.77,235.77,218.55,13694134.0,0.0944999999999999,3118341300.0,688146,-0.0016147333507897,-0.2140108568679997,-0.3280956296992481,4.342596917328351,0.044993604969852,0.6015560826253353,-0.0536761725116444,-0.1782711378378296,1.153673181031598,957113828.0,-0.0807058364435317,21.86056706310531,41.95225860042756,,,,,,,0.5220673635307788,0.5934959349593496,0.4065040650406504,0.0714285714285708,-0.0128248518150311,,-0.0276527300591622,2.1739130434782608,24.347826086956523,47.22826086956522,59.34782608695652,50.0,无新闻/中性,5,27.22826086956522,682,0.5190615835777126,0.2524920178864149,0.0806487177189478,3.1307629560375965,0.0922718400586157,,,,-0.0593542166718547,-0.0548226680779506,0.0564228576424231,0.0047138737208858,0.2773730675914037,2915678500.0,,120198000000.0,233.13,20.01,25.512406219973983,0.0042894522369493,0.0499750124937531,,,,,,,,,39.92681122309078,低,27.784531322297926,0.0,97.82608695652172,46.84156290064704,20260915T233549_score_74965937,,,,,,,,,,
2026-09-15 23:36:36,2026-09-15,28.75,28.18,29.04,28.17,8394264.0,0.0204999999999999,238767000.0,688158,-0.0450694679769569,-0.196005706134094,-0.2485333333333333,-0.3406644829199813,-0.0191437521754264,0.4298067856133989,-0.0667638097761292,-0.1329853241305751,0.5909852596162745,1996335154.0,-0.0624815689214277,19.29099874316688,34.644725654523405,,,,,,,0.6551724137931058,0.0114942528735609,0.3333333333333333,0.0114942528735609,-0.015347346030744,,-0.0120398541021982,10.869565217391305,34.94565217391305,23.097826086956523,34.130434782608695,40.7906976744186,关键词新闻评分,10,24.652439332659256,1470,0.4020408163265306,0.1781756262971658,0.1059331892659957,1.6819622587758698,0.0082901508685814,,,,-0.0398528687651391,-0.0336781532516024,0.0389587346649092,-0.0099543272045907,0.0740199628415414,432966035.0,IT服务,13747000000.0,-277.29,5.59,23.344086455435693,,0.1788908765652951,,,,,,,,,39.05425674125053,低,27.784531322297926,0.0,100.0,38.12598229707438,20260915T233549_score_74965937,,,,,,,,,,
2026-09-15 23:36:36,2026-09-15,517.73,512.42,526.94,510.08,235222.0,2.99,3991241269.35,002281,-0.0633374156872065,-0.1462939206637457,-0.365824680387619,1.075247043576867,-0.0197421280177526,0.6718668801669125,-0.0375119038451065,-0.1267255189338425,0.0142835360420003,5455587382.0,-0.0013420057060523,22.10736811479388,43.193273593690485,,,,,,,0.314946619217084,0.1387900355871865,0.5462633451957294,0.1387900355871865,-0.0150700836490358,,-0.0206519452607697,6.521739130434782,28.097826086956523,27.60869565217392,43.09782608695652,50.31578947368421,关键词新闻评分,8,24.170165903890165,1971,0.517503805175038,0.1334623303021119,0.078430352238803,1.7016668482598247,0.0312249172648667,3.23,-1.97,-10.32,-0.0162964387367767,-0.016701439295392,0.0583408141758713,-0.0078609045848824,0.1681819078848491,5368620375.7485,通信传输设备,138830000000.0,120.08,9.6,25.65651599999312,0.0083277814790139,0.1041666666666666,,,,,,,,,36.76127451563946,低,27.784531322297926,0.0,84.78260869565217,43.12928919879762,20260915T233549_score_74965937,,,,,,,,,,
2026-09-16 00:46:36,2026-09-15,24.56,25.3,25.3,24.56,6055200.0,0.0245,141441100.0,002882,-0.0361904761904762,0.0784313725490195,0.099521946979574,-0.1417910447761193,0.0919292188174363,0.7099316075709056,0.0289572149015779,0.1258621968404658,0.5711883851117132,2255314472.0,0.0341776370560121,18.76739394104277,54.93329617933807,,,,,,,1.0,1.0,0.0,0.0,0.0121498717486055,,0.0249891525554513,96.7032967032967,75.43956043956044,68.24175824175825,76.40109890109889,50.0,无新闻/中性,3,78.99450549450547,1966,0.4669379450661241,0.1146772271263471,0.0708883311814044,1.617716558073376,0.0157592692898651,,,,0.0156421916371903,0.0238351414111522,0.0484754376058724,0.0098456625864822,0.6489218803787451,334899040.66550004,线缆部件及其他,10519000000.0,133.72,4.98,23.07644898270355,0.0074783128926114,0.2008032128514056,,,,,,,,,45.81378810865152,低,27.784531322297926,0.0,100.0,83.18952474641425,20260916T004635_score_69746293,1.0,新进,,,,,,,,
2026-09-16 00:46:36,2026-09-15,51.07,49.92,51.87,49.89,19312500.0,0.05,335499400.0,605277,0.0458830923947204,0.1289009497964721,-0.028793774319066,-0.0476917207172834,-0.0405535268114549,0.6167941396042805,0.0340756084930089,0.0658885073219337,1.0660971982551612,546322036.0,0.1059812413551,19.631130728979485,54.83883648097551,,,,,,,0.580808080808081,0.0151515151515157,0.4040404040404032,0.0151515151515157,0.0103187300704107,,0.0260071381869801,97.8021978021978,79.01098901098901,65.87912087912088,30.32967032967033,55.48640865634246,关键词新闻评分,8,75.74094855794193,1236,0.4919093851132686,0.1199177035541414,0.0734667914924349,1.6322708684847038,0.0216608565563663,,,,0.0305345926850853,0.0263146144307635,0.0494934752747252,-0.0126582278481012,0.6374511534366231,309761140.0,线缆部件及其他,6594000000.0,26.34,3.74,22.60942598159595,0.037965072133637,0.267379679144385,,,,,,,,,43.0359083402932,低,27.784531322297926,0.0,99.98805542283804,64.68625239357473,20260916T004635_score_69746293,2.0,+1,,,,,,,,
2026-09-16 00:46:36,2026-09-15,28.1,27.56,28.25,27.47,36463000.0,0.0174,312190300.0,002739,-0.0264924055104203,-0.0306014773126979,0.0325964780816785,-0.1103938024531956,-0.0202630643441166,0.2748452215211644,-0.0015216288674733,-0.0543832561331273,1.074516815863276,2382179274.0,0.0420773274062487,19.55912349893907,45.06457079647418,,,,,,,0.6923076923076947,0.115384615384615,0.1923076923076902,0.115384615384615,-0.0035481598498467,,0.0089103494607655,86.81318681318682,73.95604395604396,60.71428571428571,59.010989010989015,64.18181818181819,关键词新闻评分,9,73.33576423576424,1761,0.416808631459398,0.0884786727457534,0.0704008425170671,1.256784288118479,-0.0041784891934383,,,,-0.0080679982616523,-0.0119196310110189,0.0263580758863778,-0.0072046109510087,0.4884277066897159,478338368.4345,影视动漫,17866000000.0,-101.09,2.49,23.60616530222606,,0.4016064257028112,,,,,,,,,46.59826124939668,低,27.784531322297926,0.0,99.97611084567606,88.45119789048059,20260916T004635_score_69746293,3.0,新进,,,,,,,,
2026-09-16 00:46:36,2026-09-15,30.05,31.75,32.06,29.6,12925700.0,0.113,214508500.0,003001,0.0365654587006203,-0.0413647342995168,0.1339285714285714,-0.0410752038659015,0.0565723793677204,0.4246994865000181,0.0443907172579398,0.0110016080498018,6.280209878349327,-190725355.0,0.0031631433934905,19.183859927248665,52.275234349379154,,,,,,,0.6910569105691051,0.8739837398373975,0.1260162601626025,0.1829268292682923,-0.0025114109756871,,5.702903427273752e-17,68.13186813186813,78.35164835164835,78.07692307692308,84.23076923076923,50.0,无新闻/中性,4,72.47252747252746,1293,0.4586233565351895,0.1208719118640578,0.0893578454018968,1.352672631266152,0.0070584315189934,,,,-0.0186955229240562,-0.0233716487851436,0.0273565804274465,0.0196981051279305,1.0550007822068002,89850580.6375,其他专业工程,2838000000.0,-105.81,2.45,21.766365415684263,,0.4081632653061224,,,,,,,,,43.71364961992088,低,27.784531322297926,0.0,86.99235547061635,86.53212752738823,20260916T004635_score_69746293,4.0,新进,,,,,,,,
2026-09-16 00:46:36,2026-09-15,68.54,69.37,69.51,68.14,25751400.0,0.0078,354648300.0,601058,-0.0373300027754648,0.005653812699333,0.1672555948174323,0.074171570145556,0.0147747220596841,0.3493482866743894,-0.0276892025425569,0.0271533524013058,0.6407080795365357,2996411535.0,0.0845123361690382,19.68663715496224,46.40615645875457,,,,,,,0.6058394160583909,0.8978102189781021,0.1021897810218978,0.2919708029197112,0.0015270321824229,,5.204170427930421e-17,64.28571428571429,79.34065934065934,67.19780219780219,86.64835164835165,59.0,关键词新闻评分,10,70.33956043956044,1971,0.5560629122272958,0.0923081442475439,0.0644352255381393,1.432572687945454,0.0227239491372075,,,,0.0060162327450603,0.0153673669124382,0.0321567577586029,0.0052651917689112,0.3134662608173313,586519665.0,轮胎,50505000000.0,13.11,2.23,24.64533817822756,0.07627765064836,0.4484304932735426,,,,,,,,,45.98652463873273,低,27.784531322297926,0.0,96.78690874343047,88.6252232890484,20260916T004635_score_69746293,5.0,新进,,,,,,,,
2026-09-16 00:46:36,2026-09-15,24.99,24.28,25.21,24.21,21689100.0,0.0494,515824300.0,603533,-0.0448465774980331,0.0946798917944093,0.0635129215943934,-0.0311252992817238,-0.0256821829855538,0.6672809124721478,0.0356152697803369,0.1080686381891202,0.6792960209265682,1111010066.0,-0.0106954341503983,20.061276763523903,53.64882758655274,,,,,,,0.7099999999999973,0.0700000000000002,0.2200000000000024,0.0700000000000002,0.0114808760376869,,0.0087150238859229,85.71428571428571,79.17582417582418,50.27472527472527,49.45054945054945,51.267605633802816,关键词新闻评分,10,69.92071660733633,1958,0.4305413687436159,0.1551882218635878,0.0987223437653723,1.5719665472328597,0.0105966586989858,,,,0.0319080611254668,0.0290460185861298,0.0591903977406448,-0.0116689280868385,0.6130295102685546,757268090.0,移动互联网服务,10534000000.0,-158.51,4.63,23.077873958007608,,0.2159827213822894,,,,,,,,,43.31485910024205,低,27.784531322297926,0.0,95.71189679885332,72.24746895854673,20260916T004635_score_69746293,6.0,+2,,,,,,,,
2026-09-16 00:46:36,2026-09-15,51.72,54.88,55.82,51.72,60076200.0,0.1215,1619059400.0,603011,0.0311912814731305,0.0635658914728682,-0.2289969092441697,0.2967863894139886,0.0473282442748093,0.7836515546302462,0.0742248668963356,0.111703815742385,1.179200322848098,4511837732.0,0.0226566023108719,21.205111200900905,59.07399456288365,,,,,,,0.7707317073170739,0.7707317073170739,0.2292682926829262,0.0,0.0093106558281926,,0.0003583080170011,72.52747252747253,64.61538461538463,79.78021978021978,65.08241758241758,51.901955000865385,关键词新闻评分,8,69.1929427528338,1964,0.5336048879837068,0.1353900164251299,0.0962687059959885,1.4063761948848834,0.0273455206319809,,,,0.030895641186336,0.0296339596418892,0.0661443148688046,0.013668267454747,0.81628932888145,1295419140.0,机械设备,11965000000.0,-40.9,6.44,23.20525155830675,,0.15527950310559,,,,,,,,,37.87967630339183,低,27.784531322297926,0.0,55.506450071667466,89.62017928245973,20260916T004635_score_69746293,7.0,新进,,,,,,,,
2026-09-16 00:46:36,2026-09-15,97.36,94.62,98.22,94.4,591646.0,0.0112,55740700.0,688667,-0.0136557906807046,-0.0502860584161396,-0.256073590691092,-0.0356706074194863,-0.0108718377587287,0.4807091429574897,0.0183994274059444,-0.048201840491826,0.8272828876360049,33394504.0,0.0438292256894517,17.836221156185857,50.836362557996885,,,,,,,0.7172774869109947,0.057591623036649,0.2251308900523563,0.057591623036649,-0.0057789913549936,,0.022245369172462,95.6043956043956,59.06593406593407,48.73626373626374,45.82417582417583,54.0,关键词新闻评分,8,67.95769230769231,1189,0.479394449116905,0.1565186393423976,0.1202787537927305,1.301299143921271,0.0124163800062795,,,,0.0051551602821111,-0.0022499435884311,0.0493100220430594,-0.011767163347723,0.6425248400104847,65317495.0,汽车零部件,4664000000.0,29.65,2.57,22.2631392859946,0.0337268128161888,0.3891050583657587,,,,,,,,,42.07298785852031,低,27.784531322297926,0.0,98.82943143812707,59.811614494703406,20260916T004635_score_69746293,8.0,+1,,,,,,,,
2026-09-16 00:46:36,2026-09-15,97.02,97.06,97.34,95.96,84186.0,0.99,193562785.8,000034,-0.0140186915887849,0.0492972972972973,0.0646045848415048,0.1135842129417163,0.0,1.1837067282239968,0.0113893317494555,0.0202969646533222,0.4584940757561441,38479058.6,-0.0166616801743891,19.08111249738856,52.20505623519652,,,,,,,0.0289855072463811,0.7971014492753629,0.202898550724637,0.7681159420289818,-0.0047986472822352,,0.0075066881857093,84.61538461538461,65.65934065934066,43.2967032967033,73.4065934065934,50.85714285714285,关键词新闻评分,9,67.11593406593407,1878,0.5079872204472844,0.121094187522221,0.0864538534052308,1.4006800478241537,0.0189778990147846,1.42,0.0,0.0,0.0081099316385632,0.0064339701241299,0.0558123105001324,0.0028240804518528,0.5559104052557283,434103017.9755,IT服务,23853000000.0,40.25,2.09,23.895175832533862,0.0248447204968944,0.4784688995215311,,,,,,,,,44.310018532407824,低,27.784531322297926,0.0,99.90444338270426,73.29180306118394,20260916T004635_score_69746293,9.0,新进,,,,,,,,
2026-09-16 00:46:36,2026-09-15,5.68,5.35,5.72,5.32,1000670.0,8.61,544533134.28,001330,-0.1258169934640524,0.0873983739837398,-0.1666666666666667,-0.2074074074074074,-0.0547703180212014,0.8250435959433382,-0.0204156367298361,0.0166914768948152,0.0285014169199141,4041961310.0,0.0337153266003943,20.115439352994454,47.08948649966571,,,,,,,0.8250000000000013,0.0749999999999985,0.1000000000000002,0.0749999999999985,0.0160925918272716,,0.0120185636587671,89.01098901098901,61.31868131868132,45.604395604395606,57.472527472527474,53.333333333333336,关键词新闻评分,8,66.68498168498168,845,0.4757396449704142,0.1365352584115949,0.124102069136223,1.1001851891907162,-0.0001065594625865,7.07,-5.48,-0.31,0.0279083283085447,0.0284139009551178,0.0777036048064085,-0.0207443563148262,0.4521425241685644,730641180.7184999,影视动漫,7931000000.0,-13.73,2.14,22.7940449680476,,0.4672897196261682,,,,,,,,,44.16065641552336,低,27.784531322297926,0.0,99.0205446727186,73.47458722860178,20260916T004635_score_69746293,10.0,新进,,,,,,,,
2026-09-16 00:46:36,2026-09-15,236.33,246.21,250.21,235.5,14349700.0,0.0648,3495850000.0,300666,0.0423793395427605,-0.1199871327471583,-0.1634899602487003,0.8657926644437708,0.0318943839061189,0.6442451004772655,0.0290844571507389,-0.0687955158765428,1.5154261488805942,1710698161.0,-0.0096600727111632,21.974842387926767,52.19374106635345,,,,,,,0.6716519374575112,0.7280761386811694,0.2719238613188305,0.0564242012236581,-0.0144021456784529,,0.0044412891635913,83.51648351648352,51.20879120879121,61.37362637362638,66.20879120879121,54.09090909090909,关键词新闻评分,4,66.33766233766235,1956,0.5066462167689162,0.1279373167350321,0.0820897487422836,1.5585054004329386,0.0243196694008758,,,,-0.0137450000927692,-0.0193713735267234,0.0516080929752185,0.0091676685976609,0.6974457264971379,2811118860.839,半导体材料,60763000000.0,77.25,8.33,24.830246888043643,0.0129449838187702,0.120048019207683,,,,,,,,,46.00956918459548,低,27.784531322297926,0.0,97.94553272814144,87.23402161518544,20260916T004635_score_69746293,11.0,新进,,,,,,,,
2026-09-16 00:46:36,2026-09-15,54.83,56.71,57.86,54.83,288387.0,6.88,484823267.84,002272,0.0148532569792412,0.0269829771821803,-0.2660799792933868,0.0017664723547077,0.0190476190476189,0.6496000641803996,0.0285289370114443,-0.0422980793046766,0.06523565003509,62372508.0,0.0807761292855005,19.99929498834975,52.99398178453851,,,,,,,0.6204620462046211,0.6204620462046211,0.3795379537953789,0.0,0.0026100128459299,,0.0034660587016871,82.41758241758241,59.61538461538462,59.450549450549445,55.9065934065934,49.00479098791927,关键词新闻评分,9,66.13124832956116,1963,0.5043301069791136,0.1483531665564794,0.0935339884074565,1.586088320218073,0.0284569863323787,5.44,1.9,1.06,0.0052574683998249,0.0035855268881557,0.0471320250900571,0.0043093270365996,0.6572083295837123,490678496.614,机械基础件,8190000000.000001,-236.57,5.57,22.82617973481139,,0.1795332136445242,,,,,,,,,34.54068392452678,低,27.784531322297926,0.0,47.9574773053034,77.42552711184484,20260916T004635_score_69746293,12.0,新进,,,,,,,,
2026-09-16 00:46:36,2026-09-15,86.33,83.72,87.82,83.48,10636500.0,0.0697,900861700.0,301021,0.1449671772428882,0.0314155476161142,-0.295167536622327,0.6284769500097258,-0.033702677746999,1.0022093371663887,0.089529610036374,0.04272446848702,1.3947459246363958,597447990.0,-0.0626410411680826,20.6188623087855,57.48767191352799,,,,,,,0.601382488479264,0.0552995391705058,0.3433179723502301,0.0552995391705058,0.0071803113998958,,0.0126725266702423,90.10989010989012,54.17582417582418,49.61538461538462,38.2967032967033,66.71428571428572,关键词新闻评分,8,65.50659340659341,1121,0.5182872435325602,0.1648163825271764,0.1154120822736954,1.4280687019953469,0.0298267563073095,,,,0.0209586923584632,0.0091028296851396,0.0749180943280322,-0.0151360677593915,0.9272785022344168,777914792.4219999,其他电子,10675000000.0,142.34,10.15,23.0911703960611,0.0070254320640719,0.0985221674876847,,,,,,,,,42.1230110444817,低,27.784531322297926,0.0,98.76970855231724,60.22473291552584,20260916T004635_score_69746293,13.0,新进,,,,,,,,
2026-09-16 00:46:36,2026-09-15,144.67,142.75,147.3,141.35,252590800.0,0.1967,4158423500.0,600172,0.1314996829422956,0.1427313480627601,-0.0348860793725914,1.0054790671536948,-0.0103300055463118,1.2631671384658334,0.1313920679707065,0.1718252974712377,1.4487472178925032,10776288499.0,0.08391016621852,22.14840187328801,60.89903277520904,,,,,,,0.322689075630249,0.2352941176470591,0.4420168067226918,0.2352941176470591,0.0334015812993912,,4.250072516143178e-17,59.34065934065934,72.19780219780219,79.78021978021978,54.12087912087912,53.10344827586207,关键词新闻评分,9,65.49715801439939,1958,0.4882533197139939,0.1685177382042104,0.1055786984058709,1.596133886367741,0.0282497966907775,,,,0.0360996668058943,0.0327014974876115,0.0858744058043532,-0.0073018080667592,0.978542242598696,3517139220.0,磨具磨料,22772000000.0,-26.08,67.38,23.848797548035247,,0.0148411991688928,,,,,,,,,45.9492122573829,低,27.784531322297926,0.0,96.8944099378882,88.23313915410588,20260916T004635_score_69746293,14.0,-13,,,,,,,,
2026-09-16 00:46:36,2026-09-15,97.98,98.49,99.28,95.32,33349500.0,0.0438,421974100.00000006,002169,0.0288310874334063,-0.02,-0.1040662239607024,-0.0712871287128713,0.0418914630276101,0.437019580601847,0.0208809490492405,0.0116583637204046,2.174635428478722,6190647217.0,-0.0111591738513005,19.86045449807903,54.11617633865214,,,,,,,0.1287878787878762,0.8005050505050493,0.1994949494949506,0.671717171717173,0.0009703052014412,,3.5561831257524545e-17,54.94505494505495,70.21978021978022,73.18681318681318,75.93406593406594,56.0,关键词新闻评分,9,64.61648351648351,1960,0.4862244897959183,0.1216983445861857,0.0786605158564748,1.5471338226186877,0.0187588688383494,,,,-0.0028174706072912,-0.00196989202793,0.0343689714691846,0.0081203725818008,0.7066700461426213,234577268.4035,工控自动化,9799000000.0,41.79,3.49,23.00554617660009,0.0239291696578128,0.2865329512893982,,,,,,,,,46.820141612502525,低,27.784531322297926,0.0,99.83277591973244,90.12151354577772,20260916T004635_score_69746293,15.0,新进,,,,,,,,
2026-09-16 00:46:36,2026-09-15,55.46,55.8,56.25,54.62,3613900.0,0.0223,113677000.0,300727,-0.0065871461634324,0.1106687898089171,-0.0743198407431984,0.0590244828240653,-0.0005373455131649,0.5211960605700534,0.0700006711473741,0.050046574646456,1.084807031232951,922806528.0,0.0300270518149433,18.548871660335465,59.22351506733223,,,,,,,0.2085889570552121,0.7239263803680969,0.2760736196319031,0.5153374233128847,0.0172809032404603,,1.9081958235744878e-17,41.75824175824176,82.41758241758241,79.45054945054946,72.14285714285714,51.0,关键词新闻评分,5,63.42417582417583,1971,0.4931506849315068,0.1304269930025985,0.0991296532595455,1.315721267188426,0.0140763640752104,,,,0.0228719863427276,0.0170505355029251,0.0484383000512032,0.0043799124017518,0.8065505074433243,148359443.508,纺织化学用品,5494000000.0,53.55,4.06,22.42692242461949,0.0186741363211951,0.2463054187192118,,,,,,,,,42.86396740300994,低,27.784531322297926,0.0,93.65742952699476,71.98081400614407,20260916T004635_score_69746293,16.0,-11,,,,,,,,
2026-09-16 00:46:36,2026-09-15,90.02,88.12,90.64,88.08,7511500.0,0.0104,147298400.0,603613,-0.0311159978009895,0.0482988341660719,0.0014774406182522,-0.2114541387024607,-0.0196907331182556,0.4700365919853587,0.0142375378382424,0.0282620364535928,0.6522278990125626,121777704.0,0.1765404274951069,18.80797102597679,50.94090491681224,,,,,,,0.742187499999996,0.0156250000000024,0.2421875000000015,0.0156250000000024,0.0136406907336246,,4.163336342344337e-17,57.692307692307686,78.62637362637362,63.9010989010989,39.78021978021978,59.0,关键词新闻评分,8,62.50714285714285,1587,0.5066162570888468,0.1135967014761825,0.0999857334004622,1.1361291017510045,0.0082186003366659,,,,0.0110098176736168,0.0088434613221663,0.0361601063484857,-0.0092939589266977,0.5811916495718825,224041635.0,互联网信息服务,14901000000.0,11.22,1.52,23.424694161739733,0.089126559714795,0.6578947368421053,,,,,,,,,43.04367903821009,低,27.784531322297926,0.0,91.49546106067844,76.06151619590011,20260916T004635_score_69746293,17.0,-15,,,,,,,,
2026-09-16 00:46:36,2026-09-15,26.89,26.4,27.3,26.36,6996298.0,0.027,133791900.0,688207,-0.0269074824917066,-0.1108117211182216,-0.0608324439701174,0.3233082706766916,-0.0229459659511472,0.6548509480171084,0.0263986625714398,-0.0047187890745268,0.6714919762622148,194724453.0,-0.0143469175429799,18.7117961731836,51.6719903165342,,,,,,,0.5212765957446822,0.0425531914893607,0.436170212765957,0.0425531914893607,-0.0066705659858171,,0.0170659397918157,94.5054945054945,55.05494505494506,37.417582417582416,30.76923076923077,50.9,关键词新闻评分,10,62.491098901098894,952,0.4558823529411764,0.1482987897721935,0.0992731460247046,1.4938459765875516,0.0135905305885871,,,,0.0046238365844669,-0.0021474349488982,0.0593073593073593,-0.0107419435423433,0.6332068420380383,192331025.0,集成电路,4454000000.0,-22.1,1.8,22.217068405781585,,0.5555555555555556,,,,,,,,,41.57056378024903,低,27.784531322297926,0.0,99.79694218824656,55.17210630606897,20260916T004635_score_69746293,18.0,新进,,,,,,,,
2026-09-16 00:46:36,2026-09-15,6.4,6.29,6.48,6.25,143831900.0,0.0336,868478700.0,601118,-0.2291666666666666,0.051839464882943,0.0752136752136753,-0.1078014184397162,-0.029320987654321,0.8264583626395425,-0.0935946393832408,0.0742037400734352,0.7426845722730642,8012231654.0,0.0576017099295815,20.58225361945295,44.474139702884216,,,,,,,0.4782608695652179,0.1739130434782607,0.3478260869565214,0.1739130434782607,0.0076272501692317,,5.898059818321144e-17,70.32967032967034,58.40659340659341,61.92307692307692,55.0,51.934191526303785,关键词新闻评分,10,62.295067504278734,1858,0.5048439181916039,0.0641368090430848,0.0528976955555188,1.2124688678691111,0.0061864623096535,,,,0.0483145716894686,0.059377627250741,0.0939132409720645,-0.0078864353312302,0.238492947902598,1307011485.0,其他种植业,30084000000.0,-523.54,3.17,24.127259305910567,,0.3154574132492113,,,,,,,,,40.57370586924219,低,27.784531322297926,0.0,66.51935021500239,92.89650953034888,20260916T004635_score_69746293,19.0,新进,,,,,,,,
2026-09-16 00:46:36,2026-09-15,68.59,71.71,72.25,67.8,30244100.0,0.0491,2038410500.0,603650,0.1510433386837881,-0.0254145148138081,-0.0204890042343942,0.4082875098193241,0.0272167311273454,0.5365030487808079,0.0873636246465043,-0.0028297885654295,1.7434717305041114,1798996037.0,-0.0340791479877641,21.43543617491833,59.64408661698904,,,,,,,0.7011235955056153,0.8786516853932571,0.1213483146067429,0.1775280898876417,0.0056708841188826,,2.775557561562892e-17,45.05494505494506,74.39560439560441,70.93406593406593,85.2197802197802,50.0,无新闻/中性,3,62.07692307692307,1850,0.4967567567567567,0.1370631719339552,0.0886021804079612,1.5469503267623823,0.0234986081337799,,,,0.0020026918958474,-0.0123390259119908,0.0434986154551069,0.015914242538723,0.9671380231191712,1109687730.0,其他化学制品,35215000000.0,58.63,8.39,24.284737965143783,0.0170561146170902,0.1191895113230035,,,,,,,,,40.98013499677217,低,27.784531322297926,0.0,83.46870520783564,73.00689705677112,20260916T004635_score_69746293,20.0,新进,,,,,,,,
2026-09-16 00:46:36,2026-09-15,132.52,129.32,133.32,128.92,8892800.0,0.0401999999999999,287928200.0,300191,-0.1582921114293152,-0.0488378934980877,0.1102335164835164,-0.1337084673097535,-0.0208964264082375,0.5294188526036794,-0.0992045248742703,0.0210655970691342,1.9394081719138088,1001315424.0,0.0111546677364982,19.47822170493596,40.03341675918912,,,,,,,0.7272727272727302,0.090909090909092,0.1818181818181777,0.090909090909092,-0.01129840641343,,5.551115123125783e-17,67.03296703296702,58.29670329670329,56.92307692307692,55.65934065934066,50.0,无新闻/中性,5,59.98626373626373,1963,0.4681609780947529,0.12015342828035,0.0759082151614238,1.5828777955697657,0.0158801955991417,,,,0.0138837173228143,0.0334093198657129,0.062988820644249,-0.0091939932577383,0.0558347450431029,614382006.9455,油气钻采服务,11731000000.0,62.1,9.54,23.185500747469995,0.0161030595813204,0.1048218029350104,,,,,,,,,44.41667450988324,低,27.784531322297926,0.0,85.02150023889155,93.8467671027703,20260916T004635_score_69746293,21.0,-15,,,,,,,,
2026-09-16 00:46:36,2026-09-15,128.21,131.76,135.83,127.69,61934400.0,0.0613,3086898500.0,601208,0.0401010419955791,-0.002196137826581,-0.3061611374407583,0.6697503484982892,0.0217121588089328,0.677497924015099,0.0403186647033044,-0.0024303268448906,1.0401030927055963,4533384644.0,0.0378053006488873,21.850432702431235,54.67938419969616,,,,,,,0.4361179361179332,0.4999999999999983,0.5000000000000018,0.063882063882065,0.0019262097826961,,5.204170427930421e-17,64.28571428571429,55.27472527472527,67.74725274725274,49.340659340659336,51.285714285714285,关键词新闻评分,6,59.93076923076922,1966,0.5447609359104781,0.1263110990889064,0.07444778210848,1.696640188754783,0.0349178139049487,,,,0.0102864020240683,0.0074660855063008,0.0618874143464307,0.0,0.7144103969151541,2842916565.0,其他塑料制品,46600000000.0,114.54,7.56,24.56486637807801,0.0087305744718002,0.1322751322751323,,,,,,,,,45.23871417227279,低,27.784531322297926,0.0,98.07692307692308,81.91980106799198,20260916T004635_score_69746293,22.0,新进,,,,,,,,
2026-09-16 00:46:36,2026-09-15,802.19,811.79,822.59,795.59,92226700.0,0.1081,6112773199.999999,300285,0.1019424724103759,-0.1017140454349294,-0.2629203893368199,1.1008514272404957,0.0119672396813721,0.8308119714206079,0.036418070512534,-0.0533879965678382,1.3308600836269788,4436749696.0,-0.0140019506359599,22.533646386208712,52.50076117399606,,,,,,,0.3555555555555522,0.5999999999999974,0.4000000000000025,0.2444444444444453,-0.0079452961839642,,6.167755108726912e-17,71.42857142857143,44.12087912087911,59.45054945054945,66.8131868131868,50.0,无新闻/中性,3,59.60164835164835,1967,0.5185561769191662,0.1206556739018706,0.0786774338478528,1.5335486682902713,0.0246879804402599,,,,-0.0158904703035431,-0.0206693738294927,0.0580410486174292,0.0022222496574029,0.6848757739993944,5525434225.997,无机盐,60212000000.0,93.88,8.27,24.82113750494467,0.0106518960374946,0.120918984280532,,,,,,,,,38.44498820570315,低,27.784531322297926,0.0,66.56712852365027,78.64135402855813,20260916T004635_score_69746293,23.0,新进,,,,,,,,
2026-09-16 00:46:36,2026-09-15,101.0,101.93,105.37,98.19,5920666.0,0.0489,607957200.0,688031,-0.0652911508482346,-0.1174891774891774,-0.125889717862962,-0.298823691270551,0.0373498880521065,0.8474303834856348,-0.0347080827690704,-0.0183889560331087,0.9671077507751938,237680779.0,-0.0117748544441184,20.225615044360627,46.66516998808935,,,,,,,0.129526462395544,0.5208913649025078,0.4791086350974922,0.3913649025069637,0.0024657074674904,,0.0007542290806164,74.72527472527473,39.94505494505495,59.3956043956044,59.83516483516484,50.0,无新闻/中性,7,59.002747252747255,811,0.4414303329223181,0.2545527811331989,0.1509532483748928,1.686302109253167,0.0280494132328714,,,,-0.0064460672644855,0.0033720823977774,0.0827598772266681,0.0009820288716488,0.3098158142708457,655050395.0,软件开发,12826000000.0,-59.64,17.11,23.274740197673083,,0.0584453535943892,,,,,,,,,34.517686597061505,低,27.784531322297926,0.0,48.10081223124701,77.08109836081817,20260916T004635_score_69746293,24.0,新进,,,,,,,,
2026-09-16 00:46:36,2026-09-15,58.42,55.83,59.12,55.63,81300600.0,0.1367,1021826200.0,603466,-0.0208698702209751,0.0050405040504051,0.1370672097759673,0.3026131591227252,-0.0443341321465252,0.5691961094107055,0.0312534633713843,0.0750700441928307,1.110963909858994,3253852656.0,0.1412806303270116,20.744857256536527,53.07169846219748,,,,,,,0.7421203438395436,0.0573065902578785,0.2005730659025778,0.0573065902578785,0.0054445063549957,,2.862293735361732e-17,46.15384615384615,78.5164835164835,63.9010989010989,47.362637362637365,51.21621621621622,关键词新闻评分,9,58.42107217107217,1965,0.4977099236641221,0.1089858657171095,0.0913309483161381,1.1933070632296472,0.0083687179049896,,,,0.0268866406733009,0.0220578684457681,0.0603746065863206,-0.0181146676046428,0.6514600067810383,885112875.0,装修装饰,7370000000.0,126.22,3.48,22.720683543147658,0.007922674694977,0.2873563218390804,,,,,,,,,40.82779765271837,低,27.784531322297926,0.0,87.75680840898232,66.27384382821685,20260916T004635_score_69746293,25.0,-15,,,,,,,,
2026-09-16 00:46:36,2026-09-15,39.74,40.06,41.79,39.52,11564900.0,0.0276,455353000.0,002957,-0.0600656968559361,-0.1111604171289105,-0.287442191390964,0.5455246913580247,0.0027534418022527,0.671477653277701,-0.0350940578558179,-0.0637999532601074,1.1454488070409037,1666226767.0,-0.0239942187693142,19.93658350249114,46.21472883627685,,,,,,,0.1409691629955951,0.2378854625550661,0.7621145374449338,0.096916299559471,-0.0122902980538383,,0.0131085413216918,91.2087912087912,36.53846153846154,41.0989010989011,38.68131868131868,52.04545454545455,关键词新闻评分,9,58.35014985014985,1589,0.4915040906230333,0.1275375415924859,0.0943630435830372,1.351562399322738,0.0147020017423772,,,,-0.008269438825911,-0.004839040087869,0.0602845731402895,-0.0098047293400346,0.2079367859815493,653310205.059,其它专用机械,15622999999.999998,50.18,4.72,23.47201002437618,0.0199282582702271,0.211864406779661,,,,,,,,,38.306753323425056,低,27.784531322297926,0.0,89.42904921165791,47.23722722936065,20260916T004635_score_69746293,26.0,新进,,,,,,,,
2026-09-16 00:46:36,2026-09-15,148.68,149.29,151.97,147.23,914260.0,3.2,3019964325.08,000938,-0.0291344215386617,-0.4378718276978688,-0.1900059682057403,-0.1513273833210164,0.0041027710519234,3.631789387608078,-0.155931350515493,-0.3240555159798607,0.5994849174391911,93676601.51,-0.1154730623788587,21.82851085570713,41.87057478682431,,,,,,,0.1286919831223595,0.4345991561181431,0.5654008438818569,0.3059071729957836,0.0061831721364335,,0.0557707140394647,100.0,13.73626373626374,43.901098901098905,54.230769230769226,50.0,无新闻/中性,7,57.63736263736264,1966,0.4659206510681587,0.1216697368731986,0.0870363365297084,1.3979188661240198,0.0102041330720529,3.19,0.41,0.61,-0.1365609306289608,-0.1095738348911803,0.2141421777365243,-0.0013824165533234,0.3175724589016283,5461368829.52,IT服务,100875000000.0,35.88,5.64,25.337147963536523,0.027870680044593,0.1773049645390071,,,,,,,,,40.53129937210121,低,27.784531322297926,0.0,99.22360248447204,49.008129856782816,20260916T004635_score_69746293,27.0,新进,,,,,,,,
2026-09-16 00:46:36,2026-09-15,1344.61,1323.01,1364.27,1320.78,476652.0,3.44,8853900257.98,002384,-0.0192152298488431,-0.1443474324149528,-0.2820809185821883,0.694341990676707,-0.0123105636431504,0.5472878407035852,-0.0445946346053439,-0.1306965610756066,0.0438757315993258,10794748618.0,-0.0110084565451614,22.90412390611272,43.252239108436434,,,,,,,0.4966659002069419,0.0512761554380321,0.4520579443550259,0.0512761554380321,-0.0290025509395979,,0.0286128839094359,98.9010989010989,37.142857142857146,22.41758241758242,30.10989010989011,50.0,无新闻/中性,5,56.3956043956044,1900,0.5489473684210526,0.16154217893357,0.0998947942289668,1.617123096157569,0.0436203441965731,3.25,-1.23,-16.49,-0.0216986748780954,-0.0226059816266577,0.0538463698039211,-0.0097378781754765,0.147088667547765,11354841438.8125,印制电路板,327253000000.0,91.29,13.43,26.513999408997687,0.0109541023113155,0.0744601638123603,,,,,,,,,36.73717126805292,低,27.784531322297926,0.0,87.27902532250357,39.64004537908551,20260916T004635_score_69746293,28.0,新进,,,,,,,,
2026-09-16 00:46:36,2026-09-15,60.38,59.12,61.53,58.77,292881.0,2.33,195758339.86,000676,-0.0949173300673605,-0.1805959805959807,-0.0295469468154958,-0.2759338640538886,-0.0282708744247206,1.4854755632184509,-0.0725619847675521,-0.1212645941868501,0.5321033179493598,102560216.56,-0.0281401445894485,19.09239150168476,41.66209798618244,,,,,,,0.456521739130437,0.1268115942028966,0.4166666666666664,0.1268115942028966,-0.000565611615466,,0.0137097742939303,93.4065934065934,28.571428571428573,33.62637362637363,47.252747252747255,50.78260869565217,关键词新闻评分,10,56.36397515527951,1965,0.4381679389312977,0.1279440758861517,0.0904109884577409,1.4151385585830003,0.0052652000410334,4.54,-2.83,-1.72,-0.0405852206055845,-0.0287762674855656,0.0982505316064179,-0.0114814401961877,0.3085414337785174,375956537.808,移动互联网服务,8945000000.0,44.18,2.08,22.91436055390709,0.0226346763241285,0.4807692307692307,,,,,,,,,39.63077694306527,低,27.784531322297926,0.0,98.16053511705684,44.422070153096826,20260916T004635_score_69746293,29.0,新进,,,,,,,,
2026-09-16 00:46:36,2026-09-15,90.51,94.77,94.77,89.39,5172500.0,0.0295,203153300.00000003,603200,-0.0259019426456985,0.0736377025036818,-0.1196470041802137,-0.3015697545876631,0.0976372480889504,0.8197299049256295,-0.0012488341579853,0.0346728776395877,0.5005549894372978,1110068973.0,-0.0002943094777072,19.12947142934303,51.3250897747328,,,,,,,0.791821561338289,1.0,0.0,0.208178438661711,0.0085845705419017,,1.7347234759768068e-17,40.65934065934066,64.01098901098901,60.71428571428572,92.41758241758242,47.0,关键词新闻评分,3,56.31813186813187,1971,0.4779299847792998,0.151683764821085,0.0948745199225107,1.5987829497843409,0.0229630773522062,,,,-0.0013248913930948,0.010922276296483,0.0617208580171543,0.0192879934033627,0.5028941787368745,423431515.0,环保工程及服务,7212000000.0,-300.09,6.64,22.699012142287483,,0.1506024096385542,,,,,,,,,41.746894105257766,低,27.784531322297926,0.0,97.0855231724797,59.96286716048299,20260916T004635_score_69746293,30.0,新进,,,,,,,,
2026-09-16 00:46:36,2026-09-15,115.53,114.28,116.0,113.85,42971900.0,0.0072,868089700.0,600188,0.1900447776736435,-0.0739810388137103,0.0405171628880998,-0.004442895722624,-0.009791179273893,1.1278742270687694,-0.0045469591122104,0.0089998881635873,1.1682203958875208,5647561164.0,-0.0237605014241995,20.581805609451088,51.20254239384183,,,,,,,0.5813953488372078,0.2000000000000026,0.2186046511627896,0.2000000000000026,0.0134836484958132,,3.4694469519536136e-17,51.64835164835166,53.68131868131868,64.94505494505495,63.51648351648351,54.0,关键词新闻评分,10,56.23791208791209,1971,0.5093860984271943,0.0837127126887173,0.0509730667234386,1.6422930396342863,0.0176339969649452,,,,-0.0299221992465608,-0.0248098061696441,0.0607092854642732,-0.0037485833841861,0.4812444057020775,1072005669.6,煤炭开采,216395000000.0,19.1,2.82,26.10037127829136,0.0523560209424083,0.3546099290780142,,,,,,,,,47.2628950820187,低,27.784531322297926,0.0,99.27138079311992,93.8217301780356,20260916T004635_score_69746293,31.0,新进,,,,,,,,
2026-09-16 00:46:36,2026-09-15,109.05,113.94,116.6,109.05,37638100.0,0.0454,4270949700.0,301217,0.076632334876689,-0.085113216637225,-0.3380968978738236,2.0844612885760694,0.045033477024672,0.7008622216592706,0.0277086264747266,-0.0457459593837632,1.557277843029202,1864375124.0,-0.0624339459457454,22.17510205186915,52.55911816793686,,,,,,,0.6476821192052983,0.6476821192052983,0.3523178807947016,0.0,-0.0049823512451362,,5.204170427930421e-17,64.28571428571429,43.18681318681319,59.3956043956044,57.170329670329664,50.69230769230769,关键词新闻评分,5,55.96208791208791,982,0.5132382892057027,0.2067375525167605,0.087218759626714,2.3703335544047257,0.0636508751190203,,,,-0.0108453980231803,-0.0132786657362773,0.0688708342736778,0.0065667422480049,0.6537038950076378,3509391497.1800003,铜,83623000000.0,344.73,14.91,25.14958443881583,0.0029008209323238,0.0670690811535882,,,,,,,,,45.09791771851506,低,27.784531322297926,0.0,97.45580506450072,81.80931539283696,20260916T004635_score_69746293,32.0,新进,,,,,,,,
2026-09-16 00:46:36,2026-09-15,246.13,250.05,253.11,245.4,54889700.0,0.0508,1768370799.9999998,002407,-0.0358960518198643,-0.132252915047196,-0.2175423224958537,0.2244748053474365,0.011733764920089,0.4252258356261743,-0.0570875865891873,-0.115984922896892,1.1099590311053391,11540571507.0,0.0158770528404868,21.2933245082442,41.04127881249863,,,,,,,0.5084306095979263,0.6031128404669261,0.3968871595330738,0.0946822308689998,-0.0048042687976604,,4.423544863740858e-17,60.43956043956044,43.07692307692308,63.95604395604396,62.03296703296703,50.0,无新闻/中性,2,55.917582417582416,1970,0.4802030456852791,0.1367104545288221,0.082927343039932,1.648557032184087,0.0225433963001904,,,,-0.0282370939116928,-0.0199569974265255,0.0441111777644471,0.0021240782302021,0.1942548370837939,3559509708.903,氟化工及制冷剂,39046000000.0,57.99,4.5,24.388006275207022,0.0172443524745645,0.2222222222222222,,,,,,,,,43.60869970523662,低,27.784531322297926,0.0,90.5996177735308,81.02277835894054,20260916T004635_score_69746293,33.0,新进,,,,,,,,
2026-09-16 00:46:36,2026-09-15,185.68,190.3,194.07,185.68,24311840.0,0.0212,4579524800.0,688008,-0.0394710276600039,-0.1368440150587381,-0.268302060904337,0.3626924453992124,0.0169944420692604,0.6164803617668294,-0.0468749217415693,-0.1540705815412836,0.7816344392007901,3097896797.0,-0.0534978991209397,22.244861074449386,41.89988636448319,,,,,,,0.550655542312278,0.550655542312278,0.449344457687722,0.0,-0.0033903021937746,,0.001803384697388,78.02197802197803,34.78021978021978,46.48351648351649,47.939560439560445,55.48640865634246,关键词新闻评分,6,55.642047459040846,1596,0.5043859649122807,0.1330216381796254,0.0944967648768917,1.407684573677449,0.0202603243840708,,,,-0.0344771506765224,-0.0323265924060213,0.0500375347196156,0.0014910972721693,0.2219908402969387,6198811535.0,集成电路,229095000000.0,74.53,10.76,26.157402601636928,0.0134174158057158,0.0929368029739777,,,,,,,,,39.826284710589306,低,27.784531322297926,0.0,91.99713330148111,53.94332435735801,20260916T004635_score_69746293,34.0,新进,,,,,,,,
2026-09-16 00:46:36,2026-09-15,58.6,57.07,58.91,56.76,14377600.0,0.0432,182257600.0,300996,-0.0771345407503234,-0.2177905701754385,0.127197313845546,0.0402843601895734,-0.0224391915039396,0.3819517645354529,-0.0869384359400997,-0.0883750648935743,0.4981146090429476,339862549.0,-0.4073012702002157,19.02093163443054,34.4952270871154,,,,,,,0.7116279069767452,0.144186046511629,0.1441860465116257,0.144186046511629,-0.0117063321758541,,0.0028245559907348,81.31868131868131,46.53846153846154,18.57142857142857,65.54945054945055,49.1,关键词新闻评分,7,55.27538461538461,1139,0.4688323090430202,0.1510085566834948,0.1012754011004671,1.4910684632459894,0.0170034693618995,,,,-0.0472214549879704,-0.0320627963994993,0.0447820971738967,-0.0088572420979504,-0.0556042326931456,404878520.0,软件开发,5549000000.0,81.2,4.32,22.43688356829017,0.0123152709359605,0.2314814814814814,,,,,,,,,29.530286539254124,低,27.784531322297926,0.0,46.0582895365504,46.55512823503109,20260916T004635_score_69746293,35.0,新进,,,,,,,,
2026-09-16 00:46:36,2026-09-15,1034.1,1034.46,1066.36,1025.19,20912500.0,0.0242,4791342100.0,300476,-0.0126843235504652,-0.1586267476758656,-0.3278755628325828,-0.1418687991505458,0.0046324621973603,0.5946966975563293,-0.046604809555518,-0.1185753058620771,1.0125791920149698,3097435795.0,-0.0239335690397806,22.290076397224087,42.60427637242411,,,,,,,0.0087442312363402,0.2251639543356817,0.7748360456643183,0.2164197230993414,-0.0177784656264498,,0.011556177062189,87.91208791208791,30.43956043956044,38.46153846153847,41.0989010989011,50.0,无新闻/中性,8,55.18131868131868,1972,0.5329614604462475,0.1560781307989615,0.0914845466873042,1.7060600555024803,0.0404568194577593,,,,-0.0334511685391614,-0.0312752716105664,0.0511536729998536,-0.0072392602710803,0.2471175478858256,6475073458.9775,印制电路板,215721000000.0,42.92,5.69,26.097251743043483,0.0232991612301957,0.1757469244288224,,,,,,,,,38.849653318777285,低,27.784531322297926,0.0,91.9732441471572,47.46430061770979,20260916T004635_score_69746293,36.0,新进,,,,,,,,
2026-09-16 00:46:36,2026-09-15,236.28,240.73,247.42,235.65,621451.0,3.7,3365503204.21,002080,0.0722939866369709,-0.0985920766868868,-0.2846700145603661,0.3162556728087922,0.0172406507500526,0.5811857935971705,0.0440533888473253,-0.0876572413945571,0.0245664165403374,3944777976.0,-0.0432825557298595,21.936843329787195,52.784658604535295,,,,,,,0.3780798640611721,0.4316057774001692,0.5683942225998307,0.0535259133389971,-0.0177255818181267,,0.0020260897697187,80.21978021978022,50.98901098901099,24.120879120879124,44.12087912087911,50.66666666666666,关键词新闻评分,4,55.12710622710623,1962,0.5234454638124363,0.1302020553970664,0.081095731531757,1.605535247512743,0.0295071365497423,4.97,1.72,4.08,-0.0152277543256188,-0.0260013639967741,0.0505337930461513,-0.0022243713733075,0.8303378506913326,2295713136.4925,玻纤,79610000000.0,39.28,3.9,25.100405550046897,0.025458248472505,0.2564102564102564,,,,,,,,,39.840342704658745,低,27.784531322297926,0.0,87.61347348303869,59.88192407574418,20260916T004635_score_69746293,37.0,新进,,,,,,,,
2026-09-16 00:46:36,2026-09-15,143.61,144.35,145.24,142.63,3496300.0,0.009,89233600.0,002832,-0.033219476257451,-0.0271599946084377,0.2185547864257977,0.4859995882231829,0.0068354606961009,0.279021756823746,0.0118498943288039,0.0642310957980012,0.5454338580169507,738079660.0,0.0076688690442597,18.30676821944441,53.2034484363972,,,,,,,0.2835249042145505,0.6590038314176206,0.3409961685823793,0.3754789272030701,0.0018653753991833,,3.469446951953614e-18,34.065934065934066,79.3956043956044,54.23076923076923,71.42857142857143,53.003086843471664,关键词新闻评分,8,55.06129769533618,1971,0.5291730086250634,0.0739257790381,0.0582990834263751,1.2680435899384168,0.0116707448589863,,,,0.0110887198115368,0.0139762382384384,0.0296452075807808,0.0019203183563925,0.5827330422515536,224565007.867,其他服装,15181000000.0,24.21,2.8,23.44331048289699,0.0413052457662123,0.3571428571428571,,,,,,,,,44.09615510715432,低,27.784531322297926,0.0,99.55805064500716,72.3279038764234,20260916T004635_score_69746293,38.0,新进,,,,,,,,
2026-09-16 00:46:36,2026-09-15,77.14,75.34,77.34,75.2,36586.0,1.41,190293908.01,001301,-0.0282471301431703,-0.0881142580488986,-0.2143080613202628,-0.0261116856256462,-0.0261116856256462,0.5427358832953971,-0.1042469206258618,-0.0835887704957913,0.0236234288807168,227793285.0,0.050505945586984,19.06408032444988,39.129699013186496,,,,,,,0.8411214953271012,0.0654205607476638,0.0934579439252349,0.0654205607476638,0.0460706011503259,,5.204170427930421e-17,64.28571428571429,43.29670329670329,55.76923076923077,55.10989010989012,50.5,关键词新闻评分,7,55.03901098901099,760,0.4986842105263158,0.1350659094872642,0.0925333045749174,1.459646449543054,0.0209668298060915,2.77,-2.61,-2.02,-0.0252460533796997,-0.0099522049472113,0.041355379422807,-0.0081621906266456,0.1394113090295592,389737651.5935,锂,20324000000.0,23.46,2.82,23.73506829067789,0.0426257459505541,0.3546099290780142,,,,,,,,,43.16343443791469,低,27.784531322297926,0.0,87.41041567128524,82.30661271312172,20260916T004635_score_69746293,39.0,新进,,,,,,,,
2026-09-16 00:46:36,2026-09-15,286.04,286.9,297.47,286.04,2379436.0,0.0207,327925100.0,688531,-0.0479508876721421,-0.0942669528980932,-0.1552820633612059,0.7381558221252875,-0.0098702374378796,0.6064172774513973,0.0019084802525546,-0.0443494259101554,0.6203151924647105,290228834.0,0.0038004737958654,19.60829578966269,49.26578620069533,,,,,,,0.0752405949256304,0.0752405949256304,0.9247594050743696,0.0,-0.0070548733142397,,0.0010539725907451,75.82417582417582,54.89010989010989,39.3956043956044,14.148351648351651,50.81818181818182,关键词新闻评分,4,54.63676323676323,688,0.4912790697674418,0.1848916305253873,0.0913877967334955,2.0231544816051,0.04434250328613,,,,0.0016635986973625,-0.0006475264129463,0.0588906039934273,-0.0111556622741008,0.4829012797203452,523475135.0,其它专用机械,21595000000.0,97.6,6.3,23.79572764335908,0.0102459016393442,0.1587301587301587,,,,,,,,,41.63340527746585,低,27.784531322297926,0.0,98.44720496894408,57.390699246584326,20260916T004635_score_69746293,40.0,新进,,,,,,,,
2026-09-16 00:46:36,2026-09-15,27.16,26.95,27.63,26.62,22275200.0,0.0204,86128300.0,002512,-0.1013671223741247,-0.0340501792114694,-0.0051679586563307,-0.029178674351585,-0.0025906735751295,0.3293965622835425,-0.0599438408008791,0.0351052388999846,2.4680404921646266,6285305172.0,-0.0055707537838965,18.27134861457521,42.47668523336478,,,,,,,0.2079207920792092,0.3267326732673257,0.4653465346534651,0.3267326732673257,-0.0043051737405801,,1.214306433183765e-17,37.91208791208791,64.01098901098901,65.0,54.94505494505495,68.0,关键词新闻评分,7,54.56648351648352,1811,0.5173937051352844,0.1234878217887373,0.1118867580944147,1.1036857613171087,0.0098945678859902,,,,0.0108539257096737,0.0234013257519729,0.0378743705274317,-0.0043103448275861,0.0311893297106911,100116688.036,计算机,4630000000.0,-39.93,14.37,22.255822705044555,,0.069589422407794,,,,,,,,,44.44471158192277,低,27.784531322297926,0.0,97.21691352126136,77.77312987320745,20260916T004635_score_69746293,41.0,-37,,,,,,,,
2026-09-16 00:46:36,2026-09-15,517.73,512.42,526.94,510.08,235222.0,2.99,3991241269.35,002281,-0.0633374156872065,-0.1462939206637457,-0.365824680387619,1.075247043576867,-0.0197421280177526,0.6718668801669125,-0.0375119038451065,-0.1267255189338425,0.0142835360420003,5455587382.0,-0.0013420057060523,22.10736811479388,43.193273593690485,,,,,,,0.314946619217084,0.1387900355871865,0.5462633451957294,0.1387900355871865,-0.0150700836490358,,0.0132159278401399,92.3076923076923,28.186813186813183,27.417582417582416,42.91208791208791,50.31578947368421,关键词新闻评分,8,54.1606998264893,1971,0.517503805175038,0.1334623303021119,0.078430352238803,1.7016668482598247,0.0312249172648667,3.23,-1.97,-10.32,-0.0162964387367767,-0.016701439295392,0.0583408141758713,-0.0078609045848824,0.1681819078848491,5368620375.7485,通信传输设备,138830000000.0,120.08,9.6,25.65651599999312,0.0083277814790139,0.1041666666666666,,,,,,,,,29.087777770173204,低,27.784531322297926,0.0,46.14190157668418,43.49358705431329,20260916T004635_score_69746293,42.0,新进,,,,,,,,
2026-09-16 00:46:36,2026-09-15,948.73,974.16,999.9,942.72,14506600.0,0.021,1759386600.0,002353,-0.0379711833776084,-0.2503116775176618,-0.259863697490484,0.2203084092247178,0.0246981108259352,0.3918070873203195,-0.07932957092369,-0.1384494017230835,1.4882081463438397,1669546751.0,-0.0359334637313406,21.28823106308942,37.58675465858314,,,,,,,0.4447359216509264,0.5498426023084989,0.4501573976915011,0.1051066806575725,-0.0113603871281554,,5.811323644522304e-17,69.23076923076923,32.142857142857146,53.40659340659341,57.08791208791209,51.21621621621622,关键词新闻评分,6,53.77821502821502,1969,0.579989842559675,0.1154988459920721,0.0902927878897885,1.279159152036043,0.0290642694454501,,,,-0.0500602715792785,-0.0413855398273319,0.0482056335714872,0.0019542097792772,0.2371731895523546,2255613719.502,冶金矿采化工设备,128411999999.99998,48.73,5.51,25.57850968177928,0.0205212394828647,0.1814882032667876,,,,,,,,,42.96981228011318,低,27.784531322297926,0.0,90.7190635451505,76.60426782929135,20260916T004635_score_69746293,43.0,新进,,,,,,,,
2026-09-16 00:46:36,2026-09-15,23.48,23.8,24.45,23.38,5258900.0,0.01,122142200.0,601133,-0.0356564019448946,-0.1678321678321678,-0.2082501663339986,0.3062568605927553,0.0101867572156197,0.4925613837163037,-0.0541292425085445,-0.1909623468890576,0.529639050015535,532070700.0,-0.0890702440676306,18.620696505901467,38.49769248504939,,,,,,,0.2990654205607478,0.3925233644859828,0.6074766355140172,0.0934579439252349,-0.0088084963610605,,0.0020245019522929,79.12087912087912,39.61538461538461,30.21978021978022,44.12087912087912,50.0,无新闻/中性,6,53.0521978021978,690,0.5594202898550724,0.114744058149888,0.0822765092301011,1.3946150514114006,0.0279407936810232,,,,-0.045363308525046,-0.0432969900144094,0.0456782713085234,-0.0032109451347199,0.1923073358158131,246769115.0,,12249000000.0,58.98,4.01,23.22871013795196,0.0169548999660902,0.2493765586034912,,,,,,,,,40.07298491299271,低,27.784531322297926,0.0,95.078834209269,51.479057829663546,20260916T004635_score_69746293,44.0,新进,,,,,,,,
2026-09-16 00:46:36,2026-09-15,640.62,665.83,685.72,640.62,311422700.0,0.0784,14675019700.0,600176,0.1293676640206258,0.0454067293652165,-0.1908639064759566,0.8546796657381617,0.0371991588129916,0.5898511806747152,0.1019606999402538,-0.0063909651013907,1.832672597680944,7263153787.0,0.05232637799237,23.409412545146893,60.05115464677687,,,,,,,0.5589800443458985,0.5589800443458985,0.4410199556541014,0.0,-0.0028016965363721,,-0.0020260897697186,26.373626373626376,72.36263736263736,77.85714285714286,49.42307692307692,50.75,关键词新闻评分,4,52.91016483516484,1961,0.5216726160122387,0.1010012903448577,0.0637631678249992,1.5840067830704416,0.0221899380943091,,,,0.0090003857072002,-0.0039131572870401,0.0530068807782338,0.0026704548306619,1.092158430834132,9372441817.65,玻纤,160846000000.0,35.49,4.85,25.803713222432897,0.0281769512538743,0.2061855670103093,,,,,,,,,40.18158708568985,低,27.784531322297926,0.0,89.6559961777353,59.43352302302274,20260916T004635_score_69746293,45.0,新进,,,,,,,,
2026-09-16 00:46:36,2026-09-15,58.65,59.6,60.98,58.32,15979700.0,0.0745,896108100.0,300726,0.1006463527239152,-0.0089790488859328,-0.3012076445069762,0.2996075010902748,0.0163710777626193,0.5622654690973408,0.0585581585350691,-0.0416183143095283,1.8607625882442904,1116663098.0,-0.0362891466953689,20.613571612099268,55.73131365895964,,,,,,,0.3571428571428586,0.481203007518798,0.5187969924812019,0.1240601503759393,-0.0036631763095731,,2.255140518769849e-17,42.85714285714285,61.0989010989011,60.16483516483517,52.85714285714285,46.25,关键词新闻评分,7,52.21840659340659,1971,0.4977168949771689,0.1209054147286739,0.0893073736971812,1.353812229868428,0.0153190826426279,,,,-0.0052956866528969,-0.0155809850429953,0.0552732502396931,-0.0005589714924538,0.9677067000694266,592463948.8275,被动元件,20098000000.0,47.37,4.08,23.72388614457318,0.0211104074308634,0.2450980392156862,,,,,,,,,43.35532679566534,低,27.784531322297926,0.0,96.20162446249402,71.86428337651441,20260916T004635_score_69746293,46.0,-39,,,,,,,,
2026-09-16 00:46:36,2026-09-15,151.94,159.59,159.8,151.94,5056000.0,0.0692,425172400.0,301191,0.0360968642472245,-0.1346383255612189,-0.1957770610763958,-0.0944220620779662,0.041302361999217,0.6336146474767465,-0.0121752694095581,-0.1325027450724589,1.5508584013520934,326188116.0,0.0131720771778247,19.868005294046977,45.89652289718415,,,,,,,0.9732824427480906,0.9732824427480906,0.0267175572519093,0.0,-0.0090309757076427,,1.713039432527097e-17,39.56043956043956,44.78021978021978,69.5054945054945,74.42307692307692,50.0,无新闻/中性,9,51.38461538461539,907,0.5369349503858876,0.1472827627312678,0.1114039440135033,1.3220605790528888,0.027493990037989,,,,-0.0418473838616585,-0.0441378761083148,0.052008271194937,0.0157851187066386,0.4259028356006847,347810802.8115,终端设备,8051000000.000001,103.42,4.72,22.809062144264256,0.0096693096112937,0.211864406779661,,,,,,,,,36.82278328561354,低,27.784531322297926,0.0,69.0157668418538,64.56180347035601,20260916T004635_score_69746293,47.0,新进,,,,,,,,
2026-09-16 00:46:36,2026-09-15,57.64,56.68,58.07,56.68,3893100.0,0.0176,55317700.00000001,300622,-0.0803180269349342,-0.0432140445644835,-0.0623655913978494,-0.1300076745970837,-0.0171666377666031,0.3725223333944792,-0.0502442253072714,-0.0378107988818596,0.5709988760059242,1186665388.0,0.0358797059779501,17.82860350569047,38.215761095520776,,,,,,,0.6906474820143889,0.0,0.3093525179856112,0.0,0.0068638294680636,,2.949029909160572e-17,47.25274725274725,61.86813186813187,54.3956043956044,30.302197802197806,44.90547767625343,关键词新闻评分,9,50.40538293246051,1971,0.5225773718924404,0.1136191931467827,0.0820805667432218,1.3842398713233215,0.0201876994600783,,,,-0.0064916961193704,0.0021167863884345,0.0317194273616291,-0.008108265764452,0.1474427020819766,126904018.445,专业连锁,5053000000.0,28.77,5.45,22.343247963256182,0.0347584289190128,0.18348623853211,,,,,,,,,38.9178974887318,低,27.784531322297926,0.0,84.25704730052556,58.20752421291544,20260916T004635_score_69746293,48.0,新进,,,,,,,,
2026-09-16 00:46:36,2026-09-15,449.21,454.65,469.81,449.21,4076800.0,0.0227,446875800.0,300776,-0.0394650666553989,-0.161317100166021,-0.3410965058477413,0.4202930242729061,-8.797202489607692e-05,0.6268994636406476,-0.0283761604349387,-0.1582633917551222,0.8339295257138327,472089979.0,-0.075315050874627,19.917791263858494,43.94696570957821,,,,,,,0.2640776699029122,0.2640776699029122,0.7359223300970877,0.0,-0.0132609332788514,,0.0015422298878562,76.92307692307693,30.714285714285715,33.62637362637363,29.47802197802197,51.3235294117647,关键词新闻评分,6,49.40707821590175,1639,0.5155582672361196,0.1584988969245945,0.1060983754792433,1.4938861807135075,0.0303169357966828,,,,-0.0264783557923079,-0.0290886755306553,0.0589040235031657,-0.0070759352682959,0.2198898427036476,735555773.507,其它专用机械,30466000000.000004,61.13,6.17,24.13987714466092,0.0163585800752494,0.1620745542949757,,,,,,,,,40.05087040708925,低,27.784531322297926,0.0,96.22551361681796,49.80272191357517,20260916T004635_score_69746293,49.0,新进,,,,,,,,
2026-09-16 00:46:36,2026-09-15,149.86,166.35,166.35,149.73,194172500.0,0.1119,2312286200.0,600110,0.1320947325438954,0.1440852819807427,-0.2118728383948452,0.5368625277161863,0.0981647742276208,0.8303213566332552,0.0991588643016192,0.076510901007591,1.3089990127542894,9913637311.0,-0.004668314938609,21.561502569455133,60.568119234193006,,,,,,,0.992178098676292,1.0,0.0,0.0078219013237078,0.0162165556098113,,-0.0126725266702423,8.791208791208792,69.78021978021977,79.83516483516483,78.57142857142858,50.0,无新闻/中性,0,49.34615384615385,1959,0.4665645737621235,0.1541692525605749,0.0968316993064092,1.5921361874764768,0.0202764528152975,,,,0.0092582871786823,0.0082440854419052,0.0673021598179397,0.0344505938685406,0.9261480993177532,2030772289.15,其他电子,19139000000.0,-155.39,3.19,23.674993975002348,,0.3134796238244514,,,,,,,,,35.31053848656205,低,27.784531322297926,0.0,89.63210702341138,60.32505123460265,20260916T004635_score_69746293,50.0,新进,,,,,,,,
2026-09-16 00:46:36,2026-09-15,157.61,160.32,164.57,157.11,2768000.0,0.013,424105500.0,603929,-0.0245208396714329,-0.151341908845482,-0.2603801439379959,-0.1799069006087268,0.0135929695896819,0.4373217148481068,-0.0351120045259218,-0.143647687656462,0.6583923618874549,919723966.0,-0.0099631900837741,19.8654928053581,43.02331415421969,,,,,,,0.363270777479891,0.4302949061662183,0.5697050938337818,0.0670241286863272,-0.0112706290431512,,3.642919299551295e-17,56.04395604395605,42.03296703296704,44.94505494505494,45.54945054945054,50.0,无新闻/中性,4,48.66758241758241,1962,0.5071355759429154,0.1448946266969105,0.0822510451120578,1.7616144147409671,0.0329426059837238,,,,-0.0265571561329317,-0.0268603825425033,0.0459170943826632,-0.0021576763485476,0.2332486181190134,680218180.0,建筑装饰,32059000000.0,26.24,13.43,24.190843792125445,0.0381097560975609,0.0744601638123603,,,,,,,,,41.59258630095717,低,27.784531322297926,0.0,92.8810320114668,64.54013667982954,20260916T004635_score_69746293,51.0,新进,,,,,,,,
2026-09-16 00:46:36,2026-09-15,90.99,89.37,91.7,88.98,8212900.0,0.0219,121734800.0,600769,0.3888111888111889,-0.1033410253837664,-0.3445063811060583,0.213771560505229,-0.0213534822601838,2.6229008765948385,0.0671235902732585,-0.0512419915036067,1.0676953830452576,1688733245.0,0.0127682360153205,18.617355474351747,53.49407636448094,,,,,,,0.5955882352941143,0.1433823529411767,0.2610294117647089,0.1433823529411767,0.021202554669606,,2.4286128663675305e-17,43.95604395604396,34.120879120879124,68.02197802197801,57.41758241758241,53.75,关键词新闻评分,9,48.63598901098901,1958,0.5337078651685393,0.1349911696944727,0.1025905002350588,1.3158252409840714,0.024208705626208,,,,-0.0525022273291042,-0.0680163753554985,0.0982192809987372,-0.0071838548416959,0.5971942417984302,174749085.7,房屋建设,5583000000.0,399.25,42.54,22.44299210327464,0.0025046963055729,0.0235072872590503,,,,,,,,,40.25211641513402,低,27.784531322297926,0.0,84.30482560917343,67.03861264406635,20260916T004635_score_69746293,52.0,新进,,,,,,,,
2026-09-16 00:46:36,2026-09-15,104.5,101.77,106.54,101.2,18850600.0,0.0519,644917800.0,002655,-0.1375423728813559,-0.1131927500871384,-0.2785850995959452,0.9065192956163356,-0.0371807000946073,0.7203101700664295,-0.0888131829760183,-0.0274598995637568,2.199579218136204,3726446489.0,-0.005472704089033,20.284633426328764,44.56679160442482,,,,,,,0.5112359550561802,0.1067415730337065,0.3820224719101133,0.1067415730337065,-0.0234426058432292,,4.163336342344337e-17,57.692307692307686,29.285714285714285,47.36263736263736,47.142857142857146,52.11328333429488,关键词新闻评分,8,46.91187778397894,1960,0.5387755102040817,0.1408571965559733,0.1002672603746501,1.4048174451925617,0.0296446919308286,,,,0.0168546186951867,0.0343560587317659,0.067399879279608,-0.0135698361926916,0.0462661831474694,1119343900.028,电子系统组装,13749000000.0,306.19,15.71,23.344231931141508,0.0032659459812534,0.0636537237428389,,,,,,,,,38.66584088404816,低,27.784531322297926,0.0,82.14285714285714,59.34606705858238,20260916T004635_score_69746293,53.0,新进,,,,,,,,
2026-09-16 00:46:36,2026-09-15,64.88,63.94,65.73,63.81,5404500.0,0.0232,332742900.0,603026,-0.027972027972028,-0.0896924829157175,-0.3755249536087509,-0.2158449840569046,-0.0132716049382716,0.3069151894023357,-0.0302570713581558,-0.1060697500471851,0.869641475035521,687268194.0,-0.0343632533083398,19.62288068067683,40.07290934259167,,,,,,,0.4895833333333317,0.0677083333333309,0.4427083333333373,0.0677083333333309,-0.0040691333316729,,3.2959746043559335e-17,49.45054945054945,46.42857142857143,41.758241758241766,36.26373626373626,56.41909812792069,关键词新闻评分,7,46.53476695564922,1971,0.4911212582445459,0.1579056592615483,0.1044077224764143,1.5123944428269582,0.0244199556171157,,,,-0.0210857185238429,-0.0225193157170375,0.0330332007685776,-0.0085796981600166,0.1056758443272731,392005595.0,化工,14104000000.0,27.02,2.61,23.36972428204198,0.0370096225018504,0.3831417624521073,,,,,,,,,40.22917244696468,低,27.784531322297926,0.0,95.19827998088869,52.361047027317085,20260916T004635_score_69746293,54.0,新进,,,,,,,,
2026-09-16 00:46:36,2026-09-15,41.39,39.09,42.03,38.9,234024800.0,0.2641,1453659700.0,300189,-0.2096643752527294,-0.0271279243404678,0.2650485436893206,-0.1549935149156938,-0.0769775678866587,1.2179023116306713,-0.0965609688453359,0.1572050247190126,1.760622131666019,18040114897.0,0.0136218123744829,21.097350145336577,46.62215361959228,,,,,,,0.7348242811501582,0.0607028753993625,0.2044728434504792,0.0607028753993625,-0.0034189051938454,,0.0,32.417582417582416,50.82417582417583,57.1978021978022,48.681318681318686,54.0,关键词新闻评分,3,45.75989010989011,1963,0.4814060112073357,0.1300979179796535,0.0890341727864958,1.4612133061720989,0.0164573329567599,,,,0.0698467287004622,0.080741366047439,0.1276906771918284,-0.0229128478586901,0.2376811843236213,2145645601.153,种子生产,7219000000.0,66.83,10.54,22.69998227610344,0.0149633398174472,0.0948766603415559,,,,,,,,,43.804503882848216,低,27.784531322297926,0.0,99.55805064500716,70.38356238104936,20260916T004635_score_69746293,55.0,新进,,,,,,,,
2026-09-16 00:46:36,2026-09-15,139.73,132.0,142.26,130.05,74849600.0,0.1008,2597164600.0,300209,-0.0521327014218009,-0.0762124711316396,0.1178861788617886,2.166986564299424,-0.0706188833345068,0.6701534161971959,-0.0313490665727368,0.0671697096274337,1.5056402258140904,3323968505.0,0.0243874975567055,21.677686148827608,47.55419034251752,,,,,,,0.6330876330876333,0.159705159705159,0.2072072072072076,0.159705159705159,-0.0114500181062841,,-0.0035787850713512,21.97802197802197,58.681318681318686,51.2087912087912,61.86813186813186,68.0,关键词新闻评分,3,45.59120879120879,1952,0.4677254098360656,0.1825617650537594,0.1039474121597496,1.756289658978646,0.0300602101742328,,,,0.024522095943331,0.0287498781662451,0.0664448051948051,-0.0205535356533353,0.3227415803918818,2586114844.2345,软件开发,32326000000.0,-442.54,34.4,24.199137696934027,,0.0290697674418604,,,,,,,,,33.13090370415788,低,27.784531322297926,0.0,44.9952221691352,71.97666582427642,20260916T004635_score_69746293,56.0,新进,,,,,,,,
2026-09-16 00:46:36,2026-09-15,393.89,393.05,400.89,389.85,2887227.0,0.0157,810968600.0,688017,-0.0447198930611252,-0.2653408347507523,-0.2605448319975918,0.5330161082725537,5.08867007609215e-05,0.7378767361359504,-0.0473755262398902,-0.1714296957236032,0.4500515211582016,319887939.0,-0.1016164074833383,20.51373989493068,40.40848499616156,,,,,,,0.0760869565217371,0.289855072463768,0.6340579710144948,0.289855072463768,-0.0248306598775153,,0.0007119159096212,73.62637362637363,23.791208791208792,20.05494505494506,46.5934065934066,50.0,无新闻/中性,7,45.38736263736264,1326,0.521870286576169,0.1922593735872593,0.1243143015922646,1.546558771796395,0.0408960929961445,,,,-0.0462167897979625,-0.0449718110732154,0.0485979610009631,-0.0039196141207477,0.126938758297628,1922192000.0,机械基础件,51296000000.0,363.65,14.38,24.660878613373555,0.002749896878867,0.0695410292072322,,,,,,,,,40.4867344943359,低,27.784531322297926,0.0,99.58193979933112,48.23324758520199,20260916T004635_score_69746293,57.0,新进,,,,,,,,
2026-09-16 00:46:36,2026-09-15,106.96,108.34,110.14,106.24,577916.0,3.08,1007174840.26,002517,-0.0216723857684666,0.0050092764378479,0.1423450021088148,-0.0184816089871352,0.0180417214809247,0.3089310368438472,0.0174394034728548,0.0269875726351511,0.0400222035015432,7241896550.0,0.0239717397340971,20.73041506149045,51.90686569945027,,,,,,,0.3538461538461558,0.5384615384615399,0.4615384615384601,0.184615384615384,0.0135626857301269,,-0.0224247981798534,3.296703296703297,82.14285714285714,57.472527472527474,59.50549450549451,50.0,无新闻/中性,10,44.13461538461539,1934,0.5072388831437435,0.1277829137351908,0.0881246052229251,1.4500253750010426,0.0213920835557262,3.66,1.8,1.92,0.0064979477196056,0.0054634332560628,0.0367889448561407,0.0009238728750924,0.6817705475984763,998369115.767,移动互联网服务,37195000000.0,15.62,3.55,24.339440180589715,0.0640204865556978,0.2816901408450704,,,,,,,,,41.75494699928299,低,27.784531322297926,0.0,96.33301481127567,61.01989760225652,20260916T004635_score_69746293,58.0,新进,,,,,,,,
2026-09-16 00:46:36,2026-09-15,201.04,207.02,214.18,199.79,15229971.0,0.0429,822095200.0,688257,0.0087219217463334,-0.1709583116415041,-0.468961625282167,0.1925115207373273,0.0419770485202335,0.6541490182006883,-0.0094642053990946,-0.196935460408282,1.1727113506886164,551629642.0,-0.0929479108437413,20.52736676261597,45.27289985153634,,,,,,,0.41556636553162,0.5024322446143162,0.4975677553856837,0.0868658790826962,-0.0103131154522294,,3.0140820395097023e-17,48.35164835164835,28.846153846153847,47.03296703296704,52.1978021978022,50.0,无新闻/中性,6,43.76098901098901,1047,0.5682903533906399,0.1424447914600146,0.08003763886057,1.779722559134474,0.0463969800895234,,,,-0.0482309784196613,-0.0550656406709137,0.0544460852643637,0.0001127232322581,0.4209561360080777,708329150.0,金属新材料,18158000000.0,26.3,6.33,23.622377071895976,0.0380228136882129,0.1579778830963665,,,,,,,,,41.85346969299216,低,27.784531322297926,0.0,97.13330148112756,60.60966666718178,20260916T004635_score_69746293,59.0,新进,,,,,,,,
2026-09-16 00:46:36,2026-09-15,176.51,174.53,177.17,174.11,15545000.0,0.0197999999999999,447190700.0,002747,-0.052137077065117,-0.2817399892999712,-0.2485252960172228,0.4211383437830795,-0.0112174947595036,0.572302187022444,-0.0754112255979657,-0.1719527643483749,0.554327855357537,4052583821.0,-0.0303508276730453,19.918495685760703,37.51368060847789,,,,,,,0.6470588235294139,0.1372549019607814,0.2156862745098046,0.1372549019607814,-0.0312973864694382,,3.5128150388530344e-17,53.84615384615385,27.52747252747253,27.85714285714286,58.29670329670329,65.42857142857143,关键词新闻评分,9,43.67197802197803,1961,0.4997450280469148,0.1379123982643281,0.1005255705016171,1.3719136094045794,0.0186326188867695,,,,-0.0458469593259153,-0.0388894229800783,0.0361460575750382,-0.0042220573971585,0.1301730665549433,1197058845.5015,其它通用机械,28944000000.0,145.0,8.78,24.08862876559935,0.0068965517241379,0.1138952164009111,,,,,,,,,40.42393772100576,低,27.784531322297926,0.0,88.7482083134257,62.25957774420827,20260916T004635_score_69746293,60.0,新进,,,,,,,,
2026-09-16 00:46:36,2026-09-15,163.69,164.44,171.34,162.64,43560800.0,0.1182,2386025700.0,002552,0.1399653379549392,-0.0584058634906091,-0.2135067916586953,2.3538649806241074,0.003662109375,0.8566827089464205,0.0469584151733841,0.0424914810999286,2.365534647618746,1387534843.0,0.038145523906866,21.592894932148365,55.57637059873376,,,,,,,0.0862068965517239,0.2068965517241388,0.7931034482758612,0.1206896551724148,0.007127593218019,,-0.0041779746113083,20.87912087912088,51.42857142857143,72.25274725274726,37.472527472527474,50.34615384615385,关键词新闻评分,6,43.39725274725274,1945,0.5084832904884319,0.1593536989319101,0.0815047663311617,1.9551457676038315,0.0409677386277987,,,,0.0003816134268821,-0.0040528353423212,0.0738350071237446,-0.0102323341759962,0.6814716453468714,1829135988.403,机械基础件,17832000000.0,74.85,10.89,23.60426043302997,0.0133600534402137,0.0918273645546372,,,,,,,,,33.43272408379041,低,27.784531322297926,0.0,54.71810797897755,61.02495394203683,20260916T004635_score_69746293,61.0,新进,,,,,,,,
2026-09-16 00:46:36,2026-09-15,69.09,67.74,69.36,66.93,25550100.0,0.0371,315266900.0,300328,-0.1721862397653673,-0.1903908210828254,-0.3289747399702823,-0.2767456758488149,-0.0016212232866616,0.8153583822994287,-0.1932544928364715,-0.1169396627580318,0.5589750345716775,5956647799.0,-0.0239992386488329,19.56893014279177,33.526249214909825,,,,,,,0.5555555555555608,0.3333333333333294,0.1111111111111098,0.3333333333333294,0.0073450952357321,,3.4694469519536136e-17,51.64835164835166,14.890109890109889,47.36263736263737,73.62637362637363,47.30128006633965,关键词新闻评分,7,43.36474339124935,1958,0.5188968335035751,0.1335875345627203,0.0968407276556538,1.3794561213721026,0.022727767959192,,,,-0.0423810289852218,-0.0003659114510921,0.0834176894850056,-0.0039700044111161,0.0837827927527342,901186287.438,铝,10819000000.0,-208.52,10.46,23.10456968465185,,0.0956022944550669,,,,,,,,,37.137367017266975,低,27.784531322297926,0.0,82.25035833731486,49.01290635409748,20260916T004635_score_69746293,62.0,新进,,,,,,,,
2026-09-16 00:46:36,2026-09-15,269.75,269.37,282.75,268.65,29118600.0,0.0592,3536757300.0,002851,-0.076171205158104,-0.097739072182214,-0.3119891704127503,0.19901184011395,-0.0056478405315613,0.7876705161867467,-0.043612097843627,-0.1069078129403379,2.989341566121227,2564002777.0,-0.0186757044352279,21.98647612762577,44.71912807609779,,,,,,,0.0269503546099287,0.0510638297872358,0.9219858156028354,0.0510638297872358,-0.0099934251269624,,3.4694469519536136e-17,51.64835164835166,34.06593406593407,50.38461538461538,14.285714285714286,50.0,无新闻/中性,7,43.09890109890111,1897,0.5055350553505535,0.152564287421409,0.0838611078009943,1.8192496071414888,0.0356602174590398,,,,-0.009142552887712,-0.0064598091128142,0.0713304589014579,-0.0154245403706274,0.1705903908920744,3606003124.287,电气设备,70886000000.0,316.13,7.76,24.984338789773485,0.0031632556226868,0.1288659793814433,,,,,,,,,42.333865343689176,低,27.784531322297926,0.0,97.0855231724797,63.8760087500257,20260916T004635_score_69746293,63.0,新进,,,,,,,,
2026-09-16 00:46:36,2026-09-15,70.93,70.28,72.24,70.06,86600200.0,0.0109,248255100.0,600166,-0.2301456895607405,-0.0152725234692447,-0.0822669104204752,0.0188460423311105,-0.0122276879831343,1.2334621262259071,-0.0789654743105018,-0.0665695634561363,1.0411282757528773,14728867113.0,0.0178942192219788,19.329967408513298,40.831475716629605,,,,,,,0.2981651376146825,0.1009174311926603,0.6009174311926571,0.1009174311926603,-0.0113073997694354,,1.214306433183765e-17,37.91208791208791,44.780219780219774,49.72527472527473,35.21978021978022,50.0,关键词新闻评分,8,42.93131868131868,1971,0.465246067985794,0.0832291534796325,0.0589395895301425,1.4121094860538164,0.0072038591456381,,,,0.0245941946277247,0.0228252324036077,0.0601471664362956,-0.0081851538244425,0.3239936973440833,302686366.5,商用载货车,22960000000.0,15.39,1.45,23.85701940839777,0.0649772579597141,0.6896551724137931,,,,,,,,,37.47621668104873,低,27.784531322297926,0.0,80.76923076923077,53.24674087008801,20260916T004635_score_69746293,64.0,新进,,,,,,,,
2026-09-16 00:46:36,2026-09-15,24.74,24.33,24.89,24.28,336968.0,5.9,277204611.61,002328,-0.1084646390619274,0.0939748201438848,0.0384122919334186,0.2337728194726165,-0.0224989955805545,0.5820420912254664,-0.0208664506911885,0.0754779533650125,0.0207022004821238,23988637.0,-0.3927960357124054,19.440266465148795,48.49791567971823,,,,,,,0.6721311475409845,0.0819672131147495,0.245901639344266,0.0819672131147495,0.034190280178555,,-0.0065690686044082,17.582417582417584,75.6043956043956,36.64835164835165,49.72527472527473,53.5661656266226,关键词新闻评分,9,42.71375941980512,1964,0.505091649694501,0.0990236517258743,0.0672394253354971,1.4727022313439906,0.0167386665407149,2.45,-2.25,-0.56,0.0371893370801217,0.0451209354006988,0.0566907404145382,-0.0069387755102041,0.4542069678032506,605021821.6255,汽车零部件,7687000000.0,19.1,2.2,22.762796427313408,0.0523560209424083,0.4545454545454545,,,,,,,,,40.46480101747905,低,27.784531322297926,0.0,99.23554706163402,48.54888138975244,20260916T004635_score_69746293,65.0,新进,,,,,,,,
2026-09-16 00:46:36,2026-09-15,828.31,828.72,850.52,827.76,28565900.0,0.0252,1729471700.0000002,002837,-0.0496875179175505,0.0390170511534604,-0.2636349096337368,-0.206412134792726,-0.0028036820889235,0.6733934585292068,-0.0277182199002634,-0.0470839041135269,0.57382887316119,4322629355.0,0.0860969535201161,21.271081823675107,46.83173515151085,,,,,,,0.0180140597539579,0.042179261862919,0.957820738137081,0.0241652021089611,0.016443207357012,,-0.0003583080170011,28.57142857142857,53.846153846153854,62.63736263736264,11.593406593406591,51.09090909090909,关键词新闻评分,8,42.25744255744255,1961,0.536460989291178,0.1732699562398774,0.0965036710663866,1.7954752842581685,0.0482193559230013,,,,0.0085987238150971,0.0157991737211634,0.0549367010053369,-0.008312724371759,0.4172808494920295,3773892891.9625,机械设备,81621000000.0,166.22,22.77,25.12535241874806,0.0060161232102033,0.043917435221783,,,,,,,,,32.25753908139893,低,27.784531322297926,0.0,50.31055900621118,59.06711922311542,20260916T004635_score_69746293,66.0,新进,,,,,,,,
2026-09-16 00:46:36,2026-09-15,73.89,68.35,74.84,68.35,6388448.0,0.0626999999999999,234753500.0,688152,-0.0514848737163475,0.00426094622392,0.1506734006734005,0.0436707894335013,-0.0612553220711441,0.9842955348631968,-0.0078961883473163,0.1695389432797851,0.988509384262032,32635229.0,0.1343384448011011,19.274046589679457,53.40507640961978,,,,,,,0.8536209553158703,0.0,0.1463790446841296,0.0,0.0080227837505028,,-0.010357537691293,12.087912087912088,64.01098901098901,60.604395604395606,39.0934065934066,52.48081087069399,关键词新闻评分,8,41.511817350805664,803,0.3897882938978829,0.1746427752353395,0.1226036307756204,1.4244502722350616,-0.0067404613093309,,,,0.0428640808214481,0.0495843123036486,0.0870205873131989,-0.03067977687435,0.4465920812185563,232334850.0,,3705000000.0,-73.93,3.04,22.032949095694462,,0.3289473684210526,,,,,,,,,41.36408926475404,低,27.784531322297926,0.0,95.9507883420927,58.92381466430751,20260916T004635_score_69746293,67.0,新进,,,,,,,,
2026-09-16 00:46:36,2026-09-15,83.78,83.0,88.13,82.18,205597000.0,0.3524,3910512800.000001,002579,0.0841170323928943,0.2182592103331866,-0.0632054176072234,0.5310828260468548,-0.0097828680505844,0.838376965879627,0.208195349175734,0.2070269326973417,3.529844434489944,5285916366.0,-0.0368175879182722,22.08693435349502,69.24571983824652,,,,,,,0.1310924369747903,0.1378151260504193,0.7310924369747903,0.1378151260504193,0.0049632561974727,,-0.0198075786898987,6.593406593406594,76.26373626373626,55.76923076923077,37.19780219780221,50.0,无新闻/中性,4,41.247252747252745,1931,0.5132055929570171,0.1129889392061722,0.0850027544523671,1.3292385633160586,0.0166076900922276,,,,0.0499255290219331,0.0267320199699411,0.0623063683304646,-0.0170147250404643,1.0087687930449931,1458050131.929,印制电路板,8638000000.0,-106.95,3.75,22.87943691148492,,0.2666666666666666,,,,,,,,,41.31138068030675,低,27.784531322297926,0.0,99.19971333014811,54.24052411725164,20260916T004635_score_69746293,68.0,新进,,,,,,,,
2026-09-16 00:46:36,2026-09-15,64.98,60.81,64.98,60.78,3193200.0,0.0547,196021700.0,300816,-0.1000443984016574,0.0929187634795112,-0.2589568608335364,-0.0754143226395012,-0.050288927065438,0.7616443271951405,-0.0162979738747117,0.0363957085275545,0.7881785655416683,301392676.0,0.0865349581254248,19.093735930453608,48.98383912569045,,,,,,,0.9928571428571424,0.0071428571428574,0.0,0.0071428571428574,0.0272278373861151,,-0.0102372695199184,13.186813186813188,58.846153846153854,62.362637362637365,46.20879120879121,48.23529411764706,关键词新闻评分,8,41.24385908209439,1464,0.4938524590163934,0.1360612953388534,0.1174737161979177,1.1582275571296274,0.0077351726962663,,,,0.0356947257257791,0.0395015462668638,0.0808607606831583,-0.0221900627110467,0.4723700484103391,312036297.4,汽车零部件,5120000000.0,56.92,5.24,22.356420275997827,0.0175685172171468,0.1908396946564885,,,,,,,,,39.9923605368525,低,27.784531322297926,0.0,95.3774486383182,50.54340941666324,20260916T004635_score_69746293,69.0,新进,,,,,,,,
2026-09-16 00:46:36,2026-09-15,127.77,130.02,132.42,126.35,74780900.0,0.0588,3003081500.0,600498,0.47833996588971,-0.0152238127698249,-0.4910756223579144,-0.0764313112658047,-0.0081623312228239,2.125862931907492,0.0919397845850216,-0.0818477443409914,1.0826640321521923,5829691066.0,-0.0176409718674799,21.822904765439464,55.10266814649408,,,,,,,0.3706754530477787,0.6046128500823756,0.3953871499176243,0.2339373970345969,0.0307813366654889,,-0.0110362448407168,9.89010989010989,43.24175824175824,71.53846153846153,68.13186813186812,50.0,无新闻/中性,7,40.39285714285714,1970,0.4725888324873096,0.1004749429985275,0.070586076018512,1.4234385684249788,0.0102554512428401,,,,-0.0495523998649244,-0.0727610455255859,0.0864702133737666,0.0032665449214228,0.6447939902217759,3650239444.3,通信传输设备,51339000000.0,150.08,2.92,24.66171653420984,0.0066631130063965,0.3424657534246575,,,,,,,,,27.12041264203697,低,27.784531322297926,0.0,27.43669374104158,55.31809664759519,20260916T004635_score_69746293,70.0,新进,,,,,,,,
2026-09-16 00:46:36,2026-09-15,44.26,44.02,46.22,43.98,119410700.0,0.1894,2681873900.0,603936,0.2580737353529581,0.1565948502364686,-0.2067039106145251,0.6911256242796773,-0.0058717253839204,0.7598517269650302,0.2131400540153227,0.2429527421950739,1.7456813972503449,2742772201.0,-0.0209271622392298,21.70978160392205,70.76826906167166,,,,,,,0.1071428571428547,0.0178571428571456,0.8749999999999996,0.0178571428571456,0.0145090848382266,,-0.0203614822817261,5.494505494505495,73.57142857142857,61.2087912087912,13.846153846153848,50.0,无新闻/中性,9,38.94230769230769,1962,0.5249745158002038,0.1228349338884225,0.1004674715140847,1.2226338738026474,0.0167606006391173,,,,0.049645549369923,0.0275195475199625,0.059729343804764,-0.016092981671882,1.1010065658082302,1284352110.0,印制电路板,10313000000.0,-124.89,2.42,23.05667107228034,,0.4132231404958678,,,,,,,,,40.60034975040899,低,27.784531322297926,0.0,98.66220735785951,50.21699254765137,20260916T004635_score_69746293,71.0,新进,,,,,,,,
2026-09-16 00:46:36,2026-09-15,23.46,23.59,23.83,23.46,140972.0,1.49,135609992.0,002083,-0.0260115606936416,-0.12369985141159,-0.1393651951842393,-0.082101167315175,0.0,0.2584730277687748,-0.0465412363842127,-0.0773081962724659,0.0060739612454283,2871038351.0,-0.0493260884684046,18.72529362544552,36.56564761951022,,,,,,,0.3513513513513511,0.3513513513513511,0.6486486486486489,0.0,-0.0107059410674461,,0.0,32.417582417582416,52.30769230769231,26.7032967032967,33.37912087912088,58.0,关键词新闻评分,9,38.90164835164835,1963,0.5348955680081507,0.0612590930137341,0.0487042394858296,1.2577774267793926,0.0101146597115936,1.57,0.0,0.0,-0.0281327958103373,-0.0217011477172161,0.0245261309271483,-0.0015519187358915,0.095776225860931,335822213.163,棉纺,9372000000.0,16.0,1.94,22.96099235759196,0.0625,0.5154639175257733,,,,,,,,,41.078664194262295,低,27.784531322297926,0.0,96.50023889154323,56.28838012842846,20260916T004635_score_69746293,72.0,新进,,,,,,,,
2026-09-16 00:46:36,2026-09-15,233.61,215.85,239.75,215.85,277144000.0,0.1249,6344310900.0,600869,0.1614829961256993,0.2728505720014151,-0.3862492536040263,0.6875146587444296,-0.0978810548752455,1.289879165457791,0.1555726870477887,0.0961359746901011,1.4961040305311633,6525207135.0,0.447508860594298,22.570824327171465,57.73112590771738,,,,,,,0.743096234309624,0.0,0.2569037656903759,0.0,0.0233251292460216,,-0.0509962907424314,1.098901098901099,56.97802197802199,73.24175824175823,33.81868131868132,50.6,关键词新闻评分,7,37.719340659340666,1957,0.5176290240163516,0.113719445414239,0.0760575794046669,1.4951757116695867,0.0221765167330702,,,,0.0513208537197229,0.028100445248846,0.1014659651212813,-0.0355946086827017,0.8450363245253095,5423501296.6,线缆部件及其他,47050000000.0,389.59,10.76,24.5744767029778,0.0025668009959187,0.0929368029739777,,,,,,,,,40.52467751918629,低,27.784531322297926,0.0,96.5121834687052,52.579209525039104,20260916T004635_score_69746293,73.0,新进,,,,,,,,
2026-09-16 00:46:36,2026-09-15,72.33,72.38,74.58,72.16,7332789.0,0.036,240458700.0,688598,-0.0220240508039455,-0.1558199206904595,-0.4314218381775334,0.352138987483654,-0.0063152114222955,0.9112297879530016,-0.0620403667347003,-0.0977256153429029,0.4637156166880414,250799308.0,-0.1607618992587516,19.29805891135056,45.945882869615794,,,,,,,0.0206611570247922,0.0909090909090903,0.9090909090909096,0.0702479338842981,-0.0052808653639341,,4.6837533851373785e-17,61.53846153846154,16.373626373626372,22.85714285714285,22.912087912087912,50.0,无新闻/中性,9,37.49450549450549,1398,0.4613733905579399,0.184596995252726,0.1323213464840163,1.395065876804876,0.0138963433730643,,,,-0.0156452648133189,-0.0053722194361522,0.0631883314254135,-0.0090361445783133,0.238149094381132,559274460.0,非金属新材料,6598999999.999999,-5.26,1.73,22.61018395934769,,0.5780346820809249,,,,,,,,,40.82113705902115,低,27.784531322297926,0.0,99.78499761108456,50.19185426743236,20260916T004635_score_69746293,74.0,新进,,,,,,,,
2026-09-16 00:46:36,2026-09-15,177.88,173.19,180.24,171.36,4911900.0,0.0196,206955800.00000003,300863,-0.0053982656635847,-0.1062083913918563,-0.3771488168021291,0.1391081294396212,-0.0323499832383505,0.5194656478996551,-0.0077346167067722,-0.0749608090821446,0.8131524120674142,414161393.0,-0.064847850776122,19.1480158066915,48.19099246649226,,,,,,,0.5281531531531531,0.2060810810810794,0.2657657657657674,0.2060810810810794,-0.0053177745375887,,-0.0029763458726387,23.07692307692308,42.582417582417584,33.73626373626374,60.87912087912088,58.78048780487805,关键词新闻评分,9,37.43574108818012,1330,0.5210526315789473,0.1162929031336449,0.086020624719117,1.3519188393873662,0.0193953713725852,,,,-0.0039558448613209,-0.0073815552837995,0.0498874068941624,-0.0099468358772079,0.3722581732670778,255181205.0,汽车零部件,10587000000.0,76.74,7.3,23.08289267030765,0.0130310138128746,0.136986301369863,,,,,,,,,32.96937965970748,低,27.784531322297926,0.0,57.811753463927374,53.81113046821752,20260916T004635_score_69746293,75.0,新进,,,,,,,,
2026-09-16 00:46:36,2026-09-15,27.0,27.07,27.48,26.78,2028800.0,0.0183,53978000.0,301133,-0.0773687798227675,-0.1301413881748072,-0.3276204669647292,-0.3124206248412496,-0.0040470934510669,0.8380585023433886,-0.0926003519651388,-0.1113761578316746,0.91162290445358,185460033.0,0.0061759967953414,17.804087132634262,40.63720188210434,,,,,,,0.1000000000000005,0.4142857142857135,0.5857142857142865,0.314285714285713,0.0078941917081092,,-0.0024626851754963,24.17582417582417,21.923076923076923,64.3956043956044,52.8021978021978,50.0,无新闻/中性,10,37.10164835164835,1025,0.5365853658536586,0.098899440078132,0.0947758707837618,1.043508640546057,0.0091474667518885,,,,-0.0168929551411074,0.0016000572793584,0.0655179692859781,-0.0014754703061602,0.198949085319042,100238331.3,汽车零部件,3936000000.0,-59.58,2.96,22.09343081613642,,0.3378378378378378,,,,,,,,,30.82734577450448,低,27.784531322297926,0.0,41.49546106067845,61.28596110452942,20260916T004635_score_69746293,76.0,新进,,,,,,,,
2026-09-16 00:46:36,2026-09-15,184.55,181.75,185.08,181.54,6371200.0,0.0151,1137805200.0,603893,-0.0589727658693175,-0.1029121421520237,-0.0095367847411443,0.1852745532802922,-0.0084560829241681,0.5575271849090335,-0.0400359161252837,-0.0876210125775269,0.5604454570244808,1075699367.0,-0.0279903170573928,20.8523669813725,40.85113987346061,,,,,,,0.7909604519773997,0.0593220338983069,0.1497175141242932,0.0593220338983069,0.001050120016219,,-0.0108968522391763,10.989010989010987,55.21978021978022,42.19780219780221,50.65934065934066,49.41935483870968,关键词新闻评分,6,36.09852889046438,1465,0.4887372013651877,0.1563150280077493,0.1023761036511429,1.526870260079528,0.0240558760538173,,,,-0.0201187047965082,-0.0143501474872703,0.0450108076242876,-0.0056895891460144,0.238447943838026,2152457600.0,集成电路,79974000000.0,58.47,16.25,25.10496741879635,0.0171027877544039,0.0615384615384615,,,,,,,,,40.696117752593565,低,27.784531322297926,0.0,97.6469182990922,52.20916464057164,20260916T004635_score_69746293,77.0,新进,,,,,,,,
2026-09-16 00:46:36,2026-09-15,864.07,879.86,896.05,857.28,4126510.0,0.0181,902417900.0,688019,-0.0436096436879062,-0.1970541800892506,-0.1097778137520741,0.2430210216998192,0.0145168171388379,0.5279500911013503,-0.0513848480976969,-0.1432574833273773,0.7961445128923199,285355235.0,-0.1172769276987278,20.62058827561238,41.95395220841044,,,,,,,0.4072736652050547,0.5824090791849381,0.4175909208150619,0.1751354139798834,-0.0133729758474489,,-0.0044412891635913,19.78021978021978,40.54945054945056,36.7032967032967,63.51648351648352,50.0,无新闻/中性,5,35.752747252747255,1596,0.5294486215538847,0.1530827163990436,0.0978723978848652,1.5641050971196857,0.0349954414446479,,,,-0.0370553853946674,-0.0336891638563028,0.0465845215634954,0.0024267143654654,0.2283173006553809,1213962745.0,半导体材料,48526000000.0,51.64,9.94,24.6053655737232,0.0193648334624322,0.1006036217303823,,,,,,,,,41.22023671588571,低,27.784531322297926,0.0,99.08026755852843,53.79215871660432,20260916T004635_score_69746293,78.0,新进,,,,,,,,
2026-09-16 00:46:36,2026-09-15,54.9,54.85,57.01,54.85,2430058.0,0.027,132627900.0,688379,-0.0755098601045002,-0.0590152684851603,-0.3835000561987186,0.2143015275625415,-0.0099277978339349,0.6364611061378096,-0.0444667044118286,-0.0776733040931575,0.5914854656869337,215087191.0,0.0631191613778775,18.703058028363248,45.74318329847051,,,,,,,0.0231481481481468,0.0,0.9768518518518532,0.0,-0.00059315475295,,-3.469446951953614e-18,30.21978021978022,38.07692307692308,48.9010989010989,4.368131868131869,50.0,无新闻/中性,6,35.31318681318682,1333,0.5146286571642911,0.1331849955022405,0.0875632678053665,1.5210144486416486,0.0260401145119766,,,,-0.0009301261111352,0.0059425321016797,0.0641489777314754,-0.0129566312758682,0.2422556535273905,231802390.0,金属制品,5366000000.0,34.27,3.75,22.403348588949843,0.0291800408520571,0.2666666666666666,,,,,,,,,37.18241941418172,低,27.784531322297926,0.0,88.19875776397515,41.38205643131541,20260916T004635_score_69746293,79.0,新进,,,,,,,,
2026-09-16 00:46:36,2026-09-15,30.97,29.41,32.11,29.41,80430900.0,0.1752,794380300.0,603318,-0.0010190217391304,-0.0110961667787491,-0.1832824215495695,0.1666005553351843,-0.0639719923615531,0.8407759743025747,-0.0163550620422088,0.0414674740606961,1.1565421946605676,1092616009.0,-0.1542343270807176,20.49307287305646,49.65262924873282,,,,,,,0.5777777777777775,0.0,0.4222222222222225,0.0,0.0024821699073156,,-0.0083473311123594,15.384615384615383,53.02197802197802,40.21978021978022,24.14835164835165,61.76923076923077,关键词新闻评分,8,35.27582417582418,1873,0.5040042712226375,0.1099474758110481,0.0919563110106899,1.1956490490170564,0.0098040599234908,,,,0.0177608741742839,0.0182933501808757,0.0689269927624229,-0.0296931705707687,0.3881025864787518,682153030.0,其它专用机械,5181000000.0,229.49,2.7,22.36826392477906,0.0043574883437186,0.3703703703703703,,,,,,,,,39.82007850720069,低,27.784531322297926,0.0,94.42188246536072,50.66895078292773,20260916T004635_score_69746293,80.0,新进,,,,,,,,
2026-09-16 00:46:36,2026-09-15,85.11,84.48,85.25,84.13,104135.0,0.41,115035870.42,000729,-0.0219958323686036,-0.2529182879377432,-0.0975323149236192,-0.2430107526881719,-0.0074021854071201,1.4376258299351654,-0.0655952571880478,-0.1683088388516336,0.4798040882524368,29468160.73,-0.0424868629893025,18.560754563080216,39.72685491411966,,,,,,,0.5624999999999937,0.3125000000000063,0.125,0.3125000000000063,-0.0228069280531381,,-3.469446951953614e-18,30.21978021978022,23.571428571428573,27.362637362637365,72.03296703296704,56.48,关键词新闻评分,7,34.7936043956044,1972,0.5324543610547667,0.0662494569170841,0.0601096660675743,1.1021431535255517,0.0071708000246627,1.32,-0.74,-0.63,-0.0637427404673809,-0.0577782299615308,0.0729251217532467,-0.0016544552115339,0.3071436646143249,248253943.9925,啤酒,31765000000.0,16.08,1.95,24.18163089166491,0.0621890547263681,0.5128205128205129,,,,,,,,,40.623332825155146,低,27.784531322297926,0.0,99.86860965121836,48.76167665481401,20260916T004635_score_69746293,81.0,新进,,,,,,,,
2026-09-16 00:46:36,2026-09-15,212.77,214.26,220.55,212.77,3572500.0,0.0279999999999999,387397600.0,301128,-0.080941963711234,-0.0886043642860181,-0.3099739138836108,0.1289319774487591,0.0020109432726931,0.8753594290760793,-0.0552472667385395,-0.0964291111259494,0.4691075139271422,611223615.0,0.0160245414969524,19.77496211635217,44.75856212799578,,,,,,,0.1915167095115656,0.1915167095115656,0.8084832904884344,0.0,-0.0010692797502518,,-0.0008804343241147,27.472527472527474,30.05494505494505,44.89010989010989,25.02747252747253,50.0,无新闻/中性,4,33.60989010989011,1037,0.5641272902603665,0.1776230488400492,0.0984460749090316,1.804267453061796,0.0572920517960911,,,,-0.0093949540278025,0.0006195961540915,0.0797595711485378,-0.0074122116186418,0.2519871047590278,880534180.0,其它专用机械,16965000000.0,98.15,17.68,23.55441823518261,0.010188487009679,0.0565610859728506,,,,,,,,,32.63505671933144,低,27.784531322297926,0.0,59.90205446727185,48.79524286125127,20260916T004635_score_69746293,82.0,新进,,,,,,,,
2026-09-16 00:46:36,2026-09-15,249.15,245.36,249.29,244.93,3166700.0,0.0068,56639399.99999999,600645,-0.2857475547275266,-0.2092048860669738,-0.0305041883989252,-0.4372735195633227,-0.0129932821111066,1.547501691568638,-0.1356363303295261,-0.0813417193392119,0.3674258612565395,1059986757.0,-0.0711169551904586,17.852215431728844,39.510184342232094,,,,,,,0.8692660550458727,0.098623853211011,0.0321100917431162,0.098623853211011,-0.0260603787665989,,1.0408340855860844e-17,35.714285714285715,23.2967032967033,19.67032967032967,62.69230769230769,50.0,无新闻/中性,5,33.527472527472526,1953,0.4772145417306707,0.093939004755195,0.0749942596272231,1.252615936501557,0.0056231507180987,,,,0.0187069768069818,0.0264021886501849,0.0774576133029018,-0.0047324156953946,0.1920724823631371,200333112.05,生物制品,8713000000.0,74.4,2.33,22.88808200019556,0.0134408602150537,0.4291845493562232,,,,,,,,,37.22852515693698,低,27.784531322297926,0.0,80.54228380315337,51.89805999744624,20260916T004635_score_69746293,83.0,新进,,,,,,,,
2026-09-16 00:46:36,2026-09-15,11.37,10.72,11.51,10.7,900869.0,12.67,395631926.09,000892,-0.2254335260115606,0.0817356205852675,0.1639522258414765,-0.2601794340924775,-0.0530035335689045,0.9093643634283756,-0.0446909949650224,0.0787964174298077,0.8284065021803088,-5193795.350000001,-2.952334181576427,19.795994859941658,46.58341765541434,,,,,,,0.8024691358024669,0.024691358024693,0.1728395061728401,0.024691358024693,0.0011205387476301,,-0.0209289131195327,4.395604395604396,65.49450549450549,30.82417582417583,45.329670329670336,46.53846153846154,关键词新闻评分,5,33.26373626373627,1964,0.4745417515274949,0.1270628639429005,0.0980938905660168,1.2953188339225643,0.008752390086891,7.16,-5.3,-0.6,0.0512947038452816,0.0589274450989957,0.1018789978678038,-0.0233829334952929,0.4266567935519879,545011142.956,影视动漫,5484000000.0,-14.08,10.85,22.42510059864648,,0.0921658986175115,,,,,,,,,38.51400152973941,低,27.784531322297926,0.0,97.92164357381748,37.29542278857687,20260916T004635_score_69746293,84.0,新进,,,,,,,,
2026-09-16 00:46:36,2026-09-15,260.01,260.66,267.59,259.23,7745400.0,0.0559999999999999,774298000.0,002975,-0.017711787760024,-0.0546206296242565,-0.3118977851693461,0.8586708499714775,-0.0039740160489107,0.8691541893615155,-0.0205630653903601,-0.041739911511853,0.6343651171587087,357537036.0,-0.0439489845301807,20.46746737166693,49.114398001629134,,,,,,,0.0777511961722532,0.171052631578949,0.8289473684210509,0.0933014354066957,0.000610746626141,,-0.0064769783638185,18.68131868131868,38.40659340659341,41.098901098901095,31.923076923076927,53.333333333333336,关键词新闻评分,5,32.88553113553114,1460,0.4856164383561643,0.1575556831690319,0.108191108069421,1.4562720169936332,0.0208599021963756,,,,-0.0001143496140626,0.0040699254061253,0.0760158279532176,-0.0069843043632853,0.3690302839335483,1557911898.2245,其它专用机械,19779000000.0,66.56,8.01,23.707886605745685,0.0150240384615384,0.1248439450686641,,,,,,,,,39.35826330581989,低,27.784531322297926,0.0,94.64882943143812,47.28758681895256,20260916T004635_score_69746293,85.0,新进,,,,,,,,
2026-09-16 00:46:36,2026-09-15,143.34,143.95,145.65,142.32,38876.0,1.07,71348505.98,000026,-0.063739837398374,-0.2720974919093851,-0.2269895822145849,0.1422790033328043,0.004746283241432,0.9542340029320042,-0.0917236114003043,-0.1131123216495271,0.3815786890716711,13740403.52,-0.0769477182123075,18.08308697637036,40.51475697248378,,,,,,,0.183183183183178,0.4894894894894863,0.5105105105105137,0.3063063063063082,-0.0227976618516464,,1.0408340855860844e-17,35.714285714285715,17.252747252747252,24.065934065934066,57.03296703296704,51.5,关键词新闻评分,6,32.479670329670334,1968,0.4776422764227642,0.0962387420497409,0.0613563496539734,1.568521311852659,0.0139177287004429,2.32,0.47,0.68,-0.0332400965399643,-0.0165283407160656,0.0723763211432541,-0.0001620670494536,0.13533260135445,205845499.41,珠宝首饰,8014000000.0,76.05,2.37,22.80445584916036,0.0131492439184746,0.4219409282700421,,,,,,,,,40.631682680834906,低,27.784531322297926,0.0,96.8107978977544,52.89442469729765,20260916T004635_score_69746293,86.0,新进,,,,,,,,
2026-09-16 00:46:36,2026-09-15,300.89,306.3,318.34,298.28,6755179.0,0.0323,2088937200.0,688702,-0.0280818657782007,-0.2972675338977217,-0.0056163360711617,0.8563636363636364,0.018013826110077,0.6940085634200135,-0.1135049404083143,-0.1551265448316665,1.02177573276452,192695229.0,-0.2245320627309936,21.459921257316942,38.06396863068839,,,,,,,0.2696909272183462,0.3998005982053857,0.6001994017946143,0.1301096709870395,-0.0215503659448974,,-0.0021796829994229,25.27472527472528,29.505494505494507,31.483516483516485,47.58241758241758,46.14285714285714,关键词新闻评分,7,31.89175824175824,586,0.6296928327645052,0.2219323016531676,0.1012509752885946,2.1919028534845832,0.1022552178709792,,,,-0.0606581794642523,-0.0403668467357651,0.0715568303717177,-0.0043557404758806,0.1601462337726429,2311120545.0,通信传输设备,133168000000.0,-925.93,59.17,25.61487732595015,,0.0169004563123204,,,,,,,,,39.07882264400851,低,27.784531322297926,0.0,98.85332059245104,39.81866085885951,20260916T004635_score_69746293,87.0,新进,,,,,,,,
2026-09-16 00:46:36,2026-09-15,154.78,156.24,159.68,153.92,421207.0,2.78,2422251383.57,002156,-0.0171730515191544,-0.1876884683373193,-0.1613076386279456,0.3605015673981191,0.0092371293844066,0.5028754697109189,-0.052174677946257,-0.1227983167878608,0.0229179770581259,14938198812.0,-0.0131939642439683,21.607963268834137,41.51628695903157,,,,,,,0.2534722222222227,0.4027777777777802,0.5972222222222199,0.1493055555555574,-0.0481978553455375,,-0.0079724722500273,16.483516483516482,40.494505494505496,25.989010989011,49.3956043956044,49.41935483870968,关键词新闻评分,7,30.97215526409075,1970,0.5106598984771573,0.1390091872643207,0.0885253366807744,1.5702757253055464,0.0276674202170762,3.72,0.92,1.43,-0.0319869603160485,-0.0273466637985664,0.0428918879379708,-0.00238379022646,0.1605974052171316,4483916181.0135,集成电路,86306000000.0,34.19,5.12,25.181164957532143,0.0292483182217022,0.1953125,,,,,,,,,38.427836517108005,低,27.784531322297926,0.0,98.96082178690874,35.335418420245844,20260916T004635_score_69746293,88.0,新进,,,,,,,,
2026-09-16 00:46:36,2026-09-15,35.84,35.76,36.84,35.62,5653300.0,0.034,193310700.0,301291,0.0133182204590536,-0.1720305626302385,-0.1152894606630381,-0.3750436910171268,-0.0096926059263362,0.4775592307826427,-0.0243636264425833,-0.0802311425093021,1.0794536444277252,125491217.0,-0.2191386216178713,19.079809302191027,42.73924052314437,,,,,,,0.0655737704918073,0.1147540983606556,0.819672131147537,0.1147540983606556,-0.0148154743571722,,-0.0157955602253683,7.6923076923076925,47.91208791208791,31.15384615384615,30.219780219780223,49.1,关键词新闻评分,10,28.83307692307692,640,0.5765625,0.1082752894870063,0.1086030968186926,0.9969816023549172,0.0164408477856869,,,,-0.0389903066532825,-0.0418102527835857,0.0388902205177373,-0.008686009979671,0.3749268608791598,220259514.728,,10613000000.0,28.76,2.09,23.085345501726096,0.0347705146036161,0.4784688995215311,,,,,,,,,37.66588616999783,低,27.784531322297926,0.0,96.77496416626852,33.17022626703168,20260916T004635_score_69746293,89.0,新进,,,,,,,,
2026-09-16 00:46:36,2026-09-15,219.78,228.77,235.77,218.55,13694134.0,0.0944999999999999,3118341300.0,688146,-0.0016147333507897,-0.2140108568679997,-0.3280956296992481,4.342596917328351,0.044993604969852,0.6015560826253353,-0.0536761725116444,-0.1782711378378296,1.153673181031598,957113828.0,-0.0807058364435317,21.86056706310531,41.95225860042756,,,,,,,0.5220673635307788,0.5934959349593496,0.4065040650406504,0.0714285714285708,-0.0128248518150311,,-0.0301481354804297,2.197802197802198,24.3956043956044,47.19780219780221,59.340659340659336,50.0,无新闻/中性,5,27.241758241758244,682,0.5190615835777126,0.2524920178864149,0.0806487177189478,3.1307629560375965,0.0922718400586157,,,,-0.0593542166718547,-0.0548226680779506,0.0564228576424231,0.0047138737208858,0.2773730675914037,2915678500.0,,120198000000.0,233.13,20.01,25.512406219973983,0.0042894522369493,0.0499750124937531,,,,,,,,,40.152047681255546,低,27.784531322297926,0.0,98.9369326325848,46.86201172032802,20260916T004635_score_69746293,90.0,新进,,,,,,,,
2026-09-16 00:46:36,2026-09-15,28.75,28.18,29.04,28.17,8394264.0,0.0204999999999999,238767000.0,688158,-0.0450694679769569,-0.196005706134094,-0.2485333333333333,-0.3406644829199813,-0.0191437521754264,0.4298067856133989,-0.0667638097761292,-0.1329853241305751,0.5909852596162745,1996335154.0,-0.0624815689214277,19.29099874316688,34.644725654523405,,,,,,,0.6551724137931058,0.0114942528735609,0.3333333333333333,0.0114942528735609,-0.015347346030744,,-0.0090006707803758,14.285714285714285,35.10989010989012,23.131868131868128,33.84615384615385,40.7906976744186,关键词新闻评分,10,25.8675313059034,1470,0.4020408163265306,0.1781756262971658,0.1059331892659957,1.6819622587758698,0.0082901508685814,,,,-0.0398528687651391,-0.0336781532516024,0.0389587346649092,-0.0099543272045907,0.0740199628415414,432966035.0,IT服务,13747000000.0,-277.29,5.59,23.344086455435693,,0.1788908765652951,,,,,,,,,39.02964107480865,低,27.784531322297926,0.0,98.92498805542284,39.3952271135647,20260916T004635_score_69746293,91.0,新进,,,,,,,,
2026-09-17 22:31:05,2026-09-17,79.91,82.4,83.22,79.13,7730946.0,0.0715,317398400.0,688168,0.1430156748508808,0.1587681057516525,-0.2726630770588755,-0.1595267237862097,0.0311600550619448,0.5015122620333008,0.1350174935948651,-0.0446432194595972,1.3979199146320818,198100101.0,0.1700774446164265,19.57566832823671,62.13570688468973,,,,,,,0.6088019559902218,0.7995110024449896,0.2004889975550104,0.1907090464547678,0.0143387240546175,,0.0115513289913779,93.5483870967742,69.13978494623657,79.19354838709678,78.9247311827957,50.0,无新闻/中性,8,78.75806451612904,1563,0.4708893154190659,0.1260492907271297,0.097044882291169,1.298876228722058,0.0080077801154002,,,,0.0002404902043208,-0.0233740001784436,0.0642943828016643,0.0100102145045966,1.168750649831705,205630310.0,,,,,,,,,,,,,,,,45.92500247302025,低,27.784531322297926,0.0,100.0,83.93095384220581,20260917T223104_score_32afefa4,1.0,+0,,,,,,,,
2026-09-17 22:31:05,2026-09-17,35.79,38.12,38.12,33.79,36350200.0,0.3179,714545600.0,003001,0.2585011554968637,0.2643449419568822,0.4644640799077986,0.149577804583836,0.0960322024151809,0.5464914865408259,0.2291421477743562,0.201228959323547,10.058497519992155,-148021155.0,0.2705458638343881,20.387157375550967,72.18060382299996,,,,,,,0.5381062355658197,1.0,0.0,0.4618937644341803,0.0679187984864043,,6.938893903907228e-18,51.61290322580645,88.81720430107526,99.46236559139786,91.20967741935485,54.09090909090909,关键词新闻评分,3,74.69134897360703,1295,0.4594594594594595,0.1208626092445611,0.0893578454018968,1.352568526031129,0.0072299310572865,,,,0.0087604215466632,-0.0142378146311235,0.0338405036726128,0.0393529037535216,1.399315426794829,115951876.9595,其他专业工程,2838000000.0,-105.81,2.45,21.766365415684263,,0.4081632653061224,,,,,,,,,44.968333155808665,低,27.784531322297926,0.0,100.0,77.55315839412862,20260917T223104_score_32afefa4,2.0,+0,,,,,,,,
2026-09-17 22:31:05,2026-09-17,50.54,50.79,51.8,49.51,8233535.0,0.0487999999999999,291385100.0,688499,0.1150384193194291,0.0254391278013323,-0.261558592614132,-0.2665703971119133,0.0067393458870168,0.3731640028028749,0.0520646691454433,-0.0321289732449119,2.039890687495736,212547011.0,0.0409864129257743,19.49015632138599,56.76811416518645,,,,,,,0.1091703056768559,0.5589519650655029,0.4410480349344971,0.4497816593886469,0.010663390894542,,0.016350027496473,95.6989247311828,58.924731182795696,75.86021505376344,62.5268817204301,50.0,无新闻/中性,5,74.6505376344086,1126,0.3738898756660746,0.1631049630883163,0.123330848244529,1.3224993212154577,-0.0162353983589803,,,,-0.0180458323822691,-0.0305143092410219,0.0398981801817005,0.0017751479289942,0.7908942128728428,137689555.0,,,,,,,,,,,,,,,,45.66941161485976,低,27.784531322297926,0.0,100.0,82.22701478780256,20260917T223104_score_32afefa4,3.0,+0,,,,,,,,
2026-09-17 22:31:05,2026-09-17,58.0,60.58,60.99,58.0,6669700.0,0.0411,227442300.0,300727,0.1376525821596244,0.2775200337410375,-0.0167180652491478,0.1565483008781976,0.0295717199184226,0.4892516064530161,0.1346800400827879,0.141074018496776,1.789831149609806,936103028.0,0.0470949479875807,19.242407142209764,68.3030428907703,,,,,,,0.8628762541806009,0.8628762541806009,0.1371237458193991,0.0,0.0257937827364517,,2.775557561562892e-17,65.05376344086021,85.05376344086021,83.6021505376344,71.3978494623656,56.113426788495886,关键词新闻评分,6,73.50381579712916,1973,0.4936644703497212,0.1305038729119038,0.0991296532595455,1.3164968162474349,0.0142322598124218,,,,0.031770233429808,0.0215411004038425,0.0469626939584021,0.0120844239015425,1.0471190860732429,163304723.508,纺织化学用品,5494000000.0,53.55,4.06,22.42692242461949,0.0186741363211951,0.2463054187192118,,,,,,,,,46.48952347705432,低,27.784531322297926,0.0,100.0,87.69442720243293,20260917T223104_score_32afefa4,4.0,+0,,,,,,,,
2026-09-17 22:31:05,2026-09-17,5.44,5.44,5.54,5.4,69209700.0,0.0595,378342900.0,001330,-0.0489510489510488,0.1333333333333335,-0.2150072150072148,-0.1976401179941003,0.0074074074074073,0.788744102578167,-0.016452721026939,0.0416799642560796,1.9256719888434857,4111900114.0,0.0658259829478117,19.75131148787869,48.81251145280538,,,,,,,0.0,0.2857142857142866,0.7142857142857134,0.2857142857142866,0.0204449665873041,,0.0315224283266445,100.0,51.45161290322581,77.95698924731181,40.053763440860216,51.63636363636363,关键词新闻评分,7,72.6233137829912,847,0.4769775678866588,0.1364392355061881,0.124102069136223,1.0994114478173844,0.0001702886861312,,,,0.0172251076742645,0.0250992732787468,0.0783876050420168,-0.0036630036630037,0.4596338197781904,743201837.4434999,影视动漫,7931000000.0,-13.73,2.14,22.7940449680476,,0.4672897196261682,,,,,,,,,43.18085029124183,低,27.784531322297926,0.0,100.0,65.63660596368297,20260917T223104_score_32afefa4,5.0,+0,,,,,,,,
2026-09-17 22:31:05,2026-09-17,50.91,50.88,51.54,50.44,11428800.0,0.0296,200837600.0,605277,0.0137477585176331,0.1756007393715342,-0.0710242833668066,-0.0563798219584569,-0.0128055878928986,0.591815139484368,0.0357462747333279,0.0897213942779631,0.601351209142761,551502436.0,0.1197645310663297,19.11800718422773,56.615028275206285,,,,,,,0.0272727272727218,0.4000000000000038,0.5727272727272743,0.4000000000000038,0.0112779729889885,,0.0095678540364434,92.47311827956987,69.83870967741935,55.26881720430108,48.38709677419355,59.230769230769226,关键词新闻评分,8,71.64081885856078,1238,0.4927302100161551,0.1200702668112816,0.0734667914924349,1.6343474973130618,0.0218947638914641,,,,0.0292863986919718,0.0274933663413696,0.0461730682839173,-0.0014392254350383,0.6769136731958233,326879590.0,线缆部件及其他,6594000000.0,26.34,3.74,22.60942598159595,0.037965072133637,0.267379679144385,,,,,,,,,44.25668318775504,低,27.784531322297926,0.0,100.0,72.80882527377113,20260917T223104_score_32afefa4,6.0,+0,,,,,,,,
2026-09-17 22:31:05,2026-09-17,571.31,580.97,598.01,571.31,59261200.0,0.0754,11396427200.0,002281,0.0650619637750238,0.1029121421520238,-0.2661647867220755,1.2148221569898214,0.0320282801008988,0.6780423589042246,0.0834929438773892,0.0030377557036691,3.3791786481289647,5556073582.0,0.0319957025266462,23.15656573980469,56.50308504557997,,,,,,,0.3617977528089912,0.3617977528089912,0.6382022471910088,0.0,0.0169438367619267,,0.0090597340898623,91.39784946236558,57.74193548387096,73.38709677419354,33.2258064516129,50.29032258064516,关键词新闻评分,7,69.45376344086021,1973,0.5174860618347694,0.1333945597037686,0.078452891548948,1.7003141257137928,0.0311752117095536,,,,-0.0029072689755717,-0.012821310378211,0.0553446329906388,-0.004216444132115,1.0440017691880985,5601585955.7485,通信传输设备,138830000000.0,120.08,9.6,25.65651599999312,0.0083277814790139,0.1041666666666666,,,,,,,,,43.5031558637377,低,27.784531322297926,0.0,100.0,67.78530978032218,20260917T223104_score_32afefa4,7.0,+0,,,,,,,,
2026-09-17 22:31:05,2026-09-17,1389.1,1400.11,1442.16,1374.77,59336100.0,0.0428,11502149300.0,002384,-0.0010844516741224,-0.0208541676865302,-0.2972958051855495,0.8479397091043475,0.0079259952487222,0.5163434784315757,0.0135178176911558,-0.0692191694763328,4.484298612263597,10915580818.0,0.0067418955756384,23.165799750591912,49.99826689712054,,,,,,,0.1633773556907549,0.3760201810357602,0.6239798189642398,0.2126428253450052,0.0110279675594666,,0.0217708474663016,97.8494623655914,42.1505376344086,69.78494623655914,47.20430107526881,50.0,无新闻/中性,6,68.46236559139784,1902,0.5483701366982124,0.16154217893357,0.0998230809983132,1.6182848427238956,0.0435018223186974,,,,-0.0150215071443492,-0.0203581749082255,0.0515127893012487,-0.0039624950202038,0.5736142280732951,11257606287.02,印制电路板,327253000000.0,91.29,13.43,26.513999408997687,0.0109541023113155,0.0744601638123603,,,,,,,,,41.89769917433313,低,27.784531322297926,0.0,100.0,57.08226518429164,20260917T223104_score_32afefa4,8.0,+0,,,,,,,,
2026-09-17 22:31:05,2026-09-17,88.25,93.86,96.16,87.81,21893400.0,0.0304,447298200.0,603613,0.0426571872917129,0.1084081247047707,0.0514170494006944,-0.1686448184233835,0.0592483918293647,0.4864284949785527,0.0704835766423359,0.0946581088593521,1.826564248117196,151015904.0,0.4408690315090023,19.918736046485755,61.32094396571974,,,,,,,0.6718562874251501,0.724550898203593,0.275449101796407,0.0526946107784428,0.0181793380293572,,1.6046192152785466e-17,55.376344086021504,75.6989247311828,87.74193548387098,65.3225806451613,60.125,关键词新闻评分,8,68.39959677419355,1589,0.5072372561359345,0.1134748427081908,0.0999857334004622,1.134910340195257,0.0082894235180867,,,,0.013212147214188,0.0099136216922818,0.0396715472892757,0.0134974624770543,0.933567502865962,235445705.0,互联网信息服务,14901000000.0,11.22,1.52,23.424694161739733,0.089126559714795,0.6578947368421053,,,,,,,,,46.38836074216211,低,27.784531322297926,0.0,100.0,87.02000896981818,20260917T223104_score_32afefa4,9.0,+0,,,,,,,,
2026-09-17 22:31:05,2026-09-17,489.27,505.24,511.71,485.62,9761200.0,0.0544,1178067100.0,300776,0.0763527907967618,0.0533733633558501,-0.3202012862947714,0.6117650811879924,0.0284365013129237,0.5877740767495159,0.0758405403477466,-0.0519577467828004,1.9427003698339305,490034979.0,-0.0106583934970429,20.887140882353204,56.08877015854341,,,,,,,0.6121119202759694,0.7520122652357234,0.2479877347642766,0.1399003449597539,0.0062633887826241,,0.0055282500662471,84.94623655913979,52.15053763440861,63.494623655913976,73.2258064516129,52.59357500118007,关键词新闻评分,9,68.04968008076317,1641,0.5149299207800122,0.1584988969245945,0.1059850434648987,1.495483624319953,0.0302056510074485,,,,-0.0106290516908659,-0.0236678052199334,0.0541934808916837,0.0087516721350753,1.0823040643822148,751691358.507,其它专用机械,30466000000.000004,61.13,6.17,24.13987714466092,0.0163585800752494,0.1620745542949757,,,,,,,,,46.232130975680604,低,27.784531322297926,0.0,100.0,85.97847719327484,20260917T223104_score_32afefa4,10.0,+0,,,,,,,,
2026-09-17 22:31:05,2026-09-17,24.05,24.88,25.21,24.05,21049900.0,0.0852,478897200.0,002882,0.0268262484523318,0.0878880629645824,0.1412844036697247,-0.163978494623656,-0.026984747751271,0.701892211749027,0.0016707933248787,0.1020715519659809,1.642040377395248,2268413572.0,0.0406285517389809,19.986996520651783,52.39543824637208,,,,,,,0.7155172413793088,0.7155172413793088,0.2844827586206912,0.0,0.0098670198384908,,0.0015754519158232,73.11827956989248,61.3978494623656,71.82795698924731,60.80645161290322,62.16216216216216,关键词新闻评分,9,67.60331299040976,1968,0.4674796747967479,0.1147035751213234,0.0708883311814044,1.618088241177453,0.0158721128219033,,,,0.0162835173098884,0.0212309461964747,0.0566720257234726,0.0067439978419205,0.5098569582129536,389433095.6655,线缆部件及其他,10519000000.0,133.72,4.98,23.07644898270355,0.0074783128926114,0.2008032128514056,,,,,,,,,47.42472768027112,低,27.784531322297926,0.0,100.0,93.92912189054492,20260917T223104_score_32afefa4,11.0,新进,,,,,,,,
2026-09-17 22:31:05,2026-09-17,165.54,162.83,169.19,162.43,159007200.0,0.0916,1914863600.0,600110,0.1309995137875947,0.2122543180464564,-0.2445135247993318,0.4968744254458541,-0.0259033261545823,0.7908215431199037,0.0550357661206717,0.064404896144858,1.0028953773311071,10038108011.0,0.0325275019311839,21.372912230410428,57.60935525212485,,,,,,,0.4008875739644945,0.059171597633137,0.5399408284023685,0.059171597633137,0.0176371219805203,,0.0159057848470753,94.6236559139785,61.774193548387096,51.39784946236559,27.47311827956989,60.125,关键词新闻评分,8,67.60120967741936,1961,0.4671086180520142,0.1542515995562665,0.0968316993064092,1.5929866010939324,0.0204514734412761,,,,0.0198639676825647,0.0118343800638846,0.0658486940805923,-0.0120537971483467,0.7916326395823274,2177862979.15,其他电子,19139000000.0,-155.39,3.19,23.674993975002348,,0.3134796238244514,,,,,,,,,43.96532717752959,低,27.784531322297926,2.5,100.0,65.86645187226807,20260917T223104_score_32afefa4,12.0,新进,1.0,1.0,0.2065432914738929,1.0,0.1862857142857144,,,
2026-09-17 22:31:05,2026-09-17,24.12,24.14,25.0,23.91,24702800.0,0.0562999999999999,583861900.0,603533,-0.0020669698222406,0.0952813067150635,0.0997722095671982,-0.0397772474144789,0.0016597510373443,0.6457785425012598,0.0191889552679911,0.0986043689320386,0.7593624230444984,1118080366.0,-0.0072064703507017,20.18517504193844,52.870004146620175,,,,,,,0.0183486238532106,0.211009174311927,0.788990825688073,0.1926605504587164,0.0110911438270923,,0.0194378995613387,96.7741935483871,65.10752688172043,39.46236559139785,34.83870967741936,50.88235294117647,关键词新闻评分,10,66.61242884250474,1960,0.4311224489795918,0.1550789006674594,0.0987223437653723,1.5708591870147088,0.010697070288578,,,,0.025921003841522,0.0283799946054909,0.0605988874423008,-0.0086242299794659,0.5632816253475005,775030045.0,移动互联网服务,10534000000.0,-158.51,4.63,23.077873958007608,,0.2159827213822894,,,,,,,,,41.59814430674928,低,27.784531322297926,0.0,100.0,55.08523273373269,20260917T223104_score_32afefa4,13.0,新进,,,,,,,,
2026-09-17 22:31:05,2026-09-17,141.4,143.42,143.47,139.93,5731200.0,0.0148,143693100.0,002832,-0.0104870981095626,0.0135689045936395,0.1732657068062826,0.4135619948748275,0.0124955877162018,0.2530760407115983,0.0049997722598478,0.051944432219924,0.9707906634472186,738874360.0,0.0382332349327889,18.78319034015423,51.491530072030606,,,,,,,0.5706214689265499,0.985875706214686,0.0141242937853139,0.4152542372881362,0.0062906913510492,,2.038300084272749e-17,61.29032258064516,68.9784946236559,59.46236559139785,89.46236559139784,53.003086843471664,关键词新闻评分,8,64.8352549209063,1973,0.52863659401926,0.0739257790381,0.0582060413083543,1.2700705524099865,0.01164367416116,,,,0.007874242655686,0.0119488478164862,0.0296133235053887,0.0080596035799636,0.5365149199498209,211427802.867,其他服装,15181000000.0,24.21,2.8,23.44331048289699,0.0413052457662123,0.3571428571428571,,,,,,,,,46.22436523179008,低,27.784531322297926,0.0,100.0,85.926705567338,20260917T223104_score_32afefa4,14.0,新进,,,,,,,,
2026-09-17 22:31:05,2026-09-17,24.43,24.07,24.48,23.84,35720700.0,0.0626,288256500.0,002328,-0.0692188708430007,0.1117782909930715,0.0406398616515348,0.2144298688193744,-0.012715340442986,0.5673312220530917,-0.0416086004379852,0.0626071473243519,1.9780893572948133,-11378959.0,-1.288881387779103,19.47936127019824,46.93285111831281,,,,,,,0.5624999999999987,0.3593750000000003,0.078125000000001,0.3593750000000003,0.0295853996114998,,0.0008399714240725,72.04301075268818,60.0,59.83870967741935,71.93548387096774,50.9,关键词新闻评分,9,64.46634408602151,1966,0.5055951169888098,0.0990625216406347,0.0672394253354971,1.4732803135415464,0.016842027001367,,,,0.0243959331178619,0.0386482159796907,0.0541871921182266,-0.002486531288852,0.3921625427050849,617889245.4765,汽车零部件,7687000000.0,19.1,2.2,22.762796427313408,0.0523560209424083,0.4545454545454545,,,,,,,,,46.97910995066792,低,27.784531322297926,0.0,100.0,90.95833702652362,20260917T223104_score_32afefa4,15.0,新进,,,,,,,,
2026-09-17 22:31:05,2026-09-17,243.72,246.22,252.34,243.68,10464400.0,0.0821,1304367100.0,301128,0.1236765242789339,0.1446768944676895,-0.1786917508922912,0.2286427145708582,0.0191225165562913,0.9227876876704671,0.0715420335014644,0.046902703782915,1.2665169513013557,633647615.0,0.0571387611333134,20.988983780003565,56.48098099572257,,,,,,,0.2886836027713627,0.2933025404157036,0.7066974595842964,0.0046189376443408,0.012566228669104,,0.0035356995936178,80.64516129032258,59.99999999999999,64.83870967741936,29.193548387096776,52.57142857142857,关键词新闻评分,4,64.3700460829493,1039,0.5640038498556305,0.1775382238195367,0.0983641045455411,1.8049086568702413,0.0572458708364951,,,,0.0042276341129444,0.000903959046322,0.0692122027919282,-0.00482323776676,0.8392228539821458,963659140.0,其它专用机械,16965000000.0,98.15,17.68,23.55441823518261,0.010188487009679,0.0565610859728506,,,,,,,,,44.00781110003439,低,27.784531322297926,0.0,100.0,71.14967802230007,20260917T223104_score_32afefa4,16.0,新进,,,,,,,,
2026-09-17 22:31:05,2026-09-17,301.69,297.93,307.69,296.05,2569508.0,0.0224,366232500.0,688531,0.0179376793767938,0.05517974145564,-0.1515108364423433,0.8290257228804716,-0.0182231595597441,0.4974144370836378,0.0335317625509949,-0.0020427201506889,0.7309003213220666,290979939.0,0.0135348696769192,19.718778938314514,53.52953012453174,,,,,,,0.3230240549828174,0.1615120274914087,0.5154639175257738,0.1615120274914087,0.0055282470708972,,0.0089140049511864,90.32258064516128,62.63440860215054,36.50537634408602,43.5483870967742,50.0,无新闻/中性,3,63.92741935483871,690,0.4913043478260869,0.1845343897981072,0.0912213279335013,2.022930316610052,0.0442586551259411,,,,0.0068420198486815,0.0018030051422212,0.0578515566935665,-0.0087393392261027,0.7771761027890812,481487665.0,其它专用机械,21595000000.0,97.6,6.3,23.79572764335908,0.0102459016393442,0.1587301587301587,,,,,,,,,42.16105582365523,低,27.784531322297926,0.0,100.0,58.8379761797724,20260917T223104_score_32afefa4,17.0,新进,,,,,,,,
2026-09-17 22:31:05,2026-09-17,43.23,43.12,44.29,42.83,22281300.0,0.0532,938502900.0,002957,0.0455868089233753,0.0264222804094262,-0.3017004048582996,0.5917312661498708,-0.0186618115612198,0.6679808569475983,0.0331855756559242,0.0205514575361915,2.042896161717888,1663525567.0,-0.0109497676592912,20.659796505088885,53.867200179289576,,,,,,,0.0753424657534242,0.1986301369863006,0.7260273972602751,0.1986301369863006,0.0067188893803471,,0.0087579527652099,89.24731182795699,45.86021505376344,55.86021505376344,37.74193548387096,58.64525000393358,关键词新闻评分,9,63.51237446275895,1591,0.491514770584538,0.1274410495933238,0.0943413439262886,1.3508504785865352,0.0146679783441934,,,,0.0015489158230414,-0.0030488703080101,0.0564040551285449,-0.0067567567567567,0.7270862441160446,647704789.7674999,其它专用机械,15622999999.999998,50.18,4.72,23.47201002437618,0.0199282582702271,0.211864406779661,,,,,,,,,42.394294093823405,低,27.784531322297926,0.0,100.0,60.39289798089349,20260917T223104_score_32afefa4,18.0,新进,,,,,,,,
2026-09-17 22:31:05,2026-09-17,27.07,27.91,28.8,26.73,4176100.0,0.0375999999999999,114071700.0,301133,0.018241517694272,-0.0057000356252226,-0.3105237154150196,-0.2832562917308679,0.0298892988929888,0.7345359576728377,-0.0635328065495663,-0.0706734371097977,1.877711904561283,191656233.0,0.0492376746489368,18.552337764789105,44.58261368420258,,,,,,,0.4057971014492752,0.5700483091787437,0.4299516908212562,0.1642512077294685,0.0199826019602164,,0.0051836025219495,82.79569892473118,27.90322580645161,80.59139784946237,63.064516129032256,50.0,无新闻/中性,10,63.37903225806452,1027,0.5355404089581305,0.098899440078132,0.0946799357102646,1.0445659826045903,0.0089896423653129,,,,-0.0211340917915633,-0.0065769572264104,0.0636484618928187,0.0034755512943431,0.3069880020826891,99965266.3,汽车零部件,3936000000.0,-59.58,2.96,22.09343081613642,,0.3378378378378378,,,,,,,,,43.41528472352342,低,27.784531322297926,0.0,100.0,67.19950217889362,20260917T223104_score_32afefa4,19.0,新进,,,,,,,,
2026-09-17 22:31:05,2026-09-17,113.23,123.01,123.01,113.17,36691700.0,0.1009999999999999,1450991900.0,002655,0.1288428007708544,0.1859814886232165,-0.1574080416466882,1.3031267552892718,0.0994815874150876,0.8018644784937524,0.0880592988337483,0.1873151003585786,3.855822015179276,3792652389.0,0.0251345263772231,21.095513229165068,61.40536928842924,,,,,,,0.99390243902439,1.0,0.0,0.0060975609756099,0.0368673077301274,,-6.938893903907228e-18,43.01075268817204,65.21505376344086,86.29032258064515,76.80107526881721,68.0,关键词新闻评分,1,63.09569892473118,1962,0.5387359836901121,0.1407898967519769,0.100246499584889,1.4044370360558636,0.0296084805007721,,,,0.0223180513907555,0.0290350588464609,0.0607790307408224,0.0273949720203792,0.99723433399088,1094815256.5800002,电子系统组装,13749000000.0,306.19,15.71,23.344231931141508,0.0032659459812534,0.0636537237428389,,,,,,,,,44.4118959767115,低,27.784531322297926,0.0,100.0,73.8435772001475,20260917T223104_score_32afefa4,20.0,新进,,,,,,,,
2026-09-17 22:31:05,2026-09-17,66.55,67.96,69.89,66.24,3634423.0,0.0356999999999999,127701900.0,688152,-0.0020558002936857,-0.0170668209430142,0.240825269308015,0.0516867842773134,0.0095068330362448,0.9104303582479744,-0.008071460890634,0.1549148173849006,0.628904379331596,31180873.0,-0.0500973988477254,18.66520920734459,52.71812993438747,,,,,,,0.3863013698630121,0.4712328767123277,0.5287671232876723,0.0849315068493155,0.0039936953652693,,0.0224003318467287,98.9247311827957,47.20430107526882,28.387096774193548,48.763440860215056,52.23759411866517,关键词新闻评分,9,62.20225403552243,805,0.3888198757763975,0.1746427752353395,0.1222218104619747,1.4289002476335744,-0.0067949591287333,,,,0.0335454832317035,0.044510756766294,0.0796371815353569,-0.0010289578127296,0.4412498413778176,206540560.0,,3705000000.0,-73.93,3.04,22.032949095694462,,0.3289473684210526,,,,,,,,,39.90599378919957,低,27.784531322297926,0.0,100.0,43.80422928340128,20260917T223104_score_32afefa4,21.0,新进,,,,,,,,
2026-09-17 22:31:05,2026-09-17,27.99,27.02,28.06,26.95,8088712.0,0.0312,157871300.0,688207,-0.0102564102564103,-0.0073475385745774,0.019622641509434,0.3942208462332301,-0.0291052820697088,0.6239357318336001,0.0495445629163511,0.0184952505402824,0.779793834218913,199560467.0,0.0444821374580811,18.877290708431705,53.4261958302133,,,,,,,0.8738738738738733,0.0630630630630633,0.0630630630630633,0.0630630630630633,0.001296952384839,,0.0085504290838896,88.17204301075269,54.784946236559136,37.204301075268816,50.32258064516129,51.241379310344826,关键词新闻评分,10,62.1537078235076,954,0.4559748427672956,0.1479685998832535,0.099228899885795,1.4911845244032145,0.0134869412038654,,,,0.0103125226745326,0.0021120713994586,0.0592418314476049,-0.0118249420943558,0.7613963621465253,191342790.0,集成电路,4454000000.0,-22.1,1.8,22.217068405781585,,0.5555555555555556,,,,,,,,,43.98528314550822,低,27.784531322297926,0.0,100.0,70.99949165879227,20260917T223104_score_32afefa4,22.0,新进,,,,,,,,
2026-09-17 22:31:05,2026-09-17,95.82,94.98,96.15,92.91,9658100.0,0.055,383262700.0,603200,0.0408767123287672,0.1292355249078587,-0.0788478324119871,-0.3009494369618017,-0.0149346608587429,0.7978107061655403,-0.0112841439040638,0.0402857919976049,0.8520442056212456,1116750373.0,0.0059090777053743,19.764231215414952,51.33997722099991,,,,,,,0.2592592592592552,0.6388888888888894,0.1018518518518554,0.6388888888888894,0.0090866890800527,,4.9439619065339e-17,68.81720430107528,56.344086021505376,50.80645161290322,76.18279569892472,60.71428571428572,关键词新闻评分,10,62.02304147465438,1973,0.4784591991890522,0.1516431315029402,0.0948745199225107,1.5983546649489822,0.0230741181644764,,,,0.002081055281953,0.0076070085035341,0.0572075324128387,0.0031685678073509,0.4689587419629982,465239075.0,环保工程及服务,7212000000.0,-300.09,6.64,22.699012142287483,,0.1506024096385542,,,,,,,,,46.82615797734043,低,27.784531322297926,0.0,100.0,89.93865720434034,20260917T223104_score_32afefa4,23.0,新进,,,,,,,,
2026-09-17 22:31:05,2026-09-17,270.47,261.19,272.76,260.4,97385900.0,0.0579999999999999,5846451300.0,002080,0.1426634001224953,0.0883823651970998,-0.3528974555905161,0.4246209228755317,0.0468537074148296,0.5164505748130609,0.1257947027003727,0.0065041203894891,3.886945775438276,4042808913.0,0.0055817439153105,22.48910069891105,62.08313972206389,,,,,,,0.7508090614886747,0.0639158576051795,0.1852750809061457,0.0639158576051795,0.0015303016799121,,0.0024621953820908,77.41935483870968,56.182795698924735,51.98924731182796,46.66666666666666,50.81818181818182,关键词新闻评分,3,61.28880742913,1964,0.5234215885947047,0.1302037633331365,0.0810632697783065,1.6061992526235422,0.029518456310575,,,,0.0011310793945607,-0.0176845553435361,0.0517630843447298,-0.0135708440863597,1.1908918925861005,2485750559.576,玻纤,79610000000.0,39.28,3.9,25.100405550046897,0.025458248472505,0.2564102564102564,,,,,,,,,45.01828722383032,低,27.784531322297926,0.0,100.0,77.88618551427297,20260917T223104_score_32afefa4,24.0,新进,,,,,,,,
2026-09-17 22:31:05,2026-09-17,142.49,140.13,145.98,138.29,191318000.0,0.149,3107490500.0,600172,0.1967717140661029,0.1953424891239443,-0.1211113898645258,1.0649867374005306,-0.0355151765434648,1.2418239852186757,0.0922781322223218,0.1539871010599969,1.1337432902326825,10820582999.0,0.0764050876549541,21.8570813245464,58.395629847051296,,,,,,,0.306892067620288,0.2392717815344608,0.4538361508452512,0.2392717815344608,0.0373863003545254,,1.9949319973733282e-17,59.13978494623656,64.6236559139785,65.05376344086022,51.18279569892472,51.92857142857143,关键词新闻评分,8,60.176728110599086,1960,0.4887755102040816,0.1685331142676265,0.1055786984058709,1.596279522406528,0.0284004426865834,,,,0.0449203329339679,0.0365896416671486,0.086226055397539,-0.0094486333647503,0.8150837233359731,3487601030.0,磨具磨料,22772000000.0,-26.08,67.38,23.848797548035247,,0.0148411991688928,,,,,,,,,48.08608424342313,低,27.784531322297926,2.5,100.0,93.33816564489172,20260917T223104_score_32afefa4,25.0,新进,1.0,1.0,0.2065432914738929,1.0,0.2080027013337835,,,
2026-09-17 22:31:05,2026-09-17,252.28,250.89,256.23,247.5,10535500.0,0.0475999999999999,2641678700.0,300666,0.0667091836734694,0.0013570145679504,-0.2431674208144797,0.8624452527651991,-0.0135257342822318,0.5705307947008144,0.0485139887538317,-0.0431441347813238,1.1596944370545943,1715711161.0,0.0130476266792021,21.694680423614862,53.795750648222565,,,,,,,0.1592210767468513,0.3883161512027467,0.4524627720504019,0.3883161512027467,-0.0020046579603437,,0.0035153910160527,79.56989247311827,49.89247311827957,43.2258064516129,54.62365591397849,51.21621621621622,关键词新闻评分,9,59.55172914850333,1958,0.5061287027579162,0.1279373167350321,0.0820231759003823,1.559770337232648,0.024243855867593,,,,-0.0033068227778205,-0.0141974281402025,0.0500874031305694,-0.002584082054544,0.8438683405437531,2705506065.839,半导体材料,60763000000.0,77.25,8.33,24.830246888043643,0.0129449838187702,0.120048019207683,,,,,,,,,43.24023024711563,低,27.784531322297926,0.0,100.0,66.03247233617505,20260917T223104_score_32afefa4,26.0,新进,,,,,,,,
2026-09-17 22:31:05,2026-09-17,137.15,134.69,141.64,134.07,52832300.0,0.0711,1852625500.0,300209,-0.0555360774139261,0.0437848729076255,0.1563358516483515,2.338042131350681,-0.0037721893491123,0.5481865190145602,-0.0164485094108842,0.0848084664834802,1.1654493001803683,3326617905.0,0.0373941719605779,21.339869659668413,49.47716877154456,,,,,,,0.324966974900926,0.0819022457067377,0.5931307793923362,0.0819022457067377,0.001571297821101,,0.0022399163392046,76.34408602150538,61.45161290322581,42.795698924731184,28.440860215053767,58.526315789473685,关键词新闻评分,7,59.33919071873231,1954,0.4677584442169908,0.182457051041596,0.1038530516243343,1.7568771277092037,0.0300709165622882,,,,0.0163648573097548,0.0248656867040517,0.0641526043931567,-0.015423976608187,0.4010015235863329,2446975534.2345,软件开发,32326000000.0,-442.54,34.4,24.199137696934027,,0.0290697674418604,,,,,,,,,42.57673936827666,低,27.784531322297926,0.0,100.0,61.60919981058193,20260917T223104_score_32afefa4,27.0,新进,,,,,,,,
2026-09-17 22:31:05,2026-09-17,99.88,96.31,100.73,96.23,609620.0,0.0116,58389900.0,688667,-0.0229278685198335,0.0239209015522006,-0.2806244397968329,-0.034873233790961,-0.0301107754279958,0.4544646299322686,0.03161468961048,-0.0200480937183091,0.8721434073751068,33901008.0,0.064213118318867,17.88265350476248,52.705901877357206,,,,,,,0.7933333333333318,0.0177777777777774,0.1888888888888907,0.0177777777777774,0.001162062280078,,0.0046297087842455,81.72043010752688,53.01075268817205,39.46236559139785,40.483870967741936,52.59357500118007,关键词新闻评分,7,59.055056424849184,1191,0.4794290512174643,0.1563801726415918,0.1201355017684379,1.301698251887404,0.0124341456607199,,,,0.0087977352892353,0.0016543687646642,0.0505955471171959,-0.0147986497084596,0.7301009172611539,64032965.0,汽车零部件,4664000000.0,29.65,2.57,22.2631392859946,0.0337268128161888,0.3891050583657587,,,,,,,,,42.77664126590439,低,27.784531322297926,0.0,100.0,62.941879128100055,20260917T223104_score_32afefa4,28.0,新进,,,,,,,,
2026-09-17 22:31:05,2026-09-17,854.22,854.91,876.3,851.62,32985900.0,0.0291,2058708200.0,002837,0.0108664806318874,0.1647592577454426,-0.2881504117505017,-0.1567188470985115,-0.004471615720524,0.5975665596868822,-0.0115087525372501,-0.0049233351419898,0.663983996250341,4325764055.0,0.0911185602498066,21.44534453615348,50.97084186479515,,,,,,,0.0279578606158809,0.1333063209076163,0.8666936790923837,0.1053484602917353,0.0211976093186997,,0.0018836564871927,74.19354838709677,53.87096774193548,56.236559139784944,24.56989247311828,50.85714285714285,关键词新闻评分,10,58.22549923195085,1963,0.5369332654100866,0.1731553747464937,0.0965036710663866,1.7942879564382266,0.0482852409492913,,,,0.0073647747831614,0.0128656198400308,0.050928502081255,-0.0070078170069264,0.4673659927945131,3796558056.9625,机械设备,81621000000.0,166.22,22.77,25.12535241874806,0.0060161232102033,0.043917435221783,,,,,,,,,44.16499634525283,低,27.784531322297926,0.0,100.0,72.19757965708968,20260917T223104_score_32afefa4,29.0,新进,,,,,,,,
2026-09-17 22:31:05,2026-09-17,61.16,54.89,62.09,54.33,52014900.0,0.1242,877915900.0,002272,0.0078957032684539,0.124334289225727,-0.3006752452541724,0.0140402734158506,-0.081185135587546,0.6357890957684742,-0.0187174857428892,-0.0620541168630331,7.425955079916615,10717054.0,-0.8120211854932865,20.593061362273698,48.55223994870196,,,,,,,0.8079896907216484,0.0721649484536084,0.119845360824743,0.0721649484536084,-0.0280127254073515,,0.0053959955240228,83.87096774193549,48.44086021505377,30.96774193548387,50.376344086021504,48.95348837209302,关键词新闻评分,8,57.591585396349096,1965,0.5048346055979643,0.1483354855880012,0.0935339884074565,1.5858992876665987,0.0285700921032274,,,,0.0081164105622007,0.0055291400308769,0.0586237409884704,-0.0387601424318486,0.3959667359554878,513806479.739,机械基础件,8190000000.000001,-236.57,5.57,22.82617973481139,,0.1795332136445242,,,,,,,,,40.9487482000954,低,27.784531322297926,0.0,100.0,50.755925356040095,20260917T223104_score_32afefa4,30.0,新进,,,,,,,,
2026-09-17 22:31:05,2026-09-17,6.38,6.52,6.71,6.29,181236000.0,0.0424,1125819000.0,601118,-0.1454783748361731,0.0046224961479197,0.2301886792452829,-0.0685714285714286,0.0219435736677116,0.7591665406134727,-0.0636892367344009,0.1073683018654285,0.9452403069918712,8309634354.0,0.088949577410224,20.841776608627576,47.842970843973085,,,,,,,0.3333333333333326,0.5476190476190466,0.4523809523809534,0.214285714285714,0.0046662315219593,,2.775557561562892e-17,65.05376344086021,46.61290322580645,59.516129032258064,61.39784946236559,49.61702127659574,关键词新闻评分,6,57.42675589110044,1860,0.5053763440860215,0.0641519958598854,0.0528976955555188,1.2127559657595035,0.0062564495683951,,,,0.0276476574619255,0.0492937686459347,0.0884092900964066,0.0020491803278688,0.3081121779353403,1300195080.0,其他种植业,30084000000.0,-523.54,3.17,24.127259305910567,,0.3154574132492113,,,,,,,,,44.14627317378812,低,27.784531322297926,0.0,100.0,72.07275851399162,20260917T223104_score_32afefa4,31.0,新进,,,,,,,,
2026-09-17 22:31:05,2026-09-17,73.06,75.26,78.97,72.01,36146900.0,0.0587,2594009400.0,603650,0.1146327014218011,0.1007751937984495,-0.0713228035538006,0.4540185471406492,0.0406526548672567,0.5185429171213752,0.1341425740485393,0.0498660813927536,2.020931715442948,1864206237.0,0.0310640609058221,21.67647054696671,64.71431631673198,,,,,,,0.3160919540229892,0.4669540229885062,0.5330459770114938,0.1508620689655169,0.015762937120281,,-9.540979117872439e-18,40.86021505376344,71.66666666666666,71.88172043010752,50.75268817204301,54.83547881575946,关键词新闻评分,8,57.15290272028562,1852,0.4973002159827214,0.1368092759196963,0.0886021804079612,1.544084753781109,0.0234949855087626,,,,0.0152183951827139,-0.0035757078820899,0.0454614479328803,-0.0020332390381895,1.1008982483553251,1153942965.0,其他化学制品,35215000000.0,58.63,8.39,24.284737965143783,0.0170561146170902,0.1191895113230035,,,,,,,,,44.800950852472646,低,27.784531322297926,0.0,100.0,76.43727637188847,20260917T223104_score_32afefa4,32.0,新进,,,,,,,,
2026-09-17 22:31:05,2026-09-17,57.68,57.97,59.36,57.31,70581200.0,0.1186999999999999,912485800.0,603466,0.059393274853801,0.1048218029350105,0.1768168899715794,0.3592028135990621,0.0064236111111111,0.5386998686024786,0.060410664471578,0.1101606735906748,0.9335560267933168,3394515656.0,0.2303963768691338,20.63168308275191,57.184092100182646,,,,,,,0.1414634146341461,0.3219512195121939,0.6780487804878061,0.1804878048780477,0.0089720221946406,,-3.469446951953614e-18,46.236559139784944,75.26881720430107,58.655913978494624,42.04301075268817,51.02272727272727,关键词新闻评分,9,56.03775659824047,1967,0.4977122521606507,0.1089553790132111,0.0912434339028141,1.1941174762149178,0.0083979681535095,,,,0.0265463513460538,0.0236357934072133,0.0614233963380073,-0.0041800274851122,0.7873834242793167,921472685.0,装修装饰,7370000000.0,126.22,3.48,22.720683543147658,0.007922674694977,0.2873563218390804,,,,,,,,,43.37376577966412,低,27.784531322297926,0.0,100.0,66.9227092198316,20260917T223104_score_32afefa4,33.0,新进,,,,,,,,
2026-09-17 22:31:05,2026-09-17,99.03,96.89,99.77,96.48,297773.0,0.0118999999999999,315519200.0,000729,0.1412249705535924,0.0412681354110693,0.0414919918305922,-0.1394440003552713,0.1701690821256039,1.464342609932711,0.0858638215368405,-0.0450847340695513,1.3687953026481787,29552885.73,-0.0238534695264571,19.56973009704776,52.79700110065357,,,,,,,0.6504559270516734,0.1246200607902728,0.2249240121580537,0.1246200607902728,-0.0028911458629274,,2.949029909160572e-17,66.66666666666666,57.47311827956989,35.0,54.354838709677416,54.909090909090914,关键词新闻评分,7,55.62800586510264,1974,0.5324214792299898,0.0662522714343616,0.0603208230475547,1.098331688580091,0.0070694111472244,,,,-0.0446098255503971,-0.0564395097127641,0.0755864529731802,-0.0084260080507606,0.7776004503713035,244819430.4035,啤酒,31765000000.0,16.08,1.95,24.18163089166491,0.0621890547263681,0.5128205128205129,,,,,,,,,45.1023079805755,低,27.784531322297926,0.0,100.0,78.44632389257418,20260917T223104_score_32afefa4,34.0,新进,,,,,,,,
2026-09-17 22:31:05,2026-09-17,68.45,69.24,69.42,68.19,26019000.0,0.0079,358265000.0,601058,-0.0168962090018459,-0.0125499144324017,0.148830263812842,0.0657226412190241,0.0109505037231711,0.3518728801977441,-0.0280672941275555,0.0204888737137647,0.658593898609344,2988933535.0,0.0538769459392138,19.696783496789624,46.55552730767447,,,,,,,0.6422764227642191,0.8536585365853607,0.1463414634146392,0.2113821138211417,0.0005657296529309,,3.469446951953614e-18,50.0,56.72043010752689,48.333333333333336,84.03225806451611,55.82352941176471,关键词新闻评分,10,55.33235294117648,1973,0.5560060821084643,0.0922251876219832,0.0643884295581285,1.432325469884682,0.0226896941350202,,,,0.0011002117464304,0.010507764390837,0.0314021622513823,0.0042059463379258,0.3175137014373272,575457320.0,轮胎,50505000000.0,13.11,2.23,24.64533817822756,0.07627765064836,0.4484304932735426,,,,,,,,,44.665957346722,低,27.784531322297926,0.0,100.0,75.53731966688414,20260917T223104_score_32afefa4,35.0,新进,,,,,,,,
2026-09-17 22:31:05,2026-09-17,57.14,59.31,59.74,56.89,8818100.0,0.0399,128071200.0,300622,0.0005060728744938,0.0145398563120082,0.0418057263305815,-0.0722665415297981,0.0387040280210158,0.3419411018061608,-0.0073557100896241,0.0065138011692598,1.3094236396947734,1199425388.0,0.0464599183488707,18.668096925042363,49.03895299122113,,,,,,,0.7614035087719301,0.8491228070175441,0.1508771929824559,0.0877192982456139,0.0101405797072182,,-1.7347234759768068e-17,34.40860215053764,63.763440860215056,72.15053763440861,77.15053763440861,46.89898641163252,关键词新闻评分,10,54.81893089922777,1973,0.5225544855549924,0.1135096697057034,0.0820331496361363,1.38370488283314,0.0201486277290115,,,,-0.0078545338962069,-0.0016874031466984,0.0326854059782739,0.0113106740934409,0.4437368786599666,125604718.445,专业连锁,5053000000.0,28.77,5.45,22.343247963256182,0.0347584289190128,0.18348623853211,,,,,,,,,42.65610413917595,低,27.784531322297926,0.0,100.0,62.13829828324383,20260917T223104_score_32afefa4,36.0,新进,,,,,,,,
2026-09-17 22:31:05,2026-09-17,39.79,43.06,43.63,39.15,305597500.0,0.3448,1967012300.0,300189,-0.0729817007534984,0.0533268101761252,0.4858523119392686,-0.0494481236203089,0.0857286938981343,1.2540576925092544,-0.0066439051397987,0.2597396265054368,2.2617937208141896,18532235797.0,0.0156890247678363,21.3997816300196,53.45126840785064,,,,,,,0.7299107142857143,0.8727678571428572,0.1272321428571428,0.1428571428571428,0.0070709473138195,,-1.7347234759768068e-17,34.40860215053764,56.774193548387096,73.76344086021506,83.11827956989248,50.0,无新闻/中性,3,54.30107526881721,1965,0.4814249363867684,0.1300026659999889,0.0890057410895896,1.4606098933453449,0.0164303673616781,,,,0.0465389406191669,0.0697969117542845,0.1102946055338066,0.0265416401780038,0.475865874789409,2049475742.103,种子生产,7219000000.0,66.83,10.54,22.69998227610344,0.0149633398174472,0.0948766603415559,,,,,,,,,43.94181370675644,低,27.784531322297926,0.0,100.0,70.70969540044712,20260917T223104_score_32afefa4,37.0,新进,,,,,,,,
2026-09-17 22:31:05,2026-09-17,176.03,180.17,181.25,175.55,34592700.0,0.0441,1018010800.0,002747,0.0023365785813629,-0.0963033555700457,-0.1955619056123588,0.4613512855868276,0.0135005906508407,0.3982778450002311,-0.0300090447066931,-0.1387584967351505,1.4802105614253975,4109180821.0,0.0198049738022737,20.741116365038103,42.465183672966845,,,,,,,0.7263157894736832,0.8105263157894711,0.1894736842105288,0.0842105263157878,-0.0056107681499407,,1.6046192152785466e-17,55.376344086021504,37.09677419354839,53.81720430107527,73.9247311827957,68.0,关键词新闻评分,9,53.611827956989245,1963,0.499235863474274,0.1379123982643281,0.1007480284421799,1.36888433845112,0.0183998157617823,,,,-0.041119088757916,-0.0401571108514123,0.0355140779739769,0.0065925470696686,0.302280417894345,1018833210.5015,其它通用机械,28944000000.0,145.0,8.78,24.08862876559935,0.0068965517241379,0.1138952164009111,,,,,,,,,44.69518468074297,低,27.784531322297926,0.0,100.0,75.73216856035731,20260917T223104_score_32afefa4,38.0,新进,,,,,,,,
2026-09-17 22:31:05,2026-09-17,405.0,408.78,416.27,402.76,5809465.0,0.0317,1695080900.0,688017,0.0193760754095906,-0.0621945903783064,-0.2554098360655737,0.5412864791493852,0.0093333333333331,0.4433069835570873,-0.0016351222800371,-0.1299162333122022,1.0224076699111388,329862716.0,-0.0047351329054011,21.25099630584336,45.59122161452379,,,,,,,0.2797927461139878,0.4455958549222787,0.5544041450777213,0.1658031088082909,-0.0014355782985337,,0.0005288936647684,70.96774193548387,39.89247311827957,42.1505376344086,49.623655913978496,50.0,无新闻/中性,6,53.204301075268816,1328,0.5210843373493976,0.1922593735872593,0.1244441847374911,1.5449446190902458,0.0405850790883577,,,,-0.0377109477780175,-0.043000938893552,0.0461233076820923,-0.0011972536467368,0.4668561803884042,1665228680.0,机械基础件,51296000000.0,363.65,14.38,24.660878613373555,0.002749896878867,0.0695410292072322,,,,,,,,,42.74491383804918,低,27.784531322297926,2.5,100.0,57.7303629423987,20260917T223104_score_32afefa4,39.0,新进,1.0,0.0,0.0,0.7934567085261071,-0.23683239822167,,,
2026-09-17 22:31:05,2026-09-17,200.41,196.8,203.47,195.77,26959283.0,0.0236,5298370300.0,688008,-0.0050556117290192,-0.0237126699077289,-0.3002417863746266,0.4151146904436615,-0.0274757857284048,0.605166898223524,-0.0131108821073693,-0.1153021706115189,0.8894060359496396,3106001808.0,-0.027893723326938,22.390665119842268,46.46116710541239,,,,,,,0.4688311688311676,0.1337662337662341,0.3974025974025983,0.1337662337662341,0.0060360840230667,,0.002473740597237,78.49462365591397,34.193548387096776,31.021505376344084,48.655913978494624,58.4375,关键词新闻评分,8,52.93514784946236,1598,0.5037546933667084,0.1330216381796254,0.0944077213996435,1.409012273652096,0.0201608858977979,,,,-0.026506198981545,-0.0304133829774116,0.0452380952380952,-0.0094624521844169,0.43095094977665,6016540950.0,集成电路,229095000000.0,74.53,10.76,26.157402601636928,0.0134174158057158,0.0929368029739777,,,,,,,,,40.93562260114535,低,27.784531322297926,0.0,100.0,50.66842136303979,20260917T223104_score_32afefa4,40.0,新进,,,,,,,,
2026-09-17 22:31:05,2026-09-17,24.31,24.34,24.98,24.16,6065300.0,0.0116,144471200.0,601133,0.0112172829248027,-0.0595054095826893,-0.3130115721140276,0.2871496562665256,-0.0081499592502036,0.4014069100240079,-0.0269449108499241,-0.1633390814146008,0.6585140900387978,532803200.0,-0.0432018354324224,18.788590744615608,42.68663475113123,,,,,,,0.0365853658536599,0.2195121951219508,0.7804878048780493,0.1829268292682908,-0.0012870606897313,,0.00653705877387,86.02150537634408,32.84946236559139,21.827956989247312,36.344086021505376,54.75488750216347,关键词新闻评分,10,51.79538122333462,692,0.5578034682080925,0.114744058149888,0.0824677240256058,1.3913814101897677,0.0275376920433835,,,,-0.0382818084019321,-0.0418482195729124,0.0404977109989435,-0.0062602068590094,0.3526930494099889,226864895.0,,12249000000.0,58.98,4.01,23.22871013795196,0.0169548999660902,0.2493765586034912,,,,,,,,,40.06428105749333,低,27.784531322297926,0.0,100.0,44.85947773869306,20260917T223104_score_32afefa4,41.0,新进,,,,,,,,
2026-09-17 22:31:05,2026-09-17,129.4,127.56,131.32,127.16,8808600.0,0.0398,280103100.0,300191,-0.132952691680261,-0.0494783904619968,0.104989604989605,-0.1651832460732984,-0.0250687863038826,0.4965782568569716,-0.1097525229261756,0.0037086968153468,1.9204091500957725,1001483724.0,0.0294287777508609,19.450668311215107,39.10314364681394,,,,,,,0.4423076923076935,0.0961538461538476,0.4615384615384589,0.0961538461538476,-0.0038176264014184,,2.0816681711721685e-17,62.36559139784946,43.27956989247311,49.46236559139785,38.924731182795696,50.0,无新闻/中性,4,51.43279569892473,1965,0.4676844783715013,0.12015342828035,0.0758898157891429,1.583261561922774,0.0157965665517548,,,,-0.0013691357259949,0.0221388961470186,0.0624468037450163,-0.0087037612682624,0.0382785707085386,585771484.9955,油气钻采服务,11731000000.0,62.1,9.54,23.185500747469995,0.0161030595813204,0.1048218029350104,,,,,,,,,42.50656792147613,低,27.784531322297926,0.0,100.0,61.14139016524507,20260917T223104_score_32afefa4,42.0,新进,,,,,,,,
2026-09-17 22:31:05,2026-09-17,76.63,79.25,82.29,76.34,18604928.0,0.0914,663550200.0,688598,0.0877024430414494,0.0178525558695092,-0.3443368908744932,0.5060813378943367,0.0253590373916416,0.824061685258413,0.0244842029060448,0.0068883444468677,1.2506837066578145,283583964.0,-0.0226143064042569,20.31311506976362,54.54415060802141,,,,,,,0.440336134453782,0.4890756302521,0.5109243697479,0.0487394957983179,0.0091552949660604,,2.4286128663675305e-17,63.44086021505376,36.45161290322581,50.967741935483865,46.82795698924731,51.83673469387755,关键词新闻评分,7,51.377221856484525,1400,0.4607142857142857,0.184596995252726,0.1321172417860274,1.3972210799835878,0.0137975317068268,,,,-0.0047671700533796,-0.0060520759917958,0.0577737719693555,-0.0005464940306036,0.5988439730266819,526452580.0,非金属新材料,6598999999.999999,-5.26,1.73,22.61018395934769,,0.5780346820809249,,,,,,,,,44.62614703582278,低,27.784531322297926,2.5,100.0,70.27191759422271,20260917T223104_score_32afefa4,43.0,新进,1.0,0.0,0.0,0.7934567085261071,-0.1043187724291548,,,
2026-09-17 22:31:05,2026-09-17,1049.94,1020.24,1058.35,1018.8,28643800.0,0.0331,6473586100.0,300476,-0.0301716762676096,-0.1187430358207151,-0.3595118368269394,-0.1625158017435274,-0.0318558373900418,0.5128966123272485,-0.0507404111281017,-0.1171324284050333,1.4211783089791572,3096226995.0,-0.022162643932483,22.590996057907468,41.69454129888143,,,,,,,0.7509481668773724,0.0364096080910254,0.2126422250316021,0.0364096080910254,-0.0136173123538433,,0.0073716808581638,87.09677419354838,21.72043010752688,30.32258064516129,42.25806451612904,50.0,无新闻/中性,4,51.20430107526881,1974,0.5324214792299898,0.1560781307989615,0.0914907698949515,1.7059440091953362,0.0403202304238441,,,,-0.0324276354818715,-0.0314297289132096,0.0460570902084663,-0.0118389999322008,0.2273175623033129,6273466963.9775,印制电路板,215721000000.0,42.92,5.69,26.097251743043483,0.0232991612301957,0.1757469244288224,,,,,,,,,40.045198109798655,低,27.784531322297926,0.0,100.0,44.73225808739517,20260917T223104_score_32afefa4,44.0,新进,,,,,,,,
2026-09-17 22:31:05,2026-09-17,829.91,805.91,839.39,802.55,74958300.0,0.0878999999999999,5029838300.0,300285,0.0937826576729414,0.0498677748394409,-0.3243544600938967,1.1380893004006047,-0.0311602130242959,0.6838290708889457,0.0231582047789109,-0.0478894593570173,1.145350602696743,4452483996.0,0.0459089929705276,22.338653673622847,51.2845933611639,,,,,,,0.651465798045602,0.0912052117263846,0.2573289902280133,0.0912052117263846,0.0075813849124392,,1.9081958235744878e-17,56.98924731182796,44.46236559139785,49.40860215053763,48.38709677419354,50.0,无新闻/中性,3,50.78225806451613,1969,0.5185373285931946,0.1205836175467546,0.0786432587726077,1.5332988412320876,0.0246633134580012,,,,-0.0070870273518268,-0.0161383193732762,0.0541996004516633,-0.0123046755315888,0.6243795921935317,5286300460.997,无机盐,60212000000.0,93.88,8.27,24.82113750494467,0.0106518960374946,0.120918984280532,,,,,,,,,43.90474576800533,低,27.784531322297926,2.5,100.0,65.46257580877301,20260917T223104_score_32afefa4,45.0,新进,1.0,0.0,0.0,0.7934567085261071,-0.0465186880422217,,,
2026-09-17 22:31:05,2026-09-17,100.86,101.65,104.82,100.0,30179100.0,0.0397,400232500.0,002169,0.0764587525150906,0.0336587350010169,-0.1327531780564796,-0.0686274509803921,0.0204798714988456,0.430943031778579,0.0507491691690658,0.0506242765007443,2.044786024987082,6221064345.0,-0.0051115060570213,19.807556188710453,59.81934462986048,,,,,,,0.1639004149377608,0.3423236514522838,0.6576763485477162,0.1784232365145229,0.0050801117225109,,-1.3444106938820257e-17,37.634408602150536,63.81720430107527,58.27956989247312,43.6021505376344,54.15384615384615,关键词新闻评分,9,50.557857733664186,1962,0.4862385321100917,0.1215898251532572,0.078604430516594,1.546857147290045,0.0187377304971868,,,,0.0039268874540514,-0.0004581092559033,0.0366664324362307,-0.004959702417855,0.9640598612291652,242927740.32400003,工控自动化,9799000000.0,41.79,3.49,23.00554617660009,0.0239291696578128,0.2865329512893982,,,,,,,,,43.72792618174904,低,27.784531322297926,0.0,100.0,69.28377856706439,20260917T223104_score_32afefa4,46.0,新进,,,,,,,,
2026-09-17 22:31:05,2026-09-17,105.29,102.98,107.4,102.4,3449178.0,0.0285,359872400.0,688031,-0.0652627757102659,-0.0316878232251996,-0.1066192417801682,-0.265477888730385,-0.0227747200607325,0.8211069249609134,-0.0224546848227972,-0.0037937355800159,0.5639864185213066,240376339.0,0.0415261473558193,19.70126008491847,47.64824172819416,,,,,,,0.4620000000000004,0.1159999999999996,0.4219999999999999,0.1159999999999996,0.0073777240766685,,0.0003148373548831,69.89247311827957,35.96774193548387,36.88172043010752,44.83870967741936,50.0,无新闻/中性,5,50.314516129032256,813,0.4403444034440344,0.2545527811331989,0.1505532282541924,1.6907826161217536,0.0278329357810918,,,,-0.0070140566748912,-0.0001405771424731,0.0841772327497711,-0.0122769998081718,0.3824593305608432,651820155.0,软件开发,12826000000.0,-59.64,17.11,23.274740197673083,,0.0584453535943892,,,,,,,,,41.767079058148944,低,27.784531322297926,0.0,100.0,56.21146440973045,20260917T223104_score_32afefa4,47.0,新进,,,,,,,,
2026-09-17 22:31:05,2026-09-17,60.91,64.86,65.26,60.38,4108900.0,0.0704,258691700.0,300816,0.0010804136440807,0.2530911901081916,-0.1528213166144201,0.0261034646416706,0.0615384615384615,0.7005374259216882,0.0296790785912162,0.1148033138155859,0.9702194643087028,308809876.0,0.114622446138026,19.37114756701278,56.40942244966809,,,,,,,0.8094262295081969,0.9180327868852448,0.0819672131147552,0.1086065573770479,0.0309350040665632,,-0.0092081742976418,12.903225806451612,66.0215053763441,77.04301075268818,83.5483870967742,48.63636363636364,关键词新闻评分,8,49.64858260019552,1466,0.4945429740791269,0.1361013117562822,0.1174737161979177,1.1585681985830858,0.00793003227875,,,,0.0278980519742467,0.0356043162060587,0.0664618298753359,0.0214173228346457,0.6119768939426746,325385117.4,汽车零部件,5120000000.0,56.92,5.24,22.356420275997827,0.0175685172171468,0.1908396946564885,,,,,,,,,41.0924436347984,低,27.784531322297926,0.0,100.0,51.71389492072681,20260917T223104_score_32afefa4,48.0,新进,,,,,,,,
2026-09-17 22:31:05,2026-09-17,104.44,103.6,105.22,102.64,39714300.0,0.0210999999999999,657420600.0,002517,-0.0629522431259045,-0.0063303280260886,0.0279817424092081,-0.0680100755667506,-0.0153963124881201,0.3156505306001741,-0.0269102521955572,-0.019672782672054,2.8982198227521434,7201599129.0,0.0262599370588103,20.303834555788885,43.96185612168855,,,,,,,0.3255813953488387,0.3720930232558118,0.3023255813953495,0.3720930232558118,0.0173259109000774,,-0.0001281547229718,26.881720430107524,56.29032258064516,73.9247311827957,61.344086021505376,50.0,无新闻/中性,10,49.4005376344086,1936,0.5072314049586777,0.127667101676666,0.0880463346966582,1.4499990501195916,0.0213702947034473,,,,0.0006946639461308,0.0042814701056717,0.0396718146718146,-0.0021190522057408,0.2355151074305736,990653955.138,移动互联网服务,37195000000.0,15.62,3.55,24.339440180589715,0.0640204865556978,0.2816901408450704,,,,,,,,,44.229618266678855,低,27.784531322297926,0.0,100.0,72.62839246659652,20260917T223104_score_32afefa4,49.0,新进,,,,,,,,
2026-09-17 22:31:05,2026-09-17,87.48,91.1,95.93,85.15,181421700.0,0.311,3648834800.0,002579,0.2125648875282844,0.3252836776258365,-0.0374049027895182,0.7021674140508218,0.0407860162230091,0.7302705845002014,0.2821144332871248,0.3255568624122416,2.553177815633455,5652295566.0,0.0381973412487472,22.017673720972496,75.23171649864057,,,,,,,0.3358070500927634,0.5519480519480509,0.4480519480519491,0.2161410018552874,0.0184169033320263,,-0.0183456756043531,5.376344086021505,78.17204301075269,81.66666666666666,62.47311827956989,50.0,无新闻/中性,3,49.00537634408602,1933,0.5137092602172788,0.113390633270058,0.0850027544523671,1.333964222695848,0.0169137659865196,,,,0.0631997622269569,0.0387426153223479,0.0634938058648266,0.0041149239473876,1.040773935339047,1739353346.929,印制电路板,8638000000.0,-106.95,3.75,22.87943691148492,,0.2666666666666666,,,,,,,,,42.96815803795519,低,27.784531322297926,2.5,100.0,59.21865760843879,20260917T223104_score_32afefa4,50.0,新进,1.0,1.0,0.2065432914738929,1.0,0.267949893064467,,,
2026-09-17 22:31:05,2026-09-17,113.97,114.55,115.61,113.23,33037900.0,0.0055,664831400.0,600188,0.1832455324863133,-0.0395740756267292,0.0849592725895056,-0.0017429193899782,0.0013111888111887,1.1246317672934851,0.0027443067671015,0.0090955139075472,0.9417826638335718,5714938964.0,0.005520943931225,20.315044034144545,51.46114045427127,,,,,,,0.2436974789915963,0.5546218487394939,0.445378151260506,0.3109243697478976,0.01676064049713,,-6.0715321659188256e-18,44.08602150537634,43.01075268817204,55.107526881720425,61.55913978494624,51.68923634945281,关键词新闻评分,9,48.52913868870872,1973,0.5088697415103902,0.0837127126887173,0.0510016838788197,1.6413715454497395,0.017550396280231,,,,-0.0194002558160943,-0.0236361676247589,0.0572363908461682,0.0007571565858062,0.5030649844677796,1028494899.6,煤炭开采,216395000000.0,19.1,2.82,26.10037127829136,0.0523560209424083,0.3546099290780142,,,,,,,,,44.172418081916405,低,27.784531322297926,0.0,100.0,72.24705790151353,20260917T223104_score_32afefa4,51.0,新进,,,,,,,,
2026-09-17 22:31:05,2026-09-17,62.49,60.9,62.97,60.34,15318500.0,0.0713999999999999,882812899.9999999,300726,0.0955207771181867,0.0931610123855681,-0.3596887814109978,0.3509316770186335,-0.0249759846301633,0.526368994056544,0.0703175802738185,-0.0036755483329152,1.659048295449853,1120028798.0,-0.0154639050970495,20.59862384596912,57.02888298655832,,,,,,,0.6045627376425879,0.2129277566539909,0.1825095057034211,0.2129277566539909,0.0044677569478323,,-8.673617379884035e-18,41.935483870967744,52.95698924731183,44.67741935483871,65.10752688172043,48.56382978723404,关键词新闻评分,7,48.21928620452985,1973,0.4982260516979219,0.1207997646042991,0.0893073736971812,1.352629235452614,0.0153734762523145,,,,0.0065977152895935,-0.0082490317893618,0.0534482758620689,-0.008197166277618,0.927900056028928,634660108.8275,被动元件,20098000000.0,47.37,4.08,23.72388614457318,0.0211104074308634,0.2450980392156862,,,,,,,,,42.47227925363762,低,27.784531322297926,0.0,100.0,60.91279904632167,20260917T223104_score_32afefa4,52.0,新进,,,,,,,,
2026-09-17 22:31:05,2026-09-17,274.05,274.9,285.07,273.33,21166800.0,0.043,2594692600.0,002851,-0.0513492994685623,0.024370248919362,-0.2935159723471513,0.2069722514927994,-0.0036606139683231,0.7075868371334881,-0.0263167215669608,-0.0771683941085141,2.01218974332888,2568743577.0,-0.0048619943753764,21.67673388835871,46.81877158812858,,,,,,,0.0724020442930123,0.1337308347529806,0.8662691652470195,0.0613287904599682,0.0080945555318281,,1.9949319973733282e-17,59.13978494623656,37.1505376344086,55.376344086021504,20.91397849462365,50.0,无新闻/中性,8,48.153225806451616,1899,0.5055292259083728,0.1524252374399501,0.0838298741132766,1.8182687144917185,0.0356039895471223,,,,-0.0108911856678132,-0.0078973180820169,0.0689991165618666,-0.0103204128165126,0.2905380018683177,3527623810.8805,电气设备,70886000000.0,316.13,7.76,24.984338789773485,0.0031632556226868,0.1288659793814433,,,,,,,,,42.995669668778255,低,27.784531322297926,0.0,100.0,64.40206848059252,20260917T223104_score_32afefa4,53.0,新进,,,,,,,,
2026-09-17 22:31:05,2026-09-17,144.57,139.36,147.65,139.1,105799200.0,0.1047,5678441300.0,601208,0.0741482965931863,0.139493049877351,-0.3193650793650793,0.7335489488742382,-0.0360379055129002,0.6960453310967802,0.0827820100928091,0.0710196051306881,1.7144328056767275,4511803144.0,0.0403025296333582,22.459942613181703,58.535360716277815,,,,,,,0.6093567251461957,0.0304093567251484,0.3602339181286559,0.0304093567251484,0.0109966191471252,,-1.7347234759768068e-17,34.40860215053764,56.72043010752688,56.66666666666667,34.462365591397855,67.32137590073836,关键词新闻评分,6,47.734825762116856,1968,0.5452235772357723,0.1263074881880251,0.07444778210848,1.6965916862906527,0.0350087245115149,,,,0.0219659812085706,0.0120060574617741,0.0592043217976053,-0.0188448992044306,0.878273199579555,3005426870.0,其他塑料制品,46600000000.0,114.54,7.56,24.56486637807801,0.0087305744718002,0.1322751322751323,,,,,,,,,43.11795413406955,低,27.784531322297926,0.0,100.0,65.21729824920118,20260917T223104_score_32afefa4,54.0,新进,,,,,,,,
2026-09-17 22:31:05,2026-09-17,161.02,159.35,163.87,158.82,3965100.0,0.0542999999999999,342065700.0,301191,0.0467713328516061,-0.0549196370322045,-0.2051576217079009,-0.0569889927802106,-0.0168435340572558,0.5204306101039703,-0.0098240860990115,-0.1277160228010889,1.214221187855032,327158916.0,0.0218440854908653,19.6505133847636,45.893462753223176,,,,,,,0.3306930693069331,0.1049504950495049,0.564356435643562,0.1049504950495049,-0.0015450569688496,,1.9949319973733282e-17,59.13978494623656,38.81720430107527,42.04301075268817,34.40860215053763,52.43243243243244,关键词新闻评分,10,47.49593141528625,909,0.5357535753575358,0.1472827627312678,0.1112757061485184,1.323584166113412,0.0272479179927972,,,,-0.0335536017496462,-0.0407309376107112,0.048097180510108,-0.0082773213841174,0.4499498464786948,345939792.8115,终端设备,8051000000.000001,103.42,4.72,22.809062144264256,0.0096693096112937,0.211864406779661,,,,,,,,,42.30998929714944,低,27.784531322297926,0.0,100.0,59.83086600306706,20260917T223104_score_32afefa4,55.0,新进,,,,,,,,
2026-09-17 22:31:05,2026-09-17,216.27,211.21,218.67,210.56,11479714.0,0.0323,637806200.0,688257,0.0559972001399931,-0.0419577247573256,-0.4772547272547273,0.1631147089597444,-0.0222211934632655,0.5462215898598032,0.0139531980979676,-0.1603601693511518,0.8993501833268787,555907186.0,-0.0356688204523051,20.273545034976504,47.65438525277894,,,,,,,0.6239210850801494,0.0801479654747234,0.2959309494451272,0.0801479654747234,1.3554564718148684e-05,,3.8163916471489756e-17,67.74193548387096,32.096774193548384,24.67741935483871,44.56989247311828,51.83673469387755,关键词新闻评分,7,46.31001755540926,1049,0.567206863679695,0.1424447914600146,0.0800688416821804,1.779029001386392,0.0461424182983782,,,,-0.0350549689981223,-0.0484575560210883,0.0507754638240884,-0.0106333145962151,0.5812138390410504,690298255.0,金属新材料,18158000000.0,26.3,6.33,23.622377071895976,0.0380228136882129,0.1579778830963665,,,,,,,,,41.30273776809379,低,27.784531322297926,0.0,100.0,53.11585580936276,20260917T223104_score_32afefa4,56.0,新进,,,,,,,,
2026-09-17 22:31:05,2026-09-17,24.09,23.98,24.17,23.59,23798700.0,0.0250999999999999,231363000.0,002083,0.0029276453366793,-0.0487901626338754,-0.1487397941072062,-0.1035514018691589,-0.00990916597853,0.2422447913441814,-0.0244497782840404,-0.0569080111692295,1.4029204646132185,2847508119.0,-0.0081911446861989,19.2594984679778,41.598635539999634,,,,,,,0.1896551724137915,0.6724137931034471,0.1379310344827613,0.6724137931034471,-0.0015348657420669,,-2.4286128663675305e-17,29.56989247311828,47.31182795698925,49.89247311827957,75.75268817204301,54.75488750216347,关键词新闻评分,6,45.20667154591528,1965,0.5343511450381679,0.0612590930137341,0.0488102616186049,1.255045373294702,0.0100054240627976,,,,-0.0249311070381876,-0.022970628879805,0.0238293816275467,0.002787844995818,0.2941830930072533,278131838.83799994,棉纺,9372000000.0,16.0,1.94,22.96099235759196,0.0625,0.5154639175257733,,,,,,,,,41.34808054263898,低,27.784531322297926,0.0,100.0,53.41814097299734,20260917T223104_score_32afefa4,57.0,新进,,,,,,,,
2026-09-17 22:31:05,2026-09-17,68.54,69.63,69.85,68.32,93593100.0,0.0118,261313000.0,600166,-0.2300121641048326,-0.0475995075913008,-0.0856204858831255,-0.0061375963459892,0.0126527050610818,1.2352647069110043,-0.0835685941602669,-0.0727045119590887,1.1501182934718004,14703198713.0,-0.001062566319198,19.3812294843239,40.66597389928776,,,,,,,0.7124183006535871,0.8562091503267982,0.1437908496732017,0.143790849673211,-0.0142730779038619,,-5.204170427930421e-18,45.16129032258064,27.258064516129032,43.01075268817205,81.12903225806451,50.0,关键词新闻评分,7,44.33602150537634,1973,0.4647744551444501,0.0832291534796325,0.058883899513108,1.4134450022472622,0.0071666172605073,,,,0.0015319793832046,0.0167417258814563,0.0607189019511294,0.0052454282964389,0.3175334055022216,295985606.5,商用载货车,22960000000.0,15.39,1.45,23.85701940839777,0.0649772579597141,0.6896551724137931,,,,,,,,,40.8767951778067,低,27.784531322297926,0.0,100.0,50.27623854078216,20260917T223104_score_32afefa4,58.0,新进,,,,,,,,
2026-09-17 22:31:05,2026-09-17,27.38,27.41,27.68,27.14,33394400.0,0.0159,282625800.0,002739,-0.0459450052210232,-0.0032727272727273,-0.0287030474840538,-0.0968698517298187,-0.002184200946487,0.2406755330359369,-0.0069560176798781,-0.0594815310446582,1.1483053911833287,2319156074.0,0.0328845764937169,19.459634322702577,44.081755367092526,,,,,,,0.0555555555555577,0.5,0.5,0.4444444444444422,0.001491854374802,,-0.0045727409701336,18.27956989247312,61.55913978494624,52.15053763440859,56.18279569892472,62.75,关键词新闻评分,9,44.11102150537634,1763,0.4163357912648894,0.0884786727457534,0.0703643103300408,1.2574367933224666,-0.0042322912843045,,,,-0.0098768981411426,-0.0110506393216249,0.0275968103403346,0.0,0.4387656999368164,436882703.4344999,影视动漫,17866000000.0,-101.09,2.49,23.60616530222606,,0.4016064257028112,,,,,,,,,44.08474665041469,低,27.784531322297926,0.0,100.0,71.66258169150208,20260917T223104_score_32afefa4,59.0,新进,,,,,,,,
2026-09-17 22:31:05,2026-09-17,93.03,93.12,94.41,90.31,14241400.0,0.0933,1312700799.9999998,301021,0.1848835729736608,0.1976848874598071,-0.3164501211186962,0.7893927747886242,0.0179274158285964,0.9332577057603562,0.1853209607820674,0.1795728186495462,1.822246072020663,626343490.0,-0.0142976793247965,20.995352531966184,64.42591257029277,,,,,,,0.0219512195121959,0.6853658536585381,0.3146341463414619,0.663414634146342,0.0212064038715989,,-0.0159057848470753,6.451612903225806,58.49462365591398,68.87096774193549,66.61290322580645,66.71428571428572,关键词新闻评分,8,43.98863287250384,1123,0.5191451469278717,0.1647977568424232,0.1154120822736954,1.4279073178110713,0.0300574958248772,,,,0.0377482388897228,0.0180725448988008,0.0676699803632793,0.0054707745465014,1.1104263256362004,812383252.4219999,其他电子,10675000000.0,142.34,10.15,23.0911703960611,0.0070254320640719,0.0985221674876847,,,,,,,,,42.851663298121295,低,27.784531322297926,0.0,100.0,63.44202600954611,20260917T223104_score_32afefa4,60.0,新进,,,,,,,,
2026-09-17 22:31:05,2026-09-17,56.72,55.78,57.72,55.36,45941000.0,0.0929,1276643100.0,603011,0.0257447591026112,0.1748104465037911,-0.2224700306662949,0.3338115734098517,-0.0285614768373388,0.7187500589779304,0.0719501883311553,0.1399027261208976,0.8793204841899456,4530761232.0,0.0304949088171282,20.96749989255376,59.05984521769162,,,,,,,0.3983050847457618,0.177966101694916,0.4237288135593221,0.177966101694916,0.0146722325083652,,-0.0018836564871927,23.655913978494624,62.90322580645161,47.795698924731184,51.23655913978494,50.0,无新闻/中性,9,43.68817204301075,1966,0.5340793489318413,0.1354241079397468,0.0962687059959885,1.4067303236151305,0.0274736412229952,,,,0.0360871997365627,0.0316429850503395,0.0589561030579316,-0.0090015397370603,0.8099885120433852,1349411350.0,机械设备,11965000000.0,-40.9,6.44,23.20525155830675,,0.15527950310559,,,,,,,,,43.18066465792157,低,27.784531322297926,0.0,100.0,65.63536840821462,20260917T223104_score_32afefa4,61.0,新进,,,,,,,,
2026-09-17 22:31:05,2026-09-17,91.06,92.94,95.85,90.73,10501700.0,0.0279999999999999,160261900.0,600769,0.5263590080472984,0.0063887384948566,-0.3027756939234809,0.2545896328293737,0.0170715692711753,2.6091847857539943,0.1106463832889184,-0.0004176577823269,1.3886636807957844,1706399745.0,0.0359509800113519,18.89231991621814,55.50003188343494,,,,,,,0.3671874999999998,0.4316406249999996,0.5683593750000004,0.0644531249999997,0.0295586013550279,,-2.4286128663675305e-17,29.56989247311828,39.56989247311829,69.6236559139785,42.795698924731184,52.0,关键词新闻评分,9,43.646236559139794,1960,0.5331632653061225,0.1349911696944727,0.1025061584621625,1.3169078982147313,0.0241186925193087,,,,-0.0226254564588047,-0.0538885347464591,0.0927556949183805,-0.0025042930738409,0.6661042832024361,172404645.7,房屋建设,5583000000.0,399.25,42.54,22.44299210327464,0.0025046963055729,0.0235072872590503,,,,,,,,,41.5690362503711,低,27.784531322297926,0.0,100.0,54.89117902454481,20260917T223104_score_32afefa4,62.0,新进,,,,,,,,
2026-09-17 22:31:05,2026-09-17,27.29,27.22,27.63,27.02,15835900.0,0.0144999999999999,61532700.00000001,002512,-0.0584572812175717,-0.0405357772294677,0.1069540463603089,-0.0542043085476026,-0.0025650421399779,0.3280253060846793,-0.0474857402806452,0.0427320959987742,1.802945889416522,6283238472.0,-0.011286310564669,17.935079315039093,44.558216700312805,,,,,,,0.1147540983606563,0.3278688524590155,0.5573770491803282,0.3278688524590155,-0.004171804972659,,-4.6837533851373785e-17,27.956989247311824,52.68817204301075,45.053763440860216,47.25806451612903,68.0,关键词新闻评分,7,43.493548387096766,1813,0.516822945394374,0.1234878217887373,0.1117054982011187,1.1054766665684197,0.0098478061731201,,,,0.0032745933625119,0.0167033806542221,0.0366064868269129,-0.0025650421399781,0.1609509175480938,94869892.245,计算机,4630000000.0,-39.93,14.37,22.255822705044555,,0.069589422407794,,,,,,,,,41.67105528707904,低,27.784531322297926,0.0,100.0,55.57130593593112,20260917T223104_score_32afefa4,63.0,新进,,,,,,,,
2026-09-17 22:31:05,2026-09-17,71.5,73.34,73.77,71.18,356115.0,0.0283,239915200.0,000676,0.1743795036028823,0.2701766539660548,0.2907426962337205,-0.0922143829681891,0.2382238730373123,1.5853637335737252,0.1453916492921341,0.0853822171356406,0.6791110446627809,103172829.56,-0.0117212185532736,19.29579608970414,56.896296082414665,,,,,,,0.7104247104247147,0.8339768339768361,0.1660231660231638,0.1235521235521214,0.018045535515223,,-0.0193097448383668,4.301075268817205,77.04301075268818,49.462365591397855,77.5268817204301,50.642857142857146,关键词新闻评分,10,43.47557603686637,1967,0.4382308083375699,0.1280836467841308,0.0904923474277433,1.4154086000079016,0.0052943871989142,,,,-0.0215835513374147,-0.0297280026530456,0.0920176087888113,0.0079252370699527,0.884247712732033,359813878.0105,移动互联网服务,8945000000.0,44.18,2.08,22.91436055390709,0.0226346763241285,0.4807692307692307,,,,,,,,,40.8591514886636,低,27.784531322297926,0.0,100.0,50.158613946494825,20260917T223104_score_32afefa4,64.0,新进,,,,,,,,
2026-09-17 22:31:05,2026-09-17,74.71,75.56,76.8,74.29,3788300.0,0.0146,196085800.00000003,001301,-0.0310335983585534,-0.1887481211080094,-0.1843696027633851,-0.0641565518949713,0.0051882399893574,0.3728739240715938,-0.0836769342711618,-0.0737850272536345,4.124334033496456,231529247.0,-0.0075304350035727,19.09406288160983,39.7985205491844,,,,,,,0.3386454183266978,0.5059760956175301,0.4940239043824698,0.1673306772908322,-0.0064075985230223,,-1.0408340855860844e-17,39.247311827956985,32.096774193548384,54.94623655913978,56.45161290322581,50.0,无新闻/中性,8,43.39516129032258,762,0.4973753280839895,0.1350659094872642,0.0928520475226548,1.4546357683098978,0.0205087211213862,,,,-0.0290718893364653,-0.0166495926821649,0.0404030855327837,0.0001323626737261,0.2038988999541183,295484011.523,锂,20324000000.0,23.46,2.82,23.73506829067789,0.0426257459505541,0.3546099290780142,,,,,,,,,43.75738683718677,低,27.784531322297926,0.0,100.0,69.48018293664933,20260917T223104_score_32afefa4,65.0,新进,,,,,,,,
2026-09-17 22:31:05,2026-09-17,135.14,139.35,143.08,135.08,132563800.0,0.1042,5766061100.0,600498,0.5883962156616891,0.1167655072928353,-0.4665416124339637,-0.038832942474824,0.0248584246524967,2.10365084353868,0.1561389026014161,0.0126309389575267,1.7796023423406122,6092857866.0,0.0293660821303028,22.47525503288067,59.02644688938745,,,,,,,0.526250000000001,0.5337499999999977,0.4662500000000023,0.0074999999999967,0.0380600058876991,,-0.0057948747294216,17.20430107526882,46.4516129032258,75.3225806451613,48.064516129032256,54.13468478448998,关键词新闻评分,9,42.91884482253502,1972,0.4731237322515213,0.1003827592400352,0.070586076018512,1.422132591896859,0.0103033374177073,,,,-0.0142568343985205,-0.0542686433820326,0.0798810805269362,0.0012933821944385,0.7418463087924451,3914774174.3,通信传输设备,51339000000.0,150.08,2.92,24.66171653420984,0.0066631130063965,0.3424657534246575,,,,,,,,,40.71166826787217,低,27.784531322297926,0.0,100.0,49.17539247455196,20260917T223104_score_32afefa4,66.0,新进,,,,,,,,
2026-09-17 22:31:05,2026-09-17,84.53,83.68,85.22,83.68,110881.0,0.0131,256370100.0,000034,-0.1283333333333333,-0.1622785063569926,-0.1694292803970223,-0.0480091012514221,-0.1455121004799346,1.146362932894767,-0.1258018010488707,-0.1186244305764014,0.6871402198357893,38488802.6,-0.0093840934915601,19.3621326654468,39.37809695605986,,,,,,,0.5519480519480511,0.0,0.4480519480519488,0.0,-0.0101942099927163,,0.0019377369095125,75.26881720430107,17.258064516129032,23.602150537634408,23.81720430107527,50.52941176470589,关键词新闻评分,9,42.81369386464263,1880,0.5079787234042553,0.1210549290640965,0.0865343396452025,1.3989235898769337,0.0189165920661701,,,,-0.0022327003079008,0.0051156030471636,0.0753807019939907,-0.0060970781534563,-0.0774899265988144,379276253.998,IT服务,23853000000.0,40.25,2.09,23.895175832533862,0.0248447204968944,0.4784688995215311,,,,,,,,,40.17294474958128,低,27.784531322297926,0.0,100.0,45.5839023526127,20260917T223104_score_32afefa4,67.0,新进,,,,,,,,
2026-09-17 22:31:05,2026-09-17,675.24,666.62,726.71,665.69,363062700.0,0.0914,17814018700.0,600176,0.0804038832433835,0.1286974484008058,-0.3200114246077892,0.833136257390348,-0.0047625446022004,0.4750603913780686,0.0882632388328212,0.0084557369138034,2.031946822181203,7173119887.0,0.0524408773565162,23.603251551747835,59.8703950356233,,,,,,,0.1412651589642741,0.0152409046214347,0.843493936414291,0.0152409046214347,0.0032151611439121,,-0.0024621953820908,22.58064516129032,63.27956989247312,56.55913978494624,9.516129032258064,62.75,关键词新闻评分,4,42.26155913978494,1963,0.522159959246052,0.1010420037192021,0.0637631678249992,1.584645292349908,0.0222914938320595,,,,0.0177775066999271,0.0033157590827885,0.056114642310676,-0.028732115278142,0.9302959088327196,9944432647.65,玻纤,160846000000.0,35.49,4.85,25.803713222432897,0.0281769512538743,0.2061855670103093,,,,,,,,,41.56794462600505,低,27.784531322297926,0.0,100.0,54.88390152877115,20260917T223104_score_32afefa4,68.0,新进,,,,,,,,
2026-09-17 22:31:05,2026-09-17,228.37,223.1,230.87,222.44,1368924.0,0.0479,4541907500.0,000938,0.4843646041250831,0.3810820849325245,0.1496444398639596,0.2826261929400941,0.4471977166580176,3.730306760331607,0.2700129506027009,0.0105974574255811,0.94182986718636,96300430.51,-0.0544875291508279,22.23661291516481,55.70492083592086,,,,,,,0.6251482799525512,0.0782918149466187,0.2965599051008301,0.0782918149466187,0.055252790644909,,-0.0085690137763502,13.978494623655912,77.36559139784946,41.45161290322581,43.924731182795696,50.0,无新闻/中性,6,41.91666666666666,1968,0.4659552845528455,0.1220068473838966,0.0873472892527153,1.3968017602802,0.0102023770561124,,,,-0.0631360533417689,-0.1035802980087725,0.16570404046872,-0.0105113762363063,0.8140385062328939,5170936234.4805,IT服务,100875000000.0,35.88,5.64,25.337147963536523,0.027870680044593,0.1773049645390071,,,,,,,,,40.44122979326698,低,27.784531322297926,0.0,100.0,47.37246931051733,20260917T223104_score_32afefa4,69.0,新进,,,,,,,,
2026-09-17 22:31:05,2026-09-17,44.45,42.65,45.08,42.59,63512800.0,0.1008,1385115400.0,603936,0.1286054511775602,0.2196168144123533,-0.1856024441474126,0.5790447982228804,-0.0409264672813132,0.7286291467484144,0.1493168773073916,0.2150939454228608,0.9882130718130522,2759629801.0,0.0717627016269626,21.049049295136285,64.91260356538132,,,,,,,0.7228915662650635,0.0240963855421667,0.2530120481927698,0.0240963855421667,0.0223799067523147,,-0.0107968527201124,10.75268817204301,69.6774193548387,57.47311827956989,38.11827956989248,50.0,无新闻/中性,9,41.48924731182795,1964,0.5254582484725051,0.1230230675073452,0.1004674715140847,1.2245064562025771,0.0169674756702919,,,,0.0607416566957628,0.0387918567568442,0.0594205325741082,-0.0181860036832411,0.8652433197598435,1236646030.0,印制电路板,10313000000.0,-124.89,2.42,23.05667107228034,,0.4132231404958678,,,,,,,,,41.97323273613929,低,27.784531322297926,0.0,100.0,57.585822262999415,20260917T223104_score_32afefa4,70.0,新进,,,,,,,,
2026-09-17 22:31:05,2026-09-17,57.68,56.29,58.73,55.92,2397908.0,0.0266,133090500.0,688379,-0.0063548102383054,0.0441476534965683,-0.3469837587006961,0.2191899501841021,-0.0249437034470811,0.5818145527277967,-0.0253742067855009,-0.0369931054933648,0.6060624365567231,215577328.0,0.0683542756840658,18.70653991342563,48.66751407595067,,,,,,,0.4946619217081861,0.131672597864768,0.3736654804270459,0.131672597864768,0.0047768041865967,,-1.0408340855860844e-17,39.247311827956985,39.354838709677416,38.548387096774185,47.903225806451616,50.0,无新闻/中性,7,41.0752688172043,1335,0.5146067415730337,0.1330757807592537,0.0874977374169045,1.520905393532422,0.0260108820490285,,,,-0.0006662800767246,0.0037284516256481,0.0587645610740298,-0.012109512109512,0.3439555986408805,224288925.0,金属制品,5366000000.0,34.27,3.75,22.403348588949843,0.0291800408520571,0.2666666666666666,,,,,,,,,41.51299620595076,低,27.784531322297926,0.0,100.0,54.517578728409255,20260917T223104_score_32afefa4,71.0,新进,,,,,,,,
2026-09-17 22:31:05,2026-09-17,984.3,979.62,1005.2,976.81,16407000.0,0.0237,2009826900.0,002353,-0.0044411020437199,-0.2015551262928822,-0.2504304045420114,0.2360823701610055,0.0113250400041295,0.3193567679528933,-0.0524956596172725,-0.1254807444093491,1.7590969715848854,1685794360.0,-0.0125019221364685,21.42131443640348,39.06621805020516,,,,,,,0.1648467770341646,0.0989785135611148,0.7361747094047206,0.0989785135611148,-0.0012776654931204,,2.6020852139652106e-18,48.38709677419355,31.12903225806452,42.63440860215053,27.096774193548384,50.0,无新闻/中性,5,40.954301075268816,1971,0.5794013191273465,0.1154988459920721,0.0905811317340758,1.2750872480943245,0.0288218792061885,,,,-0.047416002029658,-0.0439425463210225,0.0447833999772506,-0.0076883337891634,0.2860594089737255,2127862640.9565003,冶金矿采化工设备,128411999999.99998,48.73,5.51,25.57850968177928,0.0205212394828647,0.1814882032667876,,,,,,,,,40.79400903868552,低,27.784531322297926,0.0,100.0,49.72433094664093,20260917T223104_score_32afefa4,72.0,新进,,,,,,,,
2026-09-17 22:31:05,2026-09-17,253.33,252.6,258.2,252.16,58525600.0,0.0541,1923623700.0,002407,-0.0065678216069533,-0.0907127429805616,-0.2438031373488205,0.174228337671997,-0.0094117647058823,0.4194445958144644,-0.0368208223628395,-0.0982650705633165,1.2699859508118836,11555295007.0,-0.0001017184268049,21.37747658846052,43.05900339409314,,,,,,,0.120860927152321,0.072847682119205,0.8062913907284739,0.072847682119205,-0.0043380601392175,,4.33680868994202e-19,47.31182795698925,34.56989247311828,39.784946236559136,18.5483870967742,50.0,无新闻/中性,4,40.01344086021505,1972,0.4797160243407707,0.1367104545288221,0.0829669534903762,1.6477699707833648,0.0224158193220789,,,,-0.026276250837436,-0.0222687818552792,0.0400180975002827,-0.0067631330607109,0.2803971568859322,3142881453.3815,氟化工及制冷剂,39046000000.0,57.99,4.5,24.388006275207022,0.0172443524745645,0.2222222222222222,,,,,,,,,41.21183326767825,低,27.784531322297926,2.5,100.0,47.5098258065925,20260917T223104_score_32afefa4,73.0,新进,1.0,0.0,0.0,0.7934567085261071,-0.098846431146359,,,
2026-09-17 22:31:05,2026-09-17,113.93,112.18,118.93,112.13,31705800.0,0.0382,3642495200.0,301217,0.0312557455414599,-0.0118040873854826,-0.3889978213507624,2.0058949624866025,-0.0235877796152841,0.641121668451519,0.0121351558623179,-0.0412757920285787,1.3437777499474062,1867285524.0,-0.0227278983864774,22.01593477853105,50.702153312467175,,,,,,,0.2573529411764702,0.0073529411764722,0.7352941176470575,0.0073529411764722,0.0020393419553109,,1.214306433183765e-17,52.68817204301075,33.11827956989247,33.924731182795696,11.827956989247312,50.333333333333336,关键词新闻评分,7,39.72150537634408,984,0.5121951219512195,0.2067375525167605,0.0869810750493845,2.376810730373048,0.0634601732162019,,,,-0.0049738868796569,-0.0105225817270143,0.0687224613503807,-0.0195198694790816,0.5762466180606659,3434966962.18,铜,83623000000.0,344.73,14.91,25.14958443881583,0.0029008209323238,0.0670690811535882,,,,,,,,,41.370468728898544,低,27.784531322297926,0.0,100.0,53.56739554806113,20260917T223104_score_32afefa4,74.0,新进,,,,,,,,
2026-09-17 22:31:05,2026-09-17,245.92,248.45,250.84,245.08,5316300.0,0.0113999999999999,95973900.0,600645,-0.2471212121212121,-0.1462786062813552,0.0303143402173011,-0.4183814406442401,0.0102878985035783,1.5101174722920416,-0.1124947310514319,-0.070253926020728,0.8296128935853904,1069849257.0,-0.0596783137984945,18.379586847886905,40.58478407274326,,,,,,,0.439236111111112,0.5850694444444412,0.4149305555555588,0.1458333333333292,-0.020439904282575,,1.4961989980299958e-17,53.76344086021505,23.118279569892472,23.548387096774192,62.903225806451616,33.125,关键词新闻评分,8,38.909274193548384,1955,0.4767263427109974,0.093939004755195,0.0752044007177449,1.2491157945366025,0.005430716367053,,,,-0.0075158567366573,0.0159548562481113,0.0728603053215651,0.0013165495654041,0.2656557954484547,152129897.05,生物制品,8713000000.0,74.4,2.33,22.88808200019556,0.0134408602150537,0.4291845493562232,,,,,,,,,41.11626539821459,低,27.784531322297926,0.0,100.0,51.87270667683473,20260917T223104_score_32afefa4,75.0,新进,,,,,,,,
2026-09-17 22:31:05,2026-09-17,168.82,164.41,170.38,163.3,30873400.0,0.0838,1692521500.0,002552,0.0753482896199884,-0.0494333950046254,-0.2526818181818182,2.3491546139743327,-0.0290556900726393,0.7054461736166164,0.0456389839347723,0.0552428387129901,1.7312723610319771,1357057454.0,0.0483966888476228,21.24948526636277,54.77431091948535,,,,,,,0.6228813559322043,0.1567796610169474,0.2203389830508482,0.1567796610169474,0.0165482178584369,,-0.0059248891887911,16.129032258064516,37.1505376344086,65.16129032258064,58.38709677419355,50.42857142857143,关键词新闻评分,5,38.84662058371735,1947,0.5084745762711864,0.1592373429797405,0.0814373775602046,1.9553348566758595,0.0409395989855301,,,,0.0103437480471288,0.0006172209729706,0.0688435705162181,-0.0097572727820274,0.6826951463868731,1796874193.3059998,机械基础件,17832000000.0,74.85,10.89,23.60426043302997,0.0133600534402137,0.0918273645546372,,,,,,,,,42.42164093261994,低,27.784531322297926,0.0,100.0,60.575210239537085,20260917T223104_score_32afefa4,76.0,新进,,,,,,,,
2026-09-17 22:31:05,2026-09-17,910.03,924.02,937.33,898.68,5739615.0,0.0250999999999999,1312967600.0,688019,0.0331518275434103,-0.073757016840417,-0.1429101466482389,0.3008320076584121,0.0109296193779198,0.4704326726404348,0.0047878627733066,-0.0958389923715512,1.1777573968305346,296386554.0,-0.0315436776281933,20.99555575641045,48.53900792757359,,,,,,,0.3619663648124185,0.6556274256144883,0.3443725743855117,0.2936610608020698,-0.0016300886865707,,-0.0035153910160527,19.35483870967742,45.32258064516129,41.935483870967744,70.0,51.47540983606557,关键词新闻评分,9,38.63947646747752,1598,0.5287859824780976,0.1530827163990436,0.0979937300270585,1.5621684811545962,0.0347719753734773,,,,-0.0275353423683222,-0.0321834642032734,0.0424341464470465,0.0043586482755624,0.535845847050178,1119433450.0,半导体材料,48526000000.0,51.64,9.94,24.6053655737232,0.0193648334624322,0.1006036217303823,,,,,,,,,41.097917946614366,低,27.784531322297926,0.0,100.0,51.75039033283328,20260917T223104_score_32afefa4,77.0,新进,,,,,,,,
2026-09-17 22:31:05,2026-09-17,165.91,166.2,171.71,165.91,3218800.0,0.0151,517176500.0,603929,0.0014461315979752,-0.0482734925270572,-0.3632915756809561,-0.1490451077773796,-0.0083532219570405,0.3803910145730953,0.0045877382269208,-0.0989989781065426,0.8331273464707656,920881366.0,-0.0059054234149942,20.06389476879497,48.647668455748864,,,,,,,0.0499999999999985,0.0499999999999985,0.9500000000000016,0.0,-0.0015348961168116,,3.469446951953614e-18,50.0,37.25806451612903,27.688172043010752,6.774193548387096,55.18715000236015,关键词新闻评分,6,38.548284892709134,1964,0.5066191446028513,0.1448946266969105,0.0822573558303528,1.7614792650974649,0.0328221872524511,,,,-0.0188732854153005,-0.0243919994556854,0.0435533780299123,-0.0103608431582709,0.5386253147572155,617755090.0,建筑装饰,32059000000.0,26.24,13.43,24.190843792125445,0.0381097560975609,0.0744601638123603,,,,,,,,,40.94318679474896,低,27.784531322297926,0.0,100.0,50.718849320397226,20260917T223104_score_32afefa4,78.0,新进,,,,,,,,
2026-09-17 22:31:05,2026-09-17,11.13,11.35,11.56,10.79,1370200.0,0.1928,615007200.0,000892,-0.0438079191238416,0.1985216473072859,0.3213038416763678,-0.2220699108978753,0.0374771480804387,0.8860107292344401,-0.0039491004826678,0.132527315361461,1.1756153759200043,-2947407.350000001,-1.3113107182669896,20.23714453464533,51.27296604351409,,,,,,,0.2857142857142837,0.7272727272727266,0.2727272727272734,0.4415584415584429,0.0046041438918904,,-0.0269496873565108,1.0752688172043012,68.76344086021504,44.623655913978496,73.01075268817205,46.53846153846154,关键词新闻评分,5,38.44685690653432,1966,0.4750762970498474,0.1270711663052462,0.0980938905660168,1.2954034708178677,0.0088766908774011,,,,0.0340257619344396,0.050991681589339,0.0994336060415355,0.0103857566765577,0.4966923612568735,581838310.306,影视动漫,5484000000.0,-14.08,10.85,22.42510059864648,,0.0921658986175115,,,,,,,,,39.54987739084109,低,27.784531322297926,0.0,100.0,41.4301199610114,20260917T223104_score_32afefa4,79.0,新进,,,,,,,,
2026-09-17 22:31:05,2026-09-17,160.27,158.95,162.27,158.57,52646900.0,0.0347,3091263000.0,002156,-0.000503049739043,-0.0760869565217391,-0.2491024187452759,0.3622728830990742,-0.0150576279588549,0.4011154296631428,-0.0283843795749831,-0.0996255756561868,3.903354169945603,14886229267.0,-0.0067091710547359,21.85184558253307,44.499427985525074,,,,,,,0.3567567567567609,0.102702702702701,0.540540540540538,0.102702702702701,-0.0132825958809998,,-0.0008710332240924,25.806451612903224,36.075268817204304,48.655913978494624,35.6989247311828,51.40625,关键词新闻评分,8,36.49277553763441,1972,0.5101419878296146,0.1390091872643207,0.088594321668334,1.5690530120510686,0.0275157848155659,,,,-0.0274489485177355,-0.0275149057624347,0.0407270929762279,-0.0061276808603765,0.3074962922921837,3952434621.3595,集成电路,86306000000.0,34.19,5.12,25.181164957532143,0.0292483182217022,0.1953125,,,,,,,,,40.76344152802611,低,27.784531322297926,0.0,100.0,49.52054754224488,20260917T223104_score_32afefa4,80.0,新进,,,,,,,,
2026-09-17 22:31:05,2026-09-17,183.07,185.76,187.55,183.07,7622400.0,0.018,1381062200.0,603893,-0.0077453127503873,-0.0076923076923076,-0.0316930775646372,0.2141176470588235,0.0047598442232799,0.4888359898036895,-0.0180235185904704,-0.0667147868129587,0.7153055818966427,1091118467.0,-0.009313530024842,21.0461187509096,44.46008986998781,,,,,,,0.6004464285714256,0.6004464285714256,0.3995535714285744,0.0,0.0082087196401721,,-0.0101531364570341,11.827956989247312,51.66666666666667,43.655913978494624,53.5483870967742,49.41935483870968,关键词新闻评分,6,36.08440860215054,1467,0.4880708929788684,0.1563150280077493,0.1022473634438202,1.5287927506672236,0.023949413842699,,,,-0.0199439101355892,-0.0164155478536899,0.0437584594561338,0.0016175994823681,0.377968046423519,2016648270.0,集成电路,79974000000.0,58.47,16.25,25.10496741879635,0.0171027877544039,0.0615384615384615,,,,,,,,,41.24275796067277,低,27.784531322297926,0.0,100.0,52.71599042655595,20260917T223104_score_32afefa4,81.0,新进,,,,,,,,
2026-09-17 22:31:05,2026-09-17,165.9,165.45,168.45,164.93,46982.0,0.0129,89279300.0,000026,0.1064669297131009,0.0137246492249247,-0.0807822656814268,0.2779022167297442,0.1166227981372747,0.9635373217971912,0.0543488304661885,0.0250199025472162,0.4993973047724533,13844462.52,-0.0534143241190549,18.30728022726555,54.257214517715504,,,,,,,0.1278409090909145,0.1477272727272683,0.7244318181818171,0.1477272727272683,-0.0085472698809955,,-1.7347234759768068e-17,34.40860215053764,49.67741935483871,14.838709677419354,33.38709677419355,51.5,关键词新闻评分,6,35.91881720430108,1970,0.4771573604060913,0.0962387420497409,0.0615141351077971,1.5644980114097766,0.0137588113531601,,,,-0.020920258144654,-0.0199957573292764,0.0697837067737339,-0.0049716336226771,0.7175490508993452,187548415.863,珠宝首饰,8014000000.0,76.05,2.37,22.80445584916036,0.0131492439184746,0.4219409282700421,,,,,,,,,40.10850871830779,低,27.784531322297926,0.0,100.0,45.15432881078942,20260917T223104_score_32afefa4,82.0,新进,,,,,,,,
2026-09-17 22:31:05,2026-09-17,65.04,64.23,65.48,64.13,4093400.0,0.0176,251331400.0,603026,-0.0413432835820894,-0.0342805593143887,-0.3375618811881187,-0.2739091114628079,-0.0133640552995389,0.2940086512029493,-0.0217863098818923,-0.0871233655486068,0.6845041759370043,689161794.0,-0.0111807905727602,19.34228294894565,41.911815377299135,,,,,,,0.5999999999999979,0.0740740740740799,0.3259259259259222,0.0740740740740799,-0.0004467916868953,,-2.168404344971009e-17,31.18279569892473,38.81720430107527,28.333333333333336,40.913978494623656,55.03458676699661,关键词新闻评分,7,35.87980276272117,1973,0.4906234161175874,0.1579056592615483,0.1043297525600479,1.5135247174161977,0.024329081014866,,,,-0.019962912232715,-0.0215520560892651,0.0343742354484997,-0.0059327280231119,0.2163055828266191,374804635.0,化工,14104000000.0,27.02,2.61,23.36972428204198,0.0370096225018504,0.3831417624521073,,,,,,,,,40.77005346632057,低,27.784531322297926,0.0,100.0,49.56462713087463,20260917T223104_score_32afefa4,83.0,新进,,,,,,,,
2026-09-17 22:31:05,2026-09-17,212.1,209.9,223.24,209.7,249785700.0,0.1125,5460341700.0,600869,0.063538710985002,0.2738196383056197,-0.4225584594222833,0.5404373990899751,-0.0249454173828216,1.2153208172682106,0.0923928034265433,0.0942835544665432,1.2787233433925067,6001102135.0,0.3178595772928095,22.420777207345747,55.63315204370927,,,,,,,0.1624815361890683,0.014771048744462,0.8227474150664695,0.014771048744462,0.0202004464312516,,-0.0111433059522666,9.67741935483871,54.03225806451613,63.65591397849462,9.731182795698924,50.47368421052632,关键词新闻评分,7,35.64683078664403,1959,0.5181214905564063,0.1141506605483688,0.0760575794046669,1.5008452995989563,0.0224933973959105,,,,0.0527594566323,0.0370008315802536,0.1042809501122983,-0.0204405450812021,0.7242409708328656,5740230091.6,线缆部件及其他,47050000000.0,389.59,10.76,24.5744767029778,0.0025668009959187,0.0929368029739777,,,,,,,,,41.4592551378156,低,27.784531322297926,0.0,100.0,54.15930494084148,20260917T223104_score_32afefa4,84.0,新进,,,,,,,,
2026-09-17 22:31:05,2026-09-17,56.63,56.63,56.89,55.75,12413700.0,0.0373,153841200.0,300996,-0.0471142520612485,-0.1367378048780486,0.072131768269595,0.1642680921052632,-0.002290345313601,0.2516573938979631,-0.0802264108040506,-0.0975586435492095,0.4703161184911558,309021849.0,-0.3734113229817212,18.8514314660266,33.79864554300213,,,,,,,0.0,0.7719298245614054,0.2280701754385946,0.7719298245614054,-0.0039545895981024,,-0.0025547536940876,21.50537634408602,44.193548387096776,21.935483870967744,70.43010752688173,50.0,无新闻/中性,8,35.00537634408602,1141,0.4680105170902717,0.1510085566834948,0.1015290454189176,1.487343410552324,0.0166612083257696,,,,-0.0517505575383318,-0.0388742978574221,0.040929845362125,0.0036627872629526,0.0535594638116089,364246780.0,软件开发,5549000000.0,81.2,4.32,22.43688356829017,0.0123152709359605,0.2314814814814814,,,,,,,,,40.74398726028392,低,27.784531322297926,0.0,100.0,49.39085242396364,20260917T223104_score_32afefa4,85.0,新进,,,,,,,,
2026-09-17 22:31:05,2026-09-17,173.27,170.18,176.25,169.56,4836000.0,0.0192999999999999,200676400.0,300863,-0.0392909563057467,-0.0061901424900724,-0.3822643290137573,0.0884553885513272,-0.0171527577245163,0.4118517041079289,-0.023508552476804,-0.0743843007571143,0.8671756272722789,405132793.0,-0.045794168535141,19.11720422339519,45.86068949996859,,,,,,,0.4618834080717495,0.0926756352765328,0.4454409566517176,0.0926756352765328,0.0036124288590452,,-0.0014451084326258,24.731182795698924,37.25806451612903,24.946236559139784,39.78494623655914,57.5,关键词新闻评分,8,32.68817204301075,1332,0.5202702702702703,0.1162929031336449,0.0859368373323596,1.3532369440579202,0.0192772843965751,,,,-0.0060584165123738,-0.0066298620191438,0.0501233987542601,-0.0105622201980658,0.183823761275647,234510420.0,汽车零部件,10587000000.0,76.74,7.3,23.08289267030765,0.0130310138128746,0.136986301369863,,,,,,,,,41.0676390569478,低,27.784531322297926,2.5,100.0,46.54853106838948,20260917T223104_score_32afefa4,86.0,新进,1.0,0.0,0.0,0.7934567085261071,-0.0902650223038573,,,
2026-09-17 22:31:05,2026-09-17,35.86,35.98,36.55,35.36,6551800.0,0.0394,223833400.0,301291,0.0350978135788262,-0.0849440488301119,-0.0812053115423901,-0.3585309324300233,0.0061521252796419,0.4036068774953323,-0.0083373527182528,-0.0715357850958872,1.3047089272704029,132043017.0,-0.0763548537828434,19.22641258756768,43.93245434915016,,,,,,,0.1008403361344518,0.5210084033613434,0.4789915966386566,0.4201680672268915,-0.0050669915024931,,-0.0116712026360915,8.60215053763441,45.05376344086021,35.96774193548387,57.20430107526882,49.1,关键词新闻评分,10,32.09817204301076,642,0.5747663551401869,0.1082752894870063,0.1088191127443549,0.9950025023763414,0.0159594455475022,,,,-0.0332560098721217,-0.0392333692083689,0.0345628523783054,0.0004634349800722,0.4490366852721121,208921664.728,,10613000000.0,28.76,2.09,23.085345501726096,0.0347705146036161,0.4784688995215311,,,,,,,,,39.52600490615495,低,27.784531322297926,0.0,100.0,41.27097006310382,20260917T223104_score_32afefa4,87.0,新进,,,,,,,,
2026-09-17 22:31:05,2026-09-17,28.72,27.85,28.72,27.16,67116200.0,0.1462,599733200.0,603318,-0.1294154423257266,0.0333951762523192,-0.0511073253833049,0.1086783439490446,-0.0588036498817167,0.8282014031395166,-0.0724859707258589,-0.0112016474055137,0.936128422555919,1092457909.0,-0.0902372063167245,20.211995449287624,44.73558296625357,,,,,,,0.5576923076923065,0.4423076923076935,0.0,0.4423076923076935,0.0031800760617071,,-0.0202172275129055,3.225806451612903,41.774193548387096,32.25806451612904,77.09677419354838,61.67567567567568,关键词新闻评分,6,31.901438535309502,1875,0.504,0.1098630119475662,0.0918597930925166,1.1959858415631055,0.0098085006476851,,,,0.0086673049341062,0.0158500440093617,0.0823288022569889,-0.002149767108563,0.0359590920958254,703247190.0,其它专用机械,5181000000.0,229.49,2.7,22.36826392477906,0.0043574883437186,0.3703703703703703,,,,,,,,,39.58607044222067,低,27.784531322297926,0.0,100.0,41.67140697020858,20260917T223104_score_32afefa4,88.0,新进,,,,,,,,
2026-09-17 22:31:05,2026-09-17,66.98,67.63,68.49,66.93,17904400.0,0.026,219655700.0,300328,-0.0141399416909621,-0.1885049196064315,-0.2745897243376596,-0.2407095542831481,-0.0032424465733235,0.7192116451023414,-0.1822100763617236,-0.1074932035930779,0.4181236167910036,5962113999.0,-0.0254281855828524,19.207571882977533,33.50943363810618,,,,,,,0.4166666666666644,0.4487179487179448,0.5512820512820551,0.0320512820512804,0.0064598841031811,,-1.7347234759768068e-17,34.40860215053764,15.645161290322578,31.774193548387096,43.44086021505376,48.608325609122886,关键词新闻评分,8,31.514058367363905,1960,0.5183673469387755,0.1335875345627203,0.0969868872747954,1.3773772755921465,0.0225353640450596,,,,-0.0559229217316332,-0.019421442705757,0.0759700893517247,-0.0007879832553558,0.1543922226592372,853337647.438,铝,10819000000.0,-208.52,10.46,23.10456968465185,,0.0956022944550669,,,,,,,,,38.935699787372734,低,27.784531322297926,0.0,100.0,37.33560260455573,20260917T223104_score_32afefa4,89.0,新进,,,,,,,,
2026-09-17 22:31:05,2026-09-17,281.17,275.2,291.01,274.24,13228100.0,0.0957,1412668000.0,002975,0.0529537802265074,0.0928006988841678,-0.3269418900410878,0.9002900151912718,-0.0067491969538383,0.8177092133804911,0.0240743049263107,0.0276351198285282,1.064483938518953,356646336.0,-0.0373844243161929,21.06874595267328,53.69509630580133,,,,,,,0.3559928443649394,0.0572450805008932,0.5867620751341673,0.0572450805008932,0.0077937720662735,,-0.006518679863356,15.053763440860216,43.2258064516129,32.58064516129033,23.602150537634408,51.578947368421055,关键词新闻评分,7,30.10950764006792,1462,0.4856361149110807,0.1574925163896068,0.1080704355540033,1.457313608317115,0.0208965246922095,,,,0.0065544801694665,0.0045444557571255,0.0681244808970099,-0.0176691058361593,0.6590932389941142,1589522863.2245,其它专用机械,19779000000.0,66.56,8.01,23.707886605745685,0.0150240384615384,0.1248439450686641,,,,,,,,,40.13581208757852,低,27.784531322297926,0.0,100.0,45.33635127259428,20260917T223104_score_32afefa4,90.0,新进,,,,,,,,
2026-09-17 22:31:05,2026-09-17,314.99,317.23,324.0,314.99,4687215.0,0.0224,1494230400.0,688702,0.0333224755700325,-0.1494034052822093,-0.0441136589628468,0.8820004746084482,-0.0039874411302982,0.569758962390734,-0.0663032696898077,-0.1247056875873738,0.7533832521005542,194881458.0,-0.1494910406634639,21.12487712930355,42.152155236078656,,,,,,,0.2486126526082143,0.2486126526082143,0.7513873473917857,0.0,-0.0074590260187185,,-0.0032648593604407,20.43010752688172,32.043010752688176,18.924731182795703,25.0,49.18181818181818,关键词新闻评分,3,26.3644183773216,588,0.6275510204081632,0.2219323016531676,0.1023511372813477,2.168342312045928,0.1011532657234756,,,,-0.0533852823755446,-0.0454105931879176,0.0645723472379211,-0.004737403526385,0.3031426341133946,2115986130.0,通信传输设备,133168000000.0,-925.93,59.17,25.61487732595015,,0.0169004563123204,,,,,,,,,38.9868678903351,低,27.784531322297926,0.0,100.0,37.67672329097149,20260917T223104_score_32afefa4,91.0,新进,,,,,,,,
2026-09-17 22:31:05,2026-09-17,28.72,28.7,29.5,28.55,8517672.0,0.0208,245905500.0,688158,-0.0204778156996587,-0.1144708423326132,-0.2218004338394794,-0.3072652667149409,-0.0024330900243308,0.3784462084263748,-0.0376070955518671,-0.1086172178711377,0.6509879328648919,1997489820.0,-0.0437141071401077,19.32045787781867,38.620692398194976,,,,,,,0.0210526315789469,0.1578947368421039,0.8210526315789491,0.1578947368421039,-0.0090354030802739,,-0.0117616419767489,7.526881720430108,35.913978494623656,15.537634408602152,30.43010752688172,42.5,关键词新闻评分,10,22.013440860215056,1472,0.4014945652173913,0.1781756262971658,0.1060308640777125,1.6804128481550125,0.00807649720731,,,,-0.0376374253328646,-0.0352153303686666,0.0379293180686908,-0.007492795389049,0.2158624427719248,392159765.0,IT服务,13747000000.0,-277.29,5.59,23.344086455435693,,0.1788908765652951,,,,,,,,,38.66145692024128,低,27.784531322297926,0.0,100.0,35.50731682367934,20260917T223104_score_32afefa4,92.0,新进,,,,,,,,
2026-09-17 22:31:05,2026-09-17,233.74,226.68,238.4,226.33,12495597.0,0.0862,2873447199.9999995,688146,0.0048763188225906,-0.1336849346480165,-0.4199145277273075,4.313642756680732,-0.0409544762227112,0.5916087930464411,-0.0476010411349128,-0.171266072531889,1.1063007257145392,958805294.0,-0.0440200054519672,21.77877826128702,41.97626035259605,,,,,,,0.5849212924606467,0.0289975144987567,0.3860811930405964,0.0289975144987567,-0.0048947233113241,,-0.0267746256287717,2.1505376344086025,16.98924731182796,21.29032258064516,32.31182795698925,50.0,无新闻/中性,5,17.489247311827956,684,0.5175438596491229,0.2524920178864149,0.0812195253143877,3.108760078430143,0.0914908347632206,,,,-0.0529244284514539,-0.0540230905235812,0.055572361289672,-0.0164446565713543,0.2745392179434545,2700932000.0,,120198000000.0,233.13,20.01,25.512406219973983,0.0042894522369493,0.0499750124937531,,,,,,,,,39.65472588093501,低,27.784531322297926,0.0,100.0,42.12910989497086,20260917T223104_score_32afefa4,93.0,新进,,,,,,,,
