symbol,name,initials,pinyin,search_label,snapshot_date
000001,平安银行,PAYH,pinganyinhang,000001  平安银行  ·  PAYH,2026-09-02
000002,万  科Ａ,W  KＡ,wan  keａ,000002  万  科Ａ  ·  W  KＡ,2026-09-02
000006,深振业Ａ,SZYＡ,shenzhenyeａ,000006  深振业Ａ  ·  SZYＡ,2026-09-02
000007,全新好,QXH,quanxinhao,000007  全新好  ·  QXH,2026-09-02
000008,神州高铁,SZGT,shenzhougaotie,000008  神州高铁  ·  SZGT,2026-09-02
000009,中国宝安,ZGBA,zhongguobaoan,000009  中国宝安  ·  ZGBA,2026-09-02
000010,*ST美丽,*STML,*stmeili,000010  *ST美丽  ·  *STML,2026-09-02
000011,深物业A,SWYA,shenwuyea,000011  深物业A  ·  SWYA,2026-09-02
000012,南  玻Ａ,N  BＡ,nan  boａ,000012  南  玻Ａ  ·  N  BＡ,2026-09-02
000014,沙河股份,SHGF,shahegufen,000014  沙河股份  ·  SHGF,2026-09-02
000016,*ST康佳A,*STKJA,*stkangjiaa,000016  *ST康佳A  ·  *STKJA,2026-09-02
000017,深中华A,SZHA,shenzhonghuaa,000017  深中华A  ·  SZHA,2026-09-02
000019,深粮控股,SLKG,shenliangkonggu,000019  深粮控股  ·  SLKG,2026-09-02
000020,深华发Ａ,SHFＡ,shenhuafaａ,000020  深华发Ａ  ·  SHFＡ,2026-09-02
000021,深科技,SKJ,shenkeji,000021  深科技  ·  SKJ,2026-09-02
000025,特  力Ａ,T  LＡ,te  liａ,000025  特  力Ａ  ·  T  LＡ,2026-09-02
000026,飞亚达,FYD,feiyada,000026  飞亚达  ·  FYD,2026-09-02
000027,深圳能源,SZNY,shenzhennengyuan,000027  深圳能源  ·  SZNY,2026-09-02
000028,国药一致,GYYZ,guoyaoyizhi,000028  国药一致  ·  GYYZ,2026-09-02
000029,深深房Ａ,SSFＡ,shenshenfangａ,000029  深深房Ａ  ·  SSFＡ,2026-09-02
000030,富奥股份,FAGF,fuaogufen,000030  富奥股份  ·  FAGF,2026-09-02
000031,大悦城,DYC,dayuecheng,000031  大悦城  ·  DYC,2026-09-02
000032,深桑达Ａ,SSDＡ,shensangdaａ,000032  深桑达Ａ  ·  SSDＡ,2026-09-02
000034,神州数码,SZSM,shenzhoushuma,000034  神州数码  ·  SZSM,2026-09-02
000035,中国天楹,ZGTY,zhongguotianying,000035  中国天楹  ·  ZGTY,2026-09-02
000036,华联控股,HLKG,hualiankonggu,000036  华联控股  ·  HLKG,2026-09-02
000037,深南电A,SNDA,shennandiana,000037  深南电A  ·  SNDA,2026-09-02
000039,中集集团,ZJJT,zhongjijituan,000039  中集集团  ·  ZJJT,2026-09-02
000042,中洲控股,ZZKG,zhongzhoukonggu,000042  中洲控股  ·  ZZKG,2026-09-02
000045,深纺织Ａ,SFZＡ,shenfangzhiａ,000045  深纺织Ａ  ·  SFZＡ,2026-09-02
000048,京基智农,JJZN,jingjizhinong,000048  京基智农  ·  JJZN,2026-09-02
000049,德赛电池,DSDC,desaidianchi,000049  德赛电池  ·  DSDC,2026-09-02
000050,深天马Ａ,STMＡ,shentianmaａ,000050  深天马Ａ  ·  STMＡ,2026-09-02
000055,方大集团,FDJT,fangdajituan,000055  方大集团  ·  FDJT,2026-09-02
000056,*ST皇庭,*STHT,*sthuangting,000056  *ST皇庭  ·  *STHT,2026-09-02
000058,深 赛 格,S S G,shen sai ge,000058  深 赛 格  ·  S S G,2026-09-02
000059,华锦股份,HJGF,huajingufen,000059  华锦股份  ·  HJGF,2026-09-02
000060,中金岭南,ZJLN,zhongjinlingnan,000060  中金岭南  ·  ZJLN,2026-09-02
000061,农 产 品,N C P,nong chan pin,000061  农 产 品  ·  N C P,2026-09-02
000062,深圳华强,SZHQ,shenzhenhuaqiang,000062  深圳华强  ·  SZHQ,2026-09-02
000063,中兴通讯,ZXTX,zhongxingtongxun,000063  中兴通讯  ·  ZXTX,2026-09-02
000065,北方国际,BFGJ,beifangguoji,000065  北方国际  ·  BFGJ,2026-09-02
000066,中国长城,ZGCC,zhongguochangcheng,000066  中国长城  ·  ZGCC,2026-09-02
000068,华控赛格,HKSG,huakongsaige,000068  华控赛格  ·  HKSG,2026-09-02
000069,华侨城Ａ,HQCＡ,huaqiaochengａ,000069  华侨城Ａ  ·  HQCＡ,2026-09-02
000070,特发信息,TFXX,tefaxinxi,000070  特发信息  ·  TFXX,2026-09-02
000078,ST海王,STHW,sthaiwang,000078  ST海王  ·  STHW,2026-09-02
000088,盐 田 港,Y T G,yan tian gang,000088  盐 田 港  ·  Y T G,2026-09-02
000089,深圳机场,SZJC,shenzhenjichang,000089  深圳机场  ·  SZJC,2026-09-02
000090,天健集团,TJJT,tianjianjituan,000090  天健集团  ·  TJJT,2026-09-02
000096,广聚能源,GJNY,guangjunengyuan,000096  广聚能源  ·  GJNY,2026-09-02
000099,中信海直,ZXHZ,zhongxinhaizhi,000099  中信海直  ·  ZXHZ,2026-09-02
000100,TCL科技,TCLKJ,tclkeji,000100  TCL科技  ·  TCLKJ,2026-09-02
000151,中成股份,ZCGF,zhongchenggufen,000151  中成股份  ·  ZCGF,2026-09-02
000153,丰原药业,FYYY,fengyuanyaoye,000153  丰原药业  ·  FYYY,2026-09-02
000155,川能动力,CNDL,chuannengdongli,000155  川能动力  ·  CNDL,2026-09-02
000156,华数传媒,HSCM,huashuchuanmei,000156  华数传媒  ·  HSCM,2026-09-02
000157,中联重科,ZLZK,zhonglianzhongke,000157  中联重科  ·  ZLZK,2026-09-02
000158,常山北明,CSBM,changshanbeiming,000158  常山北明  ·  CSBM,2026-09-02
000159,国际实业,GJSY,guojishiye,000159  国际实业  ·  GJSY,2026-09-02
000166,申万宏源,SWHY,shenwanhongyuan,000166  申万宏源  ·  SWHY,2026-09-02
000301,东方盛虹,DFSH,dongfangshenghong,000301  东方盛虹  ·  DFSH,2026-09-02
000333,美的集团,MDJT,meidejituan,000333  美的集团  ·  MDJT,2026-09-02
000338,潍柴动力,WCDL,weichaidongli,000338  潍柴动力  ·  WCDL,2026-09-02
000400,许继电气,XJDQ,xujidianqi,000400  许继电气  ·  XJDQ,2026-09-02
000401,金隅冀东,JYJD,jinyujidong,000401  金隅冀东  ·  JYJD,2026-09-02
000402,金 融 街,J R J,jin rong jie,000402  金 融 街  ·  J R J,2026-09-02
000403,派林生物,PLSW,pailinshengwu,000403  派林生物  ·  PLSW,2026-09-02
000404,长虹华意,CHHY,changhonghuayi,000404  长虹华意  ·  CHHY,2026-09-02
000407,胜利股份,SLGF,shengligufen,000407  胜利股份  ·  SLGF,2026-09-02
000408,藏格矿业,CGKY,canggekuangye,000408  藏格矿业  ·  CGKY,2026-09-02
000409,云鼎科技,YDKJ,yundingkeji,000409  云鼎科技  ·  YDKJ,2026-09-02
000410,沈阳机床,SYJC,shenyangjichuang,000410  沈阳机床  ·  SYJC,2026-09-02
000411,英特集团,YTJT,yingtejituan,000411  英特集团  ·  YTJT,2026-09-02
000415,渤海租赁,BHZL,bohaizulin,000415  渤海租赁  ·  BHZL,2026-09-02
000417,合百集团,HBJT,hebaijituan,000417  合百集团  ·  HBJT,2026-09-02
000419,通程控股,TCKG,tongchengkonggu,000419  通程控股  ·  TCKG,2026-09-02
000420,吉林化纤,JLHX,jilinhuaxian,000420  吉林化纤  ·  JLHX,2026-09-02
000421,南京公用,NJGY,nanjinggongyong,000421  南京公用  ·  NJGY,2026-09-02
000422,湖北宜化,HBYH,hubeiyihua,000422  湖北宜化  ·  HBYH,2026-09-02
000423,东阿阿胶,DEEJ,dongeejiao,000423  东阿阿胶  ·  DEEJ,2026-09-02
000425,徐工机械,XGJX,xugongjixie,000425  徐工机械  ·  XGJX,2026-09-02
000426,兴业银锡,XYYX,xingyeyinxi,000426  兴业银锡  ·  XYYX,2026-09-02
000428,华天酒店,HTJD,huatianjiudian,000428  华天酒店  ·  HTJD,2026-09-02
000429,粤高速Ａ,YGSＡ,yuegaosuａ,000429  粤高速Ａ  ·  YGSＡ,2026-09-02
000430,张家界,ZJJ,zhangjiajie,000430  张家界  ·  ZJJ,2026-09-02
000488,ST晨鸣,STCM,stchenming,000488  ST晨鸣  ·  STCM,2026-09-02
000498,山东路桥,SDLQ,shandongluqiao,000498  山东路桥  ·  SDLQ,2026-09-02
000501,武商集团,WSJT,wushangjituan,000501  武商集团  ·  WSJT,2026-09-02
000503,国新健康,GXJK,guoxinjiankang,000503  国新健康  ·  GXJK,2026-09-02
000504,南华生物,NHSW,nanhuashengwu,000504  南华生物  ·  NHSW,2026-09-02
000505,京粮控股,JLKG,jingliangkonggu,000505  京粮控股  ·  JLKG,2026-09-02
000506,招金黄金,ZJHJ,zhaojinhuangjin,000506  招金黄金  ·  ZJHJ,2026-09-02
000507,珠海港,ZHG,zhuhaigang,000507  珠海港  ·  ZHG,2026-09-02
000509,华塑控股,HSKG,huasukonggu,000509  华塑控股  ·  HSKG,2026-09-02
000510,新金路,XJL,xinjinlu,000510  新金路  ·  XJL,2026-09-02
000513,丽珠集团,LZJT,lizhujituan,000513  丽珠集团  ·  LZJT,2026-09-02
000514,渝 开 发,Y K F,yu kai fa,000514  渝 开 发  ·  Y K F,2026-09-02
000516,国际医学,GJYX,guojiyixue,000516  国际医学  ·  GJYX,2026-09-02
000517,荣安地产,RADC,rongandichan,000517  荣安地产  ·  RADC,2026-09-02
000518,四环生物,SHSW,sihuanshengwu,000518  四环生物  ·  SHSW,2026-09-02
000519,中兵红箭,ZBHJ,zhongbinghongjian,000519  中兵红箭  ·  ZBHJ,2026-09-02
000520,凤凰航运,FHHY,fenghuanghangyun,000520  凤凰航运  ·  FHHY,2026-09-02
000521,长虹美菱,CHML,changhongmeiling,000521  长虹美菱  ·  CHML,2026-09-02
000523,红棉股份,HMGF,hongmiangufen,000523  红棉股份  ·  HMGF,2026-09-02
000524,岭南控股,LNKG,lingnankonggu,000524  岭南控股  ·  LNKG,2026-09-02
000525,红太阳,HTY,hongtaiyang,000525  红太阳  ·  HTY,2026-09-02
000526,学大教育,XDJY,xuedajiaoyu,000526  学大教育  ·  XDJY,2026-09-02
000528,柳    工,L    G,liu    gong,000528  柳    工  ·  L    G,2026-09-02
000529,广弘控股,GHKG,guanghongkonggu,000529  广弘控股  ·  GHKG,2026-09-02
000530,冰山冷热,BSLR,bingshanlengre,000530  冰山冷热  ·  BSLR,2026-09-02
000531,穗恒运Ａ,SHYＡ,suihengyunａ,000531  穗恒运Ａ  ·  SHYＡ,2026-09-02
000532,华金资本,HJZB,huajinziben,000532  华金资本  ·  HJZB,2026-09-02
000533,顺钠股份,SNGF,shunnagufen,000533  顺钠股份  ·  SNGF,2026-09-02
000534,万泽股份,WZGF,wanzegufen,000534  万泽股份  ·  WZGF,2026-09-02
000536,华映科技,HYKJ,huayingkeji,000536  华映科技  ·  HYKJ,2026-09-02
000537,绿发电力,LFDL,lvfadianli,000537  绿发电力  ·  LFDL,2026-09-02
000538,云南白药,YNBY,yunnanbaiyao,000538  云南白药  ·  YNBY,2026-09-02
000539,粤电力Ａ,YDLＡ,yuedianliａ,000539  粤电力Ａ  ·  YDLＡ,2026-09-02
000541,佛山照明,FSZM,foshanzhaoming,000541  佛山照明  ·  FSZM,2026-09-02
000543,皖能电力,WNDL,wannengdianli,000543  皖能电力  ·  WNDL,2026-09-02
000544,中原环保,ZYHB,zhongyuanhuanbao,000544  中原环保  ·  ZYHB,2026-09-02
000545,金浦钛业,JPTY,jinputaiye,000545  金浦钛业  ·  JPTY,2026-09-02
000546,金圆股份,JYGF,jinyuangufen,000546  金圆股份  ·  JYGF,2026-09-02
000547,航天发展,HTFZ,hangtianfazhan,000547  航天发展  ·  HTFZ,2026-09-02
000548,湖南投资,HNTZ,hunantouzi,000548  湖南投资  ·  HNTZ,2026-09-02
000550,江铃汽车,JLQC,jianglingqiche,000550  江铃汽车  ·  JLQC,2026-09-02
000551,创元科技,CYKJ,chuangyuankeji,000551  创元科技  ·  CYKJ,2026-09-02
000552,甘肃能化,GSNH,gansunenghua,000552  甘肃能化  ·  GSNH,2026-09-02
000553,安道麦A,ADMA,andaomaia,000553  安道麦A  ·  ADMA,2026-09-02
000554,泰山石油,TSSY,taishanshiyou,000554  泰山石油  ·  TSSY,2026-09-02
000555,神州信息,SZXX,shenzhouxinxi,000555  神州信息  ·  SZXX,2026-09-02
000557,西部创业,XBCY,xibuchuangye,000557  西部创业  ·  XBCY,2026-09-02
000558,天府文旅,TFWL,tianfuwenlv,000558  天府文旅  ·  TFWL,2026-09-02
000559,万向钱潮,WXQC,wanxiangqianchao,000559  万向钱潮  ·  WXQC,2026-09-02
000560,我爱我家,WAWJ,woaiwojia,000560  我爱我家  ·  WAWJ,2026-09-02
000561,烽火电子,FHDZ,fenghuodianzi,000561  烽火电子  ·  FHDZ,2026-09-02
000563,陕国投Ａ,SGTＡ,shanguotouａ,000563  陕国投Ａ  ·  SGTＡ,2026-09-02
000564,供销大集,GXDJ,gongxiaodaji,000564  供销大集  ·  GXDJ,2026-09-02
000565,渝三峡Ａ,YSXＡ,yusanxiaａ,000565  渝三峡Ａ  ·  YSXＡ,2026-09-02
000566,海南海药,HNHY,hainanhaiyao,000566  海南海药  ·  HNHY,2026-09-02
000567,海德股份,HDGF,haidegufen,000567  海德股份  ·  HDGF,2026-09-02
000568,泸州老窖,LZLJ,luzhoulaojiao,000568  泸州老窖  ·  LZLJ,2026-09-02
000570,苏常柴Ａ,SCCＡ,suchangchaiａ,000570  苏常柴Ａ  ·  SCCＡ,2026-09-02
000571,新大洲A,XDZA,xindazhoua,000571  新大洲A  ·  XDZA,2026-09-02
000572,海马汽车,HMQC,haimaqiche,000572  海马汽车  ·  HMQC,2026-09-02
000573,粤宏远Ａ,YHYＡ,yuehongyuanａ,000573  粤宏远Ａ  ·  YHYＡ,2026-09-02
000576,甘化科工,GHKG,ganhuakegong,000576  甘化科工  ·  GHKG,2026-09-02
000581,威孚高科,WFGK,weifugaoke,000581  威孚高科  ·  WFGK,2026-09-02
000582,北部湾港,BBWG,beibuwangang,000582  北部湾港  ·  BBWG,2026-09-02
000586,汇源通信,HYTX,huiyuantongxin,000586  汇源通信  ·  HYTX,2026-09-02
000589,贵州轮胎,GZLT,guizhouluntai,000589  贵州轮胎  ·  GZLT,2026-09-02
000590,古汉医药,GHYY,guhanyiyao,000590  古汉医药  ·  GHYY,2026-09-02
000591,太阳能,TYN,taiyangneng,000591  太阳能  ·  TYN,2026-09-02
000592,平潭发展,PTFZ,pingtanfazhan,000592  平潭发展  ·  PTFZ,2026-09-02
000593,德龙汇能,DLHN,delonghuineng,000593  德龙汇能  ·  DLHN,2026-09-02
000595,新能股份,XNGF,xinnenggufen,000595  新能股份  ·  XNGF,2026-09-02
000596,古井贡酒,GJGJ,gujinggongjiu,000596  古井贡酒  ·  GJGJ,2026-09-02
000597,东北制药,DBZY,dongbeizhiyao,000597  东北制药  ·  DBZY,2026-09-02
000598,兴蓉环境,XRHJ,xingronghuanjing,000598  兴蓉环境  ·  XRHJ,2026-09-02
000599,青岛双星,QDSX,qingdaoshuangxing,000599  青岛双星  ·  QDSX,2026-09-02
000600,建投能源,JTNY,jiantounengyuan,000600  建投能源  ·  JTNY,2026-09-02
000601,韶能股份,SNGF,shaonenggufen,000601  韶能股份  ·  SNGF,2026-09-02
000603,盛达资源,SDZY,shengdaziyuan,000603  盛达资源  ·  SDZY,2026-09-02
000605,渤海股份,BHGF,bohaigufen,000605  渤海股份  ·  BHGF,2026-09-02
000607,华媒控股,HMKG,huameikonggu,000607  华媒控股  ·  HMKG,2026-09-02
000608,阳光股份,YGGF,yangguanggufen,000608  阳光股份  ·  YGGF,2026-09-02
000609,*ST中迪,*STZD,*stzhongdi,000609  *ST中迪  ·  *STZD,2026-09-02
000610,*ST西旅,*STXL,*stxilv,000610  *ST西旅  ·  *STXL,2026-09-02
000612,焦作万方,JZWF,jiaozuowanfang,000612  焦作万方  ·  JZWF,2026-09-02
000615,*ST美谷,*STMG,*stmeigu,000615  *ST美谷  ·  *STMG,2026-09-02
000617,中油资本,ZYZB,zhongyouziben,000617  中油资本  ·  ZYZB,2026-09-02
000619,海螺新材,HLXC,hailuoxincai,000619  海螺新材  ·  HLXC,2026-09-02
000620,盈新发展,YXFZ,yingxinfazhan,000620  盈新发展  ·  YXFZ,2026-09-02
000623,吉林敖东,JLAD,jilinaodong,000623  吉林敖东  ·  JLAD,2026-09-02
000625,长安汽车,CAQC,changanqiche,000625  长安汽车  ·  CAQC,2026-09-02
000626,远大控股,YDKG,yuandakonggu,000626  远大控股  ·  YDKG,2026-09-02
000628,高新发展,GXFZ,gaoxinfazhan,000628  高新发展  ·  GXFZ,2026-09-02
000629,钒钛股份,FTGF,fantaigufen,000629  钒钛股份  ·  FTGF,2026-09-02
000630,铜陵有色,TLYS,tonglingyouse,000630  铜陵有色  ·  TLYS,2026-09-02
000631,顺发恒能,SFHN,shunfahengneng,000631  顺发恒能  ·  SFHN,2026-09-02
000632,ST三木,STSM,stsanmu,000632  ST三木  ·  STSM,2026-09-02
000633,合金投资,HJTZ,hejintouzi,000633  合金投资  ·  HJTZ,2026-09-02
000635,英 力 特,Y L T,ying li te,000635  英 力 特  ·  Y L T,2026-09-02
000636,风华高科,FHGK,fenghuagaoke,000636  风华高科  ·  FHGK,2026-09-02
000637,茂化实华,MHSH,maohuashihua,000637  茂化实华  ·  MHSH,2026-09-02
000639,ST西王,STXW,stxiwang,000639  ST西王  ·  STXW,2026-09-02
000650,仁和药业,RHYY,renhuoyaoye,000650  仁和药业  ·  RHYY,2026-09-02
000651,格力电器,GLDQ,gelidianqi,000651  格力电器  ·  GLDQ,2026-09-02
000652,泰达股份,TDGF,taidagufen,000652  泰达股份  ·  TDGF,2026-09-02
000655,金岭矿业,JLKY,jinlingkuangye,000655  金岭矿业  ·  JLKY,2026-09-02
000656,金科股份,JKGF,jinkegufen,000656  金科股份  ·  JKGF,2026-09-02
000657,中钨高新,ZWGX,zhongwugaoxin,000657  中钨高新  ·  ZWGX,2026-09-02
000659,珠海中富,ZHZF,zhuhaizhongfu,000659  珠海中富  ·  ZHZF,2026-09-02
000661,长春高新,CCGX,changchungaoxin,000661  长春高新  ·  CCGX,2026-09-02
000663,永安林业,YALY,yonganlinye,000663  永安林业  ·  YALY,2026-09-02
000665,湖北广电,HBGD,hubeiguangdian,000665  湖北广电  ·  HBGD,2026-09-02
000668,荣丰控股,RFKG,rongfengkonggu,000668  荣丰控股  ·  RFKG,2026-09-02
000669,ST金鸿,STJH,stjinhong,000669  ST金鸿  ·  STJH,2026-09-02
000670,盈方微,YFW,yingfangwei,000670  盈方微  ·  YFW,2026-09-02
000672,上峰材料,SFCL,shangfengcailiao,000672  上峰材料  ·  SFCL,2026-09-02
000676,智度股份,ZDGF,zhidugufen,000676  智度股份  ·  ZDGF,2026-09-02
000677,ST海龙,STHL,sthailong,000677  ST海龙  ·  STHL,2026-09-02
000678,襄阳轴承,XYZC,xiangyangzhoucheng,000678  襄阳轴承  ·  XYZC,2026-09-02
000679,大连友谊,DLYY,dalianyouyi,000679  大连友谊  ·  DLYY,2026-09-02
000680,山推股份,STGF,shantuigufen,000680  山推股份  ·  STGF,2026-09-02
000681,视觉中国,SJZG,shijuezhongguo,000681  视觉中国  ·  SJZG,2026-09-02
000682,东方电子,DFDZ,dongfangdianzi,000682  东方电子  ·  DFDZ,2026-09-02
000683,博源化工,BYHG,boyuanhuagong,000683  博源化工  ·  BYHG,2026-09-02
000685,中山公用,ZSGY,zhongshangongyong,000685  中山公用  ·  ZSGY,2026-09-02
000686,东北证券,DBZQ,dongbeizhengquan,000686  东北证券  ·  DBZQ,2026-09-02
000688,国城矿业,GCKY,guochengkuangye,000688  国城矿业  ·  GCKY,2026-09-02
000690,宝新能源,BXNY,baoxinnengyuan,000690  宝新能源  ·  BXNY,2026-09-02
000691,亚太实业,YTSY,yataishiye,000691  亚太实业  ·  YTSY,2026-09-02
000692,惠天热电,HTRD,huitianredian,000692  惠天热电  ·  HTRD,2026-09-02
000695,滨海能源,BHNY,binhainengyuan,000695  滨海能源  ·  BHNY,2026-09-02
000697,炼石航空,LSHK,lianshihangkong,000697  炼石航空  ·  LSHK,2026-09-02
000698,ST沈化,STSH,stshenhua,000698  ST沈化  ·  STSH,2026-09-02
000700,模塑科技,MSKJ,mosukeji,000700  模塑科技  ·  MSKJ,2026-09-02
000701,厦门信达,XMXD,xiamenxinda,000701  厦门信达  ·  XMXD,2026-09-02
000702,正虹科技,ZHKJ,zhenghongkeji,000702  正虹科技  ·  ZHKJ,2026-09-02
000703,恒逸石化,HYSH,hengyishihua,000703  恒逸石化  ·  HYSH,2026-09-02
000705,浙江震元,ZJZY,zhejiangzhenyuan,000705  浙江震元  ·  ZJZY,2026-09-02
000707,双环科技,SHKJ,shuanghuankeji,000707  双环科技  ·  SHKJ,2026-09-02
000708,中信特钢,ZXTG,zhongxintegang,000708  中信特钢  ·  ZXTG,2026-09-02
000709,河钢股份,HGGF,heganggufen,000709  河钢股份  ·  HGGF,2026-09-02
000710,贝瑞基因,BRJY,beiruijiyin,000710  贝瑞基因  ·  BRJY,2026-09-02
000711,ST京蓝,STJL,stjinglan,000711  ST京蓝  ·  STJL,2026-09-02
000712,锦龙股份,JLGF,jinlonggufen,000712  锦龙股份  ·  JLGF,2026-09-02
000713,国投丰乐,GTFL,guotoufengle,000713  国投丰乐  ·  GTFL,2026-09-02
000715,中兴商业,ZXSY,zhongxingshangye,000715  中兴商业  ·  ZXSY,2026-09-02
000716,黑芝麻,HZM,heizhima,000716  黑芝麻  ·  HZM,2026-09-02
000717,中南股份,ZNGF,zhongnangufen,000717  中南股份  ·  ZNGF,2026-09-02
000718,苏宁环球,SNHQ,suninghuanqiu,000718  苏宁环球  ·  SNHQ,2026-09-02
000719,中原传媒,ZYCM,zhongyuanchuanmei,000719  中原传媒  ·  ZYCM,2026-09-02
000720,新能泰山,XNTS,xinnengtaishan,000720  新能泰山  ·  XNTS,2026-09-02
000721,西安饮食,XAYS,xianyinshi,000721  西安饮食  ·  XAYS,2026-09-02
000722,湖南发展,HNFZ,hunanfazhan,000722  湖南发展  ·  HNFZ,2026-09-02
000723,美锦能源,MJNY,meijinnengyuan,000723  美锦能源  ·  MJNY,2026-09-02
000725,京东方Ａ,JDFＡ,jingdongfangａ,000725  京东方Ａ  ·  JDFＡ,2026-09-02
000726,鲁  泰Ａ,L  TＡ,lu  taiａ,000726  鲁  泰Ａ  ·  L  TＡ,2026-09-02
000727,冠捷科技,GJKJ,guanjiekeji,000727  冠捷科技  ·  GJKJ,2026-09-02
000728,国元证券,GYZQ,guoyuanzhengquan,000728  国元证券  ·  GYZQ,2026-09-02
000729,燕京啤酒,YJPJ,yanjingpijiu,000729  燕京啤酒  ·  YJPJ,2026-09-02
000731,四川美丰,SCMF,sichuanmeifeng,000731  四川美丰  ·  SCMF,2026-09-02
000733,振华科技,ZHKJ,zhenhuakeji,000733  振华科技  ·  ZHKJ,2026-09-02
000735,罗 牛 山,L N S,luo niu shan,000735  罗 牛 山  ·  L N S,2026-09-02
000736,中交发展,ZJFZ,zhongjiaofazhan,000736  中交发展  ·  ZJFZ,2026-09-02
000737,北方铜业,BFTY,beifangtongye,000737  北方铜业  ·  BFTY,2026-09-02
000738,航发控制,HFKZ,hangfakongzhi,000738  航发控制  ·  HFKZ,2026-09-02
000739,普洛药业,PLYY,puluoyaoye,000739  普洛药业  ·  PLYY,2026-09-02
000750,国海证券,GHZQ,guohaizhengquan,000750  国海证券  ·  GHZQ,2026-09-02
000751,锌业股份,XYGF,xinyegufen,000751  锌业股份  ·  XYGF,2026-09-02
000752,*ST西发,*STXF,*stxifa,000752  *ST西发  ·  *STXF,2026-09-02
000753,漳州发展,ZZFZ,zhangzhoufazhan,000753  漳州发展  ·  ZZFZ,2026-09-02
000755,山西高速,SXGS,shanxigaosu,000755  山西高速  ·  SXGS,2026-09-02
000756,新华制药,XHZY,xinhuazhiyao,000756  新华制药  ·  XHZY,2026-09-02
000757,浩物股份,HWGF,haowugufen,000757  浩物股份  ·  HWGF,2026-09-02
000758,中色股份,ZSGF,zhongsegufen,000758  中色股份  ·  ZSGF,2026-09-02
000759,中百集团,ZBJT,zhongbaijituan,000759  中百集团  ·  ZBJT,2026-09-02
000761,本钢板材,BGBC,bengangbancai,000761  本钢板材  ·  BGBC,2026-09-02
000762,西藏矿业,XZKY,xizangkuangye,000762  西藏矿业  ·  XZKY,2026-09-02
000766,通化金马,THJM,tonghuajinma,000766  通化金马  ·  THJM,2026-09-02
000767,晋控电力,JKDL,jinkongdianli,000767  晋控电力  ·  JKDL,2026-09-02
000768,中航西飞,ZHXF,zhonghangxifei,000768  中航西飞  ·  ZHXF,2026-09-02
000776,广发证券,GFZQ,guangfazhengquan,000776  广发证券  ·  GFZQ,2026-09-02
000777,中核科技,ZHKJ,zhonghekeji,000777  中核科技  ·  ZHKJ,2026-09-02
000778,新兴铸管,XXZG,xinxingzhuguan,000778  新兴铸管  ·  XXZG,2026-09-02
000779,甘咨询,GZX,ganzixun,000779  甘咨询  ·  GZX,2026-09-02
000782,恒申新材,HSXC,hengshenxincai,000782  恒申新材  ·  HSXC,2026-09-02
000783,长江证券,CJZQ,changjiangzhengquan,000783  长江证券  ·  CJZQ,2026-09-02
000785,居然智家,JRZJ,juranzhijia,000785  居然智家  ·  JRZJ,2026-09-02
000786,北新建材,BXJC,beixinjiancai,000786  北新建材  ·  BXJC,2026-09-02
000788,北大医药,BDYY,beidayiyao,000788  北大医药  ·  BDYY,2026-09-02
000789,万年青,WNQ,wannianqing,000789  万年青  ·  WNQ,2026-09-02
000790,华神科技,HSKJ,huashenkeji,000790  华神科技  ·  HSKJ,2026-09-02
000791,甘肃能源,GSNY,gansunengyuan,000791  甘肃能源  ·  GSNY,2026-09-02
000792,盐湖股份,YHGF,yanhugufen,000792  盐湖股份  ·  YHGF,2026-09-02
000793,ST华闻,STHW,sthuawen,000793  ST华闻  ·  STHW,2026-09-02
000795,英洛华,YLH,yingluohua,000795  英洛华  ·  YLH,2026-09-02
000796,凯撒旅业,KSLY,kaisalvye,000796  凯撒旅业  ·  KSLY,2026-09-02
000797,中国武夷,ZGWY,zhongguowuyi,000797  中国武夷  ·  ZGWY,2026-09-02
000798,中水渔业,ZSYY,zhongshuiyuye,000798  中水渔业  ·  ZSYY,2026-09-02
000799,酒鬼酒,JGJ,jiuguijiu,000799  酒鬼酒  ·  JGJ,2026-09-02
000800,一汽解放,YQJF,yiqijiefang,000800  一汽解放  ·  YQJF,2026-09-02
000801,四川九洲,SCJZ,sichuanjiuzhou,000801  四川九洲  ·  SCJZ,2026-09-02
000802,北京文化,BJWH,beijingwenhua,000802  北京文化  ·  BJWH,2026-09-02
000803,山高环能,SGHN,shangaohuanneng,000803  山高环能  ·  SGHN,2026-09-02
000807,云铝股份,YLGF,yunlvgufen,000807  云铝股份  ·  YLGF,2026-09-02
000809,和展能源,HZNY,hezhannengyuan,000809  和展能源  ·  HZNY,2026-09-02
000810,创维数字,CWSZ,chuangweishuzi,000810  创维数字  ·  CWSZ,2026-09-02
000811,冰轮环境,BLHJ,binglunhuanjing,000811  冰轮环境  ·  BLHJ,2026-09-02
000812,陕西金叶,SXJY,shanxijinye,000812  陕西金叶  ·  SXJY,2026-09-02
000813,德展健康,DZJK,dezhanjiankang,000813  德展健康  ·  DZJK,2026-09-02
000815,美利云,MLY,meiliyun,000815  美利云  ·  MLY,2026-09-02
000816,智慧农业,ZHNY,zhihuinongye,000816  智慧农业  ·  ZHNY,2026-09-02
000818,航锦科技,HJKJ,hangjinkeji,000818  航锦科技  ·  HJKJ,2026-09-02
000819,岳阳兴长,YYXZ,yueyangxingzhang,000819  岳阳兴长  ·  YYXZ,2026-09-02
000820,神雾节能,SWJN,shenwujieneng,000820  神雾节能  ·  SWJN,2026-09-02
000821,ST京机,STJJ,stjingji,000821  ST京机  ·  STJJ,2026-09-02
000822,山东海化,SDHH,shandonghaihua,000822  山东海化  ·  SDHH,2026-09-02
000823,超声电子,CSDZ,chaoshengdianzi,000823  超声电子  ·  CSDZ,2026-09-02
000825,太钢不锈,TGBX,taigangbuxiu,000825  太钢不锈  ·  TGBX,2026-09-02
000826,*ST启环,*STQH,*stqihuan,000826  *ST启环  ·  *STQH,2026-09-02
000828,东莞控股,DGKG,dongguankonggu,000828  东莞控股  ·  DGKG,2026-09-02
000829,天音控股,TYKG,tianyinkonggu,000829  天音控股  ·  TYKG,2026-09-02
000830,鲁西化工,LXHG,luxihuagong,000830  鲁西化工  ·  LXHG,2026-09-02
000831,中国稀土,ZGXT,zhongguoxitu,000831  中国稀土  ·  ZGXT,2026-09-02
000833,粤桂股份,YGGF,yueguigufen,000833  粤桂股份  ·  YGGF,2026-09-02
000837,秦川机床,QCJC,qinchuanjichuang,000837  秦川机床  ·  QCJC,2026-09-02
000838,*ST发展,*STFZ,*stfazhan,000838  *ST发展  ·  *STFZ,2026-09-02
000839,国安股份,GAGF,guoangufen,000839  国安股份  ·  GAGF,2026-09-02
000848,承德露露,CDLL,chengdelulu,000848  承德露露  ·  CDLL,2026-09-02
000850,华茂股份,HMGF,huamaogufen,000850  华茂股份  ·  HMGF,2026-09-02
000852,石化机械,SHJX,shihuajixie,000852  石化机械  ·  SHJX,2026-09-02
000856,冀东装备,JDZB,jidongzhuangbei,000856  冀东装备  ·  JDZB,2026-09-02
000858,五 粮 液,W L Y,wu liang ye,000858  五 粮 液  ·  W L Y,2026-09-02
000859,国风新材,GFXC,guofengxincai,000859  国风新材  ·  GFXC,2026-09-02
000860,顺鑫农业,SXNY,shunxinnongye,000860  顺鑫农业  ·  SXNY,2026-09-02
000862,银星能源,YXNY,yinxingnengyuan,000862  银星能源  ·  YXNY,2026-09-02
000863,三湘印象,SXYX,sanxiangyinxiang,000863  三湘印象  ·  SXYX,2026-09-02
000868,安凯客车,AKKC,ankaikeche,000868  安凯客车  ·  AKKC,2026-09-02
000869,张  裕Ａ,Z  YＡ,zhang  yuａ,000869  张  裕Ａ  ·  Z  YＡ,2026-09-02
000875,电投绿能,DTLN,diantoulvneng,000875  电投绿能  ·  DTLN,2026-09-02
000876,新 希 望,X X W,xin xi wang,000876  新 希 望  ·  X X W,2026-09-02
000877,天山股份,TSGF,tianshangufen,000877  天山股份  ·  TSGF,2026-09-02
000878,云南铜业,YNTY,yunnantongye,000878  云南铜业  ·  YNTY,2026-09-02
000880,潍柴重机,WCZJ,weichaizhongji,000880  潍柴重机  ·  WCZJ,2026-09-02
000881,中广核技,ZGHJ,zhongguangheji,000881  中广核技  ·  ZGHJ,2026-09-02
000882,华联股份,HLGF,hualiangufen,000882  华联股份  ·  HLGF,2026-09-02
000883,湖北能源,HBNY,hubeinengyuan,000883  湖北能源  ·  HBNY,2026-09-02
000885,城发环境,CFHJ,chengfahuanjing,000885  城发环境  ·  CFHJ,2026-09-02
000886,海南高速,HNGS,hainangaosu,000886  海南高速  ·  HNGS,2026-09-02
000887,中鼎股份,ZDGF,zhongdinggufen,000887  中鼎股份  ·  ZDGF,2026-09-02
000888,峨眉山Ａ,EMSＡ,emeishanａ,000888  峨眉山Ａ  ·  EMSＡ,2026-09-02
000889,中嘉博创,ZJBC,zhongjiabochuang,000889  中嘉博创  ·  ZJBC,2026-09-02
000890,法尔胜,FES,faersheng,000890  法尔胜  ·  FES,2026-09-02
000892,欢瑞世纪,HRSJ,huanruishiji,000892  欢瑞世纪  ·  HRSJ,2026-09-02
000893,亚钾国际,YJGJ,yajiaguoji,000893  亚钾国际  ·  YJGJ,2026-09-02
000895,双汇发展,SHFZ,shuanghuifazhan,000895  双汇发展  ·  SHFZ,2026-09-02
000897,津滨发展,JBFZ,jinbinfazhan,000897  津滨发展  ·  JBFZ,2026-09-02
000898,鞍钢股份,AGGF,anganggufen,000898  鞍钢股份  ·  AGGF,2026-09-02
000899,赣能股份,GNGF,gannenggufen,000899  赣能股份  ·  GNGF,2026-09-02
000900,现代投资,XDTZ,xiandaitouzi,000900  现代投资  ·  XDTZ,2026-09-02
000901,航天科技,HTKJ,hangtiankeji,000901  航天科技  ·  HTKJ,2026-09-02
000902,新洋丰,XYF,xinyangfeng,000902  新洋丰  ·  XYF,2026-09-02
000903,ST云动,STYD,styundong,000903  ST云动  ·  STYD,2026-09-02
000905,厦门港务,XMGW,xiamengangwu,000905  厦门港务  ·  XMGW,2026-09-02
000906,浙商中拓,ZSZT,zheshangzhongtuo,000906  浙商中拓  ·  ZSZT,2026-09-02
000908,石药景峰,SYJF,shiyaojingfeng,000908  石药景峰  ·  SYJF,2026-09-02
000909,*ST数源,*STSY,*stshuyuan,000909  *ST数源  ·  *STSY,2026-09-02
000910,大亚圣象,DYSX,dayashengxiang,000910  大亚圣象  ·  DYSX,2026-09-02
000911,*ST广糖,*STGT,*stguangtang,000911  *ST广糖  ·  *STGT,2026-09-02
000912,泸天化,LTH,lutianhua,000912  泸天化  ·  LTH,2026-09-02
000913,钱江摩托,QJMT,qianjiangmotuo,000913  钱江摩托  ·  QJMT,2026-09-02
000915,华特达因,HTDY,huatedayin,000915  华特达因  ·  HTDY,2026-09-02
000917,电广传媒,DGCM,dianguangchuanmei,000917  电广传媒  ·  DGCM,2026-09-02
000919,金陵药业,JLYY,jinlingyaoye,000919  金陵药业  ·  JLYY,2026-09-02
000920,沃顿科技,WDKJ,wodunkeji,000920  沃顿科技  ·  WDKJ,2026-09-02
000921,海信家电,HXJD,haixinjiadian,000921  海信家电  ·  HXJD,2026-09-02
000922,佳电股份,JDGF,jiadiangufen,000922  佳电股份  ·  JDGF,2026-09-02
000923,河钢资源,HGZY,hegangziyuan,000923  河钢资源  ·  HGZY,2026-09-02
000925,众合科技,ZHKJ,zhonghekeji,000925  众合科技  ·  ZHKJ,2026-09-02
000926,福星股份,FXGF,fuxinggufen,000926  福星股份  ·  FXGF,2026-09-02
000927,中国铁物,ZGTW,zhongguotiewu,000927  中国铁物  ·  ZGTW,2026-09-02
000928,中钢国际,ZGGJ,zhonggangguoji,000928  中钢国际  ·  ZGGJ,2026-09-02
000929,兰州黄河,LZHH,lanzhouhuanghe,000929  兰州黄河  ·  LZHH,2026-09-02
000930,中粮科技,ZLKJ,zhongliangkeji,000930  中粮科技  ·  ZLKJ,2026-09-02
000931,中 关 村,Z G C,zhong guan cun,000931  中 关 村  ·  Z G C,2026-09-02
000932,华菱钢铁,HLGT,hualinggangtie,000932  华菱钢铁  ·  HLGT,2026-09-02
000933,神火股份,SHGF,shenhuogufen,000933  神火股份  ·  SHGF,2026-09-02
000935,四川双马,SCSM,sichuanshuangma,000935  四川双马  ·  SCSM,2026-09-02
000936,华西股份,HXGF,huaxigufen,000936  华西股份  ·  HXGF,2026-09-02
000937,冀中能源,JZNY,jizhongnengyuan,000937  冀中能源  ·  JZNY,2026-09-02
000938,紫光股份,ZGGF,ziguanggufen,000938  紫光股份  ·  ZGGF,2026-09-02
000948,南天信息,NTXX,nantianxinxi,000948  南天信息  ·  NTXX,2026-09-02
000949,新乡化纤,XXHX,xinxianghuaxian,000949  新乡化纤  ·  XXHX,2026-09-02
000950,重药控股,ZYKG,zhongyaokonggu,000950  重药控股  ·  ZYKG,2026-09-02
000951,中国重汽,ZGZQ,zhongguozhongqi,000951  中国重汽  ·  ZGZQ,2026-09-02
000952,广济药业,GJYY,guangjiyaoye,000952  广济药业  ·  GJYY,2026-09-02
000953,中哲精化,ZZJH,zhongzhejinghua,000953  中哲精化  ·  ZZJH,2026-09-02
000955,欣龙控股,XLKG,xinlongkonggu,000955  欣龙控股  ·  XLKG,2026-09-02
000957,中通客车,ZTKC,zhongtongkeche,000957  中通客车  ·  ZTKC,2026-09-02
000958,电投产融,DTCR,diantouchanrong,000958  电投产融  ·  DTCR,2026-09-02
000959,首钢股份,SGGF,shouganggufen,000959  首钢股份  ·  SGGF,2026-09-02
000960,锡业股份,XYGF,xiyegufen,000960  锡业股份  ·  XYGF,2026-09-02
000962,东方钽业,DFTY,dongfangtanye,000962  东方钽业  ·  DFTY,2026-09-02
000963,华东医药,HDYY,huadongyiyao,000963  华东医药  ·  HDYY,2026-09-02
000965,天保基建,TBJJ,tianbaojijian,000965  天保基建  ·  TBJJ,2026-09-02
000966,长源电力,ZYDL,zhangyuandianli,000966  长源电力  ·  ZYDL,2026-09-02
000967,盈峰环境,YFHJ,yingfenghuanjing,000967  盈峰环境  ·  YFHJ,2026-09-02
000968,蓝焰控股,LYKG,lanyankonggu,000968  蓝焰控股  ·  LYKG,2026-09-02
000969,安泰科技,ATKJ,antaikeji,000969  安泰科技  ·  ATKJ,2026-09-02
000970,中科三环,ZKSH,zhongkesanhuan,000970  中科三环  ·  ZKSH,2026-09-02
000972,中基健康,ZJJK,zhongjijiankang,000972  中基健康  ·  ZJJK,2026-09-02
000973,佛塑科技,FSKJ,fusukeji,000973  佛塑科技  ·  FSKJ,2026-09-02
000975,山金国际,SJGJ,shanjinguoji,000975  山金国际  ·  SJGJ,2026-09-02
000977,浪潮信息,LCXX,langchaoxinxi,000977  浪潮信息  ·  LCXX,2026-09-02
000978,桂林旅游,GLLY,guilinlvyou,000978  桂林旅游  ·  GLLY,2026-09-02
000980,众泰汽车,ZTQC,zhongtaiqiche,000980  众泰汽车  ·  ZTQC,2026-09-02
000981,山子高科,SZGK,shanzigaoke,000981  山子高科  ·  SZGK,2026-09-02
000983,山西焦煤,SXJM,shanxijiaomei,000983  山西焦煤  ·  SXJM,2026-09-02
000985,大庆华科,DQHK,daqinghuake,000985  大庆华科  ·  DQHK,2026-09-02
000987,越秀资本,YXZB,yuexiuziben,000987  越秀资本  ·  YXZB,2026-09-02
000988,华工科技,HGKJ,huagongkeji,000988  华工科技  ·  HGKJ,2026-09-02
000989,九芝堂,JZT,jiuzhitang,000989  九芝堂  ·  JZT,2026-09-02
000990,诚志股份,CZGF,chengzhigufen,000990  诚志股份  ·  CZGF,2026-09-02
000993,闽东电力,MDDL,mindongdianli,000993  闽东电力  ·  MDDL,2026-09-02
000995,皇台酒业,HTJY,huangtaijiuye,000995  皇台酒业  ·  HTJY,2026-09-02
000997,新 大 陆,X D L,xin da lu,000997  新 大 陆  ·  X D L,2026-09-02
000998,隆平高科,LPGK,longpinggaoke,000998  隆平高科  ·  LPGK,2026-09-02
000999,华润三九,HRSJ,huarunsanjiu,000999  华润三九  ·  HRSJ,2026-09-02
001201,东瑞股份,DRGF,dongruigufen,001201  东瑞股份  ·  DRGF,2026-09-02
001202,炬申股份,JSGF,jushengufen,001202  炬申股份  ·  JSGF,2026-09-02
001203,大中矿业,DZKY,dazhongkuangye,001203  大中矿业  ·  DZKY,2026-09-02
001205,盛航股份,SHGF,shenghanggufen,001205  盛航股份  ·  SHGF,2026-09-02
001206,依依股份,YYGF,yiyigufen,001206  依依股份  ·  YYGF,2026-09-02
001207,联科科技,LKKJ,liankekeji,001207  联科科技  ·  LKKJ,2026-09-02
001208,华菱线缆,HLXL,hualingxianlan,001208  华菱线缆  ·  HLXL,2026-09-02
001209,洪兴股份,HXGF,hongxinggufen,001209  洪兴股份  ·  HXGF,2026-09-02
001210,金房能源,JFNY,jinfangnengyuan,001210  金房能源  ·  JFNY,2026-09-02
001211,双枪科技,SQKJ,shuangqiangkeji,001211  双枪科技  ·  SQKJ,2026-09-02
001212,中旗新材,ZQXC,zhongqixincai,001212  中旗新材  ·  ZQXC,2026-09-02
001213,中铁特货,ZTTH,zhongtietehuo,001213  中铁特货  ·  ZTTH,2026-09-02
001215,千味央厨,QWYC,qianweiyangchu,001215  千味央厨  ·  QWYC,2026-09-02
001216,华瓷股份,HCGF,huacigufen,001216  华瓷股份  ·  HCGF,2026-09-02
001217,华尔泰,HET,huaertai,001217  华尔泰  ·  HET,2026-09-02
001218,丽臣实业,LCSY,lichenshiye,001218  丽臣实业  ·  LCSY,2026-09-02
001219,青岛食品,QDSP,qingdaoshipin,001219  青岛食品  ·  QDSP,2026-09-02
001220,世盟股份,SMGF,shimenggufen,001220  世盟股份  ·  SMGF,2026-09-02
001221,悍高集团,HGJT,hangaojituan,001221  悍高集团  ·  HGJT,2026-09-02
001222,源飞宠物,YFCW,yuanfeichongwu,001222  源飞宠物  ·  YFCW,2026-09-02
001223,欧克科技,OKKJ,oukekeji,001223  欧克科技  ·  OKKJ,2026-09-02
001225,和泰机电,HTJD,hetaijidian,001225  和泰机电  ·  HTJD,2026-09-02
001226,拓山重工,TSZG,tuoshanzhonggong,001226  拓山重工  ·  TSZG,2026-09-02
001227,兰州银行,LZYH,lanzhouyinhang,001227  兰州银行  ·  LZYH,2026-09-02
001228,永泰运,YTY,yongtaiyun,001228  永泰运  ·  YTY,2026-09-02
001229,魅视科技,MSKJ,meishikeji,001229  魅视科技  ·  MSKJ,2026-09-02
001230,劲旅环境,JLHJ,jinglvhuanjing,001230  劲旅环境  ·  JLHJ,2026-09-02
001231,农心科技,NXKJ,nongxinkeji,001231  农心科技  ·  NXKJ,2026-09-02
001232,C嘉立创,CJLC,cjialichuang,001232  C嘉立创  ·  CJLC,2026-09-02
001233,海安集团,HAJT,haianjituan,001233  海安集团  ·  HAJT,2026-09-02
001234,泰慕士,TMS,taimushi,001234  泰慕士  ·  TMS,2026-09-02
001236,弘业期货,HYQH,hongyeqihuo,001236  弘业期货  ·  HYQH,2026-09-02
001237,惠康科技,HKKJ,huikangkeji,001237  惠康科技  ·  HKKJ,2026-09-02
001238,浙江正特,ZJZT,zhejiangzhengte,001238  浙江正特  ·  ZJZT,2026-09-02
001239,永达股份,YDGF,yongdagufen,001239  永达股份  ·  YDGF,2026-09-02
001248,华润新能源,HRXNY,huarunxinnengyuan,001248  华润新能源  ·  HRXNY,2026-09-02
001255,博菲电气,BFDQ,bofeidianqi,001255  博菲电气  ·  BFDQ,2026-09-02
001256,炜冈科技,WGKJ,weigangkeji,001256  炜冈科技  ·  WGKJ,2026-09-02
001257,盛龙股份,SLGF,shenglonggufen,001257  盛龙股份  ·  SLGF,2026-09-02
001258,立新能源,LXNY,lixinnengyuan,001258  立新能源  ·  LXNY,2026-09-02
001259,利仁科技,LRKJ,lirenkeji,001259  利仁科技  ·  LRKJ,2026-09-02
001260,坤泰股份,KTGF,kuntaigufen,001260  坤泰股份  ·  KTGF,2026-09-02
001266,宏英智能,HYZN,hongyingzhineng,001266  宏英智能  ·  HYZN,2026-09-02
001267,汇绿生态,HLST,huilvshengtai,001267  汇绿生态  ·  HLST,2026-09-02
001268,联合精密,LHJM,lianhejingmi,001268  联合精密  ·  LHJM,2026-09-02
001269,欧晶科技,OJKJ,oujingkeji,001269  欧晶科技  ·  OJKJ,2026-09-02
001270,铖昌科技,CCKJ,chengchangkeji,001270  铖昌科技  ·  CCKJ,2026-09-02
001277,速达股份,SDGF,sudagufen,001277  速达股份  ·  SDGF,2026-09-02
001278,一彬科技,YBKJ,yibinkeji,001278  一彬科技  ·  YBKJ,2026-09-02
001279,强邦新材,QBXC,qiangbangxincai,001279  强邦新材  ·  QBXC,2026-09-02
001280,中国铀业,ZGYY,zhongguoyouye,001280  中国铀业  ·  ZGYY,2026-09-02
001282,三联锻造,SLDZ,sanlianduanzao,001282  三联锻造  ·  SLDZ,2026-09-02
001283,豪鹏科技,HPKJ,haopengkeji,001283  豪鹏科技  ·  HPKJ,2026-09-02
001285,瑞立科密,RLKM,ruilikemi,001285  瑞立科密  ·  RLKM,2026-09-02
001286,陕西能源,SXNY,shanxinengyuan,001286  陕西能源  ·  SXNY,2026-09-02
001287,中电港,ZDG,zhongdiangang,001287  中电港  ·  ZDG,2026-09-02
001288,运机集团,YJJT,yunjijituan,001288  运机集团  ·  YJJT,2026-09-02
001289,龙源电力,LYDL,longyuandianli,001289  龙源电力  ·  LYDL,2026-09-02
001296,长江材料,CJCL,changjiangcailiao,001296  长江材料  ·  CJCL,2026-09-02
001298,好上好,HSH,haoshanghao,001298  好上好  ·  HSH,2026-09-02
001299,美能能源,MNNY,meinengnengyuan,001299  美能能源  ·  MNNY,2026-09-02
001300,三柏硕,SBS,sanbaishuo,001300  三柏硕  ·  SBS,2026-09-02
001301,尚太科技,STKJ,shangtaikeji,001301  尚太科技  ·  STKJ,2026-09-02
001306,夏厦精密,XSJM,xiashajingmi,001306  夏厦精密  ·  XSJM,2026-09-02
001308,康冠科技,KGKJ,kangguankeji,001308  康冠科技  ·  KGKJ,2026-09-02
001309,德明利,DML,demingli,001309  德明利  ·  DML,2026-09-02
001311,多利科技,DLKJ,duolikeji,001311  多利科技  ·  DLKJ,2026-09-02
001312,福恩股份,FEGF,fuengufen,001312  福恩股份  ·  FEGF,2026-09-02
001313,粤海饲料,YHSL,yuehaisiliao,001313  粤海饲料  ·  YHSL,2026-09-02
001314,亿道信息,YDXX,yidaoxinxi,001314  亿道信息  ·  YDXX,2026-09-02
001316,润贝航科,RBHK,runbeihangke,001316  润贝航科  ·  RBHK,2026-09-02
001317,三羊马,SYM,sanyangma,001317  三羊马  ·  SYM,2026-09-02
001318,阳光乳业,YGRY,yangguangruye,001318  阳光乳业  ·  YGRY,2026-09-02
001319,铭科精技,MKJJ,mingkejingji,001319  铭科精技  ·  MKJJ,2026-09-02
001322,箭牌家居,JPJJ,jianpaijiaju,001322  箭牌家居  ·  JPJJ,2026-09-02
001323,慕思股份,MSGF,musigufen,001323  慕思股份  ·  MSGF,2026-09-02
001324,长青科技,CQKJ,changqingkeji,001324  长青科技  ·  CQKJ,2026-09-02
001325,元创股份,YCGF,yuanchuanggufen,001325  元创股份  ·  YCGF,2026-09-02
001326,联域股份,LYGF,lianyugufen,001326  联域股份  ·  LYGF,2026-09-02
001328,登康口腔,DKKQ,dengkangkouqiang,001328  登康口腔  ·  DKKQ,2026-09-02
001330,博纳影业,BNYY,bonayingye,001330  博纳影业  ·  BNYY,2026-09-02
001331,胜通能源,STNY,shengtongnengyuan,001331  胜通能源  ·  STNY,2026-09-02
001332,锡装股份,XZGF,xizhuanggufen,001332  锡装股份  ·  XZGF,2026-09-02
001333,光华股份,GHGF,guanghuagufen,001333  光华股份  ·  GHGF,2026-09-02
001335,信凯科技,XKKJ,xinkaikeji,001335  信凯科技  ·  XKKJ,2026-09-02
001336,楚环科技,CHKJ,chuhuankeji,001336  楚环科技  ·  CHKJ,2026-09-02
001337,四川黄金,SCHJ,sichuanhuangjin,001337  四川黄金  ·  SCHJ,2026-09-02
001338,永顺泰,YST,yongshuntai,001338  永顺泰  ·  YST,2026-09-02
001339,智微智能,ZWZN,zhiweizhineng,001339  智微智能  ·  ZWZN,2026-09-02
001356,富岭股份,FLGF,fulinggufen,001356  富岭股份  ·  FLGF,2026-09-02
001358,兴欣新材,XXXC,xingxinxincai,001358  兴欣新材  ·  XXXC,2026-09-02
001359,平安电工,PADG,pingandiangong,001359  平安电工  ·  PADG,2026-09-02
001360,南矿集团,NKJT,nankuangjituan,001360  南矿集团  ·  NKJT,2026-09-02
001365,天海电子,THDZ,tianhaidianzi,001365  天海电子  ·  THDZ,2026-09-02
001366,播恩集团,BEJT,boenjituan,001366  播恩集团  ·  BEJT,2026-09-02
001367,海森药业,HSYY,haisenyaoye,001367  海森药业  ·  HSYY,2026-09-02
001368,通达创智,TDCZ,tongdachuangzhi,001368  通达创智  ·  TDCZ,2026-09-02
001369,双欣材料,SXCL,shuangxincailiao,001369  双欣材料  ·  SXCL,2026-09-02
001373,翔腾新材,XTXC,xiangtengxincai,001373  翔腾新材  ·  XTXC,2026-09-02
001376,百通能源,BTNY,baitongnengyuan,001376  百通能源  ·  BTNY,2026-09-02
001378,德冠新材,DGXC,deguanxincai,001378  德冠新材  ·  DGXC,2026-09-02
001379,腾达科技,TDKJ,tengdakeji,001379  腾达科技  ·  TDKJ,2026-09-02
001380,华纬科技,HWKJ,huaweikeji,001380  华纬科技  ·  HWKJ,2026-09-02
001382,新亚电缆,XYDL,xinyadianlan,001382  新亚电缆  ·  XYDL,2026-09-02
001386,马可波罗,MKBL,makeboluo,001386  马可波罗  ·  MKBL,2026-09-02
001387,雪祺电气,XQDQ,xueqidianqi,001387  雪祺电气  ·  XQDQ,2026-09-02
001388,信通电子,XTDZ,xintongdianzi,001388  信通电子  ·  XTDZ,2026-09-02
001389,广合科技,GHKJ,guanghekeji,001389  广合科技  ·  GHKJ,2026-09-02
001390,古麒绒材,GQRC,guqirongcai,001390  古麒绒材  ·  GQRC,2026-09-02
001391,国货航,GHH,guohuohang,001391  国货航  ·  GHH,2026-09-02
001393,维通利,WTL,weitongli,001393  维通利  ·  WTL,2026-09-02
001395,亚联机械,YLJX,yalianjixie,001395  亚联机械  ·  YLJX,2026-09-02
001396,誉帆科技,YFKJ,yufankeji,001396  誉帆科技  ·  YFKJ,2026-09-02
001399,惠科股份,HKGF,huikegufen,001399  惠科股份  ·  HKGF,2026-09-02
001400,江顺科技,JSKJ,jiangshunkeji,001400  江顺科技  ·  JSKJ,2026-09-02
001696,宗申动力,ZSDL,zongshendongli,001696  宗申动力  ·  ZSDL,2026-09-02
001872,招商港口,ZSGK,zhaoshanggangkou,001872  招商港口  ·  ZSGK,2026-09-02
001896,豫能控股,YNKG,yunengkonggu,001896  豫能控股  ·  YNKG,2026-09-02
001914,招商积余,ZSJY,zhaoshangjiyu,001914  招商积余  ·  ZSJY,2026-09-02
001965,招商公路,ZSGL,zhaoshanggonglu,001965  招商公路  ·  ZSGL,2026-09-02
001979,招商蛇口,ZSSK,zhaoshangshekou,001979  招商蛇口  ·  ZSSK,2026-09-02
002001,新 和 成,X H C,xin he cheng,002001  新 和 成  ·  X H C,2026-09-02
002003,伟星股份,WXGF,weixinggufen,002003  伟星股份  ·  WXGF,2026-09-02
002004,华邦健康,HBJK,huabangjiankang,002004  华邦健康  ·  HBJK,2026-09-02
002005,德豪润达,DHRD,dehaorunda,002005  德豪润达  ·  DHRD,2026-09-02
002006,精工科技,JGKJ,jinggongkeji,002006  精工科技  ·  JGKJ,2026-09-02
002007,华兰生物,HLSW,hualanshengwu,002007  华兰生物  ·  HLSW,2026-09-02
002008,大族激光,DZJG,dazujiguang,002008  大族激光  ·  DZJG,2026-09-02
002009,天奇股份,TQGF,tianqigufen,002009  天奇股份  ·  TQGF,2026-09-02
002010,传化智联,CHZL,chuanhuazhilian,002010  传化智联  ·  CHZL,2026-09-02
002011,盾安环境,DAHJ,dunanhuanjing,002011  盾安环境  ·  DAHJ,2026-09-02
002012,凯恩股份,KEGF,kaiengufen,002012  凯恩股份  ·  KEGF,2026-09-02
002014,永新股份,YXGF,yongxingufen,002014  永新股份  ·  YXGF,2026-09-02
002015,协鑫能科,XXNK,xiexinnengke,002015  协鑫能科  ·  XXNK,2026-09-02
002016,世荣兆业,SRZY,shirongzhaoye,002016  世荣兆业  ·  SRZY,2026-09-02
002017,东信和平,DXHP,dongxinheping,002017  东信和平  ·  DXHP,2026-09-02
002019,亿帆医药,YFYY,yifanyiyao,002019  亿帆医药  ·  YFYY,2026-09-02
002020,京新药业,JXYY,jingxinyaoye,002020  京新药业  ·  JXYY,2026-09-02
002021,中捷资源,ZJZY,zhongjieziyuan,002021  中捷资源  ·  ZJZY,2026-09-02
002022,科华生物,KHSW,kehuashengwu,002022  科华生物  ·  KHSW,2026-09-02
002023,海特高新,HTGX,haitegaoxin,002023  海特高新  ·  HTGX,2026-09-02
002024,ST易购,STYG,styigou,002024  ST易购  ·  STYG,2026-09-02
002025,航天电器,HTDQ,hangtiandianqi,002025  航天电器  ·  HTDQ,2026-09-02
002026,山东威达,SDWD,shandongweida,002026  山东威达  ·  SDWD,2026-09-02
002027,分众传媒,FZCM,fenzhongchuanmei,002027  分众传媒  ·  FZCM,2026-09-02
002028,思源电气,SYDQ,siyuandianqi,002028  思源电气  ·  SYDQ,2026-09-02
002029,七 匹 狼,Q P L,qi pi lang,002029  七 匹 狼  ·  Q P L,2026-09-02
002030,达安基因,DAJY,daanjiyin,002030  达安基因  ·  DAJY,2026-09-02
002031,巨轮智能,JLZN,julunzhineng,002031  巨轮智能  ·  JLZN,2026-09-02
002032,苏 泊 尔,S P E,su po er,002032  苏 泊 尔  ·  S P E,2026-09-02
002033,丽江股份,LJGF,lijianggufen,002033  丽江股份  ·  LJGF,2026-09-02
002034,旺能环境,WNHJ,wangnenghuanjing,002034  旺能环境  ·  WNHJ,2026-09-02
002035,华帝股份,HDGF,huadigufen,002035  华帝股份  ·  HDGF,2026-09-02
002036,联创电子,LCDZ,lianchuangdianzi,002036  联创电子  ·  LCDZ,2026-09-02
002037,保利联合,BLLH,baolilianhe,002037  保利联合  ·  BLLH,2026-09-02
002038,双鹭药业,SLYY,shuangluyaoye,002038  双鹭药业  ·  SLYY,2026-09-02
002039,黔源电力,QYDL,qianyuandianli,002039  黔源电力  ·  QYDL,2026-09-02
002040,南 京 港,N J G,nan jing gang,002040  南 京 港  ·  N J G,2026-09-02
002041,登海种业,DHZY,denghaizhongye,002041  登海种业  ·  DHZY,2026-09-02
002042,华孚时尚,HFSS,huafushishang,002042  华孚时尚  ·  HFSS,2026-09-02
002043,兔 宝 宝,T B B,tu bao bao,002043  兔 宝 宝  ·  T B B,2026-09-02
002044,美年健康,MNJK,meinianjiankang,002044  美年健康  ·  MNJK,2026-09-02
002045,国光电器,GGDQ,guoguangdianqi,002045  国光电器  ·  GGDQ,2026-09-02
002046,国机精工,GJJG,guojijinggong,002046  国机精工  ·  GJJG,2026-09-02
002047,宝鹰股份,BYGF,baoyinggufen,002047  宝鹰股份  ·  BYGF,2026-09-02
002048,宁波华翔,NBHX,ningbohuaxiang,002048  宁波华翔  ·  NBHX,2026-09-02
002049,紫光国微,ZGGW,ziguangguowei,002049  紫光国微  ·  ZGGW,2026-09-02
002050,三花智控,SHZK,sanhuazhikong,002050  三花智控  ·  SHZK,2026-09-02
002051,中工国际,ZGGJ,zhonggongguoji,002051  中工国际  ·  ZGGJ,2026-09-02
002052,同洲电子,TZDZ,tongzhoudianzi,002052  同洲电子  ·  TZDZ,2026-09-02
002053,云南能投,YNNT,yunnannengtou,002053  云南能投  ·  YNNT,2026-09-02
002054,德美化工,DMHG,demeihuagong,002054  德美化工  ·  DMHG,2026-09-02
002055,ST得润,STDR,stderun,002055  ST得润  ·  STDR,2026-09-02
002056,横店东磁,HDDC,hengdiandongci,002056  横店东磁  ·  HDDC,2026-09-02
002057,中钢天源,ZGTY,zhonggangtianyuan,002057  中钢天源  ·  ZGTY,2026-09-02
002058,威尔泰,WET,weiertai,002058  威尔泰  ·  WET,2026-09-02
002059,云南旅游,YNLY,yunnanlvyou,002059  云南旅游  ·  YNLY,2026-09-02
002060,广东建工,GDJG,guangdongjiangong,002060  广东建工  ·  GDJG,2026-09-02
002061,浙江交科,ZJJK,zhejiangjiaoke,002061  浙江交科  ·  ZJJK,2026-09-02
002062,宏润建设,HRJS,hongrunjianshe,002062  宏润建设  ·  HRJS,2026-09-02
002063,远光软件,YGRJ,yuanguangruanjian,002063  远光软件  ·  YGRJ,2026-09-02
002064,华峰化学,HFHX,huafenghuaxue,002064  华峰化学  ·  HFHX,2026-09-02
002065,东华软件,DHRJ,donghuaruanjian,002065  东华软件  ·  DHRJ,2026-09-02
002066,瑞泰科技,RTKJ,ruitaikeji,002066  瑞泰科技  ·  RTKJ,2026-09-02
002067,景兴纸业,JXZY,jingxingzhiye,002067  景兴纸业  ·  JXZY,2026-09-02
002068,黑猫股份,HMGF,heimaogufen,002068  黑猫股份  ·  HMGF,2026-09-02
002069,獐子岛,ZZD,zhangzidao,002069  獐子岛  ·  ZZD,2026-09-02
002072,凯瑞德,KRD,kairuide,002072  凯瑞德  ·  KRD,2026-09-02
002073,软控股份,RKGF,ruankonggufen,002073  软控股份  ·  RKGF,2026-09-02
002074,国轩高科,GXGK,guoxuangaoke,002074  国轩高科  ·  GXGK,2026-09-02
002075,沙钢股份,SGGF,shaganggufen,002075  沙钢股份  ·  SGGF,2026-09-02
002076,星光股份,XGGF,xingguanggufen,002076  星光股份  ·  XGGF,2026-09-02
002077,大港股份,DGGF,daganggufen,002077  大港股份  ·  DGGF,2026-09-02
002078,太阳纸业,TYZY,taiyangzhiye,002078  太阳纸业  ·  TYZY,2026-09-02
002079,苏州固锝,SZGD,suzhougude,002079  苏州固锝  ·  SZGD,2026-09-02
002080,中材科技,ZCKJ,zhongcaikeji,002080  中材科技  ·  ZCKJ,2026-09-02
002081,金 螳 螂,J T L,jin tang lang,002081  金 螳 螂  ·  J T L,2026-09-02
002082,ST万邦,STWB,stwanbang,002082  ST万邦  ·  STWB,2026-09-02
002083,孚日股份,FRGF,furigufen,002083  孚日股份  ·  FRGF,2026-09-02
002084,海鸥住工,HOZG,haiouzhugong,002084  海鸥住工  ·  HOZG,2026-09-02
002085,万丰奥威,WFAW,wanfengaowei,002085  万丰奥威  ·  WFAW,2026-09-02
002086,东方海洋,DFHY,dongfanghaiyang,002086  东方海洋  ·  DFHY,2026-09-02
002088,鲁阳节能,LYJN,luyangjieneng,002088  鲁阳节能  ·  LYJN,2026-09-02
002090,金智科技,JZKJ,jinzhikeji,002090  金智科技  ·  JZKJ,2026-09-02
002091,江苏国泰,JSGT,jiangsuguotai,002091  江苏国泰  ·  JSGT,2026-09-02
002092,中泰化学,ZTHX,zhongtaihuaxue,002092  中泰化学  ·  ZTHX,2026-09-02
002093,国脉科技,GMKJ,guomaikeji,002093  国脉科技  ·  GMKJ,2026-09-02
002094,青岛金王,QDJW,qingdaojinwang,002094  青岛金王  ·  QDJW,2026-09-02
002095,生 意 宝,S Y B,sheng yi bao,002095  生 意 宝  ·  S Y B,2026-09-02
002096,易普力,YPL,yipuli,002096  易普力  ·  YPL,2026-09-02
002097,山河智能,SHZN,shanhezhineng,002097  山河智能  ·  SHZN,2026-09-02
002098,浔兴股份,XXGF,xunxinggufen,002098  浔兴股份  ·  XXGF,2026-09-02
002099,海翔药业,HXYY,haixiangyaoye,002099  海翔药业  ·  HXYY,2026-09-02
002100,天康生物,TKSW,tiankangshengwu,002100  天康生物  ·  TKSW,2026-09-02
002101,广东鸿图,GDHT,guangdonghongtu,002101  广东鸿图  ·  GDHT,2026-09-02
002102,ST能特,STNT,stnengte,002102  ST能特  ·  STNT,2026-09-02
002103,广博股份,GBGF,guangbogufen,002103  广博股份  ·  GBGF,2026-09-02
002104,恒宝股份,HBGF,hengbaogufen,002104  恒宝股份  ·  HBGF,2026-09-02
002105,信隆健康,XLJK,xinlongjiankang,002105  信隆健康  ·  XLJK,2026-09-02
002106,莱宝高科,LBGK,laibaogaoke,002106  莱宝高科  ·  LBGK,2026-09-02
002107,沃华医药,WHYY,wohuayiyao,002107  沃华医药  ·  WHYY,2026-09-02
002108,沧州明珠,CZMZ,cangzhoumingzhu,002108  沧州明珠  ·  CZMZ,2026-09-02
002109,ST兴化,STXH,stxinghua,002109  ST兴化  ·  STXH,2026-09-02
002110,三钢闽光,SGMG,sangangminguang,002110  三钢闽光  ·  SGMG,2026-09-02
002111,威海广泰,WHGT,weihaiguangtai,002111  威海广泰  ·  WHGT,2026-09-02
002112,三变科技,SBKJ,sanbiankeji,002112  三变科技  ·  SBKJ,2026-09-02
002114,罗平锌电,LPXD,luopingxindian,002114  罗平锌电  ·  LPXD,2026-09-02
002115,三维通信,SWTX,sanweitongxin,002115  三维通信  ·  SWTX,2026-09-02
002116,中国海诚,ZGHC,zhongguohaicheng,002116  中国海诚  ·  ZGHC,2026-09-02
002117,东港股份,DGGF,dongganggufen,002117  东港股份  ·  DGGF,2026-09-02
002119,康强电子,KQDZ,kangqiangdianzi,002119  康强电子  ·  KQDZ,2026-09-02
002120,韵达股份,YDGF,yundagufen,002120  韵达股份  ·  YDGF,2026-09-02
002121,科陆电子,KLDZ,keludianzi,002121  科陆电子  ·  KLDZ,2026-09-02
002122,ST汇洲,STHZ,sthuizhou,002122  ST汇洲  ·  STHZ,2026-09-02
002123,梦网科技,MWKJ,mengwangkeji,002123  梦网科技  ·  MWKJ,2026-09-02
002124,天邦食品,TBSP,tianbangshipin,002124  天邦食品  ·  TBSP,2026-09-02
002125,湘潭电化,XTDH,xiangtandianhua,002125  湘潭电化  ·  XTDH,2026-09-02
002126,银轮股份,YLGF,yinlungufen,002126  银轮股份  ·  YLGF,2026-09-02
002127,南极电商,NJDS,nanjidianshang,002127  南极电商  ·  NJDS,2026-09-02
002128,电投能源,DTNY,diantounengyuan,002128  电投能源  ·  DTNY,2026-09-02
002129,TCL中环,TCLZH,tclzhonghuan,002129  TCL中环  ·  TCLZH,2026-09-02
002130,沃尔核材,WEHC,woerhecai,002130  沃尔核材  ·  WEHC,2026-09-02
002131,利欧股份,LOGF,liougufen,002131  利欧股份  ·  LOGF,2026-09-02
002132,恒星科技,HXKJ,hengxingkeji,002132  恒星科技  ·  HXKJ,2026-09-02
002133,广宇集团,GYJT,guangyujituan,002133  广宇集团  ·  GYJT,2026-09-02
002134,天津普林,TJPL,tianjinpulin,002134  天津普林  ·  TJPL,2026-09-02
002135,东南网架,DNWJ,dongnanwangjia,002135  东南网架  ·  DNWJ,2026-09-02
002136,安 纳 达,A N D,an na da,002136  安 纳 达  ·  A N D,2026-09-02
002137,实益达,SYD,shiyida,002137  实益达  ·  SYD,2026-09-02
002138,顺络电子,SLDZ,shunluodianzi,002138  顺络电子  ·  SLDZ,2026-09-02
002139,拓邦股份,TBGF,tuobanggufen,002139  拓邦股份  ·  TBGF,2026-09-02
002140,东华科技,DHKJ,donghuakeji,002140  东华科技  ·  DHKJ,2026-09-02
002141,贤丰控股,XFKG,xianfengkonggu,002141  贤丰控股  ·  XFKG,2026-09-02
002142,宁波银行,NBYH,ningboyinhang,002142  宁波银行  ·  NBYH,2026-09-02
002144,宏达高科,HDGK,hongdagaoke,002144  宏达高科  ·  HDGK,2026-09-02
002145,钛能化学,TNHX,tainenghuaxue,002145  钛能化学  ·  TNHX,2026-09-02
002146,荣盛发展,RSFZ,rongshengfazhan,002146  荣盛发展  ·  RSFZ,2026-09-02
002148,北纬科技,BWKJ,beiweikeji,002148  北纬科技  ·  BWKJ,2026-09-02
002149,西部材料,XBCL,xibucailiao,002149  西部材料  ·  XBCL,2026-09-02
002150,正泰电源,ZTDY,zhengtaidianyuan,002150  正泰电源  ·  ZTDY,2026-09-02
002151,北斗星通,BDXT,beidouxingtong,002151  北斗星通  ·  BDXT,2026-09-02
002152,广电运通,GDYT,guangdianyuntong,002152  广电运通  ·  GDYT,2026-09-02
002153,石基信息,SJXX,shijixinxi,002153  石基信息  ·  SJXX,2026-09-02
002154,报 喜 鸟,B X N,bao xi niao,002154  报 喜 鸟  ·  B X N,2026-09-02
002155,湖南黄金,HNHJ,hunanhuangjin,002155  湖南黄金  ·  HNHJ,2026-09-02
002156,通富微电,TFWD,tongfuweidian,002156  通富微电  ·  TFWD,2026-09-02
002157,正邦科技,ZBKJ,zhengbangkeji,002157  正邦科技  ·  ZBKJ,2026-09-02
002158,汉钟精机,HZJJ,hanzhongjingji,002158  汉钟精机  ·  HZJJ,2026-09-02
002159,三特索道,STSD,santesuodao,002159  三特索道  ·  STSD,2026-09-02
002160,常铝股份,CLGF,changlvgufen,002160  常铝股份  ·  CLGF,2026-09-02
002161,远 望 谷,Y W G,yuan wang gu,002161  远 望 谷  ·  Y W G,2026-09-02
002162,悦心健康,YXJK,yuexinjiankang,002162  悦心健康  ·  YXJK,2026-09-02
002163,海南发展,HNFZ,hainanfazhan,002163  海南发展  ·  HNFZ,2026-09-02
002164,宁波东力,NBDL,ningbodongli,002164  宁波东力  ·  NBDL,2026-09-02
002165,红 宝 丽,H B L,hong bao li,002165  红 宝 丽  ·  H B L,2026-09-02
002166,莱茵生物,LYSW,laiyinshengwu,002166  莱茵生物  ·  LYSW,2026-09-02
002167,东方锆业,DFGY,dongfanggaoye,002167  东方锆业  ·  DFGY,2026-09-02
002168,ST惠程,STHC,sthuicheng,002168  ST惠程  ·  STHC,2026-09-02
002169,智光电气,ZGDQ,zhiguangdianqi,002169  智光电气  ·  ZGDQ,2026-09-02
002170,芭田股份,BTGF,batiangufen,002170  芭田股份  ·  BTGF,2026-09-02
002171,楚江新材,CJXC,chujiangxincai,002171  楚江新材  ·  CJXC,2026-09-02
002172,澳洋健康,AYJK,aoyangjiankang,002172  澳洋健康  ·  AYJK,2026-09-02
002173,创新医疗,CXYL,chuangxinyiliao,002173  创新医疗  ·  CXYL,2026-09-02
002174,游族网络,YZWL,youzuwangluo,002174  游族网络  ·  YZWL,2026-09-02
002175,*ST东智,*STDZ,*stdongzhi,002175  *ST东智  ·  *STDZ,2026-09-02
002176,江特电机,JTDJ,jiangtedianji,002176  江特电机  ·  JTDJ,2026-09-02
002177,御银股份,YYGF,yuyingufen,002177  御银股份  ·  YYGF,2026-09-02
002178,延华智能,YHZN,yanhuazhineng,002178  延华智能  ·  YHZN,2026-09-02
002179,中航光电,ZHGD,zhonghangguangdian,002179  中航光电  ·  ZHGD,2026-09-02
002180,奔图科技,BTKJ,bentukeji,002180  奔图科技  ·  BTKJ,2026-09-02
002181,粤 传 媒,Y C M,yue chuan mei,002181  粤 传 媒  ·  Y C M,2026-09-02
002182,宝武镁业,BWMY,baowumeiye,002182  宝武镁业  ·  BWMY,2026-09-02
002183,怡 亚 通,Y Y T,yi ya tong,002183  怡 亚 通  ·  Y Y T,2026-09-02
002184,海得控制,HDKZ,haidekongzhi,002184  海得控制  ·  HDKZ,2026-09-02
002185,华天科技,HTKJ,huatiankeji,002185  华天科技  ·  HTKJ,2026-09-02
002186,全 聚 德,Q J D,quan ju de,002186  全 聚 德  ·  Q J D,2026-09-02
002187,广百股份,GBGF,guangbaigufen,002187  广百股份  ·  GBGF,2026-09-02
002188,中天服务,ZTFW,zhongtianfuwu,002188  中天服务  ·  ZTFW,2026-09-02
002189,中光学,ZGX,zhongguangxue,002189  中光学  ·  ZGX,2026-09-02
002190,成飞集成,CFJC,chengfeijicheng,002190  成飞集成  ·  CFJC,2026-09-02
002191,劲嘉股份,JJGF,jinjiagufen,002191  劲嘉股份  ·  JJGF,2026-09-02
002192,融捷股份,RJGF,rongjiegufen,002192  融捷股份  ·  RJGF,2026-09-02
002193,ST如意,STRY,struyi,002193  ST如意  ·  STRY,2026-09-02
002194,武汉凡谷,WHFG,wuhanfangu,002194  武汉凡谷  ·  WHFG,2026-09-02
002195,岩山科技,YSKJ,yanshankeji,002195  岩山科技  ·  YSKJ,2026-09-02
002196,方正电机,FZDJ,fangzhengdianji,002196  方正电机  ·  FZDJ,2026-09-02
002197,证通电子,ZTDZ,zhengtongdianzi,002197  证通电子  ·  ZTDZ,2026-09-02
002198,ST嘉应,STJY,stjiaying,002198  ST嘉应  ·  STJY,2026-09-02
002199,东晶电子,DJDZ,dongjingdianzi,002199  东晶电子  ·  DJDZ,2026-09-02
002200,交投生态,JTST,jiaotoushengtai,002200  交投生态  ·  JTST,2026-09-02
002201,九鼎新材,JDXC,jiudingxincai,002201  九鼎新材  ·  JDXC,2026-09-02
002202,金风科技,JFKJ,jinfengkeji,002202  金风科技  ·  JFKJ,2026-09-02
002203,海亮股份,HLGF,hailianggufen,002203  海亮股份  ·  HLGF,2026-09-02
002204,大连重工,DLZG,dalianzhonggong,002204  大连重工  ·  DLZG,2026-09-02
002205,国统股份,GTGF,guotonggufen,002205  国统股份  ·  GTGF,2026-09-02
002206,海 利 得,H L D,hai li de,002206  海 利 得  ·  H L D,2026-09-02
002207,*ST准油,*STZY,*stzhunyou,002207  *ST准油  ·  *STZY,2026-09-02
002208,合肥城建,HFCJ,hefeichengjian,002208  合肥城建  ·  HFCJ,2026-09-02
002209,达 意 隆,D Y L,da yi long,002209  达 意 隆  ·  D Y L,2026-09-02
002210,飞马国际,FMGJ,feimaguoji,002210  飞马国际  ·  FMGJ,2026-09-02
002211,ST宏达,STHD,sthongda,002211  ST宏达  ·  STHD,2026-09-02
002212,天融信,TRX,tianrongxin,002212  天融信  ·  TRX,2026-09-02
002213,大为股份,DWGF,daweigufen,002213  大为股份  ·  DWGF,2026-09-02
002214,大立科技,DLKJ,dalikeji,002214  大立科技  ·  DLKJ,2026-09-02
002215,诺 普 信,N P X,nuo pu xin,002215  诺 普 信  ·  N P X,2026-09-02
002216,三全食品,SQSP,sanquanshipin,002216  三全食品  ·  SQSP,2026-09-02
002217,ST合力泰,STHLT,sthelitai,002217  ST合力泰  ·  STHLT,2026-09-02
002218,拓日新能,TRXN,tuorixinneng,002218  拓日新能  ·  TRXN,2026-09-02
002219,新里程,XLC,xinlicheng,002219  新里程  ·  XLC,2026-09-02
002221,东华能源,DHNY,donghuanengyuan,002221  东华能源  ·  DHNY,2026-09-02
002222,福晶科技,FJKJ,fujingkeji,002222  福晶科技  ·  FJKJ,2026-09-02
002223,鱼跃医疗,YYYL,yuyueyiliao,002223  鱼跃医疗  ·  YYYL,2026-09-02
002224,三 力 士,S L S,san li shi,002224  三 力 士  ·  S L S,2026-09-02
002225,濮耐股份,PNGF,punaigufen,002225  濮耐股份  ·  PNGF,2026-09-02
002226,江南化工,JNHG,jiangnanhuagong,002226  江南化工  ·  JNHG,2026-09-02
002227,*ST特迅,*STTX,*sttexun,002227  *ST特迅  ·  *STTX,2026-09-02
002228,合兴包装,HXBZ,hexingbaozhuang,002228  合兴包装  ·  HXBZ,2026-09-02
002229,鸿博股份,HBGF,hongbogufen,002229  鸿博股份  ·  HBGF,2026-09-02
002230,科大讯飞,KDXF,kedaxunfei,002230  科大讯飞  ·  KDXF,2026-09-02
002232,启明信息,QMXX,qimingxinxi,002232  启明信息  ·  QMXX,2026-09-02
002233,塔牌集团,TPJT,tapaijituan,002233  塔牌集团  ·  TPJT,2026-09-02
002234,民和股份,MHGF,minhegufen,002234  民和股份  ·  MHGF,2026-09-02
002235,安妮股份,ANGF,annigufen,002235  安妮股份  ·  ANGF,2026-09-02
002236,大华股份,DHGF,dahuagufen,002236  大华股份  ·  DHGF,2026-09-02
002237,恒邦股份,HBGF,hengbanggufen,002237  恒邦股份  ·  HBGF,2026-09-02
002238,天威视讯,TWSX,tianweishixun,002238  天威视讯  ·  TWSX,2026-09-02
002239,奥特佳,ATJ,aotejia,002239  奥特佳  ·  ATJ,2026-09-02
002240,盛新锂能,SXLN,shengxinlineng,002240  盛新锂能  ·  SXLN,2026-09-02
002241,歌尔股份,GEGF,geergufen,002241  歌尔股份  ·  GEGF,2026-09-02
002242,九阳股份,JYGF,jiuyanggufen,002242  九阳股份  ·  JYGF,2026-09-02
002243,力合科创,LHKC,lihekechuang,002243  力合科创  ·  LHKC,2026-09-02
002244,滨江集团,BJJT,binjiangjituan,002244  滨江集团  ·  BJJT,2026-09-02
002245,蔚蓝锂芯,WLLX,weilanlixin,002245  蔚蓝锂芯  ·  WLLX,2026-09-02
002246,北化股份,BHGF,beihuagufen,002246  北化股份  ·  BHGF,2026-09-02
002247,聚力文化,JLWH,juliwenhua,002247  聚力文化  ·  JLWH,2026-09-02
002248,华东数控,HDSK,huadongshukong,002248  华东数控  ·  HDSK,2026-09-02
002249,大洋电机,DYDJ,dayangdianji,002249  大洋电机  ·  DYDJ,2026-09-02
002250,联化科技,LHKJ,lianhuakeji,002250  联化科技  ·  LHKJ,2026-09-02
002251,步步高,BBG,bubugao,002251  步步高  ·  BBG,2026-09-02
002252,上海莱士,SHLS,shanghailaishi,002252  上海莱士  ·  SHLS,2026-09-02
002253,川大智胜,CDZS,chuandazhisheng,002253  川大智胜  ·  CDZS,2026-09-02
002254,泰和新材,THXC,taihexincai,002254  泰和新材  ·  THXC,2026-09-02
002255,海陆重工,HLZG,hailuzhonggong,002255  海陆重工  ·  HLZG,2026-09-02
002256,兆新股份,ZXGF,zhaoxingufen,002256  兆新股份  ·  ZXGF,2026-09-02
002258,利尔化学,LEHX,lierhuaxue,002258  利尔化学  ·  LEHX,2026-09-02
002259,升达林业,SDLY,shengdalinye,002259  升达林业  ·  SDLY,2026-09-02
002261,拓维信息,TWXX,tuoweixinxi,002261  拓维信息  ·  TWXX,2026-09-02
002262,恩华药业,EHYY,enhuayaoye,002262  恩华药业  ·  EHYY,2026-09-02
002263,大东南,DDN,dadongnan,002263  大东南  ·  DDN,2026-09-02
002264,新 华 都,X H D,xin hua dou,002264  新 华 都  ·  X H D,2026-09-02
002265,建设工业,JSGY,jianshegongye,002265  建设工业  ·  JSGY,2026-09-02
002266,浙富控股,ZFKG,zhefukonggu,002266  浙富控股  ·  ZFKG,2026-09-02
002267,陕天然气,STRQ,shantianranqi,002267  陕天然气  ·  STRQ,2026-09-02
002268,电科网安,DKWA,diankewangan,002268  电科网安  ·  DKWA,2026-09-02
002269,美邦服饰,MBFS,meibangfushi,002269  美邦服饰  ·  MBFS,2026-09-02
002270,华明装备,HMZB,huamingzhuangbei,002270  华明装备  ·  HMZB,2026-09-02
002271,东方雨虹,DFYH,dongfangyuhong,002271  东方雨虹  ·  DFYH,2026-09-02
002272,川润股份,CRGF,chuanrungufen,002272  川润股份  ·  CRGF,2026-09-02
002273,水晶光电,SJGD,shuijingguangdian,002273  水晶光电  ·  SJGD,2026-09-02
002274,华昌化工,HCHG,huachanghuagong,002274  华昌化工  ·  HCHG,2026-09-02
002275,桂林三金,GLSJ,guilinsanjin,002275  桂林三金  ·  GLSJ,2026-09-02
002276,万马股份,WMGF,wanmagufen,002276  万马股份  ·  WMGF,2026-09-02
002277,友阿股份,YAGF,youagufen,002277  友阿股份  ·  YAGF,2026-09-02
002278,神开股份,SKGF,shenkaigufen,002278  神开股份  ·  SKGF,2026-09-02
002279,久其软件,JQRJ,jiuqiruanjian,002279  久其软件  ·  JQRJ,2026-09-02
002281,光迅科技,GXKJ,guangxunkeji,002281  光迅科技  ·  GXKJ,2026-09-02
002282,博深股份,BSGF,boshengufen,002282  博深股份  ·  BSGF,2026-09-02
002283,天润工业,TRGY,tianrungongye,002283  天润工业  ·  TRGY,2026-09-02
002284,亚太股份,YTGF,yataigufen,002284  亚太股份  ·  YTGF,2026-09-02
002285,世联行,SLX,shilianxing,002285  世联行  ·  SLX,2026-09-02
002286,保龄宝,BLB,baolingbao,002286  保龄宝  ·  BLB,2026-09-02
002287,奇正藏药,QZZY,qizhengzangyao,002287  奇正藏药  ·  QZZY,2026-09-02
002289,宇顺电子,YSDZ,yushundianzi,002289  宇顺电子  ·  YSDZ,2026-09-02
002290,禾盛新材,HSXC,heshengxincai,002290  禾盛新材  ·  HSXC,2026-09-02
002291,遥望科技,YWKJ,yaowangkeji,002291  遥望科技  ·  YWKJ,2026-09-02
002292,奥飞娱乐,AFYL,aofeiyule,002292  奥飞娱乐  ·  AFYL,2026-09-02
002293,罗莱生活,LLSH,luolaishenghuo,002293  罗莱生活  ·  LLSH,2026-09-02
002294,信立泰,XLT,xinlitai,002294  信立泰  ·  XLT,2026-09-02
002295,精艺股份,JYGF,jingyigufen,002295  精艺股份  ·  JYGF,2026-09-02
002296,辉煌科技,HHKJ,huihuangkeji,002296  辉煌科技  ·  HHKJ,2026-09-02
002297,博云新材,BYXC,boyunxincai,002297  博云新材  ·  BYXC,2026-09-02
002298,中电鑫龙,ZDXL,zhongdianxinlong,002298  中电鑫龙  ·  ZDXL,2026-09-02
002299,圣农发展,SNFZ,shengnongfazhan,002299  圣农发展  ·  SNFZ,2026-09-02
002300,太阳电缆,TYDL,taiyangdianlan,002300  太阳电缆  ·  TYDL,2026-09-02
002301,齐心集团,QXJT,qixinjituan,002301  齐心集团  ·  QXJT,2026-09-02
002302,西部建设,XBJS,xibujianshe,002302  西部建设  ·  XBJS,2026-09-02
002303,美盈森,MYS,meiyingsen,002303  美盈森  ·  MYS,2026-09-02
002304,洋河股份,YHGF,yanghegufen,002304  洋河股份  ·  YHGF,2026-09-02
002305,*ST南置,*STNZ,*stnanzhi,002305  *ST南置  ·  *STNZ,2026-09-02
002306,ST云网,STYW,styunwang,002306  ST云网  ·  STYW,2026-09-02
002307,北新路桥,BXLQ,beixinluqiao,002307  北新路桥  ·  BXLQ,2026-09-02
002309,中利集团,ZLJT,zhonglijituan,002309  中利集团  ·  ZLJT,2026-09-02
002310,东方新能,DFXN,dongfangxinneng,002310  东方新能  ·  DFXN,2026-09-02
002311,海大集团,HDJT,haidajituan,002311  海大集团  ·  HDJT,2026-09-02
002312,川发龙蟒,CFLM,chuanfalongmang,002312  川发龙蟒  ·  CFLM,2026-09-02
002313,日海智能,RHZN,rihaizhineng,002313  日海智能  ·  RHZN,2026-09-02
002314,南山控股,NSKG,nanshankonggu,002314  南山控股  ·  NSKG,2026-09-02
002315,焦点科技,JDKJ,jiaodiankeji,002315  焦点科技  ·  JDKJ,2026-09-02
002316,亚联发展,YLFZ,yalianfazhan,002316  亚联发展  ·  YLFZ,2026-09-02
002317,众生药业,ZSYY,zhongshengyaoye,002317  众生药业  ·  ZSYY,2026-09-02
002318,久立特材,JLTC,jiulitecai,002318  久立特材  ·  JLTC,2026-09-02
002319,乐通股份,LTGF,letonggufen,002319  乐通股份  ·  LTGF,2026-09-02
002320,海峡股份,HXGF,haixiagufen,002320  海峡股份  ·  HXGF,2026-09-02
002321,华英农业,HYNY,huayingnongye,002321  华英农业  ·  HYNY,2026-09-02
002322,理工能科,LGNK,ligongnengke,002322  理工能科  ·  LGNK,2026-09-02
002323,*ST雅博,*STYB,*styabo,002323  *ST雅博  ·  *STYB,2026-09-02
002324,普利特,PLT,pulite,002324  普利特  ·  PLT,2026-09-02
002326,永太科技,YTKJ,yongtaikeji,002326  永太科技  ·  YTKJ,2026-09-02
002327,富安娜,FAN,fuanna,002327  富安娜  ·  FAN,2026-09-02
002328,新朋股份,XPGF,xinpenggufen,002328  新朋股份  ·  XPGF,2026-09-02
002329,皇氏集团,HSJT,huangshijituan,002329  皇氏集团  ·  HSJT,2026-09-02
002330,得利斯,DLS,delisi,002330  得利斯  ·  DLS,2026-09-02
002331,皖通科技,WTKJ,wantongkeji,002331  皖通科技  ·  WTKJ,2026-09-02
002332,仙琚制药,XJZY,xianjuzhiyao,002332  仙琚制药  ·  XJZY,2026-09-02
002333,罗普斯金,LPSJ,luopusijin,002333  罗普斯金  ·  LPSJ,2026-09-02
002334,英威腾,YWT,yingweiteng,002334  英威腾  ·  YWT,2026-09-02
002335,科华数据,KHSJ,kehuashuju,002335  科华数据  ·  KHSJ,2026-09-02
002337,赛象科技,SXKJ,saixiangkeji,002337  赛象科技  ·  SXKJ,2026-09-02
002338,奥普光电,APGD,aopuguangdian,002338  奥普光电  ·  APGD,2026-09-02
002339,积成电子,JCDZ,jichengdianzi,002339  积成电子  ·  JCDZ,2026-09-02
002340,格林美,GLM,gelinmei,002340  格林美  ·  GLM,2026-09-02
002342,巨力索具,JLSJ,julisuoju,002342  巨力索具  ·  JLSJ,2026-09-02
002343,慈文传媒,CWCM,ciwenchuanmei,002343  慈文传媒  ·  CWCM,2026-09-02
002344,海宁皮城,HNPC,hainingpicheng,002344  海宁皮城  ·  HNPC,2026-09-02
002345,潮宏基,CHJ,chaohongji,002345  潮宏基  ·  CHJ,2026-09-02
002346,柘中股份,ZZGF,zhezhonggufen,002346  柘中股份  ·  ZZGF,2026-09-02
002347,泰尔股份,TEGF,taiergufen,002347  泰尔股份  ·  TEGF,2026-09-02
002348,高乐股份,GLGF,gaolegufen,002348  高乐股份  ·  GLGF,2026-09-02
002349,精华制药,JHZY,jinghuazhiyao,002349  精华制药  ·  JHZY,2026-09-02
002350,北京科锐,BJKR,beijingkerui,002350  北京科锐  ·  BJKR,2026-09-02
002351,漫步者,MBZ,manbuzhe,002351  漫步者  ·  MBZ,2026-09-02
002352,顺丰控股,SFKG,shunfengkonggu,002352  顺丰控股  ·  SFKG,2026-09-02
002353,杰瑞股份,JRGF,jieruigufen,002353  杰瑞股份  ·  JRGF,2026-09-02
002354,天娱数科,TYSK,tianyushuke,002354  天娱数科  ·  TYSK,2026-09-02
002355,兴民智通,XMZT,xingminzhitong,002355  兴民智通  ·  XMZT,2026-09-02
002356,鹏飞绿能,PFLN,pengfeilvneng,002356  鹏飞绿能  ·  PFLN,2026-09-02
002357,富临运业,FLYY,fulinyunye,002357  富临运业  ·  FLYY,2026-09-02
002358,森源电气,SYDQ,senyuandianqi,002358  森源电气  ·  SYDQ,2026-09-02
002360,ST同德,STTD,sttongde,002360  ST同德  ·  STTD,2026-09-02
002361,神剑股份,SJGF,shenjiangufen,002361  神剑股份  ·  SJGF,2026-09-02
002362,汉王科技,HWKJ,hanwangkeji,002362  汉王科技  ·  HWKJ,2026-09-02
002363,隆基机械,LJJX,longjijixie,002363  隆基机械  ·  LJJX,2026-09-02
002364,中恒电气,ZHDQ,zhonghengdianqi,002364  中恒电气  ·  ZHDQ,2026-09-02
002365,永安药业,YAYY,yonganyaoye,002365  永安药业  ·  YAYY,2026-09-02
002366,融发核电,RFHD,rongfahedian,002366  融发核电  ·  RFHD,2026-09-02
002367,康力电梯,KLDT,kanglidianti,002367  康力电梯  ·  KLDT,2026-09-02
002368,太极股份,TJGF,taijigufen,002368  太极股份  ·  TJGF,2026-09-02
002369,卓翼科技,ZYKJ,zhuoyikeji,002369  卓翼科技  ·  ZYKJ,2026-09-02
002370,亚太药业,YTYY,yataiyaoye,002370  亚太药业  ·  YTYY,2026-09-02
002371,北方华创,BFHC,beifanghuachuang,002371  北方华创  ·  BFHC,2026-09-02
002372,伟星新材,WXXC,weixingxincai,002372  伟星新材  ·  WXXC,2026-09-02
002373,千方科技,QFKJ,qianfangkeji,002373  千方科技  ·  QFKJ,2026-09-02
002374,中锐股份,ZRGF,zhongruigufen,002374  中锐股份  ·  ZRGF,2026-09-02
002375,亚厦股份,YSGF,yashagufen,002375  亚厦股份  ·  YSGF,2026-09-02
002376,新北洋,XBY,xinbeiyang,002376  新北洋  ·  XBY,2026-09-02
002377,国创高新,GCGX,guochuanggaoxin,002377  国创高新  ·  GCGX,2026-09-02
002378,章源钨业,ZYWY,zhangyuanwuye,002378  章源钨业  ·  ZYWY,2026-09-02
002379,宏桥控股,HQKG,hongqiaokonggu,002379  宏桥控股  ·  HQKG,2026-09-02
002380,科远智慧,KYZH,keyuanzhihui,002380  科远智慧  ·  KYZH,2026-09-02
002381,双箭股份,SJGF,shuangjiangufen,002381  双箭股份  ·  SJGF,2026-09-02
002382,蓝帆医疗,LFYL,lanfanyiliao,002382  蓝帆医疗  ·  LFYL,2026-09-02
002383,合众思壮,HZSZ,hezhongsizhuang,002383  合众思壮  ·  HZSZ,2026-09-02
002384,东山精密,DSJM,dongshanjingmi,002384  东山精密  ·  DSJM,2026-09-02
002385,大北农,DBN,dabeinong,002385  大北农  ·  DBN,2026-09-02
002386,天原股份,TYGF,tianyuangufen,002386  天原股份  ·  TYGF,2026-09-02
002387,维信诺,WXN,weixinnuo,002387  维信诺  ·  WXN,2026-09-02
002388,新亚制程,XYZC,xinyazhicheng,002388  新亚制程  ·  XYZC,2026-09-02
002389,航天彩虹,HTCH,hangtiancaihong,002389  航天彩虹  ·  HTCH,2026-09-02
002390,信邦制药,XBZY,xinbangzhiyao,002390  信邦制药  ·  XBZY,2026-09-02
002391,长青股份,CQGF,changqinggufen,002391  长青股份  ·  CQGF,2026-09-02
002392,北京利尔,BJLE,beijinglier,002392  北京利尔  ·  BJLE,2026-09-02
002393,力生制药,LSZY,lishengzhiyao,002393  力生制药  ·  LSZY,2026-09-02
002394,联发股份,LFGF,lianfagufen,002394  联发股份  ·  LFGF,2026-09-02
002395,双象股份,SXGF,shuangxianggufen,002395  双象股份  ·  SXGF,2026-09-02
002396,星网锐捷,XWRJ,xingwangruijie,002396  星网锐捷  ·  XWRJ,2026-09-02
002397,梦洁股份,MJGF,mengjiegufen,002397  梦洁股份  ·  MJGF,2026-09-02
002398,垒知集团,LZJT,leizhijituan,002398  垒知集团  ·  LZJT,2026-09-02
002399,海普瑞,HPR,haipurui,002399  海普瑞  ·  HPR,2026-09-02
002400,省广集团,SGJT,shengguangjituan,002400  省广集团  ·  SGJT,2026-09-02
002401,中远海科,ZYHK,zhongyuanhaike,002401  中远海科  ·  ZYHK,2026-09-02
002402,和而泰,HET,heertai,002402  和而泰  ·  HET,2026-09-02
002403,爱仕达,ASD,aishida,002403  爱仕达  ·  ASD,2026-09-02
002404,嘉欣丝绸,JXSC,jiaxinsichou,002404  嘉欣丝绸  ·  JXSC,2026-09-02
002405,四维图新,SWTX,siweituxin,002405  四维图新  ·  SWTX,2026-09-02
002406,远东传动,YDCD,yuandongchuandong,002406  远东传动  ·  YDCD,2026-09-02
002407,多氟多,DFD,duofuduo,002407  多氟多  ·  DFD,2026-09-02
002408,齐翔腾达,QXTD,qixiangtengda,002408  齐翔腾达  ·  QXTD,2026-09-02
002409,雅克科技,YKKJ,yakekeji,002409  雅克科技  ·  YKKJ,2026-09-02
002410,广联达,GLD,guanglianda,002410  广联达  ·  GLD,2026-09-02
002412,汉森制药,HSZY,hansenzhiyao,002412  汉森制药  ·  HSZY,2026-09-02
002413,雷科防务,LKFW,leikefangwu,002413  雷科防务  ·  LKFW,2026-09-02
002414,高德红外,GDHW,gaodehongwai,002414  高德红外  ·  GDHW,2026-09-02
002415,海康威视,HKWS,haikangweishi,002415  海康威视  ·  HKWS,2026-09-02
002416,爱施德,ASD,aishide,002416  爱施德  ·  ASD,2026-09-02
002418,康盛股份,KSGF,kangshenggufen,002418  康盛股份  ·  KSGF,2026-09-02
002419,天虹股份,THGF,tianhonggufen,002419  天虹股份  ·  THGF,2026-09-02
002420,毅昌科技,YCKJ,yichangkeji,002420  毅昌科技  ·  YCKJ,2026-09-02
002421,达实智能,DSZN,dashizhineng,002421  达实智能  ·  DSZN,2026-09-02
002422,科伦药业,KLYY,kelunyaoye,002422  科伦药业  ·  KLYY,2026-09-02
002423,中粮资本,ZLZB,zhongliangziben,002423  中粮资本  ·  ZLZB,2026-09-02
002424,ST百灵,STBL,stbailing,002424  ST百灵  ·  STBL,2026-09-02
002425,凯撒文化,KSWH,kaisawenhua,002425  凯撒文化  ·  KSWH,2026-09-02
002426,胜利精密,SLJM,shenglijingmi,002426  胜利精密  ·  SLJM,2026-09-02
002427,尤夫股份,YFGF,youfugufen,002427  尤夫股份  ·  YFGF,2026-09-02
002428,云南锗业,YNZY,yunnanzheye,002428  云南锗业  ·  YNZY,2026-09-02
002429,兆驰股份,ZCGF,zhaochigufen,002429  兆驰股份  ·  ZCGF,2026-09-02
002430,杭氧股份,HYGF,hangyanggufen,002430  杭氧股份  ·  HYGF,2026-09-02
002431,ST棕榈,STZL,stzonglv,002431  ST棕榈  ·  STZL,2026-09-02
002432,九安医疗,JAYL,jiuanyiliao,002432  九安医疗  ·  JAYL,2026-09-02
002434,万里扬,WLY,wanliyang,002434  万里扬  ·  WLY,2026-09-02
002436,兴森科技,XSKJ,xingsenkeji,002436  兴森科技  ·  XSKJ,2026-09-02
002437,誉衡药业,YHYY,yuhengyaoye,002437  誉衡药业  ·  YHYY,2026-09-02
002438,江苏神通,JSST,jiangsushentong,002438  江苏神通  ·  JSST,2026-09-02
002439,启明星辰,QMXC,qimingxingchen,002439  启明星辰  ·  QMXC,2026-09-02
002440,闰土股份,RTGF,runtugufen,002440  闰土股份  ·  RTGF,2026-09-02
002441,众业达,ZYD,zhongyeda,002441  众业达  ·  ZYD,2026-09-02
002442,龙星科技,LXKJ,longxingkeji,002442  龙星科技  ·  LXKJ,2026-09-02
002443,金洲管道,JZGD,jinzhouguandao,002443  金洲管道  ·  JZGD,2026-09-02
002444,巨星科技,JXKJ,juxingkeji,002444  巨星科技  ·  JXKJ,2026-09-02
002445,中南文化,ZNWH,zhongnanwenhua,002445  中南文化  ·  ZNWH,2026-09-02
002446,盛路通信,SLTX,shenglutongxin,002446  盛路通信  ·  SLTX,2026-09-02
002448,中原内配,ZYNP,zhongyuanneipei,002448  中原内配  ·  ZYNP,2026-09-02
002449,国星光电,GXGD,guoxingguangdian,002449  国星光电  ·  GXGD,2026-09-02
002451,摩恩电气,MEDQ,moendianqi,002451  摩恩电气  ·  MEDQ,2026-09-02
002452,长高电气,ZGDQ,zhanggaodianqi,002452  长高电气  ·  ZGDQ,2026-09-02
002453,华软科技,HRKJ,huaruankeji,002453  华软科技  ·  HRKJ,2026-09-02
002454,松芝股份,SZGF,songzhigufen,002454  松芝股份  ·  SZGF,2026-09-02
002455,百川股份,BCGF,baichuangufen,002455  百川股份  ·  BCGF,2026-09-02
002456,欧菲光,OFG,oufeiguang,002456  欧菲光  ·  OFG,2026-09-02
002457,青龙管业,QLGY,qinglongguanye,002457  青龙管业  ·  QLGY,2026-09-02
002458,益生股份,YSGF,yishenggufen,002458  益生股份  ·  YSGF,2026-09-02
002459,晶澳科技,JAKJ,jingaokeji,002459  晶澳科技  ·  JAKJ,2026-09-02
002460,赣锋锂业,GFLY,ganfengliye,002460  赣锋锂业  ·  GFLY,2026-09-02
002461,珠江啤酒,ZJPJ,zhujiangpijiu,002461  珠江啤酒  ·  ZJPJ,2026-09-02
002462,嘉事堂,JST,jiashitang,002462  嘉事堂  ·  JST,2026-09-02
002463,沪电股份,HDGF,hudiangufen,002463  沪电股份  ·  HDGF,2026-09-02
002465,海格通信,HGTX,haigetongxin,002465  海格通信  ·  HGTX,2026-09-02
002466,天齐锂业,TQLY,tianqiliye,002466  天齐锂业  ·  TQLY,2026-09-02
002467,二六三,ELS,erliusan,002467  二六三  ·  ELS,2026-09-02
002468,申通快递,STKD,shentongkuaidi,002468  申通快递  ·  STKD,2026-09-02
002469,三维化学,SWHX,sanweihuaxue,002469  三维化学  ·  SWHX,2026-09-02
002470,金正大,JZD,jinzhengda,002470  金正大  ·  JZD,2026-09-02
002471,中超控股,ZCKG,zhongchaokonggu,002471  中超控股  ·  ZCKG,2026-09-02
002472,双环传动,SHCD,shuanghuanchuandong,002472  双环传动  ·  SHCD,2026-09-02
002474,榕基软件,RJRJ,rongjiruanjian,002474  榕基软件  ·  RJRJ,2026-09-02
002475,立讯精密,LXJM,lixunjingmi,002475  立讯精密  ·  LXJM,2026-09-02
002476,新叶股份,XYGF,xinyegufen,002476  新叶股份  ·  XYGF,2026-09-02
002478,常宝股份,CBGF,changbaogufen,002478  常宝股份  ·  CBGF,2026-09-02
002479,富春环保,FCHB,fuchunhuanbao,002479  富春环保  ·  FCHB,2026-09-02
002480,新筑股份,XZGF,xinzhugufen,002480  新筑股份  ·  XZGF,2026-09-02
002481,双塔食品,STSP,shuangtashipin,002481  双塔食品  ·  STSP,2026-09-02
002482,广田集团,GTJT,guangtianjituan,002482  广田集团  ·  GTJT,2026-09-02
002483,润邦股份,RBGF,runbanggufen,002483  润邦股份  ·  RBGF,2026-09-02
002484,江海股份,JHGF,jianghaigufen,002484  江海股份  ·  JHGF,2026-09-02
002485,ST雪发,STXF,stxuefa,002485  ST雪发  ·  STXF,2026-09-02
002486,嘉麟杰,JLJ,jialinjie,002486  嘉麟杰  ·  JLJ,2026-09-02
002487,大金重工,DJZG,dajinzhonggong,002487  大金重工  ·  DJZG,2026-09-02
002488,金固股份,JGGF,jingugufen,002488  金固股份  ·  JGGF,2026-09-02
002489,浙江永强,ZJYQ,zhejiangyongqiang,002489  浙江永强  ·  ZJYQ,2026-09-02
002490,山东墨龙,SDML,shandongmolong,002490  山东墨龙  ·  SDML,2026-09-02
002491,通鼎互联,TDHL,tongdinghulian,002491  通鼎互联  ·  TDHL,2026-09-02
002492,恒基达鑫,HJDX,hengjidaxin,002492  恒基达鑫  ·  HJDX,2026-09-02
002493,荣盛石化,RSSH,rongshengshihua,002493  荣盛石化  ·  RSSH,2026-09-02
002494,华斯股份,HSGF,huasigufen,002494  华斯股份  ·  HSGF,2026-09-02
002495,佳隆股份,JLGF,jialonggufen,002495  佳隆股份  ·  JLGF,2026-09-02
002496,辉丰股份,HFGF,huifenggufen,002496  辉丰股份  ·  HFGF,2026-09-02
002497,雅化集团,YHJT,yahuajituan,002497  雅化集团  ·  YHJT,2026-09-02
002498,汉缆股份,HLGF,hanlangufen,002498  汉缆股份  ·  HLGF,2026-09-02
002500,山西证券,SXZQ,shanxizhengquan,002500  山西证券  ·  SXZQ,2026-09-02
002501,*ST利源,*STLY,*stliyuan,002501  *ST利源  ·  *STLY,2026-09-02
002506,协鑫集成,XXJC,xiexinjicheng,002506  协鑫集成  ·  XXJC,2026-09-02
002507,涪陵榨菜,FLZC,fulingzhacai,002507  涪陵榨菜  ·  FLZC,2026-09-02
002508,老板电器,LBDQ,laobandianqi,002508  老板电器  ·  LBDQ,2026-09-02
002510,天汽模,TQM,tianqimo,002510  天汽模  ·  TQM,2026-09-02
002511,中顺洁柔,ZSJR,zhongshunjierou,002511  中顺洁柔  ·  ZSJR,2026-09-02
002512,ST达华,STDH,stdahua,002512  ST达华  ·  STDH,2026-09-02
002513,蓝丰生化,LFSH,lanfengshenghua,002513  蓝丰生化  ·  LFSH,2026-09-02
002514,*ST宝馨,*STBX,*stbaoxin,002514  *ST宝馨  ·  *STBX,2026-09-02
002515,金字火腿,JZHT,jinzihuotui,002515  金字火腿  ·  JZHT,2026-09-02
002516,旷达科技,KDKJ,kuangdakeji,002516  旷达科技  ·  KDKJ,2026-09-02
002517,恺英网络,KYWL,kaiyingwangluo,002517  恺英网络  ·  KYWL,2026-09-02
002518,科士达,KSD,keshida,002518  科士达  ·  KSD,2026-09-02
002519,银河电子,YHDZ,yinhedianzi,002519  银河电子  ·  YHDZ,2026-09-02
002520,日发精机,RFJJ,rifajingji,002520  日发精机  ·  RFJJ,2026-09-02
002521,齐峰新材,QFXC,qifengxincai,002521  齐峰新材  ·  QFXC,2026-09-02
002522,浙江众成,ZJZC,zhejiangzhongcheng,002522  浙江众成  ·  ZJZC,2026-09-02
002523,天桥起重,TQQZ,tianqiaoqizhong,002523  天桥起重  ·  TQQZ,2026-09-02
002524,光正眼科,GZYK,guangzhengyanke,002524  光正眼科  ·  GZYK,2026-09-02
002526,山东矿机,SDKJ,shandongkuangji,002526  山东矿机  ·  SDKJ,2026-09-02
002527,新时达,XSD,xinshida,002527  新时达  ·  XSD,2026-09-02
002528,*ST英飞,*STYF,*styingfei,002528  *ST英飞  ·  *STYF,2026-09-02
002529,海源复材,HYFC,haiyuanfucai,002529  海源复材  ·  HYFC,2026-09-02
002530,金财互联,JCHL,jincaihulian,002530  金财互联  ·  JCHL,2026-09-02
002531,天顺风能,TSFN,tianshunfengneng,002531  天顺风能  ·  TSFN,2026-09-02
002532,天山铝业,TSLY,tianshanlvye,002532  天山铝业  ·  TSLY,2026-09-02
002533,金杯电工,JBDG,jinbeidiangong,002533  金杯电工  ·  JBDG,2026-09-02
002534,西子洁能,XZJN,xizijieneng,002534  西子洁能  ·  XZJN,2026-09-02
002535,林州重机,LZZJ,linzhouzhongji,002535  林州重机  ·  LZZJ,2026-09-02
002536,飞龙股份,FLGF,feilonggufen,002536  飞龙股份  ·  FLGF,2026-09-02
002537,海联金汇,HLJH,hailianjinhui,002537  海联金汇  ·  HLJH,2026-09-02
002538,ST司特,STST,stsite,002538  ST司特  ·  STST,2026-09-02
002539,云图控股,YTKG,yuntukonggu,002539  云图控股  ·  YTKG,2026-09-02
002540,亚太科技,YTKJ,yataikeji,002540  亚太科技  ·  YTKJ,2026-09-02
002541,鸿路钢构,HLGG,hongluganggou,002541  鸿路钢构  ·  HLGG,2026-09-02
002542,*ST中岩,*STZY,*stzhongyan,002542  *ST中岩  ·  *STZY,2026-09-02
002543,万和电气,WHDQ,wanhedianqi,002543  万和电气  ·  WHDQ,2026-09-02
002544,普天科技,PTKJ,putiankeji,002544  普天科技  ·  PTKJ,2026-09-02
002545,东方铁塔,DFTT,dongfangtieta,002545  东方铁塔  ·  DFTT,2026-09-02
002546,新联电子,XLDZ,xinliandianzi,002546  新联电子  ·  XLDZ,2026-09-02
002547,*ST春兴,*STCX,*stchunxing,002547  *ST春兴  ·  *STCX,2026-09-02
002548,金新农,JXN,jinxinnong,002548  金新农  ·  JXN,2026-09-02
002549,凯美特气,KMTQ,kaimeiteqi,002549  凯美特气  ·  KMTQ,2026-09-02
002550,千红制药,QHZY,qianhongzhiyao,002550  千红制药  ·  QHZY,2026-09-02
002551,尚荣医疗,SRYL,shangrongyiliao,002551  尚荣医疗  ·  SRYL,2026-09-02
002552,宝鼎科技,BDKJ,baodingkeji,002552  宝鼎科技  ·  BDKJ,2026-09-02
002553,南方精工,NFJG,nanfangjinggong,002553  南方精工  ·  NFJG,2026-09-02
002554,惠博普,HBP,huibopu,002554  惠博普  ·  HBP,2026-09-02
002555,三七互娱,SQHY,sanqihuyu,002555  三七互娱  ·  SQHY,2026-09-02
002556,辉隆股份,HLGF,huilonggufen,002556  辉隆股份  ·  HLGF,2026-09-02
002557,洽洽食品,QQSP,qiaqiashipin,002557  洽洽食品  ·  QQSP,2026-09-02
002558,巨人网络,JRWL,jurenwangluo,002558  巨人网络  ·  JRWL,2026-09-02
002559,亚威股份,YWGF,yaweigufen,002559  亚威股份  ·  YWGF,2026-09-02
002560,通达股份,TDGF,tongdagufen,002560  通达股份  ·  TDGF,2026-09-02
002561,徐家汇,XJH,xujiahui,002561  徐家汇  ·  XJH,2026-09-02
002562,兄弟科技,XDKJ,xiongdikeji,002562  兄弟科技  ·  XDKJ,2026-09-02
002563,森马服饰,SMFS,senmafushi,002563  森马服饰  ·  SMFS,2026-09-02
002564,天沃科技,TWKJ,tianwokeji,002564  天沃科技  ·  TWKJ,2026-09-02
002565,顺灏股份,SHGF,shunhaogufen,002565  顺灏股份  ·  SHGF,2026-09-02
002566,益盛药业,YSYY,yishengyaoye,002566  益盛药业  ·  YSYY,2026-09-02
002567,唐人神,TRS,tangrenshen,002567  唐人神  ·  TRS,2026-09-02
002568,百润股份,BRGF,bairungufen,002568  百润股份  ·  BRGF,2026-09-02
002569,*ST步森,*STBS,*stbusen,002569  *ST步森  ·  *STBS,2026-09-02
002570,贝因美,BYM,beiyinmei,002570  贝因美  ·  BYM,2026-09-02
002571,德力股份,DLGF,deligufen,002571  德力股份  ·  DLGF,2026-09-02
002572,索菲亚,SFY,suofeiya,002572  索菲亚  ·  SFY,2026-09-02
002573,清新环境,QXHJ,qingxinhuanjing,002573  清新环境  ·  QXHJ,2026-09-02
002574,明牌珠宝,MPZB,mingpaizhubao,002574  明牌珠宝  ·  MPZB,2026-09-02
002575,群兴玩具,QXWJ,qunxingwanju,002575  群兴玩具  ·  QXWJ,2026-09-02
002576,通达动力,TDDL,tongdadongli,002576  通达动力  ·  TDDL,2026-09-02
002577,雷柏科技,LBKJ,leibaikeji,002577  雷柏科技  ·  LBKJ,2026-09-02
002578,闽发铝业,MFLY,minfalvye,002578  闽发铝业  ·  MFLY,2026-09-02
002579,中京电子,ZJDZ,zhongjingdianzi,002579  中京电子  ·  ZJDZ,2026-09-02
002580,圣阳股份,SYGF,shengyanggufen,002580  圣阳股份  ·  SYGF,2026-09-02
002581,*ST未名,*STWM,*stweiming,002581  *ST未名  ·  *STWM,2026-09-02
002582,好想你,HXN,haoxiangni,002582  好想你  ·  HXN,2026-09-02
002583,海能达,HND,hainengda,002583  海能达  ·  HND,2026-09-02
002584,西陇科学,XLKX,xilongkexue,002584  西陇科学  ·  XLKX,2026-09-02
002585,双星新材,SXXC,shuangxingxincai,002585  双星新材  ·  SXXC,2026-09-02
002586,ST围海,STWH,stweihai,002586  ST围海  ·  STWH,2026-09-02
002587,奥拓电子,ATDZ,aotuodianzi,002587  奥拓电子  ·  ATDZ,2026-09-02
002588,史丹利,SDL,shidanli,002588  史丹利  ·  SDL,2026-09-02
002589,瑞康医药,RKYY,ruikangyiyao,002589  瑞康医药  ·  RKYY,2026-09-02
002590,万安科技,WAKJ,wanankeji,002590  万安科技  ·  WAKJ,2026-09-02
002591,恒大高新,HDGX,hengdagaoxin,002591  恒大高新  ·  HDGX,2026-09-02
002592,ST八菱,STBL,stbaling,002592  ST八菱  ·  STBL,2026-09-02
002593,日上集团,RSJT,rishangjituan,002593  日上集团  ·  RSJT,2026-09-02
002594,比亚迪,BYD,biyadi,002594  比亚迪  ·  BYD,2026-09-02
002595,豪迈科技,HMKJ,haomaikeji,002595  豪迈科技  ·  HMKJ,2026-09-02
002596,海南瑞泽,HNRZ,hainanruize,002596  海南瑞泽  ·  HNRZ,2026-09-02
002597,金禾实业,JHSY,jinheshiye,002597  金禾实业  ·  JHSY,2026-09-02
002598,ST章鼓,STZG,stzhanggu,002598  ST章鼓  ·  STZG,2026-09-02
002599,盛通股份,STGF,shengtonggufen,002599  盛通股份  ·  STGF,2026-09-02
002600,领益智造,LYZZ,lingyizhizao,002600  领益智造  ·  LYZZ,2026-09-02
002601,龙佰集团,LBJT,longbaijituan,002601  龙佰集团  ·  LBJT,2026-09-02
002602,世纪华通,SJHT,shijihuatong,002602  世纪华通  ·  SJHT,2026-09-02
002603,以岭药业,YLYY,yilingyaoye,002603  以岭药业  ·  YLYY,2026-09-02
002605,姚记科技,YJKJ,yaojikeji,002605  姚记科技  ·  YJKJ,2026-09-02
002606,大连电瓷,DLDC,daliandianci,002606  大连电瓷  ·  DLDC,2026-09-02
002607,中公教育,ZGJY,zhonggongjiaoyu,002607  中公教育  ·  ZGJY,2026-09-02
002608,江苏国信,JSGX,jiangsuguoxin,002608  江苏国信  ·  JSGX,2026-09-02
002609,捷顺科技,JSKJ,jieshunkeji,002609  捷顺科技  ·  JSKJ,2026-09-02
002611,东方精工,DFJG,dongfangjinggong,002611  东方精工  ·  DFJG,2026-09-02
002612,朗姿股份,LZGF,langzigufen,002612  朗姿股份  ·  LZGF,2026-09-02
002613,北玻股份,BBGF,beibogufen,002613  北玻股份  ·  BBGF,2026-09-02
002614,奥佳华,AJH,aojiahua,002614  奥佳华  ·  AJH,2026-09-02
002615,哈尔斯,HES,haersi,002615  哈尔斯  ·  HES,2026-09-02
002616,长青集团,CQJT,changqingjituan,002616  长青集团  ·  CQJT,2026-09-02
002617,露笑科技,LXKJ,luxiaokeji,002617  露笑科技  ·  LXKJ,2026-09-02
002620,*ST瑞和,*STRH,*struihe,002620  *ST瑞和  ·  *STRH,2026-09-02
002622,皓宸医疗,HCYL,haochenyiliao,002622  皓宸医疗  ·  HCYL,2026-09-02
002623,亚玛顿,YMD,yamadun,002623  亚玛顿  ·  YMD,2026-09-02
002624,完美世界,WMSJ,wanmeishijie,002624  完美世界  ·  WMSJ,2026-09-02
002625,光启技术,GQJS,guangqijishu,002625  光启技术  ·  GQJS,2026-09-02
002626,金达威,JDW,jindawei,002626  金达威  ·  JDW,2026-09-02
002627,三峡旅游,SXLY,sanxialvyou,002627  三峡旅游  ·  SXLY,2026-09-02
002628,成都路桥,CDLQ,chengduluqiao,002628  成都路桥  ·  CDLQ,2026-09-02
002629,仁智股份,RZGF,renzhigufen,002629  仁智股份  ·  RZGF,2026-09-02
002630,*ST华西,*STHX,*sthuaxi,002630  *ST华西  ·  *STHX,2026-09-02
002631,德尔未来,DEWL,deerweilai,002631  德尔未来  ·  DEWL,2026-09-02
002632,道明光学,DMGX,daomingguangxue,002632  道明光学  ·  DMGX,2026-09-02
002633,申科股份,SKGF,shenkegufen,002633  申科股份  ·  SKGF,2026-09-02
002634,*ST棒杰,*STBJ,*stbangjie,002634  *ST棒杰  ·  *STBJ,2026-09-02
002635,安洁科技,AJKJ,anjiekeji,002635  安洁科技  ·  AJKJ,2026-09-02
002636,金安国纪,JAGJ,jinanguoji,002636  金安国纪  ·  JAGJ,2026-09-02
002637,赞宇科技,ZYKJ,zanyukeji,002637  赞宇科技  ·  ZYKJ,2026-09-02
002638,勤上股份,QSGF,qinshanggufen,002638  勤上股份  ·  QSGF,2026-09-02
002639,雪人集团,XRJT,xuerenjituan,002639  雪人集团  ·  XRJT,2026-09-02
002640,跨境通,KJT,kuajingtong,002640  跨境通  ·  KJT,2026-09-02
002641,公元股份,GYGF,gongyuangufen,002641  公元股份  ·  GYGF,2026-09-02
002642,荣联科技,RLKJ,rongliankeji,002642  荣联科技  ·  RLKJ,2026-09-02
002643,万润股份,WRGF,wanrungufen,002643  万润股份  ·  WRGF,2026-09-02
002644,佛慈制药,FCZY,fucizhiyao,002644  佛慈制药  ·  FCZY,2026-09-02
002645,华宏科技,HHKJ,huahongkeji,002645  华宏科技  ·  HHKJ,2026-09-02
002646,天佑德酒,TYDJ,tianyoudejiu,002646  天佑德酒  ·  TYDJ,2026-09-02
002647,仁东控股,RDKG,rendongkonggu,002647  仁东控股  ·  RDKG,2026-09-02
002648,卫星化学,WXHX,weixinghuaxue,002648  卫星化学  ·  WXHX,2026-09-02
002649,博彦科技,BYKJ,boyankeji,002649  博彦科技  ·  BYKJ,2026-09-02
002650,ST加加,STJJ,stjiajia,002650  ST加加  ·  STJJ,2026-09-02
002651,利君股份,LJGF,lijungufen,002651  利君股份  ·  LJGF,2026-09-02
002652,扬子新材,YZXC,yangzixincai,002652  扬子新材  ·  YZXC,2026-09-02
002653,海思科,HSK,haisike,002653  海思科  ·  HSK,2026-09-02
002654,万润科技,WRKJ,wanrunkeji,002654  万润科技  ·  WRKJ,2026-09-02
002655,共达电声,GDDS,gongdadiansheng,002655  共达电声  ·  GDDS,2026-09-02
002656,摩登大道,MDDD,modengdadao,002656  摩登大道  ·  MDDD,2026-09-02
002657,中科金财,ZKJC,zhongkejincai,002657  中科金财  ·  ZKJC,2026-09-02
002658,雪迪龙,XDL,xuedilong,002658  雪迪龙  ·  XDL,2026-09-02
002659,凯文教育,KWJY,kaiwenjiaoyu,002659  凯文教育  ·  KWJY,2026-09-02
002660,茂硕电源,MSDY,maoshuodianyuan,002660  茂硕电源  ·  MSDY,2026-09-02
002661,克明食品,KMSP,kemingshipin,002661  克明食品  ·  KMSP,2026-09-02
002662,峰璟股份,FJGF,fengjinggufen,002662  峰璟股份  ·  FJGF,2026-09-02
002663,普邦股份,PBGF,pubanggufen,002663  普邦股份  ·  PBGF,2026-09-02
002664,信质集团,XZJT,xinzhijituan,002664  信质集团  ·  XZJT,2026-09-02
002666,德联集团,DLJT,delianjituan,002666  德联集团  ·  DLJT,2026-09-02
002667,*ST威领,*STWL,*stweiling,002667  *ST威领  ·  *STWL,2026-09-02
002668,TCL智家,TCLZJ,tclzhijia,002668  TCL智家  ·  TCLZJ,2026-09-02
002669,康达新材,KDXC,kangdaxincai,002669  康达新材  ·  KDXC,2026-09-02
002670,国盛证券,GSZQ,guoshengzhengquan,002670  国盛证券  ·  GSZQ,2026-09-02
002671,龙泉股份,LQGF,longquangufen,002671  龙泉股份  ·  LQGF,2026-09-02
002672,东江环保,DJHB,dongjianghuanbao,002672  东江环保  ·  DJHB,2026-09-02
002673,西部证券,XBZQ,xibuzhengquan,002673  西部证券  ·  XBZQ,2026-09-02
002674,兴业科技,XYKJ,xingyekeji,002674  兴业科技  ·  XYKJ,2026-09-02
002675,东诚药业,DCYY,dongchengyaoye,002675  东诚药业  ·  DCYY,2026-09-02
002676,顺威股份,SWGF,shunweigufen,002676  顺威股份  ·  SWGF,2026-09-02
002677,浙江美大,ZJMD,zhejiangmeida,002677  浙江美大  ·  ZJMD,2026-09-02
002678,珠江钢琴,ZJGQ,zhujianggangqin,002678  珠江钢琴  ·  ZJGQ,2026-09-02
002679,福建金森,FJJS,fujianjinsen,002679  福建金森  ·  FJJS,2026-09-02
002681,奋达科技,FDKJ,fendakeji,002681  奋达科技  ·  FDKJ,2026-09-02
002682,龙洲股份,LZGF,longzhougufen,002682  龙洲股份  ·  LZGF,2026-09-02
002683,广东宏大,GDHD,guangdonghongda,002683  广东宏大  ·  GDHD,2026-09-02
002685,华东重机,HDZJ,huadongzhongji,002685  华东重机  ·  HDZJ,2026-09-02
002686,亿利达,YLD,yilida,002686  亿利达  ·  YLD,2026-09-02
002687,乔治白,QZB,qiaozhibai,002687  乔治白  ·  QZB,2026-09-02
002688,金河生物,JHSW,jinheshengwu,002688  金河生物  ·  JHSW,2026-09-02
002689,ST远智,STYZ,styuanzhi,002689  ST远智  ·  STYZ,2026-09-02
002690,美亚光电,MYGD,meiyaguangdian,002690  美亚光电  ·  MYGD,2026-09-02
002691,*ST冀凯,*STJK,*stjikai,002691  *ST冀凯  ·  *STJK,2026-09-02
002692,远程股份,YCGF,yuanchenggufen,002692  远程股份  ·  YCGF,2026-09-02
002693,双成药业,SCYY,shuangchengyaoye,002693  双成药业  ·  SCYY,2026-09-02
002694,*ST顾地,*STGD,*stgudi,002694  *ST顾地  ·  *STGD,2026-09-02
002695,煌上煌,HSH,huangshanghuang,002695  煌上煌  ·  HSH,2026-09-02
002696,百洋股份,BYGF,baiyanggufen,002696  百洋股份  ·  BYGF,2026-09-02
002697,红旗连锁,HQLS,hongqiliansuo,002697  红旗连锁  ·  HQLS,2026-09-02
002698,博实股份,BSGF,boshigufen,002698  博实股份  ·  BSGF,2026-09-02
002700,万憬能源,WJNY,wanjingnengyuan,002700  万憬能源  ·  WJNY,2026-09-02
002701,奥瑞金,ARJ,aoruijin,002701  奥瑞金  ·  ARJ,2026-09-02
002702,海欣食品,HXSP,haixinshipin,002702  海欣食品  ·  HXSP,2026-09-02
002703,浙江世宝,ZJSB,zhejiangshibao,002703  浙江世宝  ·  ZJSB,2026-09-02
002705,新宝股份,XBGF,xinbaogufen,002705  新宝股份  ·  XBGF,2026-09-02
002706,良信股份,LXGF,liangxingufen,002706  良信股份  ·  LXGF,2026-09-02
002707,众信旅游,ZXLY,zhongxinlvyou,002707  众信旅游  ·  ZXLY,2026-09-02
002708,光洋股份,GYGF,guangyanggufen,002708  光洋股份  ·  GYGF,2026-09-02
002709,天赐材料,TCCL,tiancicailiao,002709  天赐材料  ·  TCCL,2026-09-02
002712,思美传媒,SMCM,simeichuanmei,002712  思美传媒  ·  SMCM,2026-09-02
002713,东易日盛,DYRS,dongyirisheng,002713  东易日盛  ·  DYRS,2026-09-02
002714,牧原股份,MYGF,muyuangufen,002714  牧原股份  ·  MYGF,2026-09-02
002715,登云股份,DYGF,dengyungufen,002715  登云股份  ·  DYGF,2026-09-02
002716,湖南白银,HNBY,hunanbaiyin,002716  湖南白银  ·  HNBY,2026-09-02
002717,*ST岭南,*STLN,*stlingnan,002717  *ST岭南  ·  *STLN,2026-09-02
002718,友邦吊顶,YBDD,youbangdiaoding,002718  友邦吊顶  ·  YBDD,2026-09-02
002719,ST麦趣,STMQ,stmaiqu,002719  ST麦趣  ·  STMQ,2026-09-02
002721,金一文化,JYWH,jinyiwenhua,002721  金一文化  ·  JYWH,2026-09-02
002722,物产金轮,WCJL,wuchanjinlun,002722  物产金轮  ·  WCJL,2026-09-02
002723,小崧股份,XSGF,xiaosonggufen,002723  小崧股份  ·  XSGF,2026-09-02
002724,海洋王,HYW,haiyangwang,002724  海洋王  ·  HYW,2026-09-02
002725,跃岭股份,YLGF,yuelinggufen,002725  跃岭股份  ·  YLGF,2026-09-02
002726,ST龙大,STLD,stlongda,002726  ST龙大  ·  STLD,2026-09-02
002727,一心堂,YXT,yixintang,002727  一心堂  ·  YXT,2026-09-02
002728,特一药业,TYYY,teyiyaoye,002728  特一药业  ·  TYYY,2026-09-02
002729,好利科技,HLKJ,haolikeji,002729  好利科技  ·  HLKJ,2026-09-02
002730,电光科技,DGKJ,dianguangkeji,002730  电光科技  ·  DGKJ,2026-09-02
002731,*ST萃华,*STCH,*stcuihua,002731  *ST萃华  ·  *STCH,2026-09-02
002732,燕塘乳业,YTRY,yantangruye,002732  燕塘乳业  ·  YTRY,2026-09-02
002733,雄韬股份,XTGF,xiongtaogufen,002733  雄韬股份  ·  XTGF,2026-09-02
002734,利民股份,LMGF,limingufen,002734  利民股份  ·  LMGF,2026-09-02
002735,王子新材,WZXC,wangzixincai,002735  王子新材  ·  WZXC,2026-09-02
002736,国信证券,GXZQ,guoxinzhengquan,002736  国信证券  ·  GXZQ,2026-09-02
002737,葵花药业,KHYY,kuihuayaoye,002737  葵花药业  ·  KHYY,2026-09-02
002738,中矿资源,ZKZY,zhongkuangziyuan,002738  中矿资源  ·  ZKZY,2026-09-02
002739,儒意电影,RYDY,ruyidianying,002739  儒意电影  ·  RYDY,2026-09-02
002741,光华科技,GHKJ,guanghuakeji,002741  光华科技  ·  GHKJ,2026-09-02
002742,冀衡医药,JHYY,jihengyiyao,002742  冀衡医药  ·  JHYY,2026-09-02
002743,富煌钢构,FHGG,fuhuangganggou,002743  富煌钢构  ·  FHGG,2026-09-02
002745,木林森,MLS,mulinsen,002745  木林森  ·  MLS,2026-09-02
002746,仙坛股份,XTGF,xiantangufen,002746  仙坛股份  ·  XTGF,2026-09-02
002747,埃斯顿,ASD,aisidun,002747  埃斯顿  ·  ASD,2026-09-02
002748,世龙实业,SLSY,shilongshiye,002748  世龙实业  ·  SLSY,2026-09-02
002749,国光股份,GGGF,guoguanggufen,002749  国光股份  ·  GGGF,2026-09-02
002752,昇兴股份,SXGF,shengxinggufen,002752  昇兴股份  ·  SXGF,2026-09-02
002753,永东股份,YDGF,yongdonggufen,002753  永东股份  ·  YDGF,2026-09-02
002755,奥赛康,ASK,aosaikang,002755  奥赛康  ·  ASK,2026-09-02
002756,永兴材料,YXCL,yongxingcailiao,002756  永兴材料  ·  YXCL,2026-09-02
002757,南兴股份,NXGF,nanxinggufen,002757  南兴股份  ·  NXGF,2026-09-02
002758,浙农股份,ZNGF,zhenonggufen,002758  浙农股份  ·  ZNGF,2026-09-02
002759,ST天际,STTJ,sttianji,002759  ST天际  ·  STTJ,2026-09-02
002760,凤形股份,FXGF,fengxinggufen,002760  凤形股份  ·  FXGF,2026-09-02
002761,浙江建投,ZJJT,zhejiangjiantou,002761  浙江建投  ·  ZJJT,2026-09-02
002762,金发拉比,JFLB,jinfalabi,002762  金发拉比  ·  JFLB,2026-09-02
002763,汇洁股份,HJGF,huijiegufen,002763  汇洁股份  ·  HJGF,2026-09-02
002765,蓝黛科技,LDKJ,landaikeji,002765  蓝黛科技  ·  LDKJ,2026-09-02
002766,索菱股份,SLGF,suolinggufen,002766  索菱股份  ·  SLGF,2026-09-02
002767,先锋电子,XFDZ,xianfengdianzi,002767  先锋电子  ·  XFDZ,2026-09-02
002768,国恩股份,GEGF,guoengufen,002768  国恩股份  ·  GEGF,2026-09-02
002769,普路通,PLT,pulutong,002769  普路通  ·  PLT,2026-09-02
002771,真视通,ZST,zhenshitong,002771  真视通  ·  ZST,2026-09-02
002772,众兴菌业,ZXJY,zhongxingjunye,002772  众兴菌业  ·  ZXJY,2026-09-02
002773,康弘药业,KHYY,kanghongyaoye,002773  康弘药业  ·  KHYY,2026-09-02
002774,快意电梯,KYDT,kuaiyidianti,002774  快意电梯  ·  KYDT,2026-09-02
002775,文科股份,WKGF,wenkegufen,002775  文科股份  ·  WKGF,2026-09-02
002777,久远银海,JYYH,jiuyuanyinhai,002777  久远银海  ·  JYYH,2026-09-02
002778,中晟高科,ZCGK,zhongchenggaoke,002778  中晟高科  ·  ZCGK,2026-09-02
002779,中坚科技,ZJKJ,zhongjiankeji,002779  中坚科技  ·  ZJKJ,2026-09-02
002780,三夫户外,SFHW,sanfuhuwai,002780  三夫户外  ·  SFHW,2026-09-02
002782,可立克,KLK,kelike,002782  可立克  ·  KLK,2026-09-02
002783,凯龙股份,KLGF,kailonggufen,002783  凯龙股份  ·  KLGF,2026-09-02
002785,万里石,WLS,wanlishi,002785  万里石  ·  WLS,2026-09-02
002786,银宝山新,YBSX,yinbaoshanxin,002786  银宝山新  ·  YBSX,2026-09-02
002787,华源控股,HYKG,huayuankonggu,002787  华源控股  ·  HYKG,2026-09-02
002788,鹭燕医药,LYYY,luyanyiyao,002788  鹭燕医药  ·  LYYY,2026-09-02
002789,*ST建艺,*STJY,*stjianyi,002789  *ST建艺  ·  *STJY,2026-09-02
002790,瑞尔特,RET,ruierte,002790  瑞尔特  ·  RET,2026-09-02
002791,坚朗五金,JLWJ,jianlangwujin,002791  坚朗五金  ·  JLWJ,2026-09-02
002792,通宇通讯,TYTX,tongyutongxun,002792  通宇通讯  ·  TYTX,2026-09-02
002793,罗欣药业,LXYY,luoxinyaoye,002793  罗欣药业  ·  LXYY,2026-09-02
002795,永和智控,YHZK,yonghezhikong,002795  永和智控  ·  YHZK,2026-09-02
002796,世嘉科技,SJKJ,shijiakeji,002796  世嘉科技  ·  SJKJ,2026-09-02
002797,第一创业,DYCY,diyichuangye,002797  第一创业  ·  DYCY,2026-09-02
002798,帝欧水华,DOSH,dioushuihua,002798  帝欧水华  ·  DOSH,2026-09-02
002799,环球印务,HQYW,huanqiuyinwu,002799  环球印务  ·  HQYW,2026-09-02
002800,天顺股份,TSGF,tianshungufen,002800  天顺股份  ·  TSGF,2026-09-02
002801,微光股份,WGGF,weiguanggufen,002801  微光股份  ·  WGGF,2026-09-02
002802,洪汇新材,HHXC,honghuixincai,002802  洪汇新材  ·  HHXC,2026-09-02
002803,吉宏股份,JHGF,jihonggufen,002803  吉宏股份  ·  JHGF,2026-09-02
002805,丰元股份,FYGF,fengyuangufen,002805  丰元股份  ·  FYGF,2026-09-02
002806,华锋股份,HFGF,huafenggufen,002806  华锋股份  ·  HFGF,2026-09-02
002807,江阴银行,JYYH,jiangyinyinhang,002807  江阴银行  ·  JYYH,2026-09-02
002809,红墙股份,HQGF,hongqianggufen,002809  红墙股份  ·  HQGF,2026-09-02
002810,山东赫达,SDHD,shandongheda,002810  山东赫达  ·  SDHD,2026-09-02
002811,郑中设计,ZZSJ,zhengzhongsheji,002811  郑中设计  ·  ZZSJ,2026-09-02
002812,恩捷股份,EJGF,enjiegufen,002812  恩捷股份  ·  EJGF,2026-09-02
002813,路畅科技,LCKJ,luchangkeji,002813  路畅科技  ·  LCKJ,2026-09-02
002815,崇达技术,CDJS,chongdajishu,002815  崇达技术  ·  CDJS,2026-09-02
002816,*ST和科,*STHK,*stheke,002816  *ST和科  ·  *STHK,2026-09-02
002817,黄山胶囊,HSJN,huangshanjiaonang,002817  黄山胶囊  ·  HSJN,2026-09-02
002818,富森美,FSM,fusenmei,002818  富森美  ·  FSM,2026-09-02
002819,东方中科,DFZK,dongfangzhongke,002819  东方中科  ·  DFZK,2026-09-02
002820,桂发祥,GFX,guifaxiang,002820  桂发祥  ·  GFX,2026-09-02
002821,凯莱英,KLY,kailaiying,002821  凯莱英  ·  KLY,2026-09-02
002822,ST中装,STZZ,stzhongzhuang,002822  ST中装  ·  STZZ,2026-09-02
002823,凯中精密,KZJM,kaizhongjingmi,002823  凯中精密  ·  KZJM,2026-09-02
002824,和胜股份,HSGF,heshenggufen,002824  和胜股份  ·  HSGF,2026-09-02
002825,纳尔股份,NEGF,naergufen,002825  纳尔股份  ·  NEGF,2026-09-02
002826,易明医药,YMYY,yimingyiyao,002826  易明医药  ·  YMYY,2026-09-02
002827,高争民爆,GZMB,gaozhengminbao,002827  高争民爆  ·  GZMB,2026-09-02
002828,贝肯能源,BKNY,beikennengyuan,002828  贝肯能源  ·  BKNY,2026-09-02
002829,星网宇达,XWYD,xingwangyuda,002829  星网宇达  ·  XWYD,2026-09-02
002830,名雕股份,MDGF,mingdiaogufen,002830  名雕股份  ·  MDGF,2026-09-02
002831,裕同科技,YTKJ,yutongkeji,002831  裕同科技  ·  YTKJ,2026-09-02
002832,比音勒芬,BYLF,biyinleifen,002832  比音勒芬  ·  BYLF,2026-09-02
002833,弘亚数控,HYSK,hongyashukong,002833  弘亚数控  ·  HYSK,2026-09-02
002835,同为股份,TWGF,tongweigufen,002835  同为股份  ·  TWGF,2026-09-02
002836,新宏泽,XHZ,xinhongze,002836  新宏泽  ·  XHZ,2026-09-02
002837,英维克,YWK,yingweike,002837  英维克  ·  YWK,2026-09-02
002838,道恩股份,DEGF,daoengufen,002838  道恩股份  ·  DEGF,2026-09-02
002839,张家港行,ZJGX,zhangjiagangxing,002839  张家港行  ·  ZJGX,2026-09-02
002840,华统股份,HTGF,huatonggufen,002840  华统股份  ·  HTGF,2026-09-02
002841,视源股份,SYGF,shiyuangufen,002841  视源股份  ·  SYGF,2026-09-02
002842,翔鹭钨业,XLWY,xiangluwuye,002842  翔鹭钨业  ·  XLWY,2026-09-02
002843,泰嘉股份,TJGF,taijiagufen,002843  泰嘉股份  ·  TJGF,2026-09-02
002845,同兴达,TXD,tongxingda,002845  同兴达  ·  TXD,2026-09-02
002846,英联股份,YLGF,yingliangufen,002846  英联股份  ·  YLGF,2026-09-02
002847,盐津铺子,YJPZ,yanjinpuzi,002847  盐津铺子  ·  YJPZ,2026-09-02
002848,高斯贝尔,GSBE,gaosibeier,002848  高斯贝尔  ·  GSBE,2026-09-02
002849,威星智能,WXZN,weixingzhineng,002849  威星智能  ·  WXZN,2026-09-02
002850,科达利,KDL,kedali,002850  科达利  ·  KDL,2026-09-02
002851,麦格米特,MGMT,maigemite,002851  麦格米特  ·  MGMT,2026-09-02
002852,道道全,DDQ,daodaoquan,002852  道道全  ·  DDQ,2026-09-02
002853,皮阿诺,PAN,pianuo,002853  皮阿诺  ·  PAN,2026-09-02
002855,捷荣技术,JRJS,jierongjishu,002855  捷荣技术  ·  JRJS,2026-09-02
002856,*ST美芝,*STMZ,*stmeizhi,002856  *ST美芝  ·  *STMZ,2026-09-02
002857,三晖电气,SHDQ,sanhuidianqi,002857  三晖电气  ·  SHDQ,2026-09-02
002858,力盛体育,LSTY,lishengtiyu,002858  力盛体育  ·  LSTY,2026-09-02
002859,洁美科技,JMKJ,jiemeikeji,002859  洁美科技  ·  JMKJ,2026-09-02
002860,星帅尔,XSE,xingshuaier,002860  星帅尔  ·  XSE,2026-09-02
002861,瀛通通讯,YTTX,yingtongtongxun,002861  瀛通通讯  ·  YTTX,2026-09-02
002862,实丰文化,SFWH,shifengwenhua,002862  实丰文化  ·  SFWH,2026-09-02
002863,今飞凯达,JFKD,jinfeikaida,002863  今飞凯达  ·  JFKD,2026-09-02
002864,盘龙药业,PLYY,panlongyaoye,002864  盘龙药业  ·  PLYY,2026-09-02
002865,钧达股份,JDGF,jundagufen,002865  钧达股份  ·  JDGF,2026-09-02
002866,传艺科技,CYKJ,chuanyikeji,002866  传艺科技  ·  CYKJ,2026-09-02
002867,周大生,ZDS,zhoudasheng,002867  周大生  ·  ZDS,2026-09-02
002868,绿康生化,LKSH,lvkangshenghua,002868  绿康生化  ·  LKSH,2026-09-02
002869,金溢科技,JYKJ,jinyikeji,002869  金溢科技  ·  JYKJ,2026-09-02
002870,香山股份,XSGF,xiangshangufen,002870  香山股份  ·  XSGF,2026-09-02
002871,伟隆股份,WLGF,weilonggufen,002871  伟隆股份  ·  WLGF,2026-09-02
002872,ST天圣,STTS,sttiansheng,002872  ST天圣  ·  STTS,2026-09-02
002873,新天药业,XTYY,xintianyaoye,002873  新天药业  ·  XTYY,2026-09-02
002875,安奈儿,ANE,annaier,002875  安奈儿  ·  ANE,2026-09-02
002876,三利谱,SLP,sanlipu,002876  三利谱  ·  SLP,2026-09-02
002877,智能自控,ZNZK,zhinengzikong,002877  智能自控  ·  ZNZK,2026-09-02
002878,元隆雅图,YLYT,yuanlongyatu,002878  元隆雅图  ·  YLYT,2026-09-02
002879,长缆科技,ZLKJ,zhanglankeji,002879  长缆科技  ·  ZLKJ,2026-09-02
002880,卫光生物,WGSW,weiguangshengwu,002880  卫光生物  ·  WGSW,2026-09-02
002881,美格智能,MGZN,meigezhineng,002881  美格智能  ·  MGZN,2026-09-02
002882,金龙羽,JLY,jinlongyu,002882  金龙羽  ·  JLY,2026-09-02
002883,*ST中设,*STZS,*stzhongshe,002883  *ST中设  ·  *STZS,2026-09-02
002884,凌霄泵业,LXBY,lingxiaobengye,002884  凌霄泵业  ·  LXBY,2026-09-02
002885,京泉华,JQH,jingquanhua,002885  京泉华  ·  JQH,2026-09-02
002886,沃特股份,WTGF,wotegufen,002886  沃特股份  ·  WTGF,2026-09-02
002887,绿茵生态,LYST,lvyinshengtai,002887  绿茵生态  ·  LYST,2026-09-02
002888,惠威科技,HWKJ,huiweikeji,002888  惠威科技  ·  HWKJ,2026-09-02
002889,东方嘉盛,DFJS,dongfangjiasheng,002889  东方嘉盛  ·  DFJS,2026-09-02
002890,弘宇股份,HYGF,hongyugufen,002890  弘宇股份  ·  HYGF,2026-09-02
002891,中宠股份,ZCGF,zhongchonggufen,002891  中宠股份  ·  ZCGF,2026-09-02
002892,科力尔,KLE,kelier,002892  科力尔  ·  KLE,2026-09-02
002893,京能热力,JNRL,jingnengreli,002893  京能热力  ·  JNRL,2026-09-02
002895,川恒股份,CHGF,chuanhenggufen,002895  川恒股份  ·  CHGF,2026-09-02
002896,中大力德,ZDLD,zhongdalide,002896  中大力德  ·  ZDLD,2026-09-02
002897,意华股份,YHGF,yihuagufen,002897  意华股份  ·  YHGF,2026-09-02
002899,英派斯,YPS,yingpaisi,002899  英派斯  ·  YPS,2026-09-02
002900,哈三联,HSL,hasanlian,002900  哈三联  ·  HSL,2026-09-02
002901,大博医疗,DBYL,daboyiliao,002901  大博医疗  ·  DBYL,2026-09-02
002902,铭普光磁,MPGC,mingpuguangci,002902  铭普光磁  ·  MPGC,2026-09-02
002903,宇环数控,YHSK,yuhuanshukong,002903  宇环数控  ·  YHSK,2026-09-02
002905,金逸影视,JYYS,jinyiyingshi,002905  金逸影视  ·  JYYS,2026-09-02
002906,华阳集团,HYJT,huayangjituan,002906  华阳集团  ·  HYJT,2026-09-02
002907,华森制药,HSZY,huasenzhiyao,002907  华森制药  ·  HSZY,2026-09-02
002908,德生科技,DSKJ,deshengkeji,002908  德生科技  ·  DSKJ,2026-09-02
002909,集泰股份,JTGF,jitaigufen,002909  集泰股份  ·  JTGF,2026-09-02
002910,庄园牧场,ZYMC,zhuangyuanmuchang,002910  庄园牧场  ·  ZYMC,2026-09-02
002911,佛燃能源,FRNY,furannengyuan,002911  佛燃能源  ·  FRNY,2026-09-02
002912,中新赛克,ZXSK,zhongxinsaike,002912  中新赛克  ·  ZXSK,2026-09-02
002913,奥士康,ASK,aoshikang,002913  奥士康  ·  ASK,2026-09-02
002915,中欣氟材,ZXFC,zhongxinfucai,002915  中欣氟材  ·  ZXFC,2026-09-02
002916,深南电路,SNDL,shennandianlu,002916  深南电路  ·  SNDL,2026-09-02
002917,金奥博,JAB,jinaobo,002917  金奥博  ·  JAB,2026-09-02
002918,蒙娜丽莎,MNLS,mengnalisha,002918  蒙娜丽莎  ·  MNLS,2026-09-02
002919,名臣健康,MCJK,mingchenjiankang,002919  名臣健康  ·  MCJK,2026-09-02
002920,德赛西威,DSXW,desaixiwei,002920  德赛西威  ·  DSXW,2026-09-02
002921,联诚精密,LCJM,lianchengjingmi,002921  联诚精密  ·  LCJM,2026-09-02
002922,伊戈尔,YGE,yigeer,002922  伊戈尔  ·  YGE,2026-09-02
002923,润都股份,RDGF,rundougufen,002923  润都股份  ·  RDGF,2026-09-02
002925,盈趣科技,YQKJ,yingqukeji,002925  盈趣科技  ·  YQKJ,2026-09-02
002926,华西证券,HXZQ,huaxizhengquan,002926  华西证券  ·  HXZQ,2026-09-02
002927,泰永长征,TYCZ,taiyongchangzheng,002927  泰永长征  ·  TYCZ,2026-09-02
002928,华夏航空,HXHK,huaxiahangkong,002928  华夏航空  ·  HXHK,2026-09-02
002929,润建股份,RJGF,runjiangufen,002929  润建股份  ·  RJGF,2026-09-02
002930,宏川智慧,HCZH,hongchuanzhihui,002930  宏川智慧  ·  HCZH,2026-09-02
002931,锋龙股份,FLGF,fenglonggufen,002931  锋龙股份  ·  FLGF,2026-09-02
002932,*ST明德,*STMD,*stmingde,002932  *ST明德  ·  *STMD,2026-09-02
002933,新兴装备,XXZB,xinxingzhuangbei,002933  新兴装备  ·  XXZB,2026-09-02
002935,天奥电子,TADZ,tianaodianzi,002935  天奥电子  ·  TADZ,2026-09-02
002936,郑州银行,ZZYH,zhengzhouyinhang,002936  郑州银行  ·  ZZYH,2026-09-02
002937,兴瑞科技,XRKJ,xingruikeji,002937  兴瑞科技  ·  XRKJ,2026-09-02
002938,鹏鼎控股,PDKG,pengdingkonggu,002938  鹏鼎控股  ·  PDKG,2026-09-02
002939,长城证券,CCZQ,changchengzhengquan,002939  长城证券  ·  CCZQ,2026-09-02
002940,昂利康,ALK,anglikang,002940  昂利康  ·  ALK,2026-09-02
002941,新疆交建,XJJJ,xinjiangjiaojian,002941  新疆交建  ·  XJJJ,2026-09-02
002942,新农股份,XNGF,xinnonggufen,002942  新农股份  ·  XNGF,2026-09-02
002943,宇晶股份,YJGF,yujinggufen,002943  宇晶股份  ·  YJGF,2026-09-02
002945,华林证券,HLZQ,hualinzhengquan,002945  华林证券  ·  HLZQ,2026-09-02
002946,新乳业,XRY,xinruye,002946  新乳业  ·  XRY,2026-09-02
002947,恒铭达,HMD,hengmingda,002947  恒铭达  ·  HMD,2026-09-02
002948,青岛银行,QDYH,qingdaoyinhang,002948  青岛银行  ·  QDYH,2026-09-02
002949,华阳国际,HYGJ,huayangguoji,002949  华阳国际  ·  HYGJ,2026-09-02
002950,奥美医疗,AMYL,aomeiyiliao,002950  奥美医疗  ·  AMYL,2026-09-02
002951,金时科技,JSKJ,jinshikeji,002951  金时科技  ·  JSKJ,2026-09-02
002952,亚世光电,YSGD,yashiguangdian,002952  亚世光电  ·  YSGD,2026-09-02
002953,日丰股份,RFGF,rifenggufen,002953  日丰股份  ·  RFGF,2026-09-02
002955,鸿合科技,HHKJ,honghekeji,002955  鸿合科技  ·  HHKJ,2026-09-02
002956,西麦食品,XMSP,ximaishipin,002956  西麦食品  ·  XMSP,2026-09-02
002957,科瑞技术,KRJS,keruijishu,002957  科瑞技术  ·  KRJS,2026-09-02
002958,青农商行,QNSH,qingnongshanghang,002958  青农商行  ·  QNSH,2026-09-02
002959,小熊电器,XXDQ,xiaoxiongdianqi,002959  小熊电器  ·  XXDQ,2026-09-02
002960,青鸟智控,QNZK,qingniaozhikong,002960  青鸟智控  ·  QNZK,2026-09-02
002961,瑞达期货,RDQH,ruidaqihuo,002961  瑞达期货  ·  RDQH,2026-09-02
002962,五方光电,WFGD,wufangguangdian,002962  五方光电  ·  WFGD,2026-09-02
002963,豪尔赛,HES,haoersai,002963  豪尔赛  ·  HES,2026-09-02
002965,祥鑫科技,XXKJ,xiangxinkeji,002965  祥鑫科技  ·  XXKJ,2026-09-02
002966,苏州银行,SZYH,suzhouyinhang,002966  苏州银行  ·  SZYH,2026-09-02
002967,广电计量,GDJL,guangdianjiliang,002967  广电计量  ·  GDJL,2026-09-02
002968,新大正,XDZ,xindazheng,002968  新大正  ·  XDZ,2026-09-02
002969,嘉美包装,JMBZ,jiameibaozhuang,002969  嘉美包装  ·  JMBZ,2026-09-02
002970,锐明技术,RMJS,ruimingjishu,002970  锐明技术  ·  RMJS,2026-09-02
002971,和远气体,HYQT,heyuanqiti,002971  和远气体  ·  HYQT,2026-09-02
002972,科安达,KAD,keanda,002972  科安达  ·  KAD,2026-09-02
002973,侨银股份,QYGF,qiaoyingufen,002973  侨银股份  ·  QYGF,2026-09-02
002975,博杰股份,BJGF,bojiegufen,002975  博杰股份  ·  BJGF,2026-09-02
002976,瑞玛精密,RMJM,ruimajingmi,002976  瑞玛精密  ·  RMJM,2026-09-02
002977,*ST天箭,*STTJ,*sttianjian,002977  *ST天箭  ·  *STTJ,2026-09-02
002978,安宁股份,ANGF,anninggufen,002978  安宁股份  ·  ANGF,2026-09-02
002979,雷赛智能,LSZN,leisaizhineng,002979  雷赛智能  ·  LSZN,2026-09-02
002980,华盛昌,HSC,huashengchang,002980  华盛昌  ·  HSC,2026-09-02
002981,朝阳科技,ZYKJ,zhaoyangkeji,002981  朝阳科技  ·  ZYKJ,2026-09-02
002982,湘佳股份,XJGF,xiangjiagufen,002982  湘佳股份  ·  XJGF,2026-09-02
002983,芯瑞达,XRD,xinruida,002983  芯瑞达  ·  XRD,2026-09-02
002984,森麒麟,SQL,senqilin,002984  森麒麟  ·  SQL,2026-09-02
002985,北摩高科,BMGK,beimogaoke,002985  北摩高科  ·  BMGK,2026-09-02
002986,宇新股份,YXGF,yuxingufen,002986  宇新股份  ·  YXGF,2026-09-02
002987,京北方,JBF,jingbeifang,002987  京北方  ·  JBF,2026-09-02
002988,豪美新材,HMXC,haomeixincai,002988  豪美新材  ·  HMXC,2026-09-02
002989,中天精装,ZTJZ,zhongtianjingzhuang,002989  中天精装  ·  ZTJZ,2026-09-02
002990,盛视科技,SSKJ,shengshikeji,002990  盛视科技  ·  SSKJ,2026-09-02
002991,甘源食品,GYSP,ganyuanshipin,002991  甘源食品  ·  GYSP,2026-09-02
002992,宝明科技,BMKJ,baomingkeji,002992  宝明科技  ·  BMKJ,2026-09-02
002993,奥海科技,AHKJ,aohaikeji,002993  奥海科技  ·  AHKJ,2026-09-02
002995,天地在线,TDZX,tiandizaixian,002995  天地在线  ·  TDZX,2026-09-02
002996,顺博合金,SBHJ,shunbohejin,002996  顺博合金  ·  SBHJ,2026-09-02
002997,瑞鹄模具,RGMJ,ruigumuju,002997  瑞鹄模具  ·  RGMJ,2026-09-02
002998,优彩资源,YCZY,youcaiziyuan,002998  优彩资源  ·  YCZY,2026-09-02
002999,天禾股份,THGF,tianhegufen,002999  天禾股份  ·  THGF,2026-09-02
003000,劲仔食品,JZSP,jinzaishipin,003000  劲仔食品  ·  JZSP,2026-09-02
003001,中岩大地,ZYDD,zhongyandadi,003001  中岩大地  ·  ZYDD,2026-09-02
003002,壶化股份,HHGF,huhuagufen,003002  壶化股份  ·  HHGF,2026-09-02
003003,天元股份,TYGF,tianyuangufen,003003  天元股份  ·  TYGF,2026-09-02
003004,声迅股份,SXGF,shengxungufen,003004  声迅股份  ·  SXGF,2026-09-02
003005,竞业达,JYD,jingyeda,003005  竞业达  ·  JYD,2026-09-02
003006,百亚股份,BYGF,baiyagufen,003006  百亚股份  ·  BYGF,2026-09-02
003007,直真科技,ZZKJ,zhizhenkeji,003007  直真科技  ·  ZZKJ,2026-09-02
003008,开普检测,KPJC,kaipujiance,003008  开普检测  ·  KPJC,2026-09-02
003009,中天火箭,ZTHJ,zhongtianhuojian,003009  中天火箭  ·  ZTHJ,2026-09-02
003010,若羽臣,RYC,ruoyuchen,003010  若羽臣  ·  RYC,2026-09-02
003011,海象新材,HXXC,haixiangxincai,003011  海象新材  ·  HXXC,2026-09-02
003012,东鹏控股,DPKG,dongpengkonggu,003012  东鹏控股  ·  DPKG,2026-09-02
003013,地铁设计,DTSJ,ditiesheji,003013  地铁设计  ·  DTSJ,2026-09-02
003015,日久光电,RJGD,rijiuguangdian,003015  日久光电  ·  RJGD,2026-09-02
003016,欣贺股份,XHGF,xinhegufen,003016  欣贺股份  ·  XHGF,2026-09-02
003017,大洋生物,DYSW,dayangshengwu,003017  大洋生物  ·  DYSW,2026-09-02
003018,金富科技,JFKJ,jinfukeji,003018  金富科技  ·  JFKJ,2026-09-02
003019,宸展光电,CZGD,chenzhanguangdian,003019  宸展光电  ·  CZGD,2026-09-02
003020,立方制药,LFZY,lifangzhiyao,003020  立方制药  ·  LFZY,2026-09-02
003021,兆威机电,ZWJD,zhaoweijidian,003021  兆威机电  ·  ZWJD,2026-09-02
003022,联泓新科,LHXK,lianhongxinke,003022  联泓新科  ·  LHXK,2026-09-02
003023,彩虹集团,CHJT,caihongjituan,003023  彩虹集团  ·  CHJT,2026-09-02
003025,思进智能,SJZN,sijinzhineng,003025  思进智能  ·  SJZN,2026-09-02
003026,中晶科技,ZJKJ,zhongjingkeji,003026  中晶科技  ·  ZJKJ,2026-09-02
003027,同兴科技,TXKJ,tongxingkeji,003027  同兴科技  ·  TXKJ,2026-09-02
003028,振邦智能,ZBZN,zhenbangzhineng,003028  振邦智能  ·  ZBZN,2026-09-02
003029,吉大正元,JDZY,jidazhengyuan,003029  吉大正元  ·  JDZY,2026-09-02
003030,祖名股份,ZMGF,zuminggufen,003030  祖名股份  ·  ZMGF,2026-09-02
003031,中瓷电子,ZCDZ,zhongcidianzi,003031  中瓷电子  ·  ZCDZ,2026-09-02
003032,传智教育,CZJY,chuanzhijiaoyu,003032  传智教育  ·  CZJY,2026-09-02
003033,征和工业,ZHGY,zhenghegongye,003033  征和工业  ·  ZHGY,2026-09-02
003035,南网能源,NWNY,nanwangnengyuan,003035  南网能源  ·  NWNY,2026-09-02
003036,泰坦股份,TTGF,taitangufen,003036  泰坦股份  ·  TTGF,2026-09-02
003037,三和管桩,SHGZ,sanheguanzhuang,003037  三和管桩  ·  SHGZ,2026-09-02
003038,鑫铂股份,XBGF,xinbogufen,003038  鑫铂股份  ·  XBGF,2026-09-02
003039,顺控发展,SKFZ,shunkongfazhan,003039  顺控发展  ·  SKFZ,2026-09-02
003040,楚天龙,CTL,chutianlong,003040  楚天龙  ·  CTL,2026-09-02
003041,真爱美家,ZAMJ,zhenaimeijia,003041  真爱美家  ·  ZAMJ,2026-09-02
003042,中农联合,ZNLH,zhongnonglianhe,003042  中农联合  ·  ZNLH,2026-09-02
003043,华亚智能,HYZN,huayazhineng,003043  华亚智能  ·  HYZN,2026-09-02
003816,中国广核,ZGGH,zhongguoguanghe,003816  中国广核  ·  ZGGH,2026-09-02
300001,特锐德,TRD,teruide,300001  特锐德  ·  TRD,2026-09-02
300002,神州泰岳,SZTY,shenzhoutaiyue,300002  神州泰岳  ·  SZTY,2026-09-02
300003,乐普医疗,LPYL,lepuyiliao,300003  乐普医疗  ·  LPYL,2026-09-02
300004,南风股份,NFGF,nanfenggufen,300004  南风股份  ·  NFGF,2026-09-02
300005,探路者,TLZ,tanluzhe,300005  探路者  ·  TLZ,2026-09-02
300006,莱美药业,LMYY,laimeiyaoye,300006  莱美药业  ·  LMYY,2026-09-02
300007,汉威科技,HWKJ,hanweikeji,300007  汉威科技  ·  HWKJ,2026-09-02
300008,天海防务,THFW,tianhaifangwu,300008  天海防务  ·  THFW,2026-09-02
300009,安科生物,AKSW,ankeshengwu,300009  安科生物  ·  AKSW,2026-09-02
300010,ST豆神,STDS,stdoushen,300010  ST豆神  ·  STDS,2026-09-02
300011,鼎汉技术,DHJS,dinghanjishu,300011  鼎汉技术  ·  DHJS,2026-09-02
300012,华测检测,HCJC,huacejiance,300012  华测检测  ·  HCJC,2026-09-02
300013,新宁物流,XNWL,xinningwuliu,300013  新宁物流  ·  XNWL,2026-09-02
300014,亿纬锂能,YWLN,yiweilineng,300014  亿纬锂能  ·  YWLN,2026-09-02
300015,爱尔眼科,AEYK,aieryanke,300015  爱尔眼科  ·  AEYK,2026-09-02
300016,北陆药业,BLYY,beiluyaoye,300016  北陆药业  ·  BLYY,2026-09-02
300017,网宿科技,WSKJ,wangsukeji,300017  网宿科技  ·  WSKJ,2026-09-02
300018,中元股份,ZYGF,zhongyuangufen,300018  中元股份  ·  ZYGF,2026-09-02
300019,硅宝科技,GBKJ,guibaokeji,300019  硅宝科技  ·  GBKJ,2026-09-02
300020,ST银江,STYJ,styinjiang,300020  ST银江  ·  STYJ,2026-09-02
300021,大禹节水,DYJS,dayujieshui,300021  大禹节水  ·  DYJS,2026-09-02
300022,吉峰科技,JFKJ,jifengkeji,300022  吉峰科技  ·  JFKJ,2026-09-02
300024,机器人,JQR,jiqiren,300024  机器人  ·  JQR,2026-09-02
300025,华星创业,HXCY,huaxingchuangye,300025  华星创业  ·  HXCY,2026-09-02
300026,红日药业,HRYY,hongriyaoye,300026  红日药业  ·  HRYY,2026-09-02
300027,ST华谊,STHY,sthuayi,300027  ST华谊  ·  STHY,2026-09-02
300030,阳普医疗,YPYL,yangpuyiliao,300030  阳普医疗  ·  YPYL,2026-09-02
300031,宝通科技,BTKJ,baotongkeji,300031  宝通科技  ·  BTKJ,2026-09-02
300032,金龙机电,JLJD,jinlongjidian,300032  金龙机电  ·  JLJD,2026-09-02
300033,同花顺,THS,tonghuashun,300033  同花顺  ·  THS,2026-09-02
300034,钢研高纳,GYGN,gangyangaona,300034  钢研高纳  ·  GYGN,2026-09-02
300035,中科电气,ZKDQ,zhongkedianqi,300035  中科电气  ·  ZKDQ,2026-09-02
300036,超图软件,CTRJ,chaoturuanjian,300036  超图软件  ·  CTRJ,2026-09-02
300037,新宙邦,XZB,xinzhoubang,300037  新宙邦  ·  XZB,2026-09-02
300039,上海凯宝,SHKB,shanghaikaibao,300039  上海凯宝  ·  SHKB,2026-09-02
300040,九洲集团,JZJT,jiuzhoujituan,300040  九洲集团  ·  JZJT,2026-09-02
300041,回天新材,HTXC,huitianxincai,300041  回天新材  ·  HTXC,2026-09-02
300042,朗科科技,LKKJ,langkekeji,300042  朗科科技  ·  LKKJ,2026-09-02
300043,星辉娱乐,XHYL,xinghuiyule,300043  星辉娱乐  ·  XHYL,2026-09-02
300044,*ST赛为,*STSW,*stsaiwei,300044  *ST赛为  ·  *STSW,2026-09-02
300045,华力创通,HLCT,hualichuangtong,300045  华力创通  ·  HLCT,2026-09-02
300046,台基股份,TJGF,taijigufen,300046  台基股份  ·  TJGF,2026-09-02
300047,天源迪科,TYDK,tianyuandike,300047  天源迪科  ·  TYDK,2026-09-02
300048,合康新能,HKXN,hekangxinneng,300048  合康新能  ·  HKXN,2026-09-02
300049,福瑞医科,FRYK,furuiyike,300049  福瑞医科  ·  FRYK,2026-09-02
300050,世纪鼎利,SJDL,shijidingli,300050  世纪鼎利  ·  SJDL,2026-09-02
300051,琏升科技,LSKJ,lianshengkeji,300051  琏升科技  ·  LSKJ,2026-09-02
300052,中青宝,ZQB,zhongqingbao,300052  中青宝  ·  ZQB,2026-09-02
300053,航宇微,HYW,hangyuwei,300053  航宇微  ·  HYW,2026-09-02
300054,鼎龙股份,DLGF,dinglonggufen,300054  鼎龙股份  ·  DLGF,2026-09-02
300055,万邦达,WBD,wanbangda,300055  万邦达  ·  WBD,2026-09-02
300056,中创环保,ZCHB,zhongchuanghuanbao,300056  中创环保  ·  ZCHB,2026-09-02
300057,万顺新材,WSXC,wanshunxincai,300057  万顺新材  ·  WSXC,2026-09-02
300058,蓝色光标,LSGB,lanseguangbiao,300058  蓝色光标  ·  LSGB,2026-09-02
300059,东方财富,DFCF,dongfangcaifu,300059  东方财富  ·  DFCF,2026-09-02
300061,旗天科技,QTKJ,qitiankeji,300061  旗天科技  ·  QTKJ,2026-09-02
300062,中能电气,ZNDQ,zhongnengdianqi,300062  中能电气  ·  ZNDQ,2026-09-02
300063,天龙集团,TLJT,tianlongjituan,300063  天龙集团  ·  TLJT,2026-09-02
300065,海兰信,HLX,hailanxin,300065  海兰信  ·  HLX,2026-09-02
300066,三川智慧,SCZH,sanchuanzhihui,300066  三川智慧  ·  SCZH,2026-09-02
300067,安诺其,ANQ,annuoqi,300067  安诺其  ·  ANQ,2026-09-02
300068,ST南都,STND,stnandou,300068  ST南都  ·  STND,2026-09-02
300069,金利华电,JLHD,jinlihuadian,300069  金利华电  ·  JLHD,2026-09-02
300070,碧水源,BSY,bishuiyuan,300070  碧水源  ·  BSY,2026-09-02
300071,福石控股,FSKG,fushikonggu,300071  福石控股  ·  FSKG,2026-09-02
300072,海新能科,HXNK,haixinnengke,300072  海新能科  ·  HXNK,2026-09-02
300073,当升科技,DSKJ,dangshengkeji,300073  当升科技  ·  DSKJ,2026-09-02
300074,华平股份,HPGF,huapinggufen,300074  华平股份  ·  HPGF,2026-09-02
300075,数字政通,SZZT,shuzizhengtong,300075  数字政通  ·  SZZT,2026-09-02
300076,*ST宁视,*STNS,*stningshi,300076  *ST宁视  ·  *STNS,2026-09-02
300077,国民技术,GMJS,guominjishu,300077  国民技术  ·  GMJS,2026-09-02
300078,思创智联,SCZL,sichuangzhilian,300078  思创智联  ·  SCZL,2026-09-02
300079,数码视讯,SMSX,shumashixun,300079  数码视讯  ·  SMSX,2026-09-02
300080,易成新能,YCXN,yichengxinneng,300080  易成新能  ·  YCXN,2026-09-02
300081,ST恒信,STHX,sthengxin,300081  ST恒信  ·  STHX,2026-09-02
300082,奥克股份,AKGF,aokegufen,300082  奥克股份  ·  AKGF,2026-09-02
300083,创世纪,CSJ,chuangshiji,300083  创世纪  ·  CSJ,2026-09-02
300084,海默科技,HMKJ,haimokeji,300084  海默科技  ·  HMKJ,2026-09-02
300085,银之杰,YZJ,yinzhijie,300085  银之杰  ·  YZJ,2026-09-02
300086,康芝药业,KZYY,kangzhiyaoye,300086  康芝药业  ·  KZYY,2026-09-02
300087,ST荃银,STQY,stquanyin,300087  ST荃银  ·  STQY,2026-09-02
300088,长信科技,ZXKJ,zhangxinkeji,300088  长信科技  ·  ZXKJ,2026-09-02
300091,*ST金灵,*STJL,*stjinling,300091  *ST金灵  ·  *STJL,2026-09-02
300092,科新机电,KXJD,kexinjidian,300092  科新机电  ·  KXJD,2026-09-02
300093,金刚光伏,JGGF,jingangguangfu,300093  金刚光伏  ·  JGGF,2026-09-02
300094,国联水产,GLSC,guolianshuichan,300094  国联水产  ·  GLSC,2026-09-02
300095,华伍股份,HWGF,huawugufen,300095  华伍股份  ·  HWGF,2026-09-02
300096,ST易联众,STYLZ,styilianzhong,300096  ST易联众  ·  STYLZ,2026-09-02
300097,智云股份,ZYGF,zhiyungufen,300097  智云股份  ·  ZYGF,2026-09-02
300098,高新兴,GXX,gaoxinxing,300098  高新兴  ·  GXX,2026-09-02
300099,尤洛卡,YLK,youluoka,300099  尤洛卡  ·  YLK,2026-09-02
300100,双林股份,SLGF,shuanglingufen,300100  双林股份  ·  SLGF,2026-09-02
300101,振芯科技,ZXKJ,zhenxinkeji,300101  振芯科技  ·  ZXKJ,2026-09-02
300102,乾照光电,QZGD,qianzhaoguangdian,300102  乾照光电  ·  QZGD,2026-09-02
300103,达刚控股,DGKG,dagangkonggu,300103  达刚控股  ·  DGKG,2026-09-02
300105,龙源技术,LYJS,longyuanjishu,300105  龙源技术  ·  LYJS,2026-09-02
300106,西部牧业,XBMY,xibumuye,300106  西部牧业  ·  XBMY,2026-09-02
300107,建新股份,JXGF,jianxingufen,300107  建新股份  ·  JXGF,2026-09-02
300109,新开源,XKY,xinkaiyuan,300109  新开源  ·  XKY,2026-09-02
300110,华仁药业,HRYY,huarenyaoye,300110  华仁药业  ·  HRYY,2026-09-02
300111,向日葵,XRK,xiangrikui,300111  向日葵  ·  XRK,2026-09-02
300112,万讯自控,WXZK,wanxunzikong,300112  万讯自控  ·  WXZK,2026-09-02
300113,顺网科技,SWKJ,shunwangkeji,300113  顺网科技  ·  SWKJ,2026-09-02
300115,长盈精密,ZYJM,zhangyingjingmi,300115  长盈精密  ·  ZYJM,2026-09-02
300118,东方日升,DFRS,dongfangrisheng,300118  东方日升  ·  DFRS,2026-09-02
300119,瑞普生物,RPSW,ruipushengwu,300119  瑞普生物  ·  RPSW,2026-09-02
300120,经纬辉开,JWHK,jingweihuikai,300120  经纬辉开  ·  JWHK,2026-09-02
300121,阳谷华泰,YGHT,yangguhuatai,300121  阳谷华泰  ·  YGHT,2026-09-02
300122,智飞生物,ZFSW,zhifeishengwu,300122  智飞生物  ·  ZFSW,2026-09-02
300123,ST亚光,STYG,styaguang,300123  ST亚光  ·  STYG,2026-09-02
300124,汇川技术,HCJS,huichuanjishu,300124  汇川技术  ·  HCJS,2026-09-02
300125,聆达股份,LDGF,lingdagufen,300125  聆达股份  ·  LDGF,2026-09-02
300126,锐奇股份,RQGF,ruiqigufen,300126  锐奇股份  ·  RQGF,2026-09-02
300127,银河磁体,YHCT,yinheciti,300127  银河磁体  ·  YHCT,2026-09-02
300128,锦富技术,JFJS,jinfujishu,300128  锦富技术  ·  JFJS,2026-09-02
300129,泰胜风能,TSFN,taishengfengneng,300129  泰胜风能  ·  TSFN,2026-09-02
300130,新国都,XGD,xinguodu,300130  新国都  ·  XGD,2026-09-02
300131,英唐智控,YTZK,yingtangzhikong,300131  英唐智控  ·  YTZK,2026-09-02
300132,青松股份,QSGF,qingsonggufen,300132  青松股份  ·  QSGF,2026-09-02
300133,华策影视,HCYS,huaceyingshi,300133  华策影视  ·  HCYS,2026-09-02
300134,大富科技,DFKJ,dafukeji,300134  大富科技  ·  DFKJ,2026-09-02
300135,宝利国际,BLGJ,baoliguoji,300135  宝利国际  ·  BLGJ,2026-09-02
300136,信维通信,XWTX,xinweitongxin,300136  信维通信  ·  XWTX,2026-09-02
300137,先河环保,XHHB,xianhehuanbao,300137  先河环保  ·  XHHB,2026-09-02
300138,晨光生物,CGSW,chenguangshengwu,300138  晨光生物  ·  CGSW,2026-09-02
300139,晓程科技,XCKJ,xiaochengkeji,300139  晓程科技  ·  XCKJ,2026-09-02
300140,节能环境,JNHJ,jienenghuanjing,300140  节能环境  ·  JNHJ,2026-09-02
300141,和顺电气,HSDQ,heshundianqi,300141  和顺电气  ·  HSDQ,2026-09-02
300142,沃森生物,WSSW,wosenshengwu,300142  沃森生物  ·  WSSW,2026-09-02
300143,盈康生命,YKSM,yingkangshengming,300143  盈康生命  ·  YKSM,2026-09-02
300144,宋城演艺,SCYY,songchengyanyi,300144  宋城演艺  ·  SCYY,2026-09-02
300145,南方泵业,NFBY,nanfangbengye,300145  南方泵业  ·  NFBY,2026-09-02
300146,汤臣倍健,TCBJ,tangchenbeijian,300146  汤臣倍健  ·  TCBJ,2026-09-02
300147,*ST香雪,*STXX,*stxiangxue,300147  *ST香雪  ·  *STXX,2026-09-02
300148,天舟文化,TZWH,tianzhouwenhua,300148  天舟文化  ·  TZWH,2026-09-02
300149,睿智医药,RZYY,ruizhiyiyao,300149  睿智医药  ·  RZYY,2026-09-02
300150,世纪瑞尔,SJRE,shijiruier,300150  世纪瑞尔  ·  SJRE,2026-09-02
300151,昌红科技,CHKJ,changhongkeji,300151  昌红科技  ·  CHKJ,2026-09-02
300152,*ST动力,*STDL,*stdongli,300152  *ST动力  ·  *STDL,2026-09-02
300153,科泰电源,KTDY,ketaidianyuan,300153  科泰电源  ·  KTDY,2026-09-02
300154,瑞凌股份,RLGF,ruilinggufen,300154  瑞凌股份  ·  RLGF,2026-09-02
300155,安居宝,AJB,anjubao,300155  安居宝  ·  AJB,2026-09-02
300157,新锦动力,XJDL,xinjindongli,300157  新锦动力  ·  XJDL,2026-09-02
300158,振东制药,ZDZY,zhendongzhiyao,300158  振东制药  ·  ZDZY,2026-09-02
300159,新研股份,XYGF,xinyangufen,300159  新研股份  ·  XYGF,2026-09-02
300160,秀强股份,XQGF,xiuqianggufen,300160  秀强股份  ·  XQGF,2026-09-02
300161,华中数控,HZSK,huazhongshukong,300161  华中数控  ·  HZSK,2026-09-02
300162,雷曼光电,LMGD,leimanguangdian,300162  雷曼光电  ·  LMGD,2026-09-02
300163,先锋新材,XFXC,xianfengxincai,300163  先锋新材  ·  XFXC,2026-09-02
300164,通源石油,TYSY,tongyuanshiyou,300164  通源石油  ·  TYSY,2026-09-02
300165,天瑞仪器,TRYQ,tianruiyiqi,300165  天瑞仪器  ·  TRYQ,2026-09-02
300166,东方国信,DFGX,dongfangguoxin,300166  东方国信  ·  DFGX,2026-09-02
300167,ST迪威迅,STDWX,stdiweixun,300167  ST迪威迅  ·  STDWX,2026-09-02
300168,万达信息,WDXX,wandaxinxi,300168  万达信息  ·  WDXX,2026-09-02
300169,天晟新材,TCXC,tianchengxincai,300169  天晟新材  ·  TCXC,2026-09-02
300170,汉得信息,HDXX,handexinxi,300170  汉得信息  ·  HDXX,2026-09-02
300171,东富龙,DFL,dongfulong,300171  东富龙  ·  DFL,2026-09-02
300172,中电环保,ZDHB,zhongdianhuanbao,300172  中电环保  ·  ZDHB,2026-09-02
300173,ST福能,STFN,stfuneng,300173  ST福能  ·  STFN,2026-09-02
300174,元力股份,YLGF,yuanligufen,300174  元力股份  ·  YLGF,2026-09-02
300175,朗源股份,LYGF,langyuangufen,300175  朗源股份  ·  LYGF,2026-09-02
300176,鸿特科技,HTKJ,hongtekeji,300176  鸿特科技  ·  HTKJ,2026-09-02
300177,中海达,ZHD,zhonghaida,300177  中海达  ·  ZHD,2026-09-02
300179,四方达,SFD,sifangda,300179  四方达  ·  SFD,2026-09-02
300180,华峰超纤,HFCX,huafengchaoxian,300180  华峰超纤  ·  HFCX,2026-09-02
300181,佐力药业,ZLYY,zuoliyaoye,300181  佐力药业  ·  ZLYY,2026-09-02
300182,捷成股份,JCGF,jiechenggufen,300182  捷成股份  ·  JCGF,2026-09-02
300183,东软载波,DRZB,dongruanzaibo,300183  东软载波  ·  DRZB,2026-09-02
300184,力源信息,LYXX,liyuanxinxi,300184  力源信息  ·  LYXX,2026-09-02
300185,通裕重工,TYZG,tongyuzhonggong,300185  通裕重工  ·  TYZG,2026-09-02
300187,永清环保,YQHB,yongqinghuanbao,300187  永清环保  ·  YQHB,2026-09-02
300188,国投智能,GTZN,guotouzhineng,300188  国投智能  ·  GTZN,2026-09-02
300189,神农种业,SNZY,shennongzhongye,300189  神农种业  ·  SNZY,2026-09-02
300190,维尔利,WEL,weierli,300190  维尔利  ·  WEL,2026-09-02
300191,潜能恒信,QNHX,qiannenghengxin,300191  潜能恒信  ·  QNHX,2026-09-02
300192,科德教育,KDJY,kedejiaoyu,300192  科德教育  ·  KDJY,2026-09-02
300193,佳士科技,JSKJ,jiashikeji,300193  佳士科技  ·  JSKJ,2026-09-02
300194,福安药业,FAYY,fuanyaoye,300194  福安药业  ·  FAYY,2026-09-02
300195,长荣股份,ZRGF,zhangronggufen,300195  长荣股份  ·  ZRGF,2026-09-02
300196,长海股份,ZHGF,zhanghaigufen,300196  长海股份  ·  ZHGF,2026-09-02
300197,节能铁汉,JNTH,jienengtiehan,300197  节能铁汉  ·  JNTH,2026-09-02
300198,*ST纳川,*STNC,*stnachuan,300198  *ST纳川  ·  *STNC,2026-09-02
300199,翰宇药业,HYYY,hanyuyaoye,300199  翰宇药业  ·  HYYY,2026-09-02
300200,高盟新材,GMXC,gaomengxincai,300200  高盟新材  ·  GMXC,2026-09-02
300201,海伦哲,HLZ,hailunzhe,300201  海伦哲  ·  HLZ,2026-09-02
300203,聚光科技,JGKJ,juguangkeji,300203  聚光科技  ·  JGKJ,2026-09-02
300204,舒泰神,STS,shutaishen,300204  舒泰神  ·  STS,2026-09-02
300205,*ST天喻,*STTY,*sttianyu,300205  *ST天喻  ·  *STTY,2026-09-02
300206,理邦仪器,LBYQ,libangyiqi,300206  理邦仪器  ·  LBYQ,2026-09-02
300207,欣旺达,XWD,xinwangda,300207  欣旺达  ·  XWD,2026-09-02
300209,行云科技,XYKJ,xingyunkeji,300209  行云科技  ·  XYKJ,2026-09-02
300210,森远股份,SYGF,senyuangufen,300210  森远股份  ·  SYGF,2026-09-02
300211,*ST亿通,*STYT,*styitong,300211  *ST亿通  ·  *STYT,2026-09-02
300212,*ST易录,*STYL,*styilu,300212  *ST易录  ·  *STYL,2026-09-02
300213,佳讯飞鸿,JXFH,jiaxunfeihong,300213  佳讯飞鸿  ·  JXFH,2026-09-02
300214,日科化学,RKHX,rikehuaxue,300214  日科化学  ·  RKHX,2026-09-02
300215,电科院,DKY,diankeyuan,300215  电科院  ·  DKY,2026-09-02
300217,东方电热,DFDR,dongfangdianre,300217  东方电热  ·  DFDR,2026-09-02
300218,安利股份,ALGF,anligufen,300218  安利股份  ·  ALGF,2026-09-02
300219,鸿利智汇,HLZH,honglizhihui,300219  鸿利智汇  ·  HLZH,2026-09-02
300220,金运激光,JYJG,jinyunjiguang,300220  金运激光  ·  JYJG,2026-09-02
300221,银禧科技,YXKJ,yinxikeji,300221  银禧科技  ·  YXKJ,2026-09-02
300222,科大智能,KDZN,kedazhineng,300222  科大智能  ·  KDZN,2026-09-02
300223,北京君正,BJJZ,beijingjunzheng,300223  北京君正  ·  BJJZ,2026-09-02
300224,正海磁材,ZHCC,zhenghaicicai,300224  正海磁材  ·  ZHCC,2026-09-02
300225,金力泰,JLT,jinlitai,300225  金力泰  ·  JLT,2026-09-02
300226,上海钢联,SHGL,shanghaiganglian,300226  上海钢联  ·  SHGL,2026-09-02
300227,光韵达,GYD,guangyunda,300227  光韵达  ·  GYD,2026-09-02
300228,富瑞特装,FRTZ,furuitezhuang,300228  富瑞特装  ·  FRTZ,2026-09-02
300229,拓尔思,TES,tuoersi,300229  拓尔思  ·  TES,2026-09-02
300230,永利股份,YLGF,yongligufen,300230  永利股份  ·  YLGF,2026-09-02
300231,银信科技,YXKJ,yinxinkeji,300231  银信科技  ·  YXKJ,2026-09-02
300232,洲明科技,ZMKJ,zhoumingkeji,300232  洲明科技  ·  ZMKJ,2026-09-02
300233,金城医药,JCYY,jinchengyiyao,300233  金城医药  ·  JCYY,2026-09-02
300234,开尔新材,KEXC,kaierxincai,300234  开尔新材  ·  KEXC,2026-09-02
300235,方直科技,FZKJ,fangzhikeji,300235  方直科技  ·  FZKJ,2026-09-02
300236,上海新阳,SHXY,shanghaixinyang,300236  上海新阳  ·  SHXY,2026-09-02
300237,ST美晨,STMC,stmeichen,300237  ST美晨  ·  STMC,2026-09-02
300238,冠昊生物,GHSW,guanhaoshengwu,300238  冠昊生物  ·  GHSW,2026-09-02
300239,东宝生物,DBSW,dongbaoshengwu,300239  东宝生物  ·  DBSW,2026-09-02
300240,飞力达,FLD,feilida,300240  飞力达  ·  FLD,2026-09-02
300241,瑞丰光电,RFGD,ruifengguangdian,300241  瑞丰光电  ·  RFGD,2026-09-02
300242,佳云科技,JYKJ,jiayunkeji,300242  佳云科技  ·  JYKJ,2026-09-02
300243,瑞丰高材,RFGC,ruifenggaocai,300243  瑞丰高材  ·  RFGC,2026-09-02
300244,迪安诊断,DAZD,dianzhenduan,300244  迪安诊断  ·  DAZD,2026-09-02
300245,ST天玑,STTJ,sttianji,300245  ST天玑  ·  STTJ,2026-09-02
300246,宝莱特,BLT,baolaite,300246  宝莱特  ·  BLT,2026-09-02
300247,融捷健康,RJJK,rongjiejiankang,300247  融捷健康  ·  RJJK,2026-09-02
300248,新开普,XKP,xinkaipu,300248  新开普  ·  XKP,2026-09-02
300249,依米康,YMK,yimikang,300249  依米康  ·  YMK,2026-09-02
300250,初灵信息,CLXX,chulingxinxi,300250  初灵信息  ·  CLXX,2026-09-02
300251,光线传媒,GXCM,guangxianchuanmei,300251  光线传媒  ·  GXCM,2026-09-02
300252,金信诺,JXN,jinxinnuo,300252  金信诺  ·  JXN,2026-09-02
300253,卫宁健康,WNJK,weiningjiankang,300253  卫宁健康  ·  WNJK,2026-09-02
300254,仟源医药,QYYY,qianyuanyiyao,300254  仟源医药  ·  QYYY,2026-09-02
300255,常山药业,CSYY,changshanyaoye,300255  常山药业  ·  CSYY,2026-09-02
300256,星星科技,XXKJ,xingxingkeji,300256  星星科技  ·  XXKJ,2026-09-02
300257,开山股份,KSGF,kaishangufen,300257  开山股份  ·  KSGF,2026-09-02
300258,精锻科技,JDKJ,jingduankeji,300258  精锻科技  ·  JDKJ,2026-09-02
300259,新天科技,XTKJ,xintiankeji,300259  新天科技  ·  XTKJ,2026-09-02
300260,新莱应材,XLYC,xinlaiyingcai,300260  新莱应材  ·  XLYC,2026-09-02
300261,雅本化学,YBHX,yabenhuaxue,300261  雅本化学  ·  YBHX,2026-09-02
300263,隆华科技,LHKJ,longhuakeji,300263  隆华科技  ·  LHKJ,2026-09-02
300264,佳创视讯,JCSX,jiachuangshixun,300264  佳创视讯  ·  JCSX,2026-09-02
300265,通光线缆,TGXL,tongguangxianlan,300265  通光线缆  ·  TGXL,2026-09-02
300266,兴源环境,XYHJ,xingyuanhuanjing,300266  兴源环境  ·  XYHJ,2026-09-02
300267,尔康制药,EKZY,erkangzhiyao,300267  尔康制药  ·  EKZY,2026-09-02
300268,佳沃食品,JWSP,jiawoshipin,300268  佳沃食品  ·  JWSP,2026-09-02
300269,联建光电,LJGD,lianjianguangdian,300269  联建光电  ·  LJGD,2026-09-02
300270,中威电子,ZWDZ,zhongweidianzi,300270  中威电子  ·  ZWDZ,2026-09-02
300271,华宇软件,HYRJ,huayuruanjian,300271  华宇软件  ·  HYRJ,2026-09-02
300272,开能健康,KNJK,kainengjiankang,300272  开能健康  ·  KNJK,2026-09-02
300274,阳光电源,YGDY,yangguangdianyuan,300274  阳光电源  ·  YGDY,2026-09-02
300275,梅安森,MAS,meiansen,300275  梅安森  ·  MAS,2026-09-02
300276,三丰智能,SFZN,sanfengzhineng,300276  三丰智能  ·  SFZN,2026-09-02
300277,汽轮科技,QLKJ,qilunkeji,300277  汽轮科技  ·  QLKJ,2026-09-02
300278,华昌达,HCD,huachangda,300278  华昌达  ·  HCD,2026-09-02
300279,和晶科技,HJKJ,hejingkeji,300279  和晶科技  ·  HJKJ,2026-09-02
300281,金明精机,JMJJ,jinmingjingji,300281  金明精机  ·  JMJJ,2026-09-02
300283,温州宏丰,WZHF,wenzhouhongfeng,300283  温州宏丰  ·  WZHF,2026-09-02
300284,苏交科,SJK,sujiaoke,300284  苏交科  ·  SJK,2026-09-02
300285,国瓷材料,GCCL,guocicailiao,300285  国瓷材料  ·  GCCL,2026-09-02
300286,安科瑞,AKR,ankerui,300286  安科瑞  ·  AKR,2026-09-02
300287,飞利信,FLX,feilixin,300287  飞利信  ·  FLX,2026-09-02
300288,朗玛信息,LMXX,langmaxinxi,300288  朗玛信息  ·  LMXX,2026-09-02
300289,利德曼,LDM,lideman,300289  利德曼  ·  LDM,2026-09-02
300290,ST荣科,STRK,strongke,300290  ST荣科  ·  STRK,2026-09-02
300291,百纳千成,BNQC,bainaqiancheng,300291  百纳千成  ·  BNQC,2026-09-02
300292,吴通控股,WTKG,wutongkonggu,300292  吴通控股  ·  WTKG,2026-09-02
300293,蓝英装备,LYZB,lanyingzhuangbei,300293  蓝英装备  ·  LYZB,2026-09-02
300294,博雅生物,BYSW,boyashengwu,300294  博雅生物  ·  BYSW,2026-09-02
300295,*ST三六五,*STSLW,*stsanliuwu,300295  *ST三六五  ·  *STSLW,2026-09-02
300296,利亚德,LYD,liyade,300296  利亚德  ·  LYD,2026-09-02
300298,三诺生物,SNSW,sannuoshengwu,300298  三诺生物  ·  SNSW,2026-09-02
300299,富春股份,FCGF,fuchungufen,300299  富春股份  ·  FCGF,2026-09-02
300300,海峡创新,HXCX,haixiachuangxin,300300  海峡创新  ·  HXCX,2026-09-02
300301,ST长方,STCF,stchangfang,300301  ST长方  ·  STCF,2026-09-02
300302,同有科技,TYKJ,tongyoukeji,300302  同有科技  ·  TYKJ,2026-09-02
300303,聚飞光电,JFGD,jufeiguangdian,300303  聚飞光电  ·  JFGD,2026-09-02
300304,云意电气,YYDQ,yunyidianqi,300304  云意电气  ·  YYDQ,2026-09-02
300305,裕兴股份,YXGF,yuxinggufen,300305  裕兴股份  ·  YXGF,2026-09-02
300306,远方信息,YFXX,yuanfangxinxi,300306  远方信息  ·  YFXX,2026-09-02
300307,慈星股份,CXGF,cixinggufen,300307  慈星股份  ·  CXGF,2026-09-02
300308,中际旭创,ZJXC,zhongjixuchuang,300308  中际旭创  ·  ZJXC,2026-09-02
300310,宜通世纪,YTSJ,yitongshiji,300310  宜通世纪  ·  YTSJ,2026-09-02
300311,任子行,RZX,renzixing,300311  任子行  ·  RZX,2026-09-02
300313,天山生物,TSSW,tianshanshengwu,300313  天山生物  ·  TSSW,2026-09-02
300314,戴维医疗,DWYL,daiweiyiliao,300314  戴维医疗  ·  DWYL,2026-09-02
300315,掌趣科技,ZQKJ,zhangqukeji,300315  掌趣科技  ·  ZQKJ,2026-09-02
300316,晶盛机电,JSJD,jingshengjidian,300316  晶盛机电  ·  JSJD,2026-09-02
300317,珈伟新能,JWXN,jiaweixinneng,300317  珈伟新能  ·  JWXN,2026-09-02
300318,博晖创新,BHCX,bohuichuangxin,300318  博晖创新  ·  BHCX,2026-09-02
300319,麦捷科技,MJKJ,maijiekeji,300319  麦捷科技  ·  MJKJ,2026-09-02
300320,海达股份,HDGF,haidagufen,300320  海达股份  ·  HDGF,2026-09-02
300321,同大股份,TDGF,tongdagufen,300321  同大股份  ·  TDGF,2026-09-02
300322,硕贝德,SBD,shuobeide,300322  硕贝德  ·  SBD,2026-09-02
300323,华灿光电,HCGD,huacanguangdian,300323  华灿光电  ·  HCGD,2026-09-02
300324,旋极信息,XJXX,xuanjixinxi,300324  旋极信息  ·  XJXX,2026-09-02
300326,ST凯利,STKL,stkaili,300326  ST凯利  ·  STKL,2026-09-02
300327,中颖电子,ZYDZ,zhongyingdianzi,300327  中颖电子  ·  ZYDZ,2026-09-02
300328,宜安科技,YAKJ,yiankeji,300328  宜安科技  ·  YAKJ,2026-09-02
300329,海伦钢琴,HLGQ,hailungangqin,300329  海伦钢琴  ·  HLGQ,2026-09-02
300331,苏大维格,SDWG,sudaweige,300331  苏大维格  ·  SDWG,2026-09-02
300332,天壕能源,THNY,tianhaonengyuan,300332  天壕能源  ·  THNY,2026-09-02
300333,兆日科技,ZRKJ,zhaorikeji,300333  兆日科技  ·  ZRKJ,2026-09-02
300334,津膜科技,JMKJ,jinmokeji,300334  津膜科技  ·  JMKJ,2026-09-02
300335,迪森股份,DSGF,disengufen,300335  迪森股份  ·  DSGF,2026-09-02
300337,银邦股份,YBGF,yinbanggufen,300337  银邦股份  ·  YBGF,2026-09-02
300338,*ST开元,*STKY,*stkaiyuan,300338  *ST开元  ·  *STKY,2026-09-02
300339,润和软件,RHRJ,runheruanjian,300339  润和软件  ·  RHRJ,2026-09-02
300340,科恒股份,KHGF,kehenggufen,300340  科恒股份  ·  KHGF,2026-09-02
300341,麦克奥迪,MKAD,maikeaodi,300341  麦克奥迪  ·  MKAD,2026-09-02
300342,天银机电,TYJD,tianyinjidian,300342  天银机电  ·  TYJD,2026-09-02
300343,联创股份,LCGF,lianchuanggufen,300343  联创股份  ·  LCGF,2026-09-02
300345,华民股份,HMGF,huamingufen,300345  华民股份  ·  HMGF,2026-09-02
300346,南大光电,NDGD,nandaguangdian,300346  南大光电  ·  NDGD,2026-09-02
300347,泰格医药,TGYY,taigeyiyao,300347  泰格医药  ·  TGYY,2026-09-02
300348,长亮科技,ZLKJ,zhangliangkeji,300348  长亮科技  ·  ZLKJ,2026-09-02
300349,金卡智能,JKZN,jinkazhineng,300349  金卡智能  ·  JKZN,2026-09-02
300350,华鹏飞,HPF,huapengfei,300350  华鹏飞  ·  HPF,2026-09-02
300351,永贵电器,YGDQ,yongguidianqi,300351  永贵电器  ·  YGDQ,2026-09-02
300352,ST信源,STXY,stxinyuan,300352  ST信源  ·  STXY,2026-09-02
300353,东土科技,DTKJ,dongtukeji,300353  东土科技  ·  DTKJ,2026-09-02
300354,东华测试,DHCS,donghuaceshi,300354  东华测试  ·  DHCS,2026-09-02
300355,蒙草生态,MCST,mengcaoshengtai,300355  蒙草生态  ·  MCST,2026-09-02
300357,我武生物,WWSW,wowushengwu,300357  我武生物  ·  WWSW,2026-09-02
300358,楚天科技,CTKJ,chutiankeji,300358  楚天科技  ·  CTKJ,2026-09-02
300359,全通教育,QTJY,quantongjiaoyu,300359  全通教育  ·  QTJY,2026-09-02
300360,炬华科技,JHKJ,juhuakeji,300360  炬华科技  ·  JHKJ,2026-09-02
300363,博腾股份,BTGF,botenggufen,300363  博腾股份  ·  BTGF,2026-09-02
300364,中文在线,ZWZX,zhongwenzaixian,300364  中文在线  ·  ZWZX,2026-09-02
300365,恒华科技,HHKJ,henghuakeji,300365  恒华科技  ·  HHKJ,2026-09-02
300366,ST创意,STCY,stchuangyi,300366  ST创意  ·  STCY,2026-09-02
300368,汇金股份,HJGF,huijingufen,300368  汇金股份  ·  HJGF,2026-09-02
300369,绿盟科技,LMKJ,lvmengkeji,300369  绿盟科技  ·  LMKJ,2026-09-02
300370,安控科技,AKKJ,ankongkeji,300370  安控科技  ·  AKKJ,2026-09-02
300371,汇中股份,HZGF,huizhonggufen,300371  汇中股份  ·  HZGF,2026-09-02
300373,扬杰科技,YJKJ,yangjiekeji,300373  扬杰科技  ·  YJKJ,2026-09-02
300374,中铁装配,ZTZP,zhongtiezhuangpei,300374  中铁装配  ·  ZTZP,2026-09-02
300375,鹏翎股份,PLGF,penglinggufen,300375  鹏翎股份  ·  PLGF,2026-09-02
300376,易事特,YST,yishite,300376  易事特  ·  YST,2026-09-02
300377,赢时胜,YSS,yingshisheng,300377  赢时胜  ·  YSS,2026-09-02
300378,鼎捷数智,DJSZ,dingjieshuzhi,300378  鼎捷数智  ·  DJSZ,2026-09-02
300380,安硕信息,ASXX,anshuoxinxi,300380  安硕信息  ·  ASXX,2026-09-02
300381,溢多利,YDL,yiduoli,300381  溢多利  ·  YDL,2026-09-02
300382,斯莱克,SLK,silaike,300382  斯莱克  ·  SLK,2026-09-02
300383,光环新网,GHXW,guanghuanxinwang,300383  光环新网  ·  GHXW,2026-09-02
300384,三联虹普,SLHP,sanlianhongpu,300384  三联虹普  ·  SLHP,2026-09-02
300385,ST雪浪,STXL,stxuelang,300385  ST雪浪  ·  STXL,2026-09-02
300386,飞天诚信,FTCX,feitianchengxin,300386  飞天诚信  ·  FTCX,2026-09-02
300387,富邦科技,FBKJ,fubangkeji,300387  富邦科技  ·  FBKJ,2026-09-02
300388,节能国祯,JNGZ,jienengguozhen,300388  节能国祯  ·  JNGZ,2026-09-02
300389,艾比森,ABS,aibisen,300389  艾比森  ·  ABS,2026-09-02
300390,天华新能,THXN,tianhuaxinneng,300390  天华新能  ·  THXN,2026-09-02
300393,中来股份,ZLGF,zhonglaigufen,300393  中来股份  ·  ZLGF,2026-09-02
300394,天孚通信,TFTX,tianfutongxin,300394  天孚通信  ·  TFTX,2026-09-02
300395,菲利华,FLH,feilihua,300395  菲利华  ·  FLH,2026-09-02
300396,ST迪瑞,STDR,stdirui,300396  ST迪瑞  ·  STDR,2026-09-02
300397,天和防务,THFW,tianhefangwu,300397  天和防务  ·  THFW,2026-09-02
300398,飞凯材料,FKCL,feikaicailiao,300398  飞凯材料  ·  FKCL,2026-09-02
300399,天利科技,TLKJ,tianlikeji,300399  天利科技  ·  TLKJ,2026-09-02
300400,劲拓股份,JTGF,jintuogufen,300400  劲拓股份  ·  JTGF,2026-09-02
300401,花园生物,HYSW,huayuanshengwu,300401  花园生物  ·  HYSW,2026-09-02
300402,宝色股份,BSGF,baosegufen,300402  宝色股份  ·  BSGF,2026-09-02
300403,汉宇集团,HYJT,hanyujituan,300403  汉宇集团  ·  HYJT,2026-09-02
300404,博济医药,BJYY,bojiyiyao,300404  博济医药  ·  BJYY,2026-09-02
300405,科隆股份,KLGF,kelonggufen,300405  科隆股份  ·  KLGF,2026-09-02
300406,九强生物,JQSW,jiuqiangshengwu,300406  九强生物  ·  JQSW,2026-09-02
300407,凯发电气,KFDQ,kaifadianqi,300407  凯发电气  ·  KFDQ,2026-09-02
300408,三环集团,SHJT,sanhuanjituan,300408  三环集团  ·  SHJT,2026-09-02
300409,道氏技术,DSJS,daoshijishu,300409  道氏技术  ·  DSJS,2026-09-02
300410,正业科技,ZYKJ,zhengyekeji,300410  正业科技  ·  ZYKJ,2026-09-02
300411,金盾股份,JDGF,jindungufen,300411  金盾股份  ·  JDGF,2026-09-02
300412,迦南科技,JNKJ,jianankeji,300412  迦南科技  ·  JNKJ,2026-09-02
300413,芒果超媒,MGCM,mangguochaomei,300413  芒果超媒  ·  MGCM,2026-09-02
300414,中光防雷,ZGFL,zhongguangfanglei,300414  中光防雷  ·  ZGFL,2026-09-02
300415,伊之密,YZM,yizhimi,300415  伊之密  ·  YZM,2026-09-02
300416,苏试试验,SSSY,sushishiyan,300416  苏试试验  ·  SSSY,2026-09-02
300417,南华仪器,NHYQ,nanhuayiqi,300417  南华仪器  ·  NHYQ,2026-09-02
300418,昆仑万维,KLWW,kunlunwanwei,300418  昆仑万维  ·  KLWW,2026-09-02
300419,ST浩丰,STHF,sthaofeng,300419  ST浩丰  ·  STHF,2026-09-02
300420,五洋自控,WYZK,wuyangzikong,300420  五洋自控  ·  WYZK,2026-09-02
300421,力星股份,LXGF,lixinggufen,300421  力星股份  ·  LXGF,2026-09-02
300422,博世科,BSK,boshike,300422  博世科  ·  BSK,2026-09-02
300423,昇辉科技,SHKJ,shenghuikeji,300423  昇辉科技  ·  SHKJ,2026-09-02
300424,航新科技,HXKJ,hangxinkeji,300424  航新科技  ·  HXKJ,2026-09-02
300425,中建环能,ZJHN,zhongjianhuanneng,300425  中建环能  ·  ZJHN,2026-09-02
300426,华智数媒,HZSM,huazhishumei,300426  华智数媒  ·  HZSM,2026-09-02
300427,红相股份,HXGF,hongxianggufen,300427  红相股份  ·  HXGF,2026-09-02
300428,立中集团,LZJT,lizhongjituan,300428  立中集团  ·  LZJT,2026-09-02
300429,强力新材,QLXC,qianglixincai,300429  强力新材  ·  QLXC,2026-09-02
300430,*ST益通,*STYT,*styitong,300430  *ST益通  ·  *STYT,2026-09-02
300432,富临精工,FLJG,fulinjinggong,300432  富临精工  ·  FLJG,2026-09-02
300433,蓝思科技,LSKJ,lansikeji,300433  蓝思科技  ·  LSKJ,2026-09-02
300434,金石亚药,JSYY,jinshiyayao,300434  金石亚药  ·  JSYY,2026-09-02
300435,中泰股份,ZTGF,zhongtaigufen,300435  中泰股份  ·  ZTGF,2026-09-02
300436,广生堂,GST,guangshengtang,300436  广生堂  ·  GST,2026-09-02
300437,清水源,QSY,qingshuiyuan,300437  清水源  ·  QSY,2026-09-02
300438,鹏辉能源,PHNY,penghuinengyuan,300438  鹏辉能源  ·  PHNY,2026-09-02
300439,美康生物,MKSW,meikangshengwu,300439  美康生物  ·  MKSW,2026-09-02
300440,运达科技,YDKJ,yundakeji,300440  运达科技  ·  YDKJ,2026-09-02
300441,鲍斯股份,BSGF,baosigufen,300441  鲍斯股份  ·  BSGF,2026-09-02
300442,润泽科技,RZKJ,runzekeji,300442  润泽科技  ·  RZKJ,2026-09-02
300443,金雷股份,JLGF,jinleigufen,300443  金雷股份  ·  JLGF,2026-09-02
300444,双杰电气,SJDQ,shuangjiedianqi,300444  双杰电气  ·  SJDQ,2026-09-02
300445,康斯特,KST,kangsite,300445  康斯特  ·  KST,2026-09-02
300446,航天智造,HTZZ,hangtianzhizao,300446  航天智造  ·  HTZZ,2026-09-02
300447,全信股份,QXGF,quanxingufen,300447  全信股份  ·  QXGF,2026-09-02
300448,浩云科技,HYKJ,haoyunkeji,300448  浩云科技  ·  HYKJ,2026-09-02
300449,汉邦高科,HBGK,hanbanggaoke,300449  汉邦高科  ·  HBGK,2026-09-02
300450,先导智能,XDZN,xiandaozhineng,300450  先导智能  ·  XDZN,2026-09-02
300451,创业慧康,CYHK,chuangyehuikang,300451  创业慧康  ·  CYHK,2026-09-02
300452,山河药辅,SHYF,shanheyaofu,300452  山河药辅  ·  SHYF,2026-09-02
300453,三鑫医疗,SXYL,sanxinyiliao,300453  三鑫医疗  ·  SXYL,2026-09-02
300454,深信服,SXF,shenxinfu,300454  深信服  ·  SXF,2026-09-02
300455,航天智装,HTZZ,hangtianzhizhuang,300455  航天智装  ·  HTZZ,2026-09-02
300456,赛微电子,SWDZ,saiweidianzi,300456  赛微电子  ·  SWDZ,2026-09-02
300457,赢合科技,YHKJ,yinghekeji,300457  赢合科技  ·  YHKJ,2026-09-02
300458,全志科技,QZKJ,quanzhikeji,300458  全志科技  ·  QZKJ,2026-09-02
300459,汤姆猫,TMM,tangmumao,300459  汤姆猫  ·  TMM,2026-09-02
300460,ST惠伦,STHL,sthuilun,300460  ST惠伦  ·  STHL,2026-09-02
300461,田中精机,TZJJ,tianzhongjingji,300461  田中精机  ·  TZJJ,2026-09-02
300462,ST华铭,STHM,sthuaming,300462  ST华铭  ·  STHM,2026-09-02
300463,迈克生物,MKSW,maikeshengwu,300463  迈克生物  ·  MKSW,2026-09-02
300464,星徽股份,XHGF,xinghuigufen,300464  星徽股份  ·  XHGF,2026-09-02
300465,高伟达,GWD,gaoweida,300465  高伟达  ·  GWD,2026-09-02
300466,赛摩智能,SMZN,saimozhineng,300466  赛摩智能  ·  SMZN,2026-09-02
300467,迅游科技,XYKJ,xunyoukeji,300467  迅游科技  ·  XYKJ,2026-09-02
300468,四方精创,SFJC,sifangjingchuang,300468  四方精创  ·  SFJC,2026-09-02
300469,信息发展,XXFZ,xinxifazhan,300469  信息发展  ·  XXFZ,2026-09-02
300470,中密控股,ZMKG,zhongmikonggu,300470  中密控股  ·  ZMKG,2026-09-02
300471,厚普股份,HPGF,houpugufen,300471  厚普股份  ·  HPGF,2026-09-02
300472,*ST新元,*STXY,*stxinyuan,300472  *ST新元  ·  *STXY,2026-09-02
300473,德尔股份,DEGF,deergufen,300473  德尔股份  ·  DEGF,2026-09-02
300474,景嘉微,JJW,jingjiawei,300474  景嘉微  ·  JJW,2026-09-02
300475,香农芯创,XNXC,xiangnongxinchuang,300475  香农芯创  ·  XNXC,2026-09-02
300476,胜宏科技,SHKJ,shenghongkeji,300476  胜宏科技  ·  SHKJ,2026-09-02
300477,ST合纵,STHZ,sthezong,300477  ST合纵  ·  STHZ,2026-09-02
300478,杭州高新,HZGX,hangzhougaoxin,300478  杭州高新  ·  HZGX,2026-09-02
300479,神思电子,SSDZ,shensidianzi,300479  神思电子  ·  SSDZ,2026-09-02
300480,光力科技,GLKJ,guanglikeji,300480  光力科技  ·  GLKJ,2026-09-02
300481,濮阳惠成,PYHC,puyanghuicheng,300481  濮阳惠成  ·  PYHC,2026-09-02
300482,万孚生物,WFSW,wanfushengwu,300482  万孚生物  ·  WFSW,2026-09-02
300483,首华燃气,SHRQ,shouhuaranqi,300483  首华燃气  ·  SHRQ,2026-09-02
300484,蓝海华腾,LHHT,lanhaihuateng,300484  蓝海华腾  ·  LHHT,2026-09-02
300485,赛升药业,SSYY,saishengyaoye,300485  赛升药业  ·  SSYY,2026-09-02
300486,东杰智能,DJZN,dongjiezhineng,300486  东杰智能  ·  DJZN,2026-09-02
300487,蓝晓科技,LXKJ,lanxiaokeji,300487  蓝晓科技  ·  LXKJ,2026-09-02
300488,恒锋工具,HFGJ,hengfenggongju,300488  恒锋工具  ·  HFGJ,2026-09-02
300489,光智科技,GZKJ,guangzhikeji,300489  光智科技  ·  GZKJ,2026-09-02
300490,华自科技,HZKJ,huazikeji,300490  华自科技  ·  HZKJ,2026-09-02
300491,通合科技,THKJ,tonghekeji,300491  通合科技  ·  THKJ,2026-09-02
300492,华图山鼎,HTSD,huatushanding,300492  华图山鼎  ·  HTSD,2026-09-02
300493,润欣科技,RXKJ,runxinkeji,300493  润欣科技  ·  RXKJ,2026-09-02
300494,盛天网络,STWL,shengtianwangluo,300494  盛天网络  ·  STWL,2026-09-02
300496,中科创达,ZKCD,zhongkechuangda,300496  中科创达  ·  ZKCD,2026-09-02
300497,富祥股份,FXGF,fuxianggufen,300497  富祥股份  ·  FXGF,2026-09-02
300498,温氏股份,WSGF,wenshigufen,300498  温氏股份  ·  WSGF,2026-09-02
300499,高澜股份,GLGF,gaolangufen,300499  高澜股份  ·  GLGF,2026-09-02
300500,启迪设计,QDSJ,qidisheji,300500  启迪设计  ·  QDSJ,2026-09-02
300501,海顺新材,HSXC,haishunxincai,300501  海顺新材  ·  HSXC,2026-09-02
300502,新易盛,XYS,xinyisheng,300502  新易盛  ·  XYS,2026-09-02
300503,昊志机电,HZJD,haozhijidian,300503  昊志机电  ·  HZJD,2026-09-02
300504,天邑股份,TYGF,tianyigufen,300504  天邑股份  ·  TYGF,2026-09-02
300505,川金诺,CJN,chuanjinnuo,300505  川金诺  ·  CJN,2026-09-02
300506,名家汇,MJH,mingjiahui,300506  名家汇  ·  MJH,2026-09-02
300507,苏奥传感,SACG,suaochuangan,300507  苏奥传感  ·  SACG,2026-09-02
300508,维宏股份,WHGF,weihonggufen,300508  维宏股份  ·  WHGF,2026-09-02
300509,新美星,XMX,xinmeixing,300509  新美星  ·  XMX,2026-09-02
300510,金冠股份,JGGF,jinguangufen,300510  金冠股份  ·  JGGF,2026-09-02
300511,雪榕生物,XRSW,xuerongshengwu,300511  雪榕生物  ·  XRSW,2026-09-02
300512,中亚股份,ZYGF,zhongyagufen,300512  中亚股份  ·  ZYGF,2026-09-02
300513,恒实科技,HSKJ,hengshikeji,300513  恒实科技  ·  HSKJ,2026-09-02
300514,友讯达,YXD,youxunda,300514  友讯达  ·  YXD,2026-09-02
300515,三德科技,SDKJ,sandekeji,300515  三德科技  ·  SDKJ,2026-09-02
300516,久之洋,JZY,jiuzhiyang,300516  久之洋  ·  JZY,2026-09-02
300517,海波重科,HBZK,haibozhongke,300517  海波重科  ·  HBZK,2026-09-02
300518,新迅达,XXD,xinxunda,300518  新迅达  ·  XXD,2026-09-02
300519,新光药业,XGYY,xinguangyaoye,300519  新光药业  ·  XGYY,2026-09-02
300520,科大国创,KDGC,kedaguochuang,300520  科大国创  ·  KDGC,2026-09-02
300521,爱司凯,ASK,aisikai,300521  爱司凯  ·  ASK,2026-09-02
300522,世名科技,SMKJ,shimingkeji,300522  世名科技  ·  SMKJ,2026-09-02
300523,辰安科技,CAKJ,chenankeji,300523  辰安科技  ·  CAKJ,2026-09-02
300525,博思软件,BSRJ,bosiruanjian,300525  博思软件  ·  BSRJ,2026-09-02
300527,ST应急,STYJ,styingji,300527  ST应急  ·  STYJ,2026-09-02
300528,幸福蓝海,XFLH,xingfulanhai,300528  幸福蓝海  ·  XFLH,2026-09-02
300529,健帆生物,JFSW,jianfanshengwu,300529  健帆生物  ·  JFSW,2026-09-02
300530,领湃科技,LPKJ,lingpaikeji,300530  领湃科技  ·  LPKJ,2026-09-02
300531,优博讯,YBX,youboxun,300531  优博讯  ·  YBX,2026-09-02
300532,今天国际,JTGJ,jintianguoji,300532  今天国际  ·  JTGJ,2026-09-02
300533,冰川网络,BCWL,bingchuanwangluo,300533  冰川网络  ·  BCWL,2026-09-02
300534,陇神戎发,LSRF,longshenrongfa,300534  陇神戎发  ·  LSRF,2026-09-02
300535,达威股份,DWGF,daweigufen,300535  达威股份  ·  DWGF,2026-09-02
300536,农尚环境,NSHJ,nongshanghuanjing,300536  农尚环境  ·  NSHJ,2026-09-02
300537,广信材料,GXCL,guangxincailiao,300537  广信材料  ·  GXCL,2026-09-02
300538,同益股份,TYGF,tongyigufen,300538  同益股份  ·  TYGF,2026-09-02
300539,横河精密,HHJM,henghejingmi,300539  横河精密  ·  HHJM,2026-09-02
300540,蜀道装备,SDZB,shudaozhuangbei,300540  蜀道装备  ·  SDZB,2026-09-02
300541,先进数通,XJST,xianjinshutong,300541  先进数通  ·  XJST,2026-09-02
300542,新晨科技,XCKJ,xinchenkeji,300542  新晨科技  ·  XCKJ,2026-09-02
300543,朗科智能,LKZN,langkezhineng,300543  朗科智能  ·  LKZN,2026-09-02
300545,联得装备,LDZB,liandezhuangbei,300545  联得装备  ·  LDZB,2026-09-02
300546,雄帝科技,XDKJ,xiongdikeji,300546  雄帝科技  ·  XDKJ,2026-09-02
300547,川环科技,CHKJ,chuanhuankeji,300547  川环科技  ·  CHKJ,2026-09-02
300548,长芯博创,ZXBC,zhangxinbochuang,300548  长芯博创  ·  ZXBC,2026-09-02
300549,优德精密,YDJM,youdejingmi,300549  优德精密  ·  YDJM,2026-09-02
300550,和仁科技,HRKJ,herenkeji,300550  和仁科技  ·  HRKJ,2026-09-02
300551,古鳌科技,GAKJ,guaokeji,300551  古鳌科技  ·  GAKJ,2026-09-02
300552,万集科技,WJKJ,wanjikeji,300552  万集科技  ·  WJKJ,2026-09-02
300553,集智股份,JZGF,jizhigufen,300553  集智股份  ·  JZGF,2026-09-02
300554,三超新材,SCXC,sanchaoxincai,300554  三超新材  ·  SCXC,2026-09-02
300555,ST路通,STLT,stlutong,300555  ST路通  ·  STLT,2026-09-02
300556,丝路视觉,SLSJ,silushijue,300556  丝路视觉  ·  SLSJ,2026-09-02
300557,理工光科,LGGK,ligongguangke,300557  理工光科  ·  LGGK,2026-09-02
300558,贝达药业,BDYY,beidayaoye,300558  贝达药业  ·  BDYY,2026-09-02
300559,佳发教育,JFJY,jiafajiaoyu,300559  佳发教育  ·  JFJY,2026-09-02
300560,中富通,ZFT,zhongfutong,300560  中富通  ·  ZFT,2026-09-02
300561,汇金科技,HJKJ,huijinkeji,300561  汇金科技  ·  HJKJ,2026-09-02
300562,乐心医疗,LXYL,lexinyiliao,300562  乐心医疗  ·  LXYL,2026-09-02
300563,神宇股份,SYGF,shenyugufen,300563  神宇股份  ·  SYGF,2026-09-02
300564,筑博设计,ZBSJ,zhubosheji,300564  筑博设计  ·  ZBSJ,2026-09-02
300565,科信技术,KXJS,kexinjishu,300565  科信技术  ·  KXJS,2026-09-02
300566,激智科技,JZKJ,jizhikeji,300566  激智科技  ·  JZKJ,2026-09-02
300567,精测电子,JCDZ,jingcedianzi,300567  精测电子  ·  JCDZ,2026-09-02
300568,星源材质,XYCZ,xingyuancaizhi,300568  星源材质  ·  XYCZ,2026-09-02
300569,天能重工,TNZG,tiannengzhonggong,300569  天能重工  ·  TNZG,2026-09-02
300570,太辰光,TCG,taichenguang,300570  太辰光  ·  TCG,2026-09-02
300571,平治信息,PZXX,pingzhixinxi,300571  平治信息  ·  PZXX,2026-09-02
300572,安车检测,ACJC,anchejiance,300572  安车检测  ·  ACJC,2026-09-02
300573,兴齐眼药,XQYY,xingqiyanyao,300573  兴齐眼药  ·  XQYY,2026-09-02
300575,中旗股份,ZQGF,zhongqigufen,300575  中旗股份  ·  ZQGF,2026-09-02
300576,容大感光,RDGG,rongdaganguang,300576  容大感光  ·  RDGG,2026-09-02
300577,开润股份,KRGF,kairungufen,300577  开润股份  ·  KRGF,2026-09-02
300578,会畅科技,HCKJ,huichangkeji,300578  会畅科技  ·  HCKJ,2026-09-02
300579,数字认证,SZRZ,shuzirenzheng,300579  数字认证  ·  SZRZ,2026-09-02
300580,贝斯特,BST,beisite,300580  贝斯特  ·  BST,2026-09-02
300581,晨曦航空,CXHK,chenxihangkong,300581  晨曦航空  ·  CXHK,2026-09-02
300582,英飞特,YFT,yingfeite,300582  英飞特  ·  YFT,2026-09-02
300583,赛托生物,STSW,saituoshengwu,300583  赛托生物  ·  STSW,2026-09-02
300584,海辰药业,HCYY,haichenyaoye,300584  海辰药业  ·  HCYY,2026-09-02
300585,奥联电子,ALDZ,aoliandianzi,300585  奥联电子  ·  ALDZ,2026-09-02
300586,美联新材,MLXC,meilianxincai,300586  美联新材  ·  MLXC,2026-09-02
300587,天铁科技,TTKJ,tiantiekeji,300587  天铁科技  ·  TTKJ,2026-09-02
300588,熙菱信息,XLXX,xilingxinxi,300588  熙菱信息  ·  XLXX,2026-09-02
300589,江龙船艇,JLCT,jianglongchuanting,300589  江龙船艇  ·  JLCT,2026-09-02
300590,移为通信,YWTX,yiweitongxin,300590  移为通信  ·  YWTX,2026-09-02
300591,万里马,WLM,wanlima,300591  万里马  ·  WLM,2026-09-02
300592,华凯易佰,HKYB,huakaiyibai,300592  华凯易佰  ·  HKYB,2026-09-02
300593,新雷能,XLN,xinleineng,300593  新雷能  ·  XLN,2026-09-02
300594,ST朗进,STLJ,stlangjin,300594  ST朗进  ·  STLJ,2026-09-02
300595,欧普康视,OPKS,oupukangshi,300595  欧普康视  ·  OPKS,2026-09-02
300596,利安隆,LAL,lianlong,300596  利安隆  ·  LAL,2026-09-02
300597,吉大通信,JDTX,jidatongxin,300597  吉大通信  ·  JDTX,2026-09-02
300598,诚迈科技,CMKJ,chengmaikeji,300598  诚迈科技  ·  CMKJ,2026-09-02
300599,雄塑科技,XSKJ,xiongsukeji,300599  雄塑科技  ·  XSKJ,2026-09-02
300600,国瑞科技,GRKJ,guoruikeji,300600  国瑞科技  ·  GRKJ,2026-09-02
300601,康泰生物,KTSW,kangtaishengwu,300601  康泰生物  ·  KTSW,2026-09-02
300602,飞荣达,FRD,feirongda,300602  飞荣达  ·  FRD,2026-09-02
300603,立昂技术,LAJS,liangjishu,300603  立昂技术  ·  LAJS,2026-09-02
300604,长川科技,CCKJ,changchuankeji,300604  长川科技  ·  CCKJ,2026-09-02
300605,恒锋信息,HFXX,hengfengxinxi,300605  恒锋信息  ·  HFXX,2026-09-02
300606,金太阳,JTY,jintaiyang,300606  金太阳  ·  JTY,2026-09-02
300607,拓斯达,TSD,tuosida,300607  拓斯达  ·  TSD,2026-09-02
300608,思特奇,STQ,siteqi,300608  思特奇  ·  STQ,2026-09-02
300609,汇纳科技,HNKJ,huinakeji,300609  汇纳科技  ·  HNKJ,2026-09-02
300610,晨化股份,CHGF,chenhuagufen,300610  晨化股份  ·  CHGF,2026-09-02
300611,美力科技,MLKJ,meilikeji,300611  美力科技  ·  MLKJ,2026-09-02
300612,宣亚国际,XYGJ,xuanyaguoji,300612  宣亚国际  ·  XYGJ,2026-09-02
300613,富瀚微,FHW,fuhanwei,300613  富瀚微  ·  FHW,2026-09-02
300614,百川畅银,BCCY,baichuanchangyin,300614  百川畅银  ·  BCCY,2026-09-02
300615,欣天科技,XTKJ,xintiankeji,300615  欣天科技  ·  XTKJ,2026-09-02
300616,尚品宅配,SPZP,shangpinzhaipei,300616  尚品宅配  ·  SPZP,2026-09-02
300617,安靠智电,AKZD,ankaozhidian,300617  安靠智电  ·  AKZD,2026-09-02
300618,寒锐钴业,HRGY,hanruiguye,300618  寒锐钴业  ·  HRGY,2026-09-02
300619,金银河,JYH,jinyinhe,300619  金银河  ·  JYH,2026-09-02
300620,光库科技,GKKJ,guangkukeji,300620  光库科技  ·  GKKJ,2026-09-02
300621,维业股份,WYGF,weiyegufen,300621  维业股份  ·  WYGF,2026-09-02
300622,博士眼镜,BSYJ,boshiyanjing,300622  博士眼镜  ·  BSYJ,2026-09-02
300623,捷捷微电,JJWD,jiejieweidian,300623  捷捷微电  ·  JJWD,2026-09-02
300624,万兴科技,WXKJ,wanxingkeji,300624  万兴科技  ·  WXKJ,2026-09-02
300625,三雄极光,SXJG,sanxiongjiguang,300625  三雄极光  ·  SXJG,2026-09-02
300626,华瑞股份,HRGF,huaruigufen,300626  华瑞股份  ·  HRGF,2026-09-02
300627,华测导航,HCDH,huacedaohang,300627  华测导航  ·  HCDH,2026-09-02
300628,亿联网络,YLWL,yilianwangluo,300628  亿联网络  ·  YLWL,2026-09-02
300629,新劲刚,XJG,xinjingang,300629  新劲刚  ·  XJG,2026-09-02
300631,久吾高科,JWGK,jiuwugaoke,300631  久吾高科  ·  JWGK,2026-09-02
300632,光莆股份,GPGF,guangpugufen,300632  光莆股份  ·  GPGF,2026-09-02
300633,开立医疗,KLYL,kailiyiliao,300633  开立医疗  ·  KLYL,2026-09-02
300634,彩讯股份,CXGF,caixungufen,300634  彩讯股份  ·  CXGF,2026-09-02
300635,中达安,ZDA,zhongdaan,300635  中达安  ·  ZDA,2026-09-02
300636,同和药业,THYY,tonghuoyaoye,300636  同和药业  ·  THYY,2026-09-02
300637,扬帆新材,YFXC,yangfanxincai,300637  扬帆新材  ·  YFXC,2026-09-02
300638,广和通,GHT,guanghetong,300638  广和通  ·  GHT,2026-09-02
300639,凯普生物,KPSW,kaipushengwu,300639  凯普生物  ·  KPSW,2026-09-02
300640,德艺文创,DYWC,deyiwenchuang,300640  德艺文创  ·  DYWC,2026-09-02
300641,正丹股份,ZDGF,zhengdangufen,300641  正丹股份  ·  ZDGF,2026-09-02
300642,透景生命,TJSM,toujingshengming,300642  透景生命  ·  TJSM,2026-09-02
300643,万通智控,WTZK,wantongzhikong,300643  万通智控  ·  WTZK,2026-09-02
300644,南京聚隆,NJJL,nanjingjulong,300644  南京聚隆  ·  NJJL,2026-09-02
300645,正元智慧,ZYZH,zhengyuanzhihui,300645  正元智慧  ·  ZYZH,2026-09-02
300647,超频三,CPS,chaopinsan,300647  超频三  ·  CPS,2026-09-02
300648,星云股份,XYGF,xingyungufen,300648  星云股份  ·  XYGF,2026-09-02
300649,杭州园林,HZYL,hangzhouyuanlin,300649  杭州园林  ·  HZYL,2026-09-02
300650,太龙股份,TLGF,tailonggufen,300650  太龙股份  ·  TLGF,2026-09-02
300651,金陵体育,JLTY,jinlingtiyu,300651  金陵体育  ·  JLTY,2026-09-02
300652,雷迪克,LDK,leidike,300652  雷迪克  ·  LDK,2026-09-02
300653,正海生物,ZHSW,zhenghaishengwu,300653  正海生物  ·  ZHSW,2026-09-02
300654,世纪天鸿,SJTH,shijitianhong,300654  世纪天鸿  ·  SJTH,2026-09-02
300655,晶瑞电材,JRDC,jingruidiancai,300655  晶瑞电材  ·  JRDC,2026-09-02
300656,民德电子,MDDZ,mindedianzi,300656  民德电子  ·  MDDZ,2026-09-02
300657,弘信电子,HXDZ,hongxindianzi,300657  弘信电子  ·  HXDZ,2026-09-02
300658,延江股份,YJGF,yanjianggufen,300658  延江股份  ·  YJGF,2026-09-02
300659,中孚信息,ZFXX,zhongfuxinxi,300659  中孚信息  ·  ZFXX,2026-09-02
300660,江苏雷利,JSLL,jiangsuleili,300660  江苏雷利  ·  JSLL,2026-09-02
300661,圣邦股份,SBGF,shengbanggufen,300661  圣邦股份  ·  SBGF,2026-09-02
300662,科锐国际,KRGJ,keruiguoji,300662  科锐国际  ·  KRGJ,2026-09-02
300663,科蓝软件,KLRJ,kelanruanjian,300663  科蓝软件  ·  KLRJ,2026-09-02
300664,鹏鹞环保,PYHB,pengyaohuanbao,300664  鹏鹞环保  ·  PYHB,2026-09-02
300665,飞鹿股份,FLGF,feilugufen,300665  飞鹿股份  ·  FLGF,2026-09-02
300666,江丰电子,JFDZ,jiangfengdianzi,300666  江丰电子  ·  JFDZ,2026-09-02
300667,必创科技,BCKJ,bichuangkeji,300667  必创科技  ·  BCKJ,2026-09-02
300668,杰恩股份,JEGF,jieengufen,300668  杰恩股份  ·  JEGF,2026-09-02
300669,沪宁股份,HNGF,huninggufen,300669  沪宁股份  ·  HNGF,2026-09-02
300670,大烨智能,DYZN,dayezhineng,300670  大烨智能  ·  DYZN,2026-09-02
300671,富满微,FMW,fumanwei,300671  富满微  ·  FMW,2026-09-02
300672,国科微,GKW,guokewei,300672  国科微  ·  GKW,2026-09-02
300673,佩蒂股份,PDGF,peidigufen,300673  佩蒂股份  ·  PDGF,2026-09-02
300674,宇信科技,YXKJ,yuxinkeji,300674  宇信科技  ·  YXKJ,2026-09-02
300675,建科院,JKY,jiankeyuan,300675  建科院  ·  JKY,2026-09-02
300676,华大基因,HDJY,huadajiyin,300676  华大基因  ·  HDJY,2026-09-02
300677,英科医疗,YKYL,yingkeyiliao,300677  英科医疗  ·  YKYL,2026-09-02
300678,中科信息,ZKXX,zhongkexinxi,300678  中科信息  ·  ZKXX,2026-09-02
300679,电连技术,DLJS,dianlianjishu,300679  电连技术  ·  DLJS,2026-09-02
300680,隆盛科技,LSKJ,longshengkeji,300680  隆盛科技  ·  LSKJ,2026-09-02
300681,英搏尔,YBE,yingboer,300681  英搏尔  ·  YBE,2026-09-02
300682,朗新科技,LXKJ,langxinkeji,300682  朗新科技  ·  LXKJ,2026-09-02
300683,海特生物,HTSW,haiteshengwu,300683  海特生物  ·  HTSW,2026-09-02
300684,中石科技,ZSKJ,zhongshikeji,300684  中石科技  ·  ZSKJ,2026-09-02
300685,艾德生物,ADSW,aideshengwu,300685  艾德生物  ·  ADSW,2026-09-02
300686,智动力,ZDL,zhidongli,300686  智动力  ·  ZDL,2026-09-02
300687,赛意信息,SYXX,saiyixinxi,300687  赛意信息  ·  SYXX,2026-09-02
300688,创业黑马,CYHM,chuangyeheima,300688  创业黑马  ·  CYHM,2026-09-02
300689,澄天伟业,CTWY,chengtianweiye,300689  澄天伟业  ·  CTWY,2026-09-02
300690,双一科技,SYKJ,shuangyikeji,300690  双一科技  ·  SYKJ,2026-09-02
300691,联合光电,LHGD,lianheguangdian,300691  联合光电  ·  LHGD,2026-09-02
300692,中赋科技,ZFKJ,zhongfukeji,300692  中赋科技  ·  ZFKJ,2026-09-02
300693,盛弘股份,SHGF,shenghonggufen,300693  盛弘股份  ·  SHGF,2026-09-02
300694,蠡湖股份,LHGF,lihugufen,300694  蠡湖股份  ·  LHGF,2026-09-02
300695,兆丰股份,ZFGF,zhaofenggufen,300695  兆丰股份  ·  ZFGF,2026-09-02
300696,爱乐达,ALD,aileda,300696  爱乐达  ·  ALD,2026-09-02
300697,电工合金,DGHJ,diangonghejin,300697  电工合金  ·  DGHJ,2026-09-02
300698,万马科技,WMKJ,wanmakeji,300698  万马科技  ·  WMKJ,2026-09-02
300699,光威复材,GWFC,guangweifucai,300699  光威复材  ·  GWFC,2026-09-02
300700,岱勒新材,DLXC,daileixincai,300700  岱勒新材  ·  DLXC,2026-09-02
300701,森霸传感,SBCG,senbachuangan,300701  森霸传感  ·  SBCG,2026-09-02
300702,天宇股份,TYGF,tianyugufen,300702  天宇股份  ·  TYGF,2026-09-02
300703,创源股份,CYGF,chuangyuangufen,300703  创源股份  ·  CYGF,2026-09-02
300705,九典制药,JDZY,jiudianzhiyao,300705  九典制药  ·  JDZY,2026-09-02
300706,阿石创,ASC,ashichuang,300706  阿石创  ·  ASC,2026-09-02
300707,威唐工业,WTGY,weitanggongye,300707  威唐工业  ·  WTGY,2026-09-02
300708,聚灿光电,JCGD,jucanguangdian,300708  聚灿光电  ·  JCGD,2026-09-02
300709,精研科技,JYKJ,jingyankeji,300709  精研科技  ·  JYKJ,2026-09-02
300710,万隆光电,WLGD,wanlongguangdian,300710  万隆光电  ·  WLGD,2026-09-02
300711,广哈通信,GHTX,guanghatongxin,300711  广哈通信  ·  GHTX,2026-09-02
300712,永福股份,YFGF,yongfugufen,300712  永福股份  ·  YFGF,2026-09-02
300713,英可瑞,YKR,yingkerui,300713  英可瑞  ·  YKR,2026-09-02
300715,凯伦股份,KLGF,kailungufen,300715  凯伦股份  ·  KLGF,2026-09-02
300716,*ST泉为,*STQW,*stquanwei,300716  *ST泉为  ·  *STQW,2026-09-02
300717,华信新材,HXXC,huaxinxincai,300717  华信新材  ·  HXXC,2026-09-02
300718,长盛轴承,ZSZC,zhangshengzhoucheng,300718  长盛轴承  ·  ZSZC,2026-09-02
300719,安达维尔,ADWE,andaweier,300719  安达维尔  ·  ADWE,2026-09-02
300720,海川智能,HCZN,haichuanzhineng,300720  海川智能  ·  HCZN,2026-09-02
300721,怡达股份,YDGF,yidagufen,300721  怡达股份  ·  YDGF,2026-09-02
300722,新余国科,XYGK,xinyuguoke,300722  新余国科  ·  XYGK,2026-09-02
300723,一品红,YPH,yipinhong,300723  一品红  ·  YPH,2026-09-02
300724,捷佳伟创,JJWC,jiejiaweichuang,300724  捷佳伟创  ·  JJWC,2026-09-02
300725,药石科技,YSKJ,yaoshikeji,300725  药石科技  ·  YSKJ,2026-09-02
300726,宏达电子,HDDZ,hongdadianzi,300726  宏达电子  ·  HDDZ,2026-09-02
300727,润禾材料,RHCL,runhecailiao,300727  润禾材料  ·  RHCL,2026-09-02
300729,乐歌股份,YGGF,yuegegufen,300729  乐歌股份  ·  YGGF,2026-09-02
300730,科创信息,KCXX,kechuangxinxi,300730  科创信息  ·  KCXX,2026-09-02
300731,科创新源,KCXY,kechuangxinyuan,300731  科创新源  ·  KCXY,2026-09-02
300732,设研院,SYY,sheyanyuan,300732  设研院  ·  SYY,2026-09-02
300733,西菱动力,XLDL,xilingdongli,300733  西菱动力  ·  XLDL,2026-09-02
300735,光弘科技,GHKJ,guanghongkeji,300735  光弘科技  ·  GHKJ,2026-09-02
300736,百邦科技,BBKJ,baibangkeji,300736  百邦科技  ·  BBKJ,2026-09-02
300737,科顺股份,KSGF,keshungufen,300737  科顺股份  ·  KSGF,2026-09-02
300738,奥飞数据,AFSJ,aofeishuju,300738  奥飞数据  ·  AFSJ,2026-09-02
300739,明阳电路,MYDL,mingyangdianlu,300739  明阳电路  ·  MYDL,2026-09-02
300740,水羊股份,SYGF,shuiyanggufen,300740  水羊股份  ·  SYGF,2026-09-02
300741,华宝股份,HBGF,huabaogufen,300741  华宝股份  ·  HBGF,2026-09-02
300743,天地数码,TDSM,tiandishuma,300743  天地数码  ·  TDSM,2026-09-02
300745,欣锐科技,XRKJ,xinruikeji,300745  欣锐科技  ·  XRKJ,2026-09-02
300746,汉嘉数智,HJSZ,hanjiashuzhi,300746  汉嘉数智  ·  HJSZ,2026-09-02
300747,锐科激光,RKJG,ruikejiguang,300747  锐科激光  ·  RKJG,2026-09-02
300748,金力永磁,JLYC,jinliyongci,300748  金力永磁  ·  JLYC,2026-09-02
300749,顶固集创,DGJC,dinggujichuang,300749  顶固集创  ·  DGJC,2026-09-02
300750,宁德时代,NDSD,ningdeshidai,300750  宁德时代  ·  NDSD,2026-09-02
300751,迈为股份,MWGF,maiweigufen,300751  迈为股份  ·  MWGF,2026-09-02
300752,隆利科技,LLKJ,longlikeji,300752  隆利科技  ·  LLKJ,2026-09-02
300753,爱朋医疗,APYL,aipengyiliao,300753  爱朋医疗  ·  APYL,2026-09-02
300755,华致酒行,HZJX,huazhijiuxing,300755  华致酒行  ·  HZJX,2026-09-02
300756,金马游乐,JMYL,jinmayoule,300756  金马游乐  ·  JMYL,2026-09-02
300757,罗博特科,LBTK,luoboteke,300757  罗博特科  ·  LBTK,2026-09-02
300758,七彩化学,QCHX,qicaihuaxue,300758  七彩化学  ·  QCHX,2026-09-02
300759,康龙化成,KLHC,kanglonghuacheng,300759  康龙化成  ·  KLHC,2026-09-02
300760,迈瑞医疗,MRYL,mairuiyiliao,300760  迈瑞医疗  ·  MRYL,2026-09-02
300761,立华股份,LHGF,lihuagufen,300761  立华股份  ·  LHGF,2026-09-02
300762,上海瀚讯,SHHX,shanghaihanxun,300762  上海瀚讯  ·  SHHX,2026-09-02
300763,锦浪科技,JLKJ,jinlangkeji,300763  锦浪科技  ·  JLKJ,2026-09-02
300765,石药创新,SYCX,shiyaochuangxin,300765  石药创新  ·  SYCX,2026-09-02
300766,每日互动,MRHD,meirihudong,300766  每日互动  ·  MRHD,2026-09-02
300767,震安科技,ZAKJ,zhenankeji,300767  震安科技  ·  ZAKJ,2026-09-02
300768,迪普科技,DPKJ,dipukeji,300768  迪普科技  ·  DPKJ,2026-09-02
300769,德方纳米,DFNM,defangnami,300769  德方纳米  ·  DFNM,2026-09-02
300770,新媒股份,XMGF,xinmeigufen,300770  新媒股份  ·  XMGF,2026-09-02
300771,智莱科技,ZLKJ,zhilaikeji,300771  智莱科技  ·  ZLKJ,2026-09-02
300772,运达股份,YDGF,yundagufen,300772  运达股份  ·  YDGF,2026-09-02
300773,拉卡拉,LKL,lakala,300773  拉卡拉  ·  LKL,2026-09-02
300774,倍杰特,BJT,beijiete,300774  倍杰特  ·  BJT,2026-09-02
300775,三角防务,SJFW,sanjiaofangwu,300775  三角防务  ·  SJFW,2026-09-02
300776,帝尔激光,DEJG,dierjiguang,300776  帝尔激光  ·  DEJG,2026-09-02
300777,中简科技,ZJKJ,zhongjiankeji,300777  中简科技  ·  ZJKJ,2026-09-02
300778,新城市,XCS,xinchengshi,300778  新城市  ·  XCS,2026-09-02
300779,惠城环保,HCHB,huichenghuanbao,300779  惠城环保  ·  HCHB,2026-09-02
300780,德恩精工,DEJG,deenjinggong,300780  德恩精工  ·  DEJG,2026-09-02
300781,因赛集团,YSJT,yinsaijituan,300781  因赛集团  ·  YSJT,2026-09-02
300782,卓胜微,ZSW,zhuoshengwei,300782  卓胜微  ·  ZSW,2026-09-02
300783,三只松鼠,SZSS,sanzhisongshu,300783  三只松鼠  ·  SZSS,2026-09-02
300784,利安科技,LAKJ,liankeji,300784  利安科技  ·  LAKJ,2026-09-02
300785,值得买,ZDM,zhidemai,300785  值得买  ·  ZDM,2026-09-02
300786,国林科技,GLKJ,guolinkeji,300786  国林科技  ·  GLKJ,2026-09-02
300787,海能实业,HNSY,hainengshiye,300787  海能实业  ·  HNSY,2026-09-02
300788,中信出版,ZXCB,zhongxinchuban,300788  中信出版  ·  ZXCB,2026-09-02
300789,唐源电气,TYDQ,tangyuandianqi,300789  唐源电气  ·  TYDQ,2026-09-02
300790,宇瞳光学,YTGX,yutongguangxue,300790  宇瞳光学  ·  YTGX,2026-09-02
300791,仙乐健康,XLJK,xianlejiankang,300791  仙乐健康  ·  XLJK,2026-09-02
300792,壹网壹创,YWYC,yiwangyichuang,300792  壹网壹创  ·  YWYC,2026-09-02
300793,佳禾智能,JHZN,jiahezhineng,300793  佳禾智能  ·  JHZN,2026-09-02
300795,米奥会展,MAHZ,miaohuizhan,300795  米奥会展  ·  MAHZ,2026-09-02
300796,贝斯美,BSM,beisimei,300796  贝斯美  ·  BSM,2026-09-02
300797,钢研纳克,GYNK,gangyannake,300797  钢研纳克  ·  GYNK,2026-09-02
300798,锦鸡股份,JJGF,jinjigufen,300798  锦鸡股份  ·  JJGF,2026-09-02
300800,力合科技,LHKJ,lihekeji,300800  力合科技  ·  LHKJ,2026-09-02
300801,泰和科技,THKJ,taihekeji,300801  泰和科技  ·  THKJ,2026-09-02
300802,矩子科技,JZKJ,juzikeji,300802  矩子科技  ·  JZKJ,2026-09-02
300803,指南针,ZNZ,zhinanzhen,300803  指南针  ·  ZNZ,2026-09-02
300804,广康生化,GKSH,guangkangshenghua,300804  广康生化  ·  GKSH,2026-09-02
300805,电声股份,DSGF,dianshenggufen,300805  电声股份  ·  DSGF,2026-09-02
300806,斯迪克,SDK,sidike,300806  斯迪克  ·  SDK,2026-09-02
300807,天迈科技,TMKJ,tianmaikeji,300807  天迈科技  ·  TMKJ,2026-09-02
300808,久量股份,JLGF,jiulianggufen,300808  久量股份  ·  JLGF,2026-09-02
300809,华辰装备,HCZB,huachenzhuangbei,300809  华辰装备  ·  HCZB,2026-09-02
300810,中科海讯,ZKHX,zhongkehaixun,300810  中科海讯  ·  ZKHX,2026-09-02
300811,铂科新材,BKXC,bokexincai,300811  铂科新材  ·  BKXC,2026-09-02
300812,易天股份,YTGF,yitiangufen,300812  易天股份  ·  YTGF,2026-09-02
300813,泰林生物,TLSW,tailinshengwu,300813  泰林生物  ·  TLSW,2026-09-02
300814,中富电路,ZFDL,zhongfudianlu,300814  中富电路  ·  ZFDL,2026-09-02
300815,玉禾田,YHT,yuhetian,300815  玉禾田  ·  YHT,2026-09-02
300816,艾可蓝,AKL,aikelan,300816  艾可蓝  ·  AKL,2026-09-02
300817,双飞集团,SFJT,shuangfeijituan,300817  双飞集团  ·  SFJT,2026-09-02
300818,耐普矿机,NPKJ,naipukuangji,300818  耐普矿机  ·  NPKJ,2026-09-02
300819,聚杰微纤,JJWX,jujieweixian,300819  聚杰微纤  ·  JJWX,2026-09-02
300820,英杰电气,YJDQ,yingjiedianqi,300820  英杰电气  ·  YJDQ,2026-09-02
300821,东岳硅材,DYGC,dongyueguicai,300821  东岳硅材  ·  DYGC,2026-09-02
300822,贝仕达克,BSDK,beishidake,300822  贝仕达克  ·  BSDK,2026-09-02
300823,建科智能,JKZN,jiankezhineng,300823  建科智能  ·  JKZN,2026-09-02
300824,北鼎股份,BDGF,beidinggufen,300824  北鼎股份  ·  BDGF,2026-09-02
300825,阿尔特,AET,aerte,300825  阿尔特  ·  AET,2026-09-02
300826,测绘股份,CHGF,cehuigufen,300826  测绘股份  ·  CHGF,2026-09-02
300827,上能电气,SNDQ,shangnengdianqi,300827  上能电气  ·  SNDQ,2026-09-02
300828,锐新科技,RXKJ,ruixinkeji,300828  锐新科技  ·  RXKJ,2026-09-02
300829,金丹科技,JDKJ,jindankeji,300829  金丹科技  ·  JDKJ,2026-09-02
300830,金现代,JXD,jinxiandai,300830  金现代  ·  JXD,2026-09-02
300831,ST派瑞,STPR,stpairui,300831  ST派瑞  ·  STPR,2026-09-02
300832,新产业,XCY,xinchanye,300832  新产业  ·  XCY,2026-09-02
300833,浩洋股份,HYGF,haoyanggufen,300833  浩洋股份  ·  HYGF,2026-09-02
300834,星辉环材,XHHC,xinghuihuancai,300834  星辉环材  ·  XHHC,2026-09-02
300835,龙磁科技,LCKJ,longcikeji,300835  龙磁科技  ·  LCKJ,2026-09-02
300836,佰奥智能,BAZN,baiaozhineng,300836  佰奥智能  ·  BAZN,2026-09-02
300837,浙矿股份,ZKGF,zhekuanggufen,300837  浙矿股份  ·  ZKGF,2026-09-02
300838,浙江力诺,ZJLN,zhejianglinuo,300838  浙江力诺  ·  ZJLN,2026-09-02
300839,博汇股份,BHGF,bohuigufen,300839  博汇股份  ·  BHGF,2026-09-02
300840,酷特智能,KTZN,kutezhineng,300840  酷特智能  ·  KTZN,2026-09-02
300841,康华生物,KHSW,kanghuashengwu,300841  康华生物  ·  KHSW,2026-09-02
300842,帝科股份,DKGF,dikegufen,300842  帝科股份  ·  DKGF,2026-09-02
300843,胜蓝股份,SLGF,shenglangufen,300843  胜蓝股份  ·  SLGF,2026-09-02
300844,山水比德,SSBD,shanshuibide,300844  山水比德  ·  SSBD,2026-09-02
300845,捷安高科,JAGK,jieangaoke,300845  捷安高科  ·  JAGK,2026-09-02
300846,首都在线,SDZX,shouduzaixian,300846  首都在线  ·  SDZX,2026-09-02
300847,中船汉光,ZCHG,zhongchuanhanguang,300847  中船汉光  ·  ZCHG,2026-09-02
300848,美瑞新材,MRXC,meiruixincai,300848  美瑞新材  ·  MRXC,2026-09-02
300849,锦盛新材,JSXC,jinshengxincai,300849  锦盛新材  ·  JSXC,2026-09-02
300850,新强联,XQL,xinqianglian,300850  新强联  ·  XQL,2026-09-02
300851,交大思诺,JDSN,jiaodasinuo,300851  交大思诺  ·  JDSN,2026-09-02
300852,四会富仕,SHFS,sihuifushi,300852  四会富仕  ·  SHFS,2026-09-02
300853,申昊科技,SHKJ,shenhaokeji,300853  申昊科技  ·  SHKJ,2026-09-02
300854,中兰环保,ZLHB,zhonglanhuanbao,300854  中兰环保  ·  ZLHB,2026-09-02
300855,图南股份,TNGF,tunangufen,300855  图南股份  ·  TNGF,2026-09-02
300856,科思股份,KSGF,kesigufen,300856  科思股份  ·  KSGF,2026-09-02
300857,协创数据,XCSJ,xiechuangshuju,300857  协创数据  ·  XCSJ,2026-09-02
300858,科拓生物,KTSW,ketuoshengwu,300858  科拓生物  ·  KTSW,2026-09-02
300859,西域旅游,XYLY,xiyulvyou,300859  西域旅游  ·  XYLY,2026-09-02
300860,锋尚文化,FSWH,fengshangwenhua,300860  锋尚文化  ·  FSWH,2026-09-02
300861,美畅股份,MCGF,meichanggufen,300861  美畅股份  ·  MCGF,2026-09-02
300862,蓝盾光电,LDGD,landunguangdian,300862  蓝盾光电  ·  LDGD,2026-09-02
300863,卡倍亿,KBY,kabeiyi,300863  卡倍亿  ·  KBY,2026-09-02
300864,南大环境,NDHJ,nandahuanjing,300864  南大环境  ·  NDHJ,2026-09-02
300865,大宏立,DHL,dahongli,300865  大宏立  ·  DHL,2026-09-02
300866,安克创新,AKCX,ankechuangxin,300866  安克创新  ·  AKCX,2026-09-02
300867,圣元环保,SYHB,shengyuanhuanbao,300867  圣元环保  ·  SYHB,2026-09-02
300868,杰美特,JMT,jiemeite,300868  杰美特  ·  JMT,2026-09-02
300869,康泰医学,KTYX,kangtaiyixue,300869  康泰医学  ·  KTYX,2026-09-02
300870,欧陆通,OLT,oulutong,300870  欧陆通  ·  OLT,2026-09-02
300871,回盛生物,HSSW,huishengshengwu,300871  回盛生物  ·  HSSW,2026-09-02
300872,天阳科技,TYKJ,tianyangkeji,300872  天阳科技  ·  TYKJ,2026-09-02
300873,海晨股份,HCGF,haichengufen,300873  海晨股份  ·  HCGF,2026-09-02
300875,捷强装备,JQZB,jieqiangzhuangbei,300875  捷强装备  ·  JQZB,2026-09-02
300876,蒙泰高新,MTGX,mengtaigaoxin,300876  蒙泰高新  ·  MTGX,2026-09-02
300877,金春股份,JCGF,jinchungufen,300877  金春股份  ·  JCGF,2026-09-02
300878,维康药业,WKYY,weikangyaoye,300878  维康药业  ·  WKYY,2026-09-02
300879,大叶股份,DYGF,dayegufen,300879  大叶股份  ·  DYGF,2026-09-02
300880,迦南智能,JNZN,jiananzhineng,300880  迦南智能  ·  JNZN,2026-09-02
300881,盛德鑫泰,SDXT,shengdexintai,300881  盛德鑫泰  ·  SDXT,2026-09-02
300882,万胜智能,WSZN,wanshengzhineng,300882  万胜智能  ·  WSZN,2026-09-02
300883,龙利得,LLD,longlide,300883  龙利得  ·  LLD,2026-09-02
300884,狄耐克,DNK,dinaike,300884  狄耐克  ·  DNK,2026-09-02
300885,海昌新材,HCXC,haichangxincai,300885  海昌新材  ·  HCXC,2026-09-02
300886,华业香料,HYXL,huayexiangliao,300886  华业香料  ·  HYXL,2026-09-02
300887,谱尼测试,PNCS,puniceshi,300887  谱尼测试  ·  PNCS,2026-09-02
300888,稳健医疗,WJYL,wenjianyiliao,300888  稳健医疗  ·  WJYL,2026-09-02
300889,爱克股份,AKGF,aikegufen,300889  爱克股份  ·  AKGF,2026-09-02
300890,翔丰华,XFH,xiangfenghua,300890  翔丰华  ·  XFH,2026-09-02
300891,惠云钛业,HYTY,huiyuntaiye,300891  惠云钛业  ·  HYTY,2026-09-02
300892,品渥食品,PWSP,pinwoshipin,300892  品渥食品  ·  PWSP,2026-09-02
300893,松原安全,SYAQ,songyuananquan,300893  松原安全  ·  SYAQ,2026-09-02
300894,火星人,HXR,huoxingren,300894  火星人  ·  HXR,2026-09-02
300895,铜牛信息,TNXX,tongniuxinxi,300895  铜牛信息  ·  TNXX,2026-09-02
300896,爱美客,AMK,aimeike,300896  爱美客  ·  AMK,2026-09-02
300897,山科智能,SKZN,shankezhineng,300897  山科智能  ·  SKZN,2026-09-02
300898,熊猫乳品,XMRP,xiongmaorupin,300898  熊猫乳品  ·  XMRP,2026-09-02
300899,上海凯鑫,SHKX,shanghaikaixin,300899  上海凯鑫  ·  SHKX,2026-09-02
300900,广联航空,GLHK,guanglianhangkong,300900  广联航空  ·  GLHK,2026-09-02
300901,中胤时尚,ZYSS,zhongyinshishang,300901  中胤时尚  ·  ZYSS,2026-09-02
300902,国安达,GAD,guoanda,300902  国安达  ·  GAD,2026-09-02
300903,科翔股份,KXGF,kexianggufen,300903  科翔股份  ·  KXGF,2026-09-02
300904,威力传动,WLCD,weilichuandong,300904  威力传动  ·  WLCD,2026-09-02
300905,宝丽迪,BLD,baolidi,300905  宝丽迪  ·  BLD,2026-09-02
300906,日月明,RYM,riyueming,300906  日月明  ·  RYM,2026-09-02
300907,康平科技,KPKJ,kangpingkeji,300907  康平科技  ·  KPKJ,2026-09-02
300908,仲景食品,ZJSP,zhongjingshipin,300908  仲景食品  ·  ZJSP,2026-09-02
300909,汇创达,HCD,huichuangda,300909  汇创达  ·  HCD,2026-09-02
300910,瑞丰新材,RFXC,ruifengxincai,300910  瑞丰新材  ·  RFXC,2026-09-02
300911,亿田智能,YTZN,yitianzhineng,300911  亿田智能  ·  YTZN,2026-09-02
300912,凯龙高科,KLGK,kailonggaoke,300912  凯龙高科  ·  KLGK,2026-09-02
300913,兆龙互连,ZLHL,zhaolonghulian,300913  兆龙互连  ·  ZLHL,2026-09-02
300915,海融科技,HRKJ,hairongkeji,300915  海融科技  ·  HRKJ,2026-09-02
300916,朗特智能,LTZN,langtezhineng,300916  朗特智能  ·  LTZN,2026-09-02
300917,特发服务,TFFW,tefafuwu,300917  特发服务  ·  TFFW,2026-09-02
300918,南山智尚,NSZS,nanshanzhishang,300918  南山智尚  ·  NSZS,2026-09-02
300919,中伟新材,ZWXC,zhongweixincai,300919  中伟新材  ·  ZWXC,2026-09-02
300920,润阳科技,RYKJ,runyangkeji,300920  润阳科技  ·  RYKJ,2026-09-02
300921,南凌科技,NLKJ,nanlingkeji,300921  南凌科技  ·  NLKJ,2026-09-02
300922,天秦装备,TQZB,tianqinzhuangbei,300922  天秦装备  ·  TQZB,2026-09-02
300923,研奥股份,YAGF,yanaogufen,300923  研奥股份  ·  YAGF,2026-09-02
300925,法本信息,FBXX,fabenxinxi,300925  法本信息  ·  FBXX,2026-09-02
300926,博俊科技,BJKJ,bojunkeji,300926  博俊科技  ·  BJKJ,2026-09-02
300927,江天化学,JTHX,jiangtianhuaxue,300927  江天化学  ·  JTHX,2026-09-02
300928,华安鑫创,HAXC,huaanxinchuang,300928  华安鑫创  ·  HAXC,2026-09-02
300929,华骐环保,HQHB,huaqihuanbao,300929  华骐环保  ·  HQHB,2026-09-02
300930,屹通新材,YTXC,yitongxincai,300930  屹通新材  ·  YTXC,2026-09-02
300931,通用电梯,TYDT,tongyongdianti,300931  通用电梯  ·  TYDT,2026-09-02
300932,三友联众,SYLZ,sanyoulianzhong,300932  三友联众  ·  SYLZ,2026-09-02
300933,中辰股份,ZCGF,zhongchengufen,300933  中辰股份  ·  ZCGF,2026-09-02
300935,盈建科,YJK,yingjianke,300935  盈建科  ·  YJK,2026-09-02
300936,中英科技,ZYKJ,zhongyingkeji,300936  中英科技  ·  ZYKJ,2026-09-02
300937,药易购,YYG,yaoyigou,300937  药易购  ·  YYG,2026-09-02
300938,信测标准,XCBZ,xincebiaozhun,300938  信测标准  ·  XCBZ,2026-09-02
300939,秋田微,QTW,qiutianwei,300939  秋田微  ·  QTW,2026-09-02
300940,南极光,NJG,nanjiguang,300940  南极光  ·  NJG,2026-09-02
300941,创识科技,CSKJ,chuangshikeji,300941  创识科技  ·  CSKJ,2026-09-02
300942,易瑞生物,YRSW,yiruishengwu,300942  易瑞生物  ·  YRSW,2026-09-02
300943,春晖智控,CHZK,chunhuizhikong,300943  春晖智控  ·  CHZK,2026-09-02
300945,曼卡龙,MKL,mankalong,300945  曼卡龙  ·  MKL,2026-09-02
300946,恒而达,HED,hengerda,300946  恒而达  ·  HED,2026-09-02
300947,德必集团,DBJT,debijituan,300947  德必集团  ·  DBJT,2026-09-02
300948,冠中生态,GZST,guanzhongshengtai,300948  冠中生态  ·  GZST,2026-09-02
300949,奥雅股份,AYGF,aoyagufen,300949  奥雅股份  ·  AYGF,2026-09-02
300950,德固特,DGT,degute,300950  德固特  ·  DGT,2026-09-02
300951,博硕科技,BSKJ,boshuokeji,300951  博硕科技  ·  BSKJ,2026-09-02
300952,恒辉安防,HHAF,henghuianfang,300952  恒辉安防  ·  HHAF,2026-09-02
300953,震裕科技,ZYKJ,zhenyukeji,300953  震裕科技  ·  ZYKJ,2026-09-02
300955,嘉亨家化,JHJH,jiahengjiahua,300955  嘉亨家化  ·  JHJH,2026-09-02
300956,英力股份,YLGF,yingligufen,300956  英力股份  ·  YLGF,2026-09-02
300957,贝泰妮,BTN,beitaini,300957  贝泰妮  ·  BTN,2026-09-02
300958,建工修复,JGXF,jiangongxiufu,300958  建工修复  ·  JGXF,2026-09-02
300959,线上线下,XSXX,xianshangxianxia,300959  线上线下  ·  XSXX,2026-09-02
300960,通业科技,TYKJ,tongyekeji,300960  通业科技  ·  TYKJ,2026-09-02
300961,深水海纳,SSHN,shenshuihaina,300961  深水海纳  ·  SSHN,2026-09-02
300962,中金辐照,ZJFZ,zhongjinfuzhao,300962  中金辐照  ·  ZJFZ,2026-09-02
300963,中洲特材,ZZTC,zhongzhoutecai,300963  中洲特材  ·  ZZTC,2026-09-02
300964,本川智能,BCZN,benchuanzhineng,300964  本川智能  ·  BCZN,2026-09-02
300965,恒宇信通,HYXT,hengyuxintong,300965  恒宇信通  ·  HYXT,2026-09-02
300966,共同药业,GTYY,gongtongyaoye,300966  共同药业  ·  GTYY,2026-09-02
300967,晓鸣股份,XMGF,xiaominggufen,300967  晓鸣股份  ·  XMGF,2026-09-02
300968,格林精密,GLJM,gelinjingmi,300968  格林精密  ·  GLJM,2026-09-02
300969,恒帅股份,HSGF,hengshuaigufen,300969  恒帅股份  ·  HSGF,2026-09-02
300970,华绿生物,HLSW,hualvshengwu,300970  华绿生物  ·  HLSW,2026-09-02
300971,博亚精工,BYJG,boyajinggong,300971  博亚精工  ·  BYJG,2026-09-02
300972,万辰集团,WCJT,wanchenjituan,300972  万辰集团  ·  WCJT,2026-09-02
300973,立高食品,LGSP,ligaoshipin,300973  立高食品  ·  LGSP,2026-09-02
300975,商络电子,SLDZ,shangluodianzi,300975  商络电子  ·  SLDZ,2026-09-02
300976,达瑞电子,DRDZ,daruidianzi,300976  达瑞电子  ·  DRDZ,2026-09-02
300977,深圳瑞捷,SZRJ,shenzhenruijie,300977  深圳瑞捷  ·  SZRJ,2026-09-02
300978,东箭科技,DJKJ,dongjiankeji,300978  东箭科技  ·  DJKJ,2026-09-02
300979,华利集团,HLJT,hualijituan,300979  华利集团  ·  HLJT,2026-09-02
300980,祥源新材,XYXC,xiangyuanxincai,300980  祥源新材  ·  XYXC,2026-09-02
300981,中红医疗,ZHYL,zhonghongyiliao,300981  中红医疗  ·  ZHYL,2026-09-02
300982,苏文电能,SWDN,suwendianneng,300982  苏文电能  ·  SWDN,2026-09-02
300983,尤安设计,YASJ,youansheji,300983  尤安设计  ·  YASJ,2026-09-02
300984,金沃股份,JWGF,jinwogufen,300984  金沃股份  ·  JWGF,2026-09-02
300985,致远新能,ZYXN,zhiyuanxinneng,300985  致远新能  ·  ZYXN,2026-09-02
300986,志特新材,ZTXC,zhitexincai,300986  志特新材  ·  ZTXC,2026-09-02
300987,川网传媒,CWCM,chuanwangchuanmei,300987  川网传媒  ·  CWCM,2026-09-02
300988,津荣天宇,JRTY,jinrongtianyu,300988  津荣天宇  ·  JRTY,2026-09-02
300989,蕾奥规划,LAGH,leiaoguihua,300989  蕾奥规划  ·  LAGH,2026-09-02
300990,同飞股份,TFGF,tongfeigufen,300990  同飞股份  ·  TFGF,2026-09-02
300991,创益通,CYT,chuangyitong,300991  创益通  ·  CYT,2026-09-02
300992,泰福泵业,TFBY,taifubengye,300992  泰福泵业  ·  TFBY,2026-09-02
300993,玉马科技,YMKJ,yumakeji,300993  玉马科技  ·  YMKJ,2026-09-02
300994,久祺股份,JQGF,jiuqigufen,300994  久祺股份  ·  JQGF,2026-09-02
300995,奇德新材,QDXC,qidexincai,300995  奇德新材  ·  QDXC,2026-09-02
300996,普联软件,PLRJ,pulianruanjian,300996  普联软件  ·  PLRJ,2026-09-02
300997,欢乐家,HLJ,huanlejia,300997  欢乐家  ·  HLJ,2026-09-02
300998,宁波方正,NBFZ,ningbofangzheng,300998  宁波方正  ·  NBFZ,2026-09-02
300999,金龙鱼,JLY,jinlongyu,300999  金龙鱼  ·  JLY,2026-09-02
301000,肇民科技,ZMKJ,zhaominkeji,301000  肇民科技  ·  ZMKJ,2026-09-02
301001,凯淳股份,KCGF,kaichungufen,301001  凯淳股份  ·  KCGF,2026-09-02
301002,崧盛股份,SSGF,songshenggufen,301002  崧盛股份  ·  SSGF,2026-09-02
301003,江苏博云,JSBY,jiangsuboyun,301003  江苏博云  ·  JSBY,2026-09-02
301004,嘉益股份,JYGF,jiayigufen,301004  嘉益股份  ·  JYGF,2026-09-02
301005,超捷股份,CJGF,chaojiegufen,301005  超捷股份  ·  CJGF,2026-09-02
301006,迈拓股份,MTGF,maituogufen,301006  迈拓股份  ·  MTGF,2026-09-02
301007,德迈仕,DMS,demaishi,301007  德迈仕  ·  DMS,2026-09-02
301008,宏昌科技,HCKJ,hongchangkeji,301008  宏昌科技  ·  HCKJ,2026-09-02
301009,可靠股份,KKGF,kekaogufen,301009  可靠股份  ·  KKGF,2026-09-02
301010,晶雪节能,JXJN,jingxuejieneng,301010  晶雪节能  ·  JXJN,2026-09-02
301011,华立科技,HLKJ,hualikeji,301011  华立科技  ·  HLKJ,2026-09-02
301012,扬电科技,YDKJ,yangdiankeji,301012  扬电科技  ·  YDKJ,2026-09-02
301013,利和兴,LHX,lihexing,301013  利和兴  ·  LHX,2026-09-02
301015,百洋医药,BYYY,baiyangyiyao,301015  百洋医药  ·  BYYY,2026-09-02
301016,雷尔伟,LEW,leierwei,301016  雷尔伟  ·  LEW,2026-09-02
301017,漱玉平民,SYPM,shuyupingmin,301017  漱玉平民  ·  SYPM,2026-09-02
301018,申菱环境,SLHJ,shenlinghuanjing,301018  申菱环境  ·  SLHJ,2026-09-02
301019,宁波色母,NBSM,ningbosemu,301019  宁波色母  ·  NBSM,2026-09-02
301020,密封科技,MFKJ,mifengkeji,301020  密封科技  ·  MFKJ,2026-09-02
301021,英诺激光,YNJG,yingnuojiguang,301021  英诺激光  ·  YNJG,2026-09-02
301022,海泰科,HTK,haitaike,301022  海泰科  ·  HTK,2026-09-02
301023,奕帆传动,YFCD,yifanchuandong,301023  奕帆传动  ·  YFCD,2026-09-02
301024,霍普股份,HPGF,huopugufen,301024  霍普股份  ·  HPGF,2026-09-02
301025,读客文化,DKWH,dukewenhua,301025  读客文化  ·  DKWH,2026-09-02
301026,浩通科技,HTKJ,haotongkeji,301026  浩通科技  ·  HTKJ,2026-09-02
301027,华蓝集团,HLJT,hualanjituan,301027  华蓝集团  ·  HLJT,2026-09-02
301028,鼎熔岩,DRY,dingrongyan,301028  鼎熔岩  ·  DRY,2026-09-02
301029,怡合达,YHD,yiheda,301029  怡合达  ·  YHD,2026-09-02
301030,*ST仕净,*STSJ,*stshijing,301030  *ST仕净  ·  *STSJ,2026-09-02
301031,中熔电气,ZRDQ,zhongrongdianqi,301031  中熔电气  ·  ZRDQ,2026-09-02
301032,新柴股份,XCGF,xinchaigufen,301032  新柴股份  ·  XCGF,2026-09-02
301033,迈普医学,MPYX,maipuyixue,301033  迈普医学  ·  MPYX,2026-09-02
301035,润丰股份,RFGF,runfenggufen,301035  润丰股份  ·  RFGF,2026-09-02
301036,双乐股份,SLGF,shuanglegufen,301036  双乐股份  ·  SLGF,2026-09-02
301037,保立佳,BLJ,baolijia,301037  保立佳  ·  BLJ,2026-09-02
301038,深水规院,SSGY,shenshuiguiyuan,301038  深水规院  ·  SSGY,2026-09-02
301039,中集车辆,ZJCL,zhongjicheliang,301039  中集车辆  ·  ZJCL,2026-09-02
301040,中环海陆,ZHHL,zhonghuanhailu,301040  中环海陆  ·  ZHHL,2026-09-02
301041,金百泽,JBZ,jinbaize,301041  金百泽  ·  JBZ,2026-09-02
301042,安联锐视,ALRS,anlianruishi,301042  安联锐视  ·  ALRS,2026-09-02
301043,绿岛风,LDF,lvdaofeng,301043  绿岛风  ·  LDF,2026-09-02
301045,天禄科技,TLKJ,tianlukeji,301045  天禄科技  ·  TLKJ,2026-09-02
301046,能辉科技,NHKJ,nenghuikeji,301046  能辉科技  ·  NHKJ,2026-09-02
301047,义翘神州,YQSZ,yiqiaoshenzhou,301047  义翘神州  ·  YQSZ,2026-09-02
301048,金鹰重工,JYZG,jinyingzhonggong,301048  金鹰重工  ·  JYZG,2026-09-02
301049,超越科技,CYKJ,chaoyuekeji,301049  超越科技  ·  CYKJ,2026-09-02
301050,雷电微力,LDWL,leidianweili,301050  雷电微力  ·  LDWL,2026-09-02
301051,信濠光电,XHGD,xinhaoguangdian,301051  信濠光电  ·  XHGD,2026-09-02
301052,果麦文化,GMWH,guomaiwenhua,301052  果麦文化  ·  GMWH,2026-09-02
301053,远信工业,YXGY,yuanxingongye,301053  远信工业  ·  YXGY,2026-09-02
301055,张小泉,ZXQ,zhangxiaoquan,301055  张小泉  ·  ZXQ,2026-09-02
301056,森赫股份,SHGF,senhegufen,301056  森赫股份  ·  SHGF,2026-09-02
301057,汇隆新材,HLXC,huilongxincai,301057  汇隆新材  ·  HLXC,2026-09-02
301058,中粮科工,ZLKG,zhongliangkegong,301058  中粮科工  ·  ZLKG,2026-09-02
301059,金三江,JSJ,jinsanjiang,301059  金三江  ·  JSJ,2026-09-02
301060,兰卫医学,LWYX,lanweiyixue,301060  兰卫医学  ·  LWYX,2026-09-02
301061,匠心家居,JXJJ,jiangxinjiaju,301061  匠心家居  ·  JXJJ,2026-09-02
301062,上海艾录,SHAL,shanghaiailu,301062  上海艾录  ·  SHAL,2026-09-02
301063,海锅股份,HGGF,haiguogufen,301063  海锅股份  ·  HGGF,2026-09-02
301065,本立科技,BLKJ,benlikeji,301065  本立科技  ·  BLKJ,2026-09-02
301066,万事利,WSL,wanshili,301066  万事利  ·  WSL,2026-09-02
301067,显盈科技,XYKJ,xianyingkeji,301067  显盈科技  ·  XYKJ,2026-09-02
301068,大地海洋,DDHY,dadihaiyang,301068  大地海洋  ·  DDHY,2026-09-02
301069,凯盛新材,KSXC,kaishengxincai,301069  凯盛新材  ·  KSXC,2026-09-02
301070,开勒股份,KLGF,kaileigufen,301070  开勒股份  ·  KLGF,2026-09-02
301071,力量钻石,LLZS,liliangzuanshi,301071  力量钻石  ·  LLZS,2026-09-02
301072,中捷精工,ZJJG,zhongjiejinggong,301072  中捷精工  ·  ZJJG,2026-09-02
301073,君亭酒店,JTJD,juntingjiudian,301073  君亭酒店  ·  JTJD,2026-09-02
301075,多瑞医药,DRYY,duoruiyiyao,301075  多瑞医药  ·  DRYY,2026-09-02
301076,新瀚新材,XHXC,xinhanxincai,301076  新瀚新材  ·  XHXC,2026-09-02
301077,星华新材,XHXC,xinghuaxincai,301077  星华新材  ·  XHXC,2026-09-02
301078,孩子王,HZW,haiziwang,301078  孩子王  ·  HZW,2026-09-02
301079,邵阳液压,SYYY,shaoyangyeya,301079  邵阳液压  ·  SYYY,2026-09-02
301080,百普赛斯,BPSS,baipusaisi,301080  百普赛斯  ·  BPSS,2026-09-02
301081,严牌股份,YPGF,yanpaigufen,301081  严牌股份  ·  YPGF,2026-09-02
301082,久盛电气,JSDQ,jiushengdianqi,301082  久盛电气  ·  JSDQ,2026-09-02
301083,百胜智能,BSZN,baishengzhineng,301083  百胜智能  ·  BSZN,2026-09-02
301085,亚康股份,YKGF,yakanggufen,301085  亚康股份  ·  YKGF,2026-09-02
301086,鸿富瀚,HFH,hongfuhan,301086  鸿富瀚  ·  HFH,2026-09-02
301087,可孚医疗,KFYL,kefuyiliao,301087  可孚医疗  ·  KFYL,2026-09-02
301088,戎美股份,RMGF,rongmeigufen,301088  戎美股份  ·  RMGF,2026-09-02
301089,拓新药业,TXYY,tuoxinyaoye,301089  拓新药业  ·  TXYY,2026-09-02
301090,华润材料,HRCL,huaruncailiao,301090  华润材料  ·  HRCL,2026-09-02
301091,深城交,SCJ,shenchengjiao,301091  深城交  ·  SCJ,2026-09-02
301092,争光股份,ZGGF,zhengguanggufen,301092  争光股份  ·  ZGGF,2026-09-02
301093,华兰股份,HLGF,hualangufen,301093  华兰股份  ·  HLGF,2026-09-02
301095,广立微,GLW,guangliwei,301095  广立微  ·  GLW,2026-09-02
301096,百诚医药,BCYY,baichengyiyao,301096  百诚医药  ·  BCYY,2026-09-02
301097,天益医疗,TYYL,tianyiyiliao,301097  天益医疗  ·  TYYL,2026-09-02
301098,金埔园林,JPYL,jinpuyuanlin,301098  金埔园林  ·  JPYL,2026-09-02
301099,雅创电子,YCDZ,yachuangdianzi,301099  雅创电子  ·  YCDZ,2026-09-02
301100,风光股份,FGGF,fengguanggufen,301100  风光股份  ·  FGGF,2026-09-02
301101,明月镜片,MYJP,mingyuejingpian,301101  明月镜片  ·  MYJP,2026-09-02
301102,兆讯传媒,ZXCM,zhaoxunchuanmei,301102  兆讯传媒  ·  ZXCM,2026-09-02
301103,何氏眼科,HSYK,heshiyanke,301103  何氏眼科  ·  HSYK,2026-09-02
301105,鸿铭股份,HMGF,hongminggufen,301105  鸿铭股份  ·  HMGF,2026-09-02
301106,骏成科技,JCKJ,junchengkeji,301106  骏成科技  ·  JCKJ,2026-09-02
301107,瑜欣电子,YXDZ,yuxindianzi,301107  瑜欣电子  ·  YXDZ,2026-09-02
301108,洁雅股份,JYGF,jieyagufen,301108  洁雅股份  ·  JYGF,2026-09-02
301109,军信股份,JXGF,junxingufen,301109  军信股份  ·  JXGF,2026-09-02
301110,青木科技,QMKJ,qingmukeji,301110  青木科技  ·  QMKJ,2026-09-02
301111,粤万年青,YWNQ,yuewannianqing,301111  粤万年青  ·  YWNQ,2026-09-02
301112,信邦智能,XBZN,xinbangzhineng,301112  信邦智能  ·  XBZN,2026-09-02
301113,雅艺科技,YYKJ,yayikeji,301113  雅艺科技  ·  YYKJ,2026-09-02
301115,联检科技,LJKJ,lianjiankeji,301115  联检科技  ·  LJKJ,2026-09-02
301116,益客食品,YKSP,yikeshipin,301116  益客食品  ·  YKSP,2026-09-02
301117,佳缘科技,JYKJ,jiayuankeji,301117  佳缘科技  ·  JYKJ,2026-09-02
301118,恒光股份,HGGF,hengguanggufen,301118  恒光股份  ·  HGGF,2026-09-02
301119,正强股份,ZQGF,zhengqianggufen,301119  正强股份  ·  ZQGF,2026-09-02
301120,新特电气,XTDQ,xintedianqi,301120  新特电气  ·  XTDQ,2026-09-02
301121,紫建电子,ZJDZ,zijiandianzi,301121  紫建电子  ·  ZJDZ,2026-09-02
301122,采纳股份,CNGF,cainagufen,301122  采纳股份  ·  CNGF,2026-09-02
301123,奕东电子,YDDZ,yidongdianzi,301123  奕东电子  ·  YDDZ,2026-09-02
301125,腾亚精工,TYJG,tengyajinggong,301125  腾亚精工  ·  TYJG,2026-09-02
301126,达嘉维康,DJWK,dajiaweikang,301126  达嘉维康  ·  DJWK,2026-09-02
301127,武汉天源,WHTY,wuhantianyuan,301127  武汉天源  ·  WHTY,2026-09-02
301128,强瑞技术,QRJS,qiangruijishu,301128  强瑞技术  ·  QRJS,2026-09-02
301129,瑞纳智能,RNZN,ruinazhineng,301129  瑞纳智能  ·  RNZN,2026-09-02
301130,西点药业,XDYY,xidianyaoye,301130  西点药业  ·  XDYY,2026-09-02
301131,聚赛龙,JSL,jusailong,301131  聚赛龙  ·  JSL,2026-09-02
301132,满坤科技,MKKJ,mankunkeji,301132  满坤科技  ·  MKKJ,2026-09-02
301133,金钟股份,JZGF,jinzhonggufen,301133  金钟股份  ·  JZGF,2026-09-02
301135,瑞德智能,RDZN,ruidezhineng,301135  瑞德智能  ·  RDZN,2026-09-02
301136,招标股份,ZBGF,zhaobiaogufen,301136  招标股份  ·  ZBGF,2026-09-02
301137,哈焊华通,HHHT,hahanhuatong,301137  哈焊华通  ·  HHHT,2026-09-02
301138,华研精机,HYJJ,huayanjingji,301138  华研精机  ·  HYJJ,2026-09-02
301139,*ST元道,*STYD,*styuandao,301139  *ST元道  ·  *STYD,2026-09-02
301141,中科磁业,ZKCY,zhongkeciye,301141  中科磁业  ·  ZKCY,2026-09-02
301148,嘉戎技术,JRJS,jiarongjishu,301148  嘉戎技术  ·  JRJS,2026-09-02
301149,隆华新材,LHXC,longhuaxincai,301149  隆华新材  ·  LHXC,2026-09-02
301150,中一科技,ZYKJ,zhongyikeji,301150  中一科技  ·  ZYKJ,2026-09-02
301151,冠龙节能,GLJN,guanlongjieneng,301151  冠龙节能  ·  GLJN,2026-09-02
301152,天力锂能,TLLN,tianlilineng,301152  天力锂能  ·  TLLN,2026-09-02
301153,中科江南,ZKJN,zhongkejiangnan,301153  中科江南  ·  ZKJN,2026-09-02
301155,海力风电,HLFD,hailifengdian,301155  海力风电  ·  HLFD,2026-09-02
301156,美农生物,MNSW,meinongshengwu,301156  美农生物  ·  MNSW,2026-09-02
301157,华塑科技,HSKJ,huasukeji,301157  华塑科技  ·  HSKJ,2026-09-02
301158,德石股份,DSGF,deshigufen,301158  德石股份  ·  DSGF,2026-09-02
301159,三维天地,SWTD,sanweitiandi,301159  三维天地  ·  SWTD,2026-09-02
301160,翔楼新材,XLXC,xianglouxincai,301160  翔楼新材  ·  XLXC,2026-09-02
301161,唯万密封,WWMF,weiwanmifeng,301161  唯万密封  ·  WWMF,2026-09-02
301162,国能日新,GNRX,guonengrixin,301162  国能日新  ·  GNRX,2026-09-02
301163,宏德股份,HDGF,hongdegufen,301163  宏德股份  ·  HDGF,2026-09-02
301165,锐捷网络,RJWL,ruijiewangluo,301165  锐捷网络  ·  RJWL,2026-09-02
301166,优宁维,YNW,youningwei,301166  优宁维  ·  YNW,2026-09-02
301167,建研设计,JYSJ,jianyansheji,301167  建研设计  ·  JYSJ,2026-09-02
301168,通灵股份,TLGF,tonglinggufen,301168  通灵股份  ·  TLGF,2026-09-02
301169,零点有数,LDYS,lingdianyoushu,301169  零点有数  ·  LDYS,2026-09-02
301170,锡南科技,XNKJ,xinankeji,301170  锡南科技  ·  XNKJ,2026-09-02
301171,易点天下,YDTX,yidiantianxia,301171  易点天下  ·  YDTX,2026-09-02
301172,君逸数码,JYSM,junyishuma,301172  君逸数码  ·  JYSM,2026-09-02
301173,毓恬冠佳,YTGJ,yutianguanjia,301173  毓恬冠佳  ·  YTGJ,2026-09-02
301175,中科环保,ZKHB,zhongkehuanbao,301175  中科环保  ·  ZKHB,2026-09-02
301176,逸豪新材,YHXC,yihaoxincai,301176  逸豪新材  ·  YHXC,2026-09-02
301177,迪阿股份,DAGF,diagufen,301177  迪阿股份  ·  DAGF,2026-09-02
301178,天亿马,TYM,tianyima,301178  天亿马  ·  TYM,2026-09-02
301179,泽宇智能,ZYZN,zeyuzhineng,301179  泽宇智能  ·  ZYZN,2026-09-02
301180,万祥科技,WXKJ,wanxiangkeji,301180  万祥科技  ·  WXKJ,2026-09-02
301181,标榜股份,BBGF,biaobanggufen,301181  标榜股份  ·  BBGF,2026-09-02
301182,凯旺科技,KWKJ,kaiwangkeji,301182  凯旺科技  ·  KWKJ,2026-09-02
301183,东田微,DTW,dongtianwei,301183  东田微  ·  DTW,2026-09-02
301185,鸥玛软件,OMRJ,oumaruanjian,301185  鸥玛软件  ·  OMRJ,2026-09-02
301186,超达装备,CDZB,chaodazhuangbei,301186  超达装备  ·  CDZB,2026-09-02
301187,欧圣电气,OSDQ,oushengdianqi,301187  欧圣电气  ·  OSDQ,2026-09-02
301188,力诺药包,LNYB,linuoyaobao,301188  力诺药包  ·  LNYB,2026-09-02
301189,奥尼电子,ANDZ,aonidianzi,301189  奥尼电子  ·  ANDZ,2026-09-02
301190,善水科技,SSKJ,shanshuikeji,301190  善水科技  ·  SSKJ,2026-09-02
301191,菲菱科思,FLKS,feilingkesi,301191  菲菱科思  ·  FLKS,2026-09-02
301192,泰祥股份,TXGF,taixianggufen,301192  泰祥股份  ·  TXGF,2026-09-02
301193,家联科技,JLKJ,jialiankeji,301193  家联科技  ·  JLKJ,2026-09-02
301195,北路智控,BLZK,beiluzhikong,301195  北路智控  ·  BLZK,2026-09-02
301196,唯科科技,WKKJ,weikekeji,301196  唯科科技  ·  WKKJ,2026-09-02
301197,工大科雅,GDKY,gongdakeya,301197  工大科雅  ·  GDKY,2026-09-02
301198,喜悦智行,XYZX,xiyuezhixing,301198  喜悦智行  ·  XYZX,2026-09-02
301199,迈赫股份,MHGF,maihegufen,301199  迈赫股份  ·  MHGF,2026-09-02
301200,大族数控,DZSK,dazushukong,301200  大族数控  ·  DZSK,2026-09-02
301201,诚达药业,CDYY,chengdayaoye,301201  诚达药业  ·  CDYY,2026-09-02
301202,朗威股份,LWGF,langweigufen,301202  朗威股份  ·  LWGF,2026-09-02
301203,国泰环保,GTHB,guotaihuanbao,301203  国泰环保  ·  GTHB,2026-09-02
301205,联特科技,LTKJ,liantekeji,301205  联特科技  ·  LTKJ,2026-09-02
301206,三元生物,SYSW,sanyuanshengwu,301206  三元生物  ·  SYSW,2026-09-02
301207,华兰疫苗,HLYM,hualanyimiao,301207  华兰疫苗  ·  HLYM,2026-09-02
301208,中亦科技,ZYKJ,zhongyikeji,301208  中亦科技  ·  ZYKJ,2026-09-02
301209,联合化学,LHHX,lianhehuaxue,301209  联合化学  ·  LHHX,2026-09-02
301210,金杨精密,JYJM,jinyangjingmi,301210  金杨精密  ·  JYJM,2026-09-02
301211,亨迪药业,HDYY,hengdiyaoye,301211  亨迪药业  ·  HDYY,2026-09-02
301212,联盛化学,LSHX,lianshenghuaxue,301212  联盛化学  ·  LSHX,2026-09-02
301213,观想科技,GXKJ,guanxiangkeji,301213  观想科技  ·  GXKJ,2026-09-02
301215,中汽股份,ZQGF,zhongqigufen,301215  中汽股份  ·  ZQGF,2026-09-02
301216,万凯新材,WKXC,wankaixincai,301216  万凯新材  ·  WKXC,2026-09-02
301217,铜冠铜箔,TGTB,tongguantongbo,301217  铜冠铜箔  ·  TGTB,2026-09-02
301218,华是科技,HSKJ,huashikeji,301218  华是科技  ·  HSKJ,2026-09-02
301219,腾远钴业,TYGY,tengyuanguye,301219  腾远钴业  ·  TYGY,2026-09-02
301220,亚香股份,YXGF,yaxianggufen,301220  亚香股份  ·  YXGF,2026-09-02
301221,光庭信息,GTXX,guangtingxinxi,301221  光庭信息  ·  GTXX,2026-09-02
301222,浙江恒威,ZJHW,zhejianghengwei,301222  浙江恒威  ·  ZJHW,2026-09-02
301223,中荣股份,ZRGF,zhongronggufen,301223  中荣股份  ·  ZRGF,2026-09-02
301225,恒勃股份,HBGF,hengbogufen,301225  恒勃股份  ·  HBGF,2026-09-02
301226,祥明智能,XMZN,xiangmingzhineng,301226  祥明智能  ·  XMZN,2026-09-02
301227,森鹰窗业,SYCY,senyingchuangye,301227  森鹰窗业  ·  SYCY,2026-09-02
301228,实朴检测,SPJC,shipujiance,301228  实朴检测  ·  SPJC,2026-09-02
301229,纽泰格,NTG,niutaige,301229  纽泰格  ·  NTG,2026-09-02
301230,泓博医药,HBYY,hongboyiyao,301230  泓博医药  ·  HBYY,2026-09-02
301231,荣信文化,RXWH,rongxinwenhua,301231  荣信文化  ·  RXWH,2026-09-02
301232,飞沃科技,FWKJ,feiwokeji,301232  飞沃科技  ·  FWKJ,2026-09-02
301233,盛帮股份,SBGF,shengbanggufen,301233  盛帮股份  ·  SBGF,2026-09-02
301234,五洲医疗,WZYL,wuzhouyiliao,301234  五洲医疗  ·  WZYL,2026-09-02
301235,华康洁净,HKJJ,huakangjiejing,301235  华康洁净  ·  HKJJ,2026-09-02
301236,软通动力,RTDL,ruantongdongli,301236  软通动力  ·  RTDL,2026-09-02
301237,和顺科技,HSKJ,heshunkeji,301237  和顺科技  ·  HSKJ,2026-09-02
301238,瑞泰新材,RTXC,ruitaixincai,301238  瑞泰新材  ·  RTXC,2026-09-02
301239,普瑞眼科,PRYK,puruiyanke,301239  普瑞眼科  ·  PRYK,2026-09-02
301246,宏源药业,HYYY,hongyuanyaoye,301246  宏源药业  ·  HYYY,2026-09-02
301248,杰创智能,JCZN,jiechuangzhineng,301248  杰创智能  ·  JCZN,2026-09-02
301251,威尔高,WEG,weiergao,301251  威尔高  ·  WEG,2026-09-02
301252,同星科技,TXKJ,tongxingkeji,301252  同星科技  ·  TXKJ,2026-09-02
301255,通力科技,TLKJ,tonglikeji,301255  通力科技  ·  TLKJ,2026-09-02
301256,华融化学,HRHX,huaronghuaxue,301256  华融化学  ·  HRHX,2026-09-02
301257,普蕊斯,PRS,puruisi,301257  普蕊斯  ·  PRS,2026-09-02
301258,富士莱,FSL,fushilai,301258  富士莱  ·  FSL,2026-09-02
301259,艾布鲁,ABL,aibulu,301259  艾布鲁  ·  ABL,2026-09-02
301260,格力博,GLB,gelibo,301260  格力博  ·  GLB,2026-09-02
301261,恒工精密,HGJM,henggongjingmi,301261  恒工精密  ·  HGJM,2026-09-02
301262,海看股份,HKGF,haikangufen,301262  海看股份  ·  HKGF,2026-09-02
301263,泰恩康,TEK,taienkang,301263  泰恩康  ·  TEK,2026-09-02
301265,华新科技,HXKJ,huaxinkeji,301265  华新科技  ·  HXKJ,2026-09-02
301266,宇邦新材,YBXC,yubangxincai,301266  宇邦新材  ·  YBXC,2026-09-02
301267,华厦眼科,HSYK,huashayanke,301267  华厦眼科  ·  HSYK,2026-09-02
301268,铭利达,MLD,minglida,301268  铭利达  ·  MLD,2026-09-02
301269,华大九天,HDJT,huadajiutian,301269  华大九天  ·  HDJT,2026-09-02
301270,汉仪股份,HYGF,hanyigufen,301270  汉仪股份  ·  HYGF,2026-09-02
301272,英华特,YHT,yinghuate,301272  英华特  ·  YHT,2026-09-02
301273,瑞晨环保,RCHB,ruichenhuanbao,301273  瑞晨环保  ·  RCHB,2026-09-02
301275,汉朔科技,HSKJ,hanshuokeji,301275  汉朔科技  ·  HSKJ,2026-09-02
301276,嘉曼服饰,JMFS,jiamanfushi,301276  嘉曼服饰  ·  JMFS,2026-09-02
301277,新天地,XTD,xintiandi,301277  新天地  ·  XTD,2026-09-02
301278,快可电子,KKDZ,kuaikedianzi,301278  快可电子  ·  KKDZ,2026-09-02
301279,金道科技,JDKJ,jindaokeji,301279  金道科技  ·  JDKJ,2026-09-02
301280,珠城科技,ZCKJ,zhuchengkeji,301280  珠城科技  ·  ZCKJ,2026-09-02
301281,科源制药,KYZY,keyuanzhiyao,301281  科源制药  ·  KYZY,2026-09-02
301282,金禄电子,JLDZ,jinludianzi,301282  金禄电子  ·  JLDZ,2026-09-02
301283,聚胶股份,JJGF,jujiaogufen,301283  聚胶股份  ·  JJGF,2026-09-02
301285,鸿日达,HRD,hongrida,301285  鸿日达  ·  HRD,2026-09-02
301286,侨源股份,QYGF,qiaoyuangufen,301286  侨源股份  ·  QYGF,2026-09-02
301287,康力源,KLY,kangliyuan,301287  康力源  ·  KLY,2026-09-02
301288,清研环境,QYHJ,qingyanhuanjing,301288  清研环境  ·  QYHJ,2026-09-02
301289,国缆检测,GLJC,guolanjiance,301289  国缆检测  ·  GLJC,2026-09-02
301290,东星医疗,DXYL,dongxingyiliao,301290  东星医疗  ·  DXYL,2026-09-02
301291,明阳电气,MYDQ,mingyangdianqi,301291  明阳电气  ·  MYDQ,2026-09-02
301292,海科新源,HKXY,haikexinyuan,301292  海科新源  ·  HKXY,2026-09-02
301293,三博脑科,SBNK,sanbonaoke,301293  三博脑科  ·  SBNK,2026-09-02
301295,美硕科技,MSKJ,meishuokeji,301295  美硕科技  ·  MSKJ,2026-09-02
301296,新巨丰,XJF,xinjufeng,301296  新巨丰  ·  XJF,2026-09-02
301297,富乐德,FLD,fulede,301297  富乐德  ·  FLD,2026-09-02
301298,东利机械,DLJX,donglijixie,301298  东利机械  ·  DLJX,2026-09-02
301299,卓创资讯,ZCZX,zhuochuangzixun,301299  卓创资讯  ·  ZCZX,2026-09-02
301300,远翔新材,YXXC,yuanxiangxincai,301300  远翔新材  ·  YXXC,2026-09-02
301301,川宁生物,CNSW,chuanningshengwu,301301  川宁生物  ·  CNSW,2026-09-02
301302,华如科技,HRKJ,huarukeji,301302  华如科技  ·  HRKJ,2026-09-02
301303,真兰仪表,ZLYB,zhenlanyibiao,301303  真兰仪表  ·  ZLYB,2026-09-02
301305,朗坤科技,LKKJ,langkunkeji,301305  朗坤科技  ·  LKKJ,2026-09-02
301306,西测测试,XCCS,xiceceshi,301306  西测测试  ·  XCCS,2026-09-02
301307,美利信,MLX,meilixin,301307  美利信  ·  MLX,2026-09-02
301308,江波龙,JBL,jiangbolong,301308  江波龙  ·  JBL,2026-09-02
301309,万得凯,WDK,wandekai,301309  万得凯  ·  WDK,2026-09-02
301310,鑫宏业,XHY,xinhongye,301310  鑫宏业  ·  XHY,2026-09-02
301311,昆船智能,KCZN,kunchuanzhineng,301311  昆船智能  ·  KCZN,2026-09-02
301312,智立方,ZLF,zhilifang,301312  智立方  ·  ZLF,2026-09-02
301313,凡拓数创,FTSC,fantuoshuchuang,301313  凡拓数创  ·  FTSC,2026-09-02
301314,科瑞思,KRS,keruisi,301314  科瑞思  ·  KRS,2026-09-02
301315,威士顿,WSD,weishidun,301315  威士顿  ·  WSD,2026-09-02
301316,慧博云通,HBYT,huiboyuntong,301316  慧博云通  ·  HBYT,2026-09-02
301317,鑫磊股份,XLGF,xinleigufen,301317  鑫磊股份  ·  XLGF,2026-09-02
301318,维海德,WHD,weihaide,301318  维海德  ·  WHD,2026-09-02
301319,唯特偶,WTO,weiteou,301319  唯特偶  ·  WTO,2026-09-02
301320,豪江智能,HJZN,haojiangzhineng,301320  豪江智能  ·  HJZN,2026-09-02
301321,翰博高新,HBGX,hanbogaoxin,301321  翰博高新  ·  HBGX,2026-09-02
301322,绿通科技,LTKJ,lvtongkeji,301322  绿通科技  ·  LTKJ,2026-09-02
301323,新莱福,XLF,xinlaifu,301323  新莱福  ·  XLF,2026-09-02
301325,曼恩斯特,MEST,manensite,301325  曼恩斯特  ·  MEST,2026-09-02
301326,捷邦科技,JBKJ,jiebangkeji,301326  捷邦科技  ·  JBKJ,2026-09-02
301327,华宝新能,HBXN,huabaoxinneng,301327  华宝新能  ·  HBXN,2026-09-02
301328,维峰电子,WFDZ,weifengdianzi,301328  维峰电子  ·  WFDZ,2026-09-02
301329,信音电子,XYDZ,xinyindianzi,301329  信音电子  ·  XYDZ,2026-09-02
301330,熵基科技,SJKJ,shangjikeji,301330  熵基科技  ·  SJKJ,2026-09-02
301331,恩威医药,EWYY,enweiyiyao,301331  恩威医药  ·  EWYY,2026-09-02
301332,德尔玛,DEM,deerma,301332  德尔玛  ·  DEM,2026-09-02
301333,诺思格,NSG,nuosige,301333  诺思格  ·  NSG,2026-09-02
301335,天元宠物,TYCW,tianyuanchongwu,301335  天元宠物  ·  TYCW,2026-09-02
301336,趣睡科技,QSKJ,qushuikeji,301336  趣睡科技  ·  QSKJ,2026-09-02
301337,亚华电子,YHDZ,yahuadianzi,301337  亚华电子  ·  YHDZ,2026-09-02
301338,凯格精机,KGJJ,kaigejingji,301338  凯格精机  ·  KGJJ,2026-09-02
301339,通行宝,TXB,tongxingbao,301339  通行宝  ·  TXB,2026-09-02
301345,涛涛车业,TTCY,taotaocheye,301345  涛涛车业  ·  TTCY,2026-09-02
301348,蓝箭电子,LJDZ,lanjiandianzi,301348  蓝箭电子  ·  LJDZ,2026-09-02
301349,信德新材,XDXC,xindexincai,301349  信德新材  ·  XDXC,2026-09-02
301353,普莱得,PLD,pulaide,301353  普莱得  ·  PLD,2026-09-02
301355,南王科技,NWKJ,nanwangkeji,301355  南王科技  ·  NWKJ,2026-09-02
301356,天振股份,TZGF,tianzhengufen,301356  天振股份  ·  TZGF,2026-09-02
301357,北方长龙,BFCL,beifangchanglong,301357  北方长龙  ·  BFCL,2026-09-02
301358,湖南裕能,HNYN,hunanyuneng,301358  湖南裕能  ·  HNYN,2026-09-02
301359,东南电子,DNDZ,dongnandianzi,301359  东南电子  ·  DNDZ,2026-09-02
301360,荣旗科技,RQKJ,rongqikeji,301360  荣旗科技  ·  RQKJ,2026-09-02
301361,众智科技,ZZKJ,zhongzhikeji,301361  众智科技  ·  ZZKJ,2026-09-02
301362,民爆光电,MBGD,minbaoguangdian,301362  民爆光电  ·  MBGD,2026-09-02
301363,美好医疗,MHYL,meihaoyiliao,301363  美好医疗  ·  MHYL,2026-09-02
301365,矩阵股份,JZGF,juzhengufen,301365  矩阵股份  ·  JZGF,2026-09-02
301366,一博科技,YBKJ,yibokeji,301366  一博科技  ·  YBKJ,2026-09-02
301367,瑞迈特,RMT,ruimaite,301367  瑞迈特  ·  RMT,2026-09-02
301368,丰立智能,FLZN,fenglizhineng,301368  丰立智能  ·  FLZN,2026-09-02
301369,联动科技,LDKJ,liandongkeji,301369  联动科技  ·  LDKJ,2026-09-02
301370,国科恒泰,GKHT,guokehengtai,301370  国科恒泰  ·  GKHT,2026-09-02
301371,敷尔佳,FEJ,fuerjia,301371  敷尔佳  ·  FEJ,2026-09-02
301372,科净源,KJY,kejingyuan,301372  科净源  ·  KJY,2026-09-02
301373,凌玮科技,LWKJ,lingweikeji,301373  凌玮科技  ·  LWKJ,2026-09-02
301376,致欧科技,ZOKJ,zhioukeji,301376  致欧科技  ·  ZOKJ,2026-09-02
301377,鼎泰高科,DTGK,dingtaigaoke,301377  鼎泰高科  ·  DTGK,2026-09-02
301378,通达海,TDH,tongdahai,301378  通达海  ·  TDH,2026-09-02
301379,天山电子,TSDZ,tianshandianzi,301379  天山电子  ·  TSDZ,2026-09-02
301380,挖金客,WJK,wajinke,301380  挖金客  ·  WJK,2026-09-02
301381,赛维时代,SWSD,saiweishidai,301381  赛维时代  ·  SWSD,2026-09-02
301382,蜂助手,FZS,fengzhushou,301382  蜂助手  ·  FZS,2026-09-02
301383,天键股份,TJGF,tianjiangufen,301383  天键股份  ·  TJGF,2026-09-02
301386,未来电器,WLDQ,weilaidianqi,301386  未来电器  ·  WLDQ,2026-09-02
301387,光大同创,GDTC,guangdatongchuang,301387  光大同创  ·  GDTC,2026-09-02
301388,欣灵电气,XLDQ,xinlingdianqi,301388  欣灵电气  ·  XLDQ,2026-09-02
301389,隆扬电子,LYDZ,longyangdianzi,301389  隆扬电子  ·  LYDZ,2026-09-02
301390,经纬股份,JWGF,jingweigufen,301390  经纬股份  ·  JWGF,2026-09-02
301391,卡莱特,KLT,kalaite,301391  卡莱特  ·  KLT,2026-09-02
301392,汇成真空,HCZK,huichengzhenkong,301392  汇成真空  ·  HCZK,2026-09-02
301393,昊帆生物,HFSW,haofanshengwu,301393  昊帆生物  ·  HFSW,2026-09-02
301395,仁信新材,RXXC,renxinxincai,301395  仁信新材  ·  RXXC,2026-09-02
301396,宏景科技,HJKJ,hongjingkeji,301396  宏景科技  ·  HJKJ,2026-09-02
301397,溯联股份,SLGF,suliangufen,301397  溯联股份  ·  SLGF,2026-09-02
301398,星源卓镁,XYZM,xingyuanzhuomei,301398  星源卓镁  ·  XYZM,2026-09-02
301399,英特科技,YTKJ,yingtekeji,301399  英特科技  ·  YTKJ,2026-09-02
301408,华人健康,HRJK,huarenjiankang,301408  华人健康  ·  HRJK,2026-09-02
301413,安培龙,APL,anpeilong,301413  安培龙  ·  APL,2026-09-02
301418,协昌科技,XCKJ,xiechangkeji,301418  协昌科技  ·  XCKJ,2026-09-02
301419,阿莱德,ALD,alaide,301419  阿莱德  ·  ALD,2026-09-02
301421,波长光电,BCGD,bochangguangdian,301421  波长光电  ·  BCGD,2026-09-02
301428,世纪恒通,SJHT,shijihengtong,301428  世纪恒通  ·  SJHT,2026-09-02
301429,森泰股份,STGF,sentaigufen,301429  森泰股份  ·  STGF,2026-09-02
301439,泓淋电力,HLDL,honglindianli,301439  泓淋电力  ·  HLDL,2026-09-02
301446,福事特,FST,fushite,301446  福事特  ·  FST,2026-09-02
301448,开创电气,KCDQ,kaichuangdianqi,301448  开创电气  ·  KCDQ,2026-09-02
301449,天溯计量,TSJL,tiansujiliang,301449  天溯计量  ·  TSJL,2026-09-02
301456,盘古智能,PGZN,panguzhineng,301456  盘古智能  ·  PGZN,2026-09-02
301458,钧崴电子,JWDZ,junwaidianzi,301458  钧崴电子  ·  JWDZ,2026-09-02
301459,丰茂股份,FMGF,fengmaogufen,301459  丰茂股份  ·  FMGF,2026-09-02
301468,博盈特焊,BYTH,boyingtehan,301468  博盈特焊  ·  BYTH,2026-09-02
301469,恒达新材,HDXC,hengdaxincai,301469  恒达新材  ·  HDXC,2026-09-02
301479,弘景光电,HJGD,hongjingguangdian,301479  弘景光电  ·  HJGD,2026-09-02
301486,致尚科技,ZSKJ,zhishangkeji,301486  致尚科技  ·  ZSKJ,2026-09-02
301487,盟固利,MGL,mengguli,301487  盟固利  ·  MGL,2026-09-02
301488,豪恩汽电,HEQD,haoenqidian,301488  豪恩汽电  ·  HEQD,2026-09-02
301489,思泉新材,SQXC,siquanxincai,301489  思泉新材  ·  SQXC,2026-09-02
301491,汉桑科技,HSKJ,hansangkeji,301491  汉桑科技  ·  HSKJ,2026-09-02
301498,乖宝宠物,GBCW,guaibaochongwu,301498  乖宝宠物  ·  GBCW,2026-09-02
301499,维科精密,WKJM,weikejingmi,301499  维科精密  ·  WKJM,2026-09-02
301500,飞南资源,FNZY,feinanziyuan,301500  飞南资源  ·  FNZY,2026-09-02
301501,恒鑫生活,HXSH,hengxinshenghuo,301501  恒鑫生活  ·  HXSH,2026-09-02
301502,华阳智能,HYZN,huayangzhineng,301502  华阳智能  ·  HYZN,2026-09-02
301503,智迪科技,ZDKJ,zhidikeji,301503  智迪科技  ·  ZDKJ,2026-09-02
301505,苏州规划,SZGH,suzhouguihua,301505  苏州规划  ·  SZGH,2026-09-02
301507,民生健康,MSJK,minshengjiankang,301507  民生健康  ·  MSJK,2026-09-02
301508,中机认检,ZJRJ,zhongjirenjian,301508  中机认检  ·  ZJRJ,2026-09-02
301509,金凯生科,JKSK,jinkaishengke,301509  金凯生科  ·  JKSK,2026-09-02
301510,固高科技,GGKJ,gugaokeji,301510  固高科技  ·  GGKJ,2026-09-02
301511,德福科技,DFKJ,defukeji,301511  德福科技  ·  DFKJ,2026-09-02
301512,智信精密,ZXJM,zhixinjingmi,301512  智信精密  ·  ZXJM,2026-09-02
301513,尚水智能,SSZN,shangshuizhineng,301513  尚水智能  ·  SSZN,2026-09-02
301515,港通医疗,GTYL,gangtongyiliao,301515  港通医疗  ·  GTYL,2026-09-02
301516,中远通,ZYT,zhongyuantong,301516  中远通  ·  ZYT,2026-09-02
301517,陕西华达,SXHD,shanxihuada,301517  陕西华达  ·  SXHD,2026-09-02
301518,长华化学,ZHHX,zhanghuahuaxue,301518  长华化学  ·  ZHHX,2026-09-02
301519,舜禹股份,SYGF,shunyugufen,301519  舜禹股份  ·  SYGF,2026-09-02
301520,万邦医药,WBYY,wanbangyiyao,301520  万邦医药  ·  WBYY,2026-09-02
301522,上大股份,SDGF,shangdagufen,301522  上大股份  ·  SDGF,2026-09-02
301525,儒竞科技,RJKJ,rujingkeji,301525  儒竞科技  ·  RJKJ,2026-09-02
301526,国际复材,GJFC,guojifucai,301526  国际复材  ·  GJFC,2026-09-02
301528,多浦乐,DPL,duopule,301528  多浦乐  ·  DPL,2026-09-02
301529,福赛科技,FSKJ,fusaikeji,301529  福赛科技  ·  FSKJ,2026-09-02
301531,春光集团,CGJT,chunguangjituan,301531  春光集团  ·  CGJT,2026-09-02
301533,威马农机,WMNJ,weimanongji,301533  威马农机  ·  WMNJ,2026-09-02
301535,浙江华远,ZJHY,zhejianghuayuan,301535  浙江华远  ·  ZJHY,2026-09-02
301536,星宸科技,XCKJ,xingchenkeji,301536  星宸科技  ·  XCKJ,2026-09-02
301538,骏鼎达,JDD,jundingda,301538  骏鼎达  ·  JDD,2026-09-02
301539,宏鑫科技,HXKJ,hongxinkeji,301539  宏鑫科技  ·  HXKJ,2026-09-02
301548,崇德科技,CDKJ,chongdekeji,301548  崇德科技  ·  CDKJ,2026-09-02
301550,斯菱智驱,SLZQ,silingzhiqu,301550  斯菱智驱  ·  SLZQ,2026-09-02
301551,无线传媒,WXCM,wuxianchuanmei,301551  无线传媒  ·  WXCM,2026-09-02
301552,科力装备,KLZB,kelizhuangbei,301552  科力装备  ·  KLZB,2026-09-02
301555,惠柏新材,HBXC,huibaixincai,301555  惠柏新材  ·  HBXC,2026-09-02
301556,托普云农,TPYN,tuopuyunnong,301556  托普云农  ·  TPYN,2026-09-02
301557,常友科技,CYKJ,changyoukeji,301557  常友科技  ·  CYKJ,2026-09-02
301558,三态股份,STGF,santaigufen,301558  三态股份  ·  STGF,2026-09-02
301559,中集环科,ZJHK,zhongjihuanke,301559  中集环科  ·  ZJHK,2026-09-02
301560,众捷汽车,ZJQC,zhongjieqiche,301560  众捷汽车  ·  ZJQC,2026-09-02
301563,云汉芯城,YHXC,yunhanxincheng,301563  云汉芯城  ·  YHXC,2026-09-02
301565,中仑新材,ZLXC,zhonglunxincai,301565  中仑新材  ·  ZLXC,2026-09-02
301566,达利凯普,DLKP,dalikaipu,301566  达利凯普  ·  DLKP,2026-09-02
301567,贝隆精密,BLJM,beilongjingmi,301567  贝隆精密  ·  BLJM,2026-09-02
301568,思泰克,STK,sitaike,301568  思泰克  ·  STK,2026-09-02
301571,国科天成,GKTC,guoketiancheng,301571  国科天成  ·  GKTC,2026-09-02
301575,艾芬达,AFD,aifenda,301575  艾芬达  ·  AFD,2026-09-02
301577,美信科技,MXKJ,meixinkeji,301577  美信科技  ·  MXKJ,2026-09-02
301578,辰奕智能,CYZN,chenyizhineng,301578  辰奕智能  ·  CYZN,2026-09-02
301580,爱迪特,ADT,aidite,301580  爱迪特  ·  ADT,2026-09-02
301581,黄山谷捷,HSGJ,huangshangujie,301581  黄山谷捷  ·  HSGJ,2026-09-02
301583,托伦斯,TLS,tuolunsi,301583  托伦斯  ·  TLS,2026-09-02
301584,建发致新,JFZX,jianfazhixin,301584  建发致新  ·  JFZX,2026-09-02
301585,蓝宇股份,LYGF,lanyugufen,301585  蓝宇股份  ·  LYGF,2026-09-02
301586,佳力奇,JLQ,jialiqi,301586  佳力奇  ·  JLQ,2026-09-02
301587,中瑞股份,ZRGF,zhongruigufen,301587  中瑞股份  ·  ZRGF,2026-09-02
301588,美新科技,MXKJ,meixinkeji,301588  美新科技  ·  MXKJ,2026-09-02
301589,诺瓦星云,NWXY,nuowaxingyun,301589  诺瓦星云  ·  NWXY,2026-09-02
301590,优优绿能,YYLN,youyoulvneng,301590  优优绿能  ·  YYLN,2026-09-02
301591,肯特股份,KTGF,kentegufen,301591  肯特股份  ·  KTGF,2026-09-02
301592,六九一二,LJYE,liujiuyier,301592  六九一二  ·  LJYE,2026-09-02
301595,太力科技,TLKJ,tailikeji,301595  太力科技  ·  TLKJ,2026-09-02
301596,瑞迪智驱,RDZQ,ruidizhiqu,301596  瑞迪智驱  ·  RDZQ,2026-09-02
301598,博科测试,BKCS,bokeceshi,301598  博科测试  ·  BKCS,2026-09-02
301599,理奇智能,LQZN,liqizhineng,301599  理奇智能  ·  LQZN,2026-09-02
301600,慧翰股份,HHGF,huihangufen,301600  慧翰股份  ·  HHGF,2026-09-02
301601,惠通科技,HTKJ,huitongkeji,301601  惠通科技  ·  HTKJ,2026-09-02
301602,超研股份,CYGF,chaoyangufen,301602  超研股份  ·  CYGF,2026-09-02
301603,乔锋智能,QFZN,qiaofengzhineng,301603  乔锋智能  ·  QFZN,2026-09-02
301606,绿联科技,LLKJ,lvliankeji,301606  绿联科技  ·  LLKJ,2026-09-02
301607,富特科技,FTKJ,futekeji,301607  富特科技  ·  FTKJ,2026-09-02
301608,博实结,BSJ,boshijie,301608  博实结  ·  BSJ,2026-09-02
301609,山大电力,SDDL,shandadianli,301609  山大电力  ·  SDDL,2026-09-02
301611,珂玛科技,KMKJ,kemakeji,301611  珂玛科技  ·  KMKJ,2026-09-02
301613,新铝时代,XLSD,xinlvshidai,301613  新铝时代  ·  XLSD,2026-09-02
301616,浙江华业,ZJHY,zhejianghuaye,301616  浙江华业  ·  ZJHY,2026-09-02
301617,博苑新材,BYXC,boyuanxincai,301617  博苑新材  ·  BYXC,2026-09-02
301618,长联科技,ZLKJ,zhangliankeji,301618  长联科技  ·  ZLKJ,2026-09-02
301622,英思特,YST,yingsite,301622  英思特  ·  YST,2026-09-02
301626,苏州天脉,SZTM,suzhoutianmai,301626  苏州天脉  ·  SZTM,2026-09-02
301628,强达电路,QDDL,qiangdadianlu,301628  强达电路  ·  QDDL,2026-09-02
301629,矽电股份,XDGF,xidiangufen,301629  矽电股份  ·  XDGF,2026-09-02
301630,同宇新材,TYXC,tongyuxincai,301630  同宇新材  ·  TYXC,2026-09-02
301631,壹连科技,YLKJ,yiliankeji,301631  壹连科技  ·  YLKJ,2026-09-02
301632,广东建科,GDJK,guangdongjianke,301632  广东建科  ·  GDJK,2026-09-02
301633,港迪技术,GDJS,gangdijishu,301633  港迪技术  ·  GDJS,2026-09-02
301636,泽润新能,ZRXN,zerunxinneng,301636  泽润新能  ·  ZRXN,2026-09-02
301638,南网数字,NWSZ,nanwangshuzi,301638  南网数字  ·  NWSZ,2026-09-02
301656,联合动力,LHDL,lianhedongli,301656  联合动力  ·  LHDL,2026-09-02
301658,首航新能,SHXN,shouhangxinneng,301658  首航新能  ·  SHXN,2026-09-02
301662,宏工科技,HGKJ,honggongkeji,301662  宏工科技  ·  HGKJ,2026-09-02
301665,泰禾股份,THGF,taihegufen,301665  泰禾股份  ·  THGF,2026-09-02
301666,大普微-UW,DPW-UW,dapuwei-uw,301666  大普微-UW  ·  DPW-UW,2026-09-02
301667,纳百川,NBC,nabaichuan,301667  纳百川  ·  NBC,2026-09-02
301668,昊创瑞通,HCRT,haochuangruitong,301668  昊创瑞通  ·  HCRT,2026-09-02
301669,高特电子,GTDZ,gaotedianzi,301669  高特电子  ·  GTDZ,2026-09-02
301677,欣兴工具,XXGJ,xinxinggongju,301677  欣兴工具  ·  XXGJ,2026-09-02
301678,新恒汇,XHH,xinhenghui,301678  新恒汇  ·  XHH,2026-09-02
301680,固德电材,GDDC,gudediancai,301680  固德电材  ·  GDDC,2026-09-02
301682,宏明电子,HMDZ,hongmingdianzi,301682  宏明电子  ·  HMDZ,2026-09-02
301683,慧谷新材,HGXC,huiguxincai,301683  慧谷新材  ·  HGXC,2026-09-02
301687,新广益,XGY,xinguangyi,301687  新广益  ·  XGY,2026-09-02
301696,三瑞智能,SRZN,sanruizhineng,301696  三瑞智能  ·  SRZN,2026-09-02
301707,N展芯股份,NZXGF,nzhanxingufen,301707  N展芯股份  ·  NZXGF,2026-09-02
302132,中航成飞,ZHCF,zhonghangchengfei,302132  中航成飞  ·  ZHCF,2026-09-02
600000,浦发银行,PFYH,pufayinhang,600000  浦发银行  ·  PFYH,2026-09-02
600004,白云机场,BYJC,baiyunjichang,600004  白云机场  ·  BYJC,2026-09-02
600006,东风股份,DFGF,dongfenggufen,600006  东风股份  ·  DFGF,2026-09-02
600007,中国国贸,ZGGM,zhongguoguomao,600007  中国国贸  ·  ZGGM,2026-09-02
600008,首创环保,SCHB,shouchuanghuanbao,600008  首创环保  ·  SCHB,2026-09-02
600009,上海机场,SHJC,shanghaijichang,600009  上海机场  ·  SHJC,2026-09-02
600010,包钢股份,BGGF,baoganggufen,600010  包钢股份  ·  BGGF,2026-09-02
600011,华能国际,HNGJ,huanengguoji,600011  华能国际  ·  HNGJ,2026-09-02
600012,皖通高速,WTGS,wantonggaosu,600012  皖通高速  ·  WTGS,2026-09-02
600015,华夏银行,HXYH,huaxiayinhang,600015  华夏银行  ·  HXYH,2026-09-02
600016,民生银行,MSYH,minshengyinhang,600016  民生银行  ·  MSYH,2026-09-02
600017,日照港,RZG,rizhaogang,600017  日照港  ·  RZG,2026-09-02
600018,上港集团,SGJT,shanggangjituan,600018  上港集团  ·  SGJT,2026-09-02
600019,宝钢股份,BGGF,baoganggufen,600019  宝钢股份  ·  BGGF,2026-09-02
600020,中原高速,ZYGS,zhongyuangaosu,600020  中原高速  ·  ZYGS,2026-09-02
600021,上海电力,SHDL,shanghaidianli,600021  上海电力  ·  SHDL,2026-09-02
600022,山东钢铁,SDGT,shandonggangtie,600022  山东钢铁  ·  SDGT,2026-09-02
600023,浙能电力,ZNDL,zhenengdianli,600023  浙能电力  ·  ZNDL,2026-09-02
600025,华能水电,HNSD,huanengshuidian,600025  华能水电  ·  HNSD,2026-09-02
600026,中远海能,ZYHN,zhongyuanhaineng,600026  中远海能  ·  ZYHN,2026-09-02
600027,华电国际,HDGJ,huadianguoji,600027  华电国际  ·  HDGJ,2026-09-02
600028,中国石化,ZGSH,zhongguoshihua,600028  中国石化  ·  ZGSH,2026-09-02
600029,南方航空,NFHK,nanfanghangkong,600029  南方航空  ·  NFHK,2026-09-02
600030,中信证券,ZXZQ,zhongxinzhengquan,600030  中信证券  ·  ZXZQ,2026-09-02
600031,三一重工,SYZG,sanyizhonggong,600031  三一重工  ·  SYZG,2026-09-02
600032,浙江新能,ZJXN,zhejiangxinneng,600032  浙江新能  ·  ZJXN,2026-09-02
600033,福建高速,FJGS,fujiangaosu,600033  福建高速  ·  FJGS,2026-09-02
600035,楚天高速,CTGS,chutiangaosu,600035  楚天高速  ·  CTGS,2026-09-02
600036,招商银行,ZSYH,zhaoshangyinhang,600036  招商银行  ·  ZSYH,2026-09-02
600037,歌华有线,GHYX,gehuayouxian,600037  歌华有线  ·  GHYX,2026-09-02
600038,中直股份,ZZGF,zhongzhigufen,600038  中直股份  ·  ZZGF,2026-09-02
600039,四川路桥,SCLQ,sichuanluqiao,600039  四川路桥  ·  SCLQ,2026-09-02
600048,保利发展,BLFZ,baolifazhan,600048  保利发展  ·  BLFZ,2026-09-02
600050,中国联通,ZGLT,zhongguoliantong,600050  中国联通  ·  ZGLT,2026-09-02
600051,宁波联合,NBLH,ningbolianhe,600051  宁波联合  ·  NBLH,2026-09-02
600052,东望时代,DWSD,dongwangshidai,600052  东望时代  ·  DWSD,2026-09-02
600053,*ST九鼎,*STJD,*stjiuding,600053  *ST九鼎  ·  *STJD,2026-09-02
600054,黄山旅游,HSLY,huangshanlvyou,600054  黄山旅游  ·  HSLY,2026-09-02
600055,万东医疗,WDYL,wandongyiliao,600055  万东医疗  ·  WDYL,2026-09-02
600056,中国医药,ZGYY,zhongguoyiyao,600056  中国医药  ·  ZGYY,2026-09-02
600057,厦门象屿,XMXY,xiamenxiangyu,600057  厦门象屿  ·  XMXY,2026-09-02
600058,五矿发展,WKFZ,wukuangfazhan,600058  五矿发展  ·  WKFZ,2026-09-02
600059,古越龙山,GYLS,guyuelongshan,600059  古越龙山  ·  GYLS,2026-09-02
600060,XD海信视,XDHXS,xdhaixinshi,600060  XD海信视  ·  XDHXS,2026-09-02
600061,国投资本,GTZB,guotouziben,600061  国投资本  ·  GTZB,2026-09-02
600062,华润双鹤,HRSH,huarunshuanghe,600062  华润双鹤  ·  HRSH,2026-09-02
600063,皖维高新,WWGX,wanweigaoxin,600063  皖维高新  ·  WWGX,2026-09-02
600064,南京高科,NJGK,nanjinggaoke,600064  南京高科  ·  NJGK,2026-09-02
600066,宇通客车,YTKC,yutongkeche,600066  宇通客车  ·  YTKC,2026-09-02
600067,冠城新材,GCXC,guanchengxincai,600067  冠城新材  ·  GCXC,2026-09-02
600071,凤凰光学,FHGX,fenghuangguangxue,600071  凤凰光学  ·  FHGX,2026-09-02
600072,中船科技,ZCKJ,zhongchuankeji,600072  中船科技  ·  ZCKJ,2026-09-02
600073,光明肉业,GMRY,guangmingrouye,600073  光明肉业  ·  GMRY,2026-09-02
600075,新疆天业,XJTY,xinjiangtianye,600075  新疆天业  ·  XJTY,2026-09-02
600076,康欣新材,KXXC,kangxinxincai,600076  康欣新材  ·  KXXC,2026-09-02
600078,澄星股份,CXGF,chengxinggufen,600078  澄星股份  ·  CXGF,2026-09-02
600079,ST人福,STRF,strenfu,600079  ST人福  ·  STRF,2026-09-02
600080,ST金花,STJH,stjinhua,600080  ST金花  ·  STJH,2026-09-02
600081,东风科技,DFKJ,dongfengkeji,600081  东风科技  ·  DFKJ,2026-09-02
600082,ST海泰,STHT,sthaitai,600082  ST海泰  ·  STHT,2026-09-02
600084,*ST尼雅,*STNY,*stniya,600084  *ST尼雅  ·  *STNY,2026-09-02
600085,同仁堂,TRT,tongrentang,600085  同仁堂  ·  TRT,2026-09-02
600088,中视传媒,ZSCM,zhongshichuanmei,600088  中视传媒  ·  ZSCM,2026-09-02
600089,特变电工,TBDG,tebiandiangong,600089  特变电工  ·  TBDG,2026-09-02
600094,大名城,DMC,damingcheng,600094  大名城  ·  DMC,2026-09-02
600095,湘财股份,XCGF,xiangcaigufen,600095  湘财股份  ·  XCGF,2026-09-02
600096,云天化,YTH,yuntianhua,600096  云天化  ·  YTH,2026-09-02
600097,开创国际,KCGJ,kaichuangguoji,600097  开创国际  ·  KCGJ,2026-09-02
600098,广州发展,GZFZ,guangzhoufazhan,600098  广州发展  ·  GZFZ,2026-09-02
600099,林海股份,LHGF,linhaigufen,600099  林海股份  ·  LHGF,2026-09-02
600100,同方股份,TFGF,tongfanggufen,600100  同方股份  ·  TFGF,2026-09-02
600101,明星电力,MXDL,mingxingdianli,600101  明星电力  ·  MXDL,2026-09-02
600103,青山纸业,QSZY,qingshanzhiye,600103  青山纸业  ·  QSZY,2026-09-02
600104,XD上汽集,XDSQJ,xdshangqiji,600104  XD上汽集  ·  XDSQJ,2026-09-02
600105,永鼎股份,YDGF,yongdinggufen,600105  永鼎股份  ·  YDGF,2026-09-02
600106,重庆路桥,CQLQ,chongqingluqiao,600106  重庆路桥  ·  CQLQ,2026-09-02
600107,*ST尔雅,*STEY,*sterya,600107  *ST尔雅  ·  *STEY,2026-09-02
600108,亚盛集团,YSJT,yashengjituan,600108  亚盛集团  ·  YSJT,2026-09-02
600109,国金证券,GJZQ,guojinzhengquan,600109  国金证券  ·  GJZQ,2026-09-02
600110,诺德股份,NDGF,nuodegufen,600110  诺德股份  ·  NDGF,2026-09-02
600111,北方稀土,BFXT,beifangxitu,600111  北方稀土  ·  BFXT,2026-09-02
600113,浙江东日,ZJDR,zhejiangdongri,600113  浙江东日  ·  ZJDR,2026-09-02
600114,东睦股份,DMGF,dongmugufen,600114  东睦股份  ·  DMGF,2026-09-02
600115,中国东航,ZGDH,zhongguodonghang,600115  中国东航  ·  ZGDH,2026-09-02
600116,三峡水利,SXSL,sanxiashuili,600116  三峡水利  ·  SXSL,2026-09-02
600117,西宁特钢,XNTG,xiningtegang,600117  西宁特钢  ·  XNTG,2026-09-02
600118,中国卫星,ZGWX,zhongguoweixing,600118  中国卫星  ·  ZGWX,2026-09-02
600119,*ST长投,*STZT,*stzhangtou,600119  *ST长投  ·  *STZT,2026-09-02
600120,浙江东方,ZJDF,zhejiangdongfang,600120  浙江东方  ·  ZJDF,2026-09-02
600121,郑州煤电,ZZMD,zhengzhoumeidian,600121  郑州煤电  ·  ZZMD,2026-09-02
600123,兰花科创,LHKC,lanhuakechuang,600123  兰花科创  ·  LHKC,2026-09-02
600125,铁龙物流,TLWL,tielongwuliu,600125  铁龙物流  ·  TLWL,2026-09-02
600126,杭钢股份,HGGF,hangganggufen,600126  杭钢股份  ·  HGGF,2026-09-02
600127,金健米业,JJMY,jinjianmiye,600127  金健米业  ·  JJMY,2026-09-02
600128,苏豪弘业,SHHY,suhaohongye,600128  苏豪弘业  ·  SHHY,2026-09-02
600129,太极集团,TJJT,taijijituan,600129  太极集团  ·  TJJT,2026-09-02
600130,波导股份,BDGF,bodaogufen,600130  波导股份  ·  BDGF,2026-09-02
600131,国网信通,GWXT,guowangxintong,600131  国网信通  ·  GWXT,2026-09-02
600132,重庆啤酒,CQPJ,chongqingpijiu,600132  重庆啤酒  ·  CQPJ,2026-09-02
600133,东湖高新,DHGX,donghugaoxin,600133  东湖高新  ·  DHGX,2026-09-02
600135,乐凯胶片,LKJP,lekaijiaopian,600135  乐凯胶片  ·  LKJP,2026-09-02
600136,ST明诚,STMC,stmingcheng,600136  ST明诚  ·  STMC,2026-09-02
600137,浪莎股份,LSGF,langshagufen,600137  浪莎股份  ·  LSGF,2026-09-02
600138,中青旅,ZQL,zhongqinglv,600138  中青旅  ·  ZQL,2026-09-02
600141,兴发集团,XFJT,xingfajituan,600141  兴发集团  ·  XFJT,2026-09-02
600143,金发科技,JFKJ,jinfakeji,600143  金发科技  ·  JFKJ,2026-09-02
600148,长春一东,CCYD,changchunyidong,600148  长春一东  ·  CCYD,2026-09-02
600149,廊坊发展,LFFZ,langfangfazhan,600149  廊坊发展  ·  LFFZ,2026-09-02
600150,中国船舶,ZGCB,zhongguochuanbo,600150  中国船舶  ·  ZGCB,2026-09-02
600151,航天机电,HTJD,hangtianjidian,600151  航天机电  ·  HTJD,2026-09-02
600152,维科技术,WKJS,weikejishu,600152  维科技术  ·  WKJS,2026-09-02
600153,建发股份,JFGF,jianfagufen,600153  建发股份  ·  JFGF,2026-09-02
600155,华创云信,HCYX,huachuangyunxin,600155  华创云信  ·  HCYX,2026-09-02
600156,华升股份,HSGF,huashenggufen,600156  华升股份  ·  HSGF,2026-09-02
600157,永泰能源,YTNY,yongtainengyuan,600157  永泰能源  ·  YTNY,2026-09-02
600158,中体产业,ZTCY,zhongtichanye,600158  中体产业  ·  ZTCY,2026-09-02
600159,大龙地产,DLDC,dalongdichan,600159  大龙地产  ·  DLDC,2026-09-02
600160,巨化股份,JHGF,juhuagufen,600160  巨化股份  ·  JHGF,2026-09-02
600161,天坛生物,TTSW,tiantanshengwu,600161  天坛生物  ·  TTSW,2026-09-02
600162,香江控股,XJKG,xiangjiangkonggu,600162  香江控股  ·  XJKG,2026-09-02
600163,中闽能源,ZMNY,zhongminnengyuan,600163  中闽能源  ·  ZMNY,2026-09-02
600165,ST宁科,STNK,stningke,600165  ST宁科  ·  STNK,2026-09-02
600166,福田汽车,FTQC,futianqiche,600166  福田汽车  ·  FTQC,2026-09-02
600167,联美控股,LMKG,lianmeikonggu,600167  联美控股  ·  LMKG,2026-09-02
600168,武汉控股,WHKG,wuhankonggu,600168  武汉控股  ·  WHKG,2026-09-02
600169,ST太重,STTZ,sttaizhong,600169  ST太重  ·  STTZ,2026-09-02
600170,上海建工,SHJG,shanghaijiangong,600170  上海建工  ·  SHJG,2026-09-02
600171,上海贝岭,SHBL,shanghaibeiling,600171  上海贝岭  ·  SHBL,2026-09-02
600172,黄河旋风,HHXF,huanghexuanfeng,600172  黄河旋风  ·  HHXF,2026-09-02
600173,卧龙新能,WLXN,wolongxinneng,600173  卧龙新能  ·  WLXN,2026-09-02
600176,中国巨石,ZGJS,zhongguojushi,600176  中国巨石  ·  ZGJS,2026-09-02
600177,雅戈尔,YGE,yageer,600177  雅戈尔  ·  YGE,2026-09-02
600178,东安动力,DADL,dongandongli,600178  东安动力  ·  DADL,2026-09-02
600179,安通控股,ATKG,antongkonggu,600179  安通控股  ·  ATKG,2026-09-02
600180,*ST瑞茂,*STRM,*struimao,600180  *ST瑞茂  ·  *STRM,2026-09-02
600182,S佳通,SJT,sjiatong,600182  S佳通  ·  SJT,2026-09-02
600183,生益科技,SYKJ,shengyikeji,600183  生益科技  ·  SYKJ,2026-09-02
600184,光电股份,GDGF,guangdiangufen,600184  光电股份  ·  GDGF,2026-09-02
600185,珠免集团,ZMJT,zhumianjituan,600185  珠免集团  ·  ZMJT,2026-09-02
600186,莲花控股,LHKG,lianhuakonggu,600186  莲花控股  ·  LHKG,2026-09-02
600187,*ST国中,*STGZ,*stguozhong,600187  *ST国中  ·  *STGZ,2026-09-02
600188,兖矿能源,YKNY,yankuangnengyuan,600188  兖矿能源  ·  YKNY,2026-09-02
600189,泉阳泉,QYQ,quanyangquan,600189  泉阳泉  ·  QYQ,2026-09-02
600191,华资实业,HZSY,huazishiye,600191  华资实业  ·  HZSY,2026-09-02
600192,长城电工,CCDG,changchengdiangong,600192  长城电工  ·  CCDG,2026-09-02
600195,中牧股份,ZMGF,zhongmugufen,600195  中牧股份  ·  ZMGF,2026-09-02
600196,复星医药,FXYY,fuxingyiyao,600196  复星医药  ·  FXYY,2026-09-02
600197,伊力特,YLT,yilite,600197  伊力特  ·  YLT,2026-09-02
600198,大唐电信,DTDX,datangdianxin,600198  大唐电信  ·  DTDX,2026-09-02
600199,金种子酒,JZZJ,jinzhongzijiu,600199  金种子酒  ·  JZZJ,2026-09-02
600201,生物股份,SWGF,shengwugufen,600201  生物股份  ·  SWGF,2026-09-02
600202,哈空调,HKT,hakongtiao,600202  哈空调  ·  HKT,2026-09-02
600203,福日电子,FRDZ,furidianzi,600203  福日电子  ·  FRDZ,2026-09-02
600206,有研新材,YYXC,youyanxincai,600206  有研新材  ·  YYXC,2026-09-02
600207,安彩高科,ACGK,ancaigaoke,600207  安彩高科  ·  ACGK,2026-09-02
600208,衢州发展,QZFZ,quzhoufazhan,600208  衢州发展  ·  QZFZ,2026-09-02
600210,紫江企业,ZJQY,zijiangqiye,600210  紫江企业  ·  ZJQY,2026-09-02
600211,西藏药业,XZYY,xizangyaoye,600211  西藏药业  ·  XZYY,2026-09-02
600212,绿能慧充,LNHC,lvnenghuichong,600212  绿能慧充  ·  LNHC,2026-09-02
600215,派斯林,PSL,paisilin,600215  派斯林  ·  PSL,2026-09-02
600216,浙江医药,ZJYY,zhejiangyiyao,600216  浙江医药  ·  ZJYY,2026-09-02
600217,中再资环,ZZZH,zhongzaizihuan,600217  中再资环  ·  ZZZH,2026-09-02
600218,全柴动力,QCDL,quanchaidongli,600218  全柴动力  ·  QCDL,2026-09-02
600219,南山铝业,NSLY,nanshanlvye,600219  南山铝业  ·  NSLY,2026-09-02
600221,海航控股,HHKG,haihangkonggu,600221  海航控股  ·  HHKG,2026-09-02
600222,太龙药业,TLYY,tailongyaoye,600222  太龙药业  ·  TLYY,2026-09-02
600223,福瑞达,FRD,furuida,600223  福瑞达  ·  FRD,2026-09-02
600226,亨通股份,HTGF,hengtonggufen,600226  亨通股份  ·  HTGF,2026-09-02
600227,赤天化,CTH,chitianhua,600227  赤天化  ·  CTH,2026-09-02
600228,返利科技,FLKJ,fanlikeji,600228  返利科技  ·  FLKJ,2026-09-02
600229,城市传媒,CSCM,chengshichuanmei,600229  城市传媒  ·  CSCM,2026-09-02
600230,沧州大化,CZDH,cangzhoudahua,600230  沧州大化  ·  CZDH,2026-09-02
600231,凌钢股份,LGGF,lingganggufen,600231  凌钢股份  ·  LGGF,2026-09-02
600232,金鹰股份,JYGF,jinyinggufen,600232  金鹰股份  ·  JYGF,2026-09-02
600233,圆通速递,YTSD,yuantongsudi,600233  圆通速递  ·  YTSD,2026-09-02
600234,科新发展,KXFZ,kexinfazhan,600234  科新发展  ·  KXFZ,2026-09-02
600235,民丰特纸,MFTZ,minfengtezhi,600235  民丰特纸  ·  MFTZ,2026-09-02
600236,桂冠电力,GGDL,guiguandianli,600236  桂冠电力  ·  GGDL,2026-09-02
600237,铜峰电子,TFDZ,tongfengdianzi,600237  铜峰电子  ·  TFDZ,2026-09-02
600238,ST椰岛,STYD,styedao,600238  ST椰岛  ·  STYD,2026-09-02
600239,ST云城,STYC,styuncheng,600239  ST云城  ·  STYC,2026-09-02
600241,时代万恒,SDWH,shidaiwanheng,600241  时代万恒  ·  SDWH,2026-09-02
600243,*ST海华,*STHH,*sthaihua,600243  *ST海华  ·  *STHH,2026-09-02
600246,万通发展,WTFZ,wantongfazhan,600246  万通发展  ·  WTFZ,2026-09-02
600248,陕建股份,SJGF,shanjiangufen,600248  陕建股份  ·  SJGF,2026-09-02
600249,两面针,LMZ,liangmianzhen,600249  两面针  ·  LMZ,2026-09-02
600250,南京商旅,NJSL,nanjingshanglv,600250  南京商旅  ·  NJSL,2026-09-02
600251,冠农股份,GNGF,guannonggufen,600251  冠农股份  ·  GNGF,2026-09-02
600252,中恒集团,ZHJT,zhonghengjituan,600252  中恒集团  ·  ZHJT,2026-09-02
600255,鑫科材料,XKCL,xinkecailiao,600255  鑫科材料  ·  XKCL,2026-09-02
600256,广汇能源,GHNY,guanghuinengyuan,600256  广汇能源  ·  GHNY,2026-09-02
600257,大湖股份,DHGF,dahugufen,600257  大湖股份  ·  DHGF,2026-09-02
600258,首旅酒店,SLJD,shoulvjiudian,600258  首旅酒店  ·  SLJD,2026-09-02
600259,中稀有色,ZXYS,zhongxiyouse,600259  中稀有色  ·  ZXYS,2026-09-02
600261,阳光照明,YGZM,yangguangzhaoming,600261  阳光照明  ·  YGZM,2026-09-02
600262,北方股份,BFGF,beifanggufen,600262  北方股份  ·  BFGF,2026-09-02
600265,*ST景谷,*STJG,*stjinggu,600265  *ST景谷  ·  *STJG,2026-09-02
600266,城建发展,CJFZ,chengjianfazhan,600266  城建发展  ·  CJFZ,2026-09-02
600267,海正药业,HZYY,haizhengyaoye,600267  海正药业  ·  HZYY,2026-09-02
600268,国电南自,GDNZ,guodiannanzi,600268  国电南自  ·  GDNZ,2026-09-02
600269,赣粤高速,GYGS,ganyuegaosu,600269  赣粤高速  ·  GYGS,2026-09-02
600271,航天信息,HTXX,hangtianxinxi,600271  航天信息  ·  HTXX,2026-09-02
600272,开开实业,KKSY,kaikaishiye,600272  开开实业  ·  KKSY,2026-09-02
600273,嘉化能源,JHNY,jiahuanengyuan,600273  嘉化能源  ·  JHNY,2026-09-02
600276,恒瑞医药,HRYY,hengruiyiyao,600276  恒瑞医药  ·  HRYY,2026-09-02
600278,东方创业,DFCY,dongfangchuangye,600278  东方创业  ·  DFCY,2026-09-02
600279,重庆港,CQG,chongqinggang,600279  重庆港  ·  CQG,2026-09-02
600280,中央商场,ZYSC,zhongyangshangchang,600280  中央商场  ·  ZYSC,2026-09-02
600281,华阳新材,HYXC,huayangxincai,600281  华阳新材  ·  HYXC,2026-09-02
600282,南钢股份,NGGF,nanganggufen,600282  南钢股份  ·  NGGF,2026-09-02
600283,钱江水利,QJSL,qianjiangshuili,600283  钱江水利  ·  QJSL,2026-09-02
600284,浦东建设,PDJS,pudongjianshe,600284  浦东建设  ·  PDJS,2026-09-02
600285,羚锐制药,LRZY,lingruizhiyao,600285  羚锐制药  ·  LRZY,2026-09-02
600287,苏豪时尚,SHSS,suhaoshishang,600287  苏豪时尚  ·  SHSS,2026-09-02
600288,大恒科技,DHKJ,dahengkeji,600288  大恒科技  ·  DHKJ,2026-09-02
600289,ST信通,STXT,stxintong,600289  ST信通  ·  STXT,2026-09-02
600292,电投水电,DTSD,diantoushuidian,600292  电投水电  ·  DTSD,2026-09-02
600293,三峡新材,SXXC,sanxiaxincai,600293  三峡新材  ·  SXXC,2026-09-02
600295,鄂尔多斯,EEDS,eerduosi,600295  鄂尔多斯  ·  EEDS,2026-09-02
600298,安琪酵母,AQJM,anqijiaomu,600298  安琪酵母  ·  AQJM,2026-09-02
600299,安迪苏,ADS,andisu,600299  安迪苏  ·  ADS,2026-09-02
600300,维维股份,WWGF,weiweigufen,600300  维维股份  ·  WWGF,2026-09-02
600301,华锡有色,HXYS,huaxiyouse,600301  华锡有色  ·  HXYS,2026-09-02
600302,ST标准,STBZ,stbiaozhun,600302  ST标准  ·  STBZ,2026-09-02
600303,曙光股份,SGGF,shuguanggufen,600303  曙光股份  ·  SGGF,2026-09-02
600305,恒顺醋业,HSCY,hengshuncuye,600305  恒顺醋业  ·  HSCY,2026-09-02
600307,酒钢宏兴,JGHX,jiuganghongxing,600307  酒钢宏兴  ·  JGHX,2026-09-02
600308,华泰股份,HTGF,huataigufen,600308  华泰股份  ·  HTGF,2026-09-02
600309,万华化学,WHHX,wanhuahuaxue,600309  万华化学  ·  WHHX,2026-09-02
600310,广西能源,GXNY,guangxinengyuan,600310  广西能源  ·  GXNY,2026-09-02
600312,平高电气,PGDQ,pinggaodianqi,600312  平高电气  ·  PGDQ,2026-09-02
600313,农发种业,NFZY,nongfazhongye,600313  农发种业  ·  NFZY,2026-09-02
600315,上海家化,SHJH,shanghaijiahua,600315  上海家化  ·  SHJH,2026-09-02
600316,洪都航空,HDHK,hongdouhangkong,600316  洪都航空  ·  HDHK,2026-09-02
600318,新力金融,XLJR,xinlijinrong,600318  新力金融  ·  XLJR,2026-09-02
600319,亚星化学,YXHX,yaxinghuaxue,600319  亚星化学  ·  YXHX,2026-09-02
600320,振华重工,ZHZG,zhenhuazhonggong,600320  振华重工  ·  ZHZG,2026-09-02
600322,津投城开,JTCK,jintouchengkai,600322  津投城开  ·  JTCK,2026-09-02
600323,瀚蓝环境,HLHJ,hanlanhuanjing,600323  瀚蓝环境  ·  HLHJ,2026-09-02
600325,华发股份,HFGF,huafagufen,600325  华发股份  ·  HFGF,2026-09-02
600326,西藏天路,XZTL,xizangtianlu,600326  西藏天路  ·  XZTL,2026-09-02
600327,大东方,DDF,dadongfang,600327  大东方  ·  DDF,2026-09-02
600328,中盐化工,ZYHG,zhongyanhuagong,600328  中盐化工  ·  ZYHG,2026-09-02
600329,达仁堂,DRT,darentang,600329  达仁堂  ·  DRT,2026-09-02
600330,天通股份,TTGF,tiantonggufen,600330  天通股份  ·  TTGF,2026-09-02
600331,宏达股份,HDGF,hongdagufen,600331  宏达股份  ·  HDGF,2026-09-02
600332,白云山,BYS,baiyunshan,600332  白云山  ·  BYS,2026-09-02
600333,长春燃气,CCRQ,changchunranqi,600333  长春燃气  ·  CCRQ,2026-09-02
600335,国机汽车,GJQC,guojiqiche,600335  国机汽车  ·  GJQC,2026-09-02
600336,澳柯玛,AKM,aokema,600336  澳柯玛  ·  AKM,2026-09-02
600337,ST美克,STMK,stmeike,600337  ST美克  ·  STMK,2026-09-02
600338,西藏珠峰,XZZF,xizangzhufeng,600338  西藏珠峰  ·  XZZF,2026-09-02
600339,中油工程,ZYGC,zhongyougongcheng,600339  中油工程  ·  ZYGC,2026-09-02
600340,*ST华幸,*STHX,*sthuaxing,600340  *ST华幸  ·  *STHX,2026-09-02
600343,航天动力,HTDL,hangtiandongli,600343  航天动力  ·  HTDL,2026-09-02
600345,长江通信,CJTX,changjiangtongxin,600345  长江通信  ·  CJTX,2026-09-02
600346,恒力石化,HLSH,henglishihua,600346  恒力石化  ·  HLSH,2026-09-02
600348,华阳股份,HYGF,huayanggufen,600348  华阳股份  ·  HYGF,2026-09-02
600350,山东高速,SDGS,shandonggaosu,600350  山东高速  ·  SDGS,2026-09-02
600351,亚宝药业,YBYY,yabaoyaoye,600351  亚宝药业  ·  YBYY,2026-09-02
600352,浙江龙盛,ZJLS,zhejianglongsheng,600352  浙江龙盛  ·  ZJLS,2026-09-02
600353,旭光电子,XGDZ,xuguangdianzi,600353  旭光电子  ·  XGDZ,2026-09-02
600354,敦煌种业,DHZY,dunhuangzhongye,600354  敦煌种业  ·  DHZY,2026-09-02
600356,恒丰纸业,HFZY,hengfengzhiye,600356  恒丰纸业  ·  HFZY,2026-09-02
600358,国旅联合,GLLH,guolvlianhe,600358  国旅联合  ·  GLLH,2026-09-02
600359,新农开发,XNKF,xinnongkaifa,600359  新农开发  ·  XNKF,2026-09-02
600360,华微电子,HWDZ,huaweidianzi,600360  华微电子  ·  HWDZ,2026-09-02
600361,创新新材,CXXC,chuangxinxincai,600361  创新新材  ·  CXXC,2026-09-02
600362,江西铜业,JXTY,jiangxitongye,600362  江西铜业  ·  JXTY,2026-09-02
600363,联创光电,LCGD,lianchuangguangdian,600363  联创光电  ·  LCGD,2026-09-02
600365,ST通葡,STTP,sttongpu,600365  ST通葡  ·  STTP,2026-09-02
600366,宁波韵升,NBYS,ningboyunsheng,600366  宁波韵升  ·  NBYS,2026-09-02
600367,红星发展,HXFZ,hongxingfazhan,600367  红星发展  ·  HXFZ,2026-09-02
600368,五洲交通,WZJT,wuzhoujiaotong,600368  五洲交通  ·  WZJT,2026-09-02
600369,西南证券,XNZQ,xinanzhengquan,600369  西南证券  ·  XNZQ,2026-09-02
600370,*ST三房,*STSF,*stsanfang,600370  *ST三房  ·  *STSF,2026-09-02
600371,万向德农,WXDN,wanxiangdenong,600371  万向德农  ·  WXDN,2026-09-02
600372,中航机载,ZHJZ,zhonghangjizai,600372  中航机载  ·  ZHJZ,2026-09-02
600373,中文传媒,ZWCM,zhongwenchuanmei,600373  中文传媒  ·  ZWCM,2026-09-02
600375,汉马科技,HMKJ,hanmakeji,600375  汉马科技  ·  HMKJ,2026-09-02
600376,首开股份,SKGF,shoukaigufen,600376  首开股份  ·  SKGF,2026-09-02
600377,宁沪高速,NHGS,ninghugaosu,600377  宁沪高速  ·  NHGS,2026-09-02
600378,昊华科技,HHKJ,haohuakeji,600378  昊华科技  ·  HHKJ,2026-09-02
600379,宝光股份,BGGF,baoguanggufen,600379  宝光股份  ·  BGGF,2026-09-02
600380,健康元,JKY,jiankangyuan,600380  健康元  ·  JKY,2026-09-02
600381,*ST春天,*STCT,*stchuntian,600381  *ST春天  ·  *STCT,2026-09-02
600382,广东明珠,GDMZ,guangdongmingzhu,600382  广东明珠  ·  GDMZ,2026-09-02
600383,金地集团,JDJT,jindijituan,600383  金地集团  ·  JDJT,2026-09-02
600386,北巴传媒,BBCM,beibachuanmei,600386  北巴传媒  ·  BBCM,2026-09-02
600388,龙净环保,LJHB,longjinghuanbao,600388  龙净环保  ·  LJHB,2026-09-02
600389,江山股份,JSGF,jiangshangufen,600389  江山股份  ·  JSGF,2026-09-02
600390,五矿资本,WKZB,wukuangziben,600390  五矿资本  ·  WKZB,2026-09-02
600391,航发科技,HFKJ,hangfakeji,600391  航发科技  ·  HFKJ,2026-09-02
600392,盛和资源,SHZY,shengheziyuan,600392  盛和资源  ·  SHZY,2026-09-02
600395,盘江股份,PJGF,panjianggufen,600395  盘江股份  ·  PJGF,2026-09-02
600396,华电辽能,HDLN,huadianliaoneng,600396  华电辽能  ·  HDLN,2026-09-02
600397,江钨装备,JWZB,jiangwuzhuangbei,600397  江钨装备  ·  JWZB,2026-09-02
600398,海澜之家,HLZJ,hailanzhijia,600398  海澜之家  ·  HLZJ,2026-09-02
600399,抚顺特钢,FSTG,fushuntegang,600399  抚顺特钢  ·  FSTG,2026-09-02
600400,红豆股份,HDGF,hongdougufen,600400  红豆股份  ·  HDGF,2026-09-02
600403,大有能源,DYNY,dayounengyuan,600403  大有能源  ·  DYNY,2026-09-02
600405,动力源,DLY,dongliyuan,600405  动力源  ·  DLY,2026-09-02
600406,国电南瑞,GDNR,guodiannanrui,600406  国电南瑞  ·  GDNR,2026-09-02
600408,安泰集团,ATJT,antaijituan,600408  安泰集团  ·  ATJT,2026-09-02
600409,三友化工,SYHG,sanyouhuagong,600409  三友化工  ·  SYHG,2026-09-02
600410,华胜天成,HSTC,huashengtiancheng,600410  华胜天成  ·  HSTC,2026-09-02
600415,小商品城,XSPC,xiaoshangpincheng,600415  小商品城  ·  XSPC,2026-09-02
600416,湘电股份,XDGF,xiangdiangufen,600416  湘电股份  ·  XDGF,2026-09-02
600418,江淮汽车,JHQC,jianghuaiqiche,600418  江淮汽车  ·  JHQC,2026-09-02
600419,天润乳业,TRRY,tianrunruye,600419  天润乳业  ·  TRRY,2026-09-02
600420,国药现代,GYXD,guoyaoxiandai,600420  国药现代  ·  GYXD,2026-09-02
600422,昆药集团,KYJT,kunyaojituan,600422  昆药集团  ·  KYJT,2026-09-02
600423,*ST柳化,*STLH,*stliuhua,600423  *ST柳化  ·  *STLH,2026-09-02
600425,青松建化,QSJH,qingsongjianhua,600425  青松建化  ·  QSJH,2026-09-02
600426,华鲁恒升,HLHS,hualuhengsheng,600426  华鲁恒升  ·  HLHS,2026-09-02
600428,中远海特,ZYHT,zhongyuanhaite,600428  中远海特  ·  ZYHT,2026-09-02
600429,三元股份,SYGF,sanyuangufen,600429  三元股份  ·  SYGF,2026-09-02
600433,冠豪高新,GHGX,guanhaogaoxin,600433  冠豪高新  ·  GHGX,2026-09-02
600435,北方导航,BFDH,beifangdaohang,600435  北方导航  ·  BFDH,2026-09-02
600436,片仔癀,PZH,pianzaihuang,600436  片仔癀  ·  PZH,2026-09-02
600438,通威股份,TWGF,tongweigufen,600438  通威股份  ·  TWGF,2026-09-02
600439,ST瑞贝卡,STRBK,struibeika,600439  ST瑞贝卡  ·  STRBK,2026-09-02
600444,国机通用,GJTY,guojitongyong,600444  国机通用  ·  GJTY,2026-09-02
600446,金证股份,JZGF,jinzhenggufen,600446  金证股份  ·  JZGF,2026-09-02
600448,华纺股份,HFGF,huafanggufen,600448  华纺股份  ·  HFGF,2026-09-02
600449,宁夏建材,NXJC,ningxiajiancai,600449  宁夏建材  ·  NXJC,2026-09-02
600452,涪陵电力,FLDL,fulingdianli,600452  涪陵电力  ·  FLDL,2026-09-02
600455,博通股份,BTGF,botonggufen,600455  博通股份  ·  BTGF,2026-09-02
600456,宝钛股份,BTGF,baotaigufen,600456  宝钛股份  ·  BTGF,2026-09-02
600458,时代新材,SDXC,shidaixincai,600458  时代新材  ·  SDXC,2026-09-02
600459,贵研铂业,GYBY,guiyanboye,600459  贵研铂业  ·  GYBY,2026-09-02
600460,士兰微,SLW,shilanwei,600460  士兰微  ·  SLW,2026-09-02
600461,洪城环境,HCHJ,hongchenghuanjing,600461  洪城环境  ·  HCHJ,2026-09-02
600463,空港股份,KGGF,kongganggufen,600463  空港股份  ·  KGGF,2026-09-02
600467,好当家,HDJ,haodangjia,600467  好当家  ·  HDJ,2026-09-02
600468,百利电气,BLDQ,bailidianqi,600468  百利电气  ·  BLDQ,2026-09-02
600469,风神股份,FSGF,fengshengufen,600469  风神股份  ·  FSGF,2026-09-02
600470,六国化工,LGHG,liuguohuagong,600470  六国化工  ·  LGHG,2026-09-02
600475,华光环能,HGHN,huaguanghuanneng,600475  华光环能  ·  HGHN,2026-09-02
600476,*ST湘邮,*STXY,*stxiangyou,600476  *ST湘邮  ·  *STXY,2026-09-02
600477,杭萧钢构,HXGG,hangxiaoganggou,600477  杭萧钢构  ·  HXGG,2026-09-02
600478,科力远,KLY,keliyuan,600478  科力远  ·  KLY,2026-09-02
600479,千金药业,QJYY,qianjinyaoye,600479  千金药业  ·  QJYY,2026-09-02
600480,凌云股份,LYGF,lingyungufen,600480  凌云股份  ·  LYGF,2026-09-02
600481,双良节能,SLJN,shuangliangjieneng,600481  双良节能  ·  SLJN,2026-09-02
600482,中国动力,ZGDL,zhongguodongli,600482  中国动力  ·  ZGDL,2026-09-02
600483,福能股份,FNGF,funenggufen,600483  福能股份  ·  FNGF,2026-09-02
600486,扬农化工,YNHG,yangnonghuagong,600486  扬农化工  ·  YNHG,2026-09-02
600487,亨通光电,HTGD,hengtongguangdian,600487  亨通光电  ·  HTGD,2026-09-02
600488,津药药业,JYYY,jinyaoyaoye,600488  津药药业  ·  JYYY,2026-09-02
600489,中金黄金,ZJHJ,zhongjinhuangjin,600489  中金黄金  ·  ZJHJ,2026-09-02
600490,鹏欣资源,PXZY,pengxinziyuan,600490  鹏欣资源  ·  PXZY,2026-09-02
600491,ST龙元,STLY,stlongyuan,600491  ST龙元  ·  STLY,2026-09-02
600493,凤竹纺织,FZFZ,fengzhufangzhi,600493  凤竹纺织  ·  FZFZ,2026-09-02
600495,晋西车轴,JXCZ,jinxichezhou,600495  晋西车轴  ·  JXCZ,2026-09-02
600496,精工钢构,JGGG,jinggongganggou,600496  精工钢构  ·  JGGG,2026-09-02
600497,驰宏锌锗,CHXZ,chihongxinzhe,600497  驰宏锌锗  ·  CHXZ,2026-09-02
600498,烽火通信,FHTX,fenghuotongxin,600498  烽火通信  ·  FHTX,2026-09-02
600499,科达制造,KDZZ,kedazhizao,600499  科达制造  ·  KDZZ,2026-09-02
600500,中化国际,ZHGJ,zhonghuaguoji,600500  中化国际  ·  ZHGJ,2026-09-02
600501,航天晨光,HTCG,hangtianchenguang,600501  航天晨光  ·  HTCG,2026-09-02
600502,安徽建工,AHJG,anhuijiangong,600502  安徽建工  ·  AHJG,2026-09-02
600503,华丽家族,HLJZ,hualijiazu,600503  华丽家族  ·  HLJZ,2026-09-02
600505,西昌电力,XCDL,xichangdianli,600505  西昌电力  ·  XCDL,2026-09-02
600506,统一股份,TYGF,tongyigufen,600506  统一股份  ·  TYGF,2026-09-02
600507,方大特钢,FDTG,fangdategang,600507  方大特钢  ·  FDTG,2026-09-02
600508,上海能源,SHNY,shanghainengyuan,600508  上海能源  ·  SHNY,2026-09-02
600509,天富能源,TFNY,tianfunengyuan,600509  天富能源  ·  TFNY,2026-09-02
600510,黑牡丹,HMD,heimudan,600510  黑牡丹  ·  HMD,2026-09-02
600511,国药股份,GYGF,guoyaogufen,600511  国药股份  ·  GYGF,2026-09-02
600512,腾达建设,TDJS,tengdajianshe,600512  腾达建设  ·  TDJS,2026-09-02
600513,联环药业,LHYY,lianhuanyaoye,600513  联环药业  ·  LHYY,2026-09-02
600515,海南机场,HNJC,hainanjichang,600515  海南机场  ·  HNJC,2026-09-02
600516,方大炭素,FDTS,fangdatansu,600516  方大炭素  ·  FDTS,2026-09-02
600517,国网英大,GWYD,guowangyingda,600517  国网英大  ·  GWYD,2026-09-02
600518,康美药业,KMYY,kangmeiyaoye,600518  康美药业  ·  KMYY,2026-09-02
600519,贵州茅台,GZMT,guizhoumaotai,600519  贵州茅台  ·  GZMT,2026-09-02
600520,三佳科技,SJKJ,sanjiakeji,600520  三佳科技  ·  SJKJ,2026-09-02
600521,华海药业,HHYY,huahaiyaoye,600521  华海药业  ·  HHYY,2026-09-02
600522,中天科技,ZTKJ,zhongtiankeji,600522  中天科技  ·  ZTKJ,2026-09-02
600523,贵航股份,GHGF,guihanggufen,600523  贵航股份  ·  GHGF,2026-09-02
600525,ST长园,STZY,stzhangyuan,600525  ST长园  ·  STZY,2026-09-02
600526,菲达环保,FDHB,feidahuanbao,600526  菲达环保  ·  FDHB,2026-09-02
600527,江南高纤,JNGX,jiangnangaoxian,600527  江南高纤  ·  JNGX,2026-09-02
600528,中铁工业,ZTGY,zhongtiegongye,600528  中铁工业  ·  ZTGY,2026-09-02
600529,山东药玻,SDYB,shandongyaobo,600529  山东药玻  ·  SDYB,2026-09-02
600530,ST交昂,STJA,stjiaoang,600530  ST交昂  ·  STJA,2026-09-02
600531,豫光金铅,YGJQ,yuguangjinqian,600531  豫光金铅  ·  YGJQ,2026-09-02
600533,栖霞建设,QXJS,qixiajianshe,600533  栖霞建设  ·  QXJS,2026-09-02
600535,天士力,TSL,tianshili,600535  天士力  ·  TSL,2026-09-02
600536,中国软件,ZGRJ,zhongguoruanjian,600536  中国软件  ·  ZGRJ,2026-09-02
600537,*ST亿晶,*STYJ,*styijing,600537  *ST亿晶  ·  *STYJ,2026-09-02
600538,国发股份,GFGF,guofagufen,600538  国发股份  ·  GFGF,2026-09-02
600539,狮头股份,STGF,shitougufen,600539  狮头股份  ·  STGF,2026-09-02
600540,新赛股份,XSGF,xinsaigufen,600540  新赛股份  ·  XSGF,2026-09-02
600543,*ST莫高,*STMG,*stmogao,600543  *ST莫高  ·  *STMG,2026-09-02
600545,卓郎智能,ZLZN,zhuolangzhineng,600545  卓郎智能  ·  ZLZN,2026-09-02
600546,山煤国际,SMGJ,shanmeiguoji,600546  山煤国际  ·  SMGJ,2026-09-02
600547,山东黄金,SDHJ,shandonghuangjin,600547  山东黄金  ·  SDHJ,2026-09-02
600548,深高速,SGS,shengaosu,600548  深高速  ·  SGS,2026-09-02
600549,厦门钨业,XMWY,xiamenwuye,600549  厦门钨业  ·  XMWY,2026-09-02
600550,保变电气,BBDQ,baobiandianqi,600550  保变电气  ·  BBDQ,2026-09-02
600551,时代出版,SDCB,shidaichuban,600551  时代出版  ·  SDCB,2026-09-02
600552,凯盛科技,KSKJ,kaishengkeji,600552  凯盛科技  ·  KSKJ,2026-09-02
600556,天下秀,TXX,tianxiaxiu,600556  天下秀  ·  TXX,2026-09-02
600557,康缘药业,KYYY,kangyuanyaoye,600557  康缘药业  ·  KYYY,2026-09-02
600558,大西洋,DXY,daxiyang,600558  大西洋  ·  DXY,2026-09-02
600559,老白干酒,LBGJ,laobaiganjiu,600559  老白干酒  ·  LBGJ,2026-09-02
600560,金自天正,JZTZ,jinzitianzheng,600560  金自天正  ·  JZTZ,2026-09-02
600561,江西长运,JXZY,jiangxizhangyun,600561  江西长运  ·  JXZY,2026-09-02
600562,国睿科技,GRKJ,guoruikeji,600562  国睿科技  ·  GRKJ,2026-09-02
600563,法拉电子,FLDZ,faladianzi,600563  法拉电子  ·  FLDZ,2026-09-02
600566,济川药业,JCYY,jichuanyaoye,600566  济川药业  ·  JCYY,2026-09-02
600567,山鹰国际,SYGJ,shanyingguoji,600567  山鹰国际  ·  SYGJ,2026-09-02
600568,ST中珠,STZZ,stzhongzhu,600568  ST中珠  ·  STZZ,2026-09-02
600569,安阳钢铁,AYGT,anyanggangtie,600569  安阳钢铁  ·  AYGT,2026-09-02
600570,恒生电子,HSDZ,hengshengdianzi,600570  恒生电子  ·  HSDZ,2026-09-02
600571,信雅达,XYD,xinyada,600571  信雅达  ·  XYD,2026-09-02
600572,康恩贝,KEB,kangenbei,600572  康恩贝  ·  KEB,2026-09-02
600573,惠泉啤酒,HQPJ,huiquanpijiu,600573  惠泉啤酒  ·  HQPJ,2026-09-02
600575,淮河能源,HHNY,huaihenengyuan,600575  淮河能源  ·  HHNY,2026-09-02
600576,祥源文旅,XYWL,xiangyuanwenlv,600576  祥源文旅  ·  XYWL,2026-09-02
600577,精达股份,JDGF,jingdagufen,600577  精达股份  ·  JDGF,2026-09-02
600578,京能电力,JNDL,jingnengdianli,600578  京能电力  ·  JNDL,2026-09-02
600579,中化装备,ZHZB,zhonghuazhuangbei,600579  中化装备  ·  ZHZB,2026-09-02
600580,卧龙电驱,WLDQ,wolongdianqu,600580  卧龙电驱  ·  WLDQ,2026-09-02
600581,*ST八钢,*STBG,*stbagang,600581  *ST八钢  ·  *STBG,2026-09-02
600582,天地科技,TDKJ,tiandikeji,600582  天地科技  ·  TDKJ,2026-09-02
600583,海油工程,HYGC,haiyougongcheng,600583  海油工程  ·  HYGC,2026-09-02
600584,长电科技,ZDKJ,zhangdiankeji,600584  长电科技  ·  ZDKJ,2026-09-02
600585,海螺水泥,HLSN,hailuoshuini,600585  海螺水泥  ·  HLSN,2026-09-02
600586,金晶科技,JJKJ,jinjingkeji,600586  金晶科技  ·  JJKJ,2026-09-02
600587,新华医疗,XHYL,xinhuayiliao,600587  新华医疗  ·  XHYL,2026-09-02
600588,用友网络,YYWL,yongyouwangluo,600588  用友网络  ·  YYWL,2026-09-02
600589,大位科技,DWKJ,daweikeji,600589  大位科技  ·  DWKJ,2026-09-02
600590,泰豪科技,THKJ,taihaokeji,600590  泰豪科技  ·  THKJ,2026-09-02
600592,龙溪股份,LXGF,longxigufen,600592  龙溪股份  ·  LXGF,2026-09-02
600593,大连圣亚,DLSY,dalianshengya,600593  大连圣亚  ·  DLSY,2026-09-02
600594,益佰制药,YBZY,yibaizhiyao,600594  益佰制药  ·  YBZY,2026-09-02
600595,中孚实业,ZFSY,zhongfushiye,600595  中孚实业  ·  ZFSY,2026-09-02
600596,新安股份,XAGF,xinangufen,600596  新安股份  ·  XAGF,2026-09-02
600597,光明乳业,GMRY,guangmingruye,600597  光明乳业  ·  GMRY,2026-09-02
600598,北大荒,BDH,beidahuang,600598  北大荒  ·  BDH,2026-09-02
600600,青岛啤酒,QDPJ,qingdaopijiu,600600  青岛啤酒  ·  QDPJ,2026-09-02
600601,方正科技,FZKJ,fangzhengkeji,600601  方正科技  ·  FZKJ,2026-09-02
600602,云赛智联,YSZL,yunsaizhilian,600602  云赛智联  ·  YSZL,2026-09-02
600603,广汇物流,GHWL,guanghuiwuliu,600603  广汇物流  ·  GHWL,2026-09-02
600604,市北高新,SBGX,shibeigaoxin,600604  市北高新  ·  SBGX,2026-09-02
600605,汇通能源,HTNY,huitongnengyuan,600605  汇通能源  ·  HTNY,2026-09-02
600606,绿地控股,LDKG,lvdikonggu,600606  绿地控股  ·  LDKG,2026-09-02
600609,金杯汽车,JBQC,jinbeiqiche,600609  金杯汽车  ·  JBQC,2026-09-02
600610,中毅达,ZYD,zhongyida,600610  中毅达  ·  ZYD,2026-09-02
600611,大众交通,DZJT,dazhongjiaotong,600611  大众交通  ·  DZJT,2026-09-02
600612,老凤祥,LFX,laofengxiang,600612  老凤祥  ·  LFX,2026-09-02
600613,神奇制药,SQZY,shenqizhiyao,600613  神奇制药  ·  SQZY,2026-09-02
600615,鑫源智造,XYZZ,xinyuanzhizao,600615  鑫源智造  ·  XYZZ,2026-09-02
600616,金枫酒业,JFJY,jinfengjiuye,600616  金枫酒业  ·  JFJY,2026-09-02
600617,国新能源,GXNY,guoxinnengyuan,600617  国新能源  ·  GXNY,2026-09-02
600618,氯碱化工,LJHG,lvjianhuagong,600618  氯碱化工  ·  LJHG,2026-09-02
600619,海立股份,HLGF,hailigufen,600619  海立股份  ·  HLGF,2026-09-02
600620,天宸股份,TCGF,tianchengufen,600620  天宸股份  ·  TCGF,2026-09-02
600621,华鑫股份,HXGF,huaxingufen,600621  华鑫股份  ·  HXGF,2026-09-02
600622,光大嘉宝,GDJB,guangdajiabao,600622  光大嘉宝  ·  GDJB,2026-09-02
600623,XD华谊集,XDHYJ,xdhuayiji,600623  XD华谊集  ·  XDHYJ,2026-09-02
600624,ST复华,STFH,stfuhua,600624  ST复华  ·  STFH,2026-09-02
600626,申达股份,SDGF,shendagufen,600626  申达股份  ·  SDGF,2026-09-02
600628,新世界,XSJ,xinshijie,600628  新世界  ·  XSJ,2026-09-02
600629,华建集团,HJJT,huajianjituan,600629  华建集团  ·  HJJT,2026-09-02
600630,龙头股份,LTGF,longtougufen,600630  龙头股份  ·  LTGF,2026-09-02
600633,浙数文化,ZSWH,zheshuwenhua,600633  浙数文化  ·  ZSWH,2026-09-02
600635,大众公用,DZGY,dazhonggongyong,600635  大众公用  ·  DZGY,2026-09-02
600637,东方明珠,DFMZ,dongfangmingzhu,600637  东方明珠  ·  DFMZ,2026-09-02
600638,新黄浦,XHP,xinhuangpu,600638  新黄浦  ·  XHP,2026-09-02
600639,浦东金桥,PDJQ,pudongjinqiao,600639  浦东金桥  ·  PDJQ,2026-09-02
600640,国脉文化,GMWH,guomaiwenhua,600640  国脉文化  ·  GMWH,2026-09-02
600641,先导基电,XDJD,xiandaojidian,600641  先导基电  ·  XDJD,2026-09-02
600642,申能股份,SNGF,shennenggufen,600642  申能股份  ·  SNGF,2026-09-02
600643,爱建集团,AJJT,aijianjituan,600643  爱建集团  ·  AJJT,2026-09-02
600644,乐山电力,LSDL,leshandianli,600644  乐山电力  ·  LSDL,2026-09-02
600645,中源协和,ZYXH,zhongyuanxiehe,600645  中源协和  ·  ZYXH,2026-09-02
600648,外高桥,WGQ,waigaoqiao,600648  外高桥  ·  WGQ,2026-09-02
600649,城投控股,CTKG,chengtoukonggu,600649  城投控股  ·  CTKG,2026-09-02
600650,锦江在线,JJZX,jinjiangzaixian,600650  锦江在线  ·  JJZX,2026-09-02
600651,飞乐音响,FYYX,feiyueyinxiang,600651  飞乐音响  ·  FYYX,2026-09-02
600653,申华控股,SHKG,shenhuakonggu,600653  申华控股  ·  SHKG,2026-09-02
600654,中安科,ZAK,zhonganke,600654  中安科  ·  ZAK,2026-09-02
600655,豫园股份,YYGF,yuyuangufen,600655  豫园股份  ·  YYGF,2026-09-02
600657,信达地产,XDDC,xindadichan,600657  信达地产  ·  XDDC,2026-09-02
600658,电子城,DZC,dianzicheng,600658  电子城  ·  DZC,2026-09-02
600660,福耀玻璃,FYBL,fuyaoboli,600660  福耀玻璃  ·  FYBL,2026-09-02
600661,昂立教育,ALJY,anglijiaoyu,600661  昂立教育  ·  ALJY,2026-09-02
600662,外服控股,WFKG,waifukonggu,600662  外服控股  ·  WFKG,2026-09-02
600663,陆家嘴,LJZ,lujiazui,600663  陆家嘴  ·  LJZ,2026-09-02
600664,哈药股份,HYGF,hayaogufen,600664  哈药股份  ·  HYGF,2026-09-02
600665,天地源,TDY,tiandiyuan,600665  天地源  ·  TDY,2026-09-02
600666,奥瑞德,ARD,aoruide,600666  奥瑞德  ·  ARD,2026-09-02
600667,太极实业,TJSY,taijishiye,600667  太极实业  ·  TJSY,2026-09-02
600668,尖峰集团,JFJT,jianfengjituan,600668  尖峰集团  ·  JFJT,2026-09-02
600671,天目药业,TMYY,tianmuyaoye,600671  天目药业  ·  TMYY,2026-09-02
600673,东阳光,DYG,dongyangguang,600673  东阳光  ·  DYG,2026-09-02
600674,川投能源,CTNY,chuantounengyuan,600674  川投能源  ·  CTNY,2026-09-02
600675,中华企业,ZHQY,zhonghuaqiye,600675  中华企业  ·  ZHQY,2026-09-02
600676,久事动娱,JSDY,jiushidongyu,600676  久事动娱  ·  JSDY,2026-09-02
600678,ST金顶,STJD,stjinding,600678  ST金顶  ·  STJD,2026-09-02
600679,上海凤凰,SHFH,shanghaifenghuang,600679  上海凤凰  ·  SHFH,2026-09-02
600681,百川能源,BCNY,baichuannengyuan,600681  百川能源  ·  BCNY,2026-09-02
600682,南京新百,NJXB,nanjingxinbai,600682  南京新百  ·  NJXB,2026-09-02
600683,京投发展,JTFZ,jingtoufazhan,600683  京投发展  ·  JTFZ,2026-09-02
600684,珠江股份,ZJGF,zhujianggufen,600684  珠江股份  ·  ZJGF,2026-09-02
600685,中船防务,ZCFW,zhongchuanfangwu,600685  中船防务  ·  ZCFW,2026-09-02
600686,金龙汽车,JLQC,jinlongqiche,600686  金龙汽车  ·  JLQC,2026-09-02
600688,上海石化,SHSH,shanghaishihua,600688  上海石化  ·  SHSH,2026-09-02
600689,上海三毛,SHSM,shanghaisanmao,600689  上海三毛  ·  SHSM,2026-09-02
600690,海尔智家,HEZJ,haierzhijia,600690  海尔智家  ·  HEZJ,2026-09-02
600691,潞化科技,LHKJ,luhuakeji,600691  潞化科技  ·  LHKJ,2026-09-02
600692,亚通股份,YTGF,yatonggufen,600692  亚通股份  ·  YTGF,2026-09-02
600693,东百集团,DBJT,dongbaijituan,600693  东百集团  ·  DBJT,2026-09-02
600694,大商股份,DSGF,dashanggufen,600694  大商股份  ·  DSGF,2026-09-02
600697,欧亚集团,OYJT,ouyajituan,600697  欧亚集团  ·  OYJT,2026-09-02
600698,湖南天雁,HNTY,hunantianyan,600698  湖南天雁  ·  HNTY,2026-09-02
600699,均胜电子,JSDZ,junshengdianzi,600699  均胜电子  ·  JSDZ,2026-09-02
600702,舍得酒业,SDJY,shedejiuye,600702  舍得酒业  ·  SDJY,2026-09-02
600703,三安光电,SAGD,sananguangdian,600703  三安光电  ·  SAGD,2026-09-02
600704,物产中大,WCZD,wuchanzhongda,600704  物产中大  ·  WCZD,2026-09-02
600706,曲江文旅,QJWL,qujiangwenlv,600706  曲江文旅  ·  QJWL,2026-09-02
600707,彩虹股份,CHGF,caihonggufen,600707  彩虹股份  ·  CHGF,2026-09-02
600708,光明地产,GMDC,guangmingdichan,600708  光明地产  ·  GMDC,2026-09-02
600710,苏美达,SMD,sumeida,600710  苏美达  ·  SMD,2026-09-02
600711,盛屯矿业,STKY,shengtunkuangye,600711  盛屯矿业  ·  STKY,2026-09-02
600712,南宁百货,NNBH,nanningbaihuo,600712  南宁百货  ·  NNBH,2026-09-02
600713,南京医药,NJYY,nanjingyiyao,600713  南京医药  ·  NJYY,2026-09-02
600714,金瑞矿业,JRKY,jinruikuangye,600714  金瑞矿业  ·  JRKY,2026-09-02
600715,文投控股,WTKG,wentoukonggu,600715  文投控股  ·  WTKG,2026-09-02
600716,凤凰股份,FHGF,fenghuanggufen,600716  凤凰股份  ·  FHGF,2026-09-02
600717,天津港,TJG,tianjingang,600717  天津港  ·  TJG,2026-09-02
600718,东软集团,DRJT,dongruanjituan,600718  东软集团  ·  DRJT,2026-09-02
600719,大连热电,DLRD,dalianredian,600719  大连热电  ·  DLRD,2026-09-02
600720,中交设计,ZJSJ,zhongjiaosheji,600720  中交设计  ·  ZJSJ,2026-09-02
600721,百花医药,BHYY,baihuayiyao,600721  百花医药  ·  BHYY,2026-09-02
600722,金牛化工,JNHG,jinniuhuagong,600722  金牛化工  ·  JNHG,2026-09-02
600724,宁波富达,NBFD,ningbofuda,600724  宁波富达  ·  NBFD,2026-09-02
600725,云维股份,YWGF,yunweigufen,600725  云维股份  ·  YWGF,2026-09-02
600726,华电能源,HDNY,huadiannengyuan,600726  华电能源  ·  HDNY,2026-09-02
600727,鲁北化工,LBHG,lubeihuagong,600727  鲁北化工  ·  LBHG,2026-09-02
600728,佳都科技,JDKJ,jiadoukeji,600728  佳都科技  ·  JDKJ,2026-09-02
600729,重百集团,ZBJT,zhongbaijituan,600729  重百集团  ·  ZBJT,2026-09-02
600730,*ST高科,*STGK,*stgaoke,600730  *ST高科  ·  *STGK,2026-09-02
600731,湖南海利,HNHL,hunanhaili,600731  湖南海利  ·  HNHL,2026-09-02
600732,爱旭股份,AXGF,aixugufen,600732  爱旭股份  ·  AXGF,2026-09-02
600733,北汽蓝谷,BQLG,beiqilangu,600733  北汽蓝谷  ·  BQLG,2026-09-02
600734,*ST实达,*STSD,*stshida,600734  *ST实达  ·  *STSD,2026-09-02
600735,ST新华锦,STXHJ,stxinhuajin,600735  ST新华锦  ·  STXHJ,2026-09-02
600736,苏州高新,SZGX,suzhougaoxin,600736  苏州高新  ·  SZGX,2026-09-02
600737,中粮糖业,ZLTY,zhongliangtangye,600737  中粮糖业  ·  ZLTY,2026-09-02
600738,丽尚国潮,LSGC,lishangguochao,600738  丽尚国潮  ·  LSGC,2026-09-02
600739,辽宁成大,LNCD,liaoningchengda,600739  辽宁成大  ·  LNCD,2026-09-02
600740,山西焦化,SXJH,shanxijiaohua,600740  山西焦化  ·  SXJH,2026-09-02
600741,华域汽车,HYQC,huayuqiche,600741  华域汽车  ·  HYQC,2026-09-02
600742,富维股份,FWGF,fuweigufen,600742  富维股份  ·  FWGF,2026-09-02
600743,华远控股,HYKG,huayuankonggu,600743  华远控股  ·  HYKG,2026-09-02
600744,华银电力,HYDL,huayindianli,600744  华银电力  ·  HYDL,2026-09-02
600745,*ST闻泰,*STWT,*stwentai,600745  *ST闻泰  ·  *STWT,2026-09-02
600746,江苏索普,JSSP,jiangsusuopu,600746  江苏索普  ·  JSSP,2026-09-02
600748,上实发展,SSFZ,shangshifazhan,600748  上实发展  ·  SSFZ,2026-09-02
600749,西藏旅游,XZLY,xizanglvyou,600749  西藏旅游  ·  XZLY,2026-09-02
600750,华润江中,HRJZ,huarunjiangzhong,600750  华润江中  ·  HRJZ,2026-09-02
600751,海航科技,HHKJ,haihangkeji,600751  海航科技  ·  HHKJ,2026-09-02
600753,ST海钦,STHQ,sthaiqin,600753  ST海钦  ·  STHQ,2026-09-02
600754,锦江酒店,JJJD,jinjiangjiudian,600754  锦江酒店  ·  JJJD,2026-09-02
600755,厦门国贸,XMGM,xiamenguomao,600755  厦门国贸  ·  XMGM,2026-09-02
600756,浪潮软件,LCRJ,langchaoruanjian,600756  浪潮软件  ·  LCRJ,2026-09-02
600757,长江传媒,CJCM,changjiangchuanmei,600757  长江传媒  ·  CJCM,2026-09-02
600758,辽宁能源,LNNY,liaoningnengyuan,600758  辽宁能源  ·  LNNY,2026-09-02
600759,ST洲际,STZJ,stzhouji,600759  ST洲际  ·  STZJ,2026-09-02
600760,中航沈飞,ZHSF,zhonghangshenfei,600760  中航沈飞  ·  ZHSF,2026-09-02
600761,安徽合力,AHHL,anhuiheli,600761  安徽合力  ·  AHHL,2026-09-02
600763,通策医疗,TCYL,tongceyiliao,600763  通策医疗  ·  TCYL,2026-09-02
600764,中国海防,ZGHF,zhongguohaifang,600764  中国海防  ·  ZGHF,2026-09-02
600765,中航重机,ZHZJ,zhonghangzhongji,600765  中航重机  ·  ZHZJ,2026-09-02
600768,宁波富邦,NBFB,ningbofubang,600768  宁波富邦  ·  NBFB,2026-09-02
600769,祥龙电业,XLDY,xianglongdianye,600769  祥龙电业  ·  XLDY,2026-09-02
600770,综艺股份,ZYGF,zongyigufen,600770  综艺股份  ·  ZYGF,2026-09-02
600771,广誉远,GYY,guangyuyuan,600771  广誉远  ·  GYY,2026-09-02
600773,西藏城投,XZCT,xizangchengtou,600773  西藏城投  ·  XZCT,2026-09-02
600774,汉商集团,HSJT,hanshangjituan,600774  汉商集团  ·  HSJT,2026-09-02
600775,南京熊猫,NJXM,nanjingxiongmao,600775  南京熊猫  ·  NJXM,2026-09-02
600776,东方通信,DFTX,dongfangtongxin,600776  东方通信  ·  DFTX,2026-09-02
600777,新潮能源,XCNY,xinchaonengyuan,600777  新潮能源  ·  XCNY,2026-09-02
600778,友好集团,YHJT,youhaojituan,600778  友好集团  ·  YHJT,2026-09-02
600779,水井坊,SJF,shuijingfang,600779  水井坊  ·  SJF,2026-09-02
600780,通宝能源,TBNY,tongbaonengyuan,600780  通宝能源  ·  TBNY,2026-09-02
600782,新钢股份,XGGF,xinganggufen,600782  新钢股份  ·  XGGF,2026-09-02
600783,鲁信创投,LXCT,luxinchuangtou,600783  鲁信创投  ·  LXCT,2026-09-02
600784,鲁银投资,LYTZ,luyintouzi,600784  鲁银投资  ·  LYTZ,2026-09-02
600785,新华百货,XHBH,xinhuabaihuo,600785  新华百货  ·  XHBH,2026-09-02
600787,中储股份,ZCGF,zhongchugufen,600787  中储股份  ·  ZCGF,2026-09-02
600789,鲁抗医药,LKYY,lukangyiyao,600789  鲁抗医药  ·  LKYY,2026-09-02
600790,轻纺城,QFC,qingfangcheng,600790  轻纺城  ·  QFC,2026-09-02
600791,京能置业,JNZY,jingnengzhiye,600791  京能置业  ·  JNZY,2026-09-02
600792,云煤能源,YMNY,yunmeinengyuan,600792  云煤能源  ·  YMNY,2026-09-02
600793,宜宾纸业,YBZY,yibinzhiye,600793  宜宾纸业  ·  YBZY,2026-09-02
600794,保税科技,BSKJ,baoshuikeji,600794  保税科技  ·  BSKJ,2026-09-02
600795,国电电力,GDDL,guodiandianli,600795  国电电力  ·  GDDL,2026-09-02
600796,钱江生化,QJSH,qianjiangshenghua,600796  钱江生化  ·  QJSH,2026-09-02
600797,浙大网新,ZDWX,zhedawangxin,600797  浙大网新  ·  ZDWX,2026-09-02
600798,宁波海运,NBHY,ningbohaiyun,600798  宁波海运  ·  NBHY,2026-09-02
600800,渤海化学,BHHX,bohaihuaxue,600800  渤海化学  ·  BHHX,2026-09-02
600801,华新建材,HXJC,huaxinjiancai,600801  华新建材  ·  HXJC,2026-09-02
600802,福建水泥,FJSN,fujianshuini,600802  福建水泥  ·  FJSN,2026-09-02
600803,新奥股份,XAGF,xinaogufen,600803  新奥股份  ·  XAGF,2026-09-02
600805,悦达投资,YDTZ,yuedatouzi,600805  悦达投资  ·  YDTZ,2026-09-02
600807,济高发展,JGFZ,jigaofazhan,600807  济高发展  ·  JGFZ,2026-09-02
600808,马钢股份,MGGF,maganggufen,600808  马钢股份  ·  MGGF,2026-09-02
600809,山西汾酒,SXFJ,shanxifenjiu,600809  山西汾酒  ·  SXFJ,2026-09-02
600810,神马股份,SMGF,shenmagufen,600810  神马股份  ·  SMGF,2026-09-02
600812,华北制药,HBZY,huabeizhiyao,600812  华北制药  ·  HBZY,2026-09-02
600814,杭州解百,HZJB,hangzhoujiebai,600814  杭州解百  ·  HZJB,2026-09-02
600815,厦工股份,SGGF,shagonggufen,600815  厦工股份  ·  SGGF,2026-09-02
600816,建元信托,JYXT,jianyuanxintuo,600816  建元信托  ·  JYXT,2026-09-02
600817,宇通重工,YTZG,yutongzhonggong,600817  宇通重工  ·  YTZG,2026-09-02
600818,ST中路,STZL,stzhonglu,600818  ST中路  ·  STZL,2026-09-02
600819,耀皮玻璃,YPBL,yaopiboli,600819  耀皮玻璃  ·  YPBL,2026-09-02
600820,隧道股份,SDGF,suidaogufen,600820  隧道股份  ·  SDGF,2026-09-02
600821,金开新能,JKXN,jinkaixinneng,600821  金开新能  ·  JKXN,2026-09-02
600822,上海物贸,SHWM,shanghaiwumao,600822  上海物贸  ·  SHWM,2026-09-02
600824,益民集团,YMJT,yiminjituan,600824  益民集团  ·  YMJT,2026-09-02
600825,新华传媒,XHCM,xinhuachuanmei,600825  新华传媒  ·  XHCM,2026-09-02
600826,兰生股份,LSGF,lanshenggufen,600826  兰生股份  ·  LSGF,2026-09-02
600827,百联股份,BLGF,bailiangufen,600827  百联股份  ·  BLGF,2026-09-02
600828,茂业商业,MYSY,maoyeshangye,600828  茂业商业  ·  MYSY,2026-09-02
600829,人民同泰,RMTT,renmintongtai,600829  人民同泰  ·  RMTT,2026-09-02
600830,香溢融通,XYRT,xiangyirongtong,600830  香溢融通  ·  XYRT,2026-09-02
600831,广电网络,GDWL,guangdianwangluo,600831  广电网络  ·  GDWL,2026-09-02
600833,第一医药,DYYY,diyiyiyao,600833  第一医药  ·  DYYY,2026-09-02
600834,申通地铁,STDT,shentongditie,600834  申通地铁  ·  STDT,2026-09-02
600835,上海机电,SHJD,shanghaijidian,600835  上海机电  ·  SHJD,2026-09-02
600838,上海九百,SHJB,shanghaijiubai,600838  上海九百  ·  SHJB,2026-09-02
600839,XD四川长,XDSCZ,xdsichuanzhang,600839  XD四川长  ·  XDSCZ,2026-09-02
600841,动力新科,DLXK,donglixinke,600841  动力新科  ·  DLXK,2026-09-02
600843,上工申贝,SGSB,shanggongshenbei,600843  上工申贝  ·  SGSB,2026-09-02
600844,金煤科技,JMKJ,jinmeikeji,600844  金煤科技  ·  JMKJ,2026-09-02
600845,宝信软件,BXRJ,baoxinruanjian,600845  宝信软件  ·  BXRJ,2026-09-02
600846,同济科技,TJKJ,tongjikeji,600846  同济科技  ·  TJKJ,2026-09-02
600847,万里股份,WLGF,wanligufen,600847  万里股份  ·  WLGF,2026-09-02
600848,上海临港,SHLG,shanghailingang,600848  上海临港  ·  SHLG,2026-09-02
600850,电科数字,DKSZ,diankeshuzi,600850  电科数字  ·  DKSZ,2026-09-02
600851,海欣股份,HXGF,haixingufen,600851  海欣股份  ·  HXGF,2026-09-02
600853,龙建股份,LJGF,longjiangufen,600853  龙建股份  ·  LJGF,2026-09-02
600854,春兰股份,CLGF,chunlangufen,600854  春兰股份  ·  CLGF,2026-09-02
600855,航天长峰,HTZF,hangtianzhangfeng,600855  航天长峰  ·  HTZF,2026-09-02
600857,宁波中百,NBZB,ningbozhongbai,600857  宁波中百  ·  NBZB,2026-09-02
600858,银座股份,YZGF,yinzuogufen,600858  银座股份  ·  YZGF,2026-09-02
600859,王府井,WFJ,wangfujing,600859  王府井  ·  WFJ,2026-09-02
600860,京城股份,JCGF,jingchenggufen,600860  京城股份  ·  JCGF,2026-09-02
600861,北京人力,BJRL,beijingrenli,600861  北京人力  ·  BJRL,2026-09-02
600862,中航高科,ZHGK,zhonghanggaoke,600862  中航高科  ·  ZHGK,2026-09-02
600863,华能蒙电,HNMD,huanengmengdian,600863  华能蒙电  ·  HNMD,2026-09-02
600864,哈投股份,HTGF,hatougufen,600864  哈投股份  ·  HTGF,2026-09-02
600865,百大集团,BDJT,baidajituan,600865  百大集团  ·  BDJT,2026-09-02
600866,星湖科技,XHKJ,xinghukeji,600866  星湖科技  ·  XHKJ,2026-09-02
600867,通化东宝,THDB,tonghuadongbao,600867  通化东宝  ·  THDB,2026-09-02
600868,梅雁吉祥,MYJX,meiyanjixiang,600868  梅雁吉祥  ·  MYJX,2026-09-02
600869,远东股份,YDGF,yuandonggufen,600869  远东股份  ·  YDGF,2026-09-02
600871,石化油服,SHYF,shihuayoufu,600871  石化油服  ·  SHYF,2026-09-02
600872,中炬高新,ZJGX,zhongjugaoxin,600872  中炬高新  ·  ZJGX,2026-09-02
600873,梅花生物,MHSW,meihuashengwu,600873  梅花生物  ·  MHSW,2026-09-02
600874,创业环保,CYHB,chuangyehuanbao,600874  创业环保  ·  CYHB,2026-09-02
600875,东方电气,DFDQ,dongfangdianqi,600875  东方电气  ·  DFDQ,2026-09-02
600876,凯盛新能,KSXN,kaishengxinneng,600876  凯盛新能  ·  KSXN,2026-09-02
600877,电科芯片,DKXP,diankexinpian,600877  电科芯片  ·  DKXP,2026-09-02
600879,航天电子,HTDZ,hangtiandianzi,600879  航天电子  ·  HTDZ,2026-09-02
600880,博瑞传播,BRCB,boruichuanbo,600880  博瑞传播  ·  BRCB,2026-09-02
600881,亚泰集团,YTJT,yataijituan,600881  亚泰集团  ·  YTJT,2026-09-02
600882,妙可蓝多,MKLD,miaokelanduo,600882  妙可蓝多  ·  MKLD,2026-09-02
600883,博闻科技,BWKJ,bowenkeji,600883  博闻科技  ·  BWKJ,2026-09-02
600884,杉杉股份,SSGF,shanshangufen,600884  杉杉股份  ·  SSGF,2026-09-02
600885,宏发股份,HFGF,hongfagufen,600885  宏发股份  ·  HFGF,2026-09-02
600886,XD国投电,XDGTD,xdguotoudian,600886  XD国投电  ·  XDGTD,2026-09-02
600887,伊利股份,YLGF,yiligufen,600887  伊利股份  ·  YLGF,2026-09-02
600888,新疆众和,XJZH,xinjiangzhonghe,600888  新疆众和  ·  XJZH,2026-09-02
600889,*ST京化,*STJH,*stjinghua,600889  *ST京化  ·  *STJH,2026-09-02
600892,大晟文化,DCWH,dachengwenhua,600892  大晟文化  ·  DCWH,2026-09-02
600893,航发动力,HFDL,hangfadongli,600893  航发动力  ·  HFDL,2026-09-02
600894,广日股份,GRGF,guangrigufen,600894  广日股份  ·  GRGF,2026-09-02
600895,张江高科,ZJGK,zhangjianggaoke,600895  张江高科  ·  ZJGK,2026-09-02
600897,厦门空港,XMKG,xiamenkonggang,600897  厦门空港  ·  XMKG,2026-09-02
600900,长江电力,CJDL,changjiangdianli,600900  长江电力  ·  CJDL,2026-09-02
600901,江苏金租,JSJZ,jiangsujinzu,600901  江苏金租  ·  JSJZ,2026-09-02
600903,贵州燃气,GZRQ,guizhouranqi,600903  贵州燃气  ·  GZRQ,2026-09-02
600905,三峡能源,SXNY,sanxianengyuan,600905  三峡能源  ·  SXNY,2026-09-02
600906,财达证券,CDZQ,caidazhengquan,600906  财达证券  ·  CDZQ,2026-09-02
600908,无锡银行,WXYH,wuxiyinhang,600908  无锡银行  ·  WXYH,2026-09-02
600909,华安证券,HAZQ,huaanzhengquan,600909  华安证券  ·  HAZQ,2026-09-02
600916,中国黄金,ZGHJ,zhongguohuangjin,600916  中国黄金  ·  ZGHJ,2026-09-02
600917,重庆燃气,CQRQ,chongqingranqi,600917  重庆燃气  ·  CQRQ,2026-09-02
600918,中泰证券,ZTZQ,zhongtaizhengquan,600918  中泰证券  ·  ZTZQ,2026-09-02
600919,江苏银行,JSYH,jiangsuyinhang,600919  江苏银行  ·  JSYH,2026-09-02
600925,苏能股份,SNGF,sunenggufen,600925  苏能股份  ·  SNGF,2026-09-02
600926,杭州银行,HZYH,hangzhouyinhang,600926  杭州银行  ·  HZYH,2026-09-02
600927,永安期货,YAQH,yonganqihuo,600927  永安期货  ·  YAQH,2026-09-02
600928,西安银行,XAYH,xianyinhang,600928  西安银行  ·  XAYH,2026-09-02
600929,雪天盐业,XTYY,xuetianyanye,600929  雪天盐业  ·  XTYY,2026-09-02
600930,华电新能,HDXN,huadianxinneng,600930  华电新能  ·  HDXN,2026-09-02
600933,爱柯迪,AKD,aikedi,600933  爱柯迪  ·  AKD,2026-09-02
600935,华塑股份,HSGF,huasugufen,600935  华塑股份  ·  HSGF,2026-09-02
600936,北投科技,BTKJ,beitoukeji,600936  北投科技  ·  BTKJ,2026-09-02
600938,中国海油,ZGHY,zhongguohaiyou,600938  中国海油  ·  ZGHY,2026-09-02
600939,重庆建工,CQJG,chongqingjiangong,600939  重庆建工  ·  CQJG,2026-09-02
600941,中国移动,ZGYD,zhongguoyidong,600941  中国移动  ·  ZGYD,2026-09-02
600955,维远股份,WYGF,weiyuangufen,600955  维远股份  ·  WYGF,2026-09-02
600956,新天绿能,XTLN,xintianlvneng,600956  新天绿能  ·  XTLN,2026-09-02
600958,东方证券,DFZQ,dongfangzhengquan,600958  东方证券  ·  DFZQ,2026-09-02
600959,江苏有线,JSYX,jiangsuyouxian,600959  江苏有线  ·  JSYX,2026-09-02
600960,渤海汽车,BHQC,bohaiqiche,600960  渤海汽车  ·  BHQC,2026-09-02
600961,株冶集团,ZYJT,zhuyejituan,600961  株冶集团  ·  ZYJT,2026-09-02
600962,国投中鲁,GTZL,guotouzhonglu,600962  国投中鲁  ·  GTZL,2026-09-02
600963,岳阳林纸,YYLZ,yueyanglinzhi,600963  岳阳林纸  ·  YYLZ,2026-09-02
600965,*ST福成,*STFC,*stfucheng,600965  *ST福成  ·  *STFC,2026-09-02
600966,博汇纸业,BHZY,bohuizhiye,600966  博汇纸业  ·  BHZY,2026-09-02
600967,内蒙一机,NMYJ,neimengyiji,600967  内蒙一机  ·  NMYJ,2026-09-02
600968,海油发展,HYFZ,haiyoufazhan,600968  海油发展  ·  HYFZ,2026-09-02
600969,郴电国际,CDGJ,chendianguoji,600969  郴电国际  ·  CDGJ,2026-09-02
600970,中材国际,ZCGJ,zhongcaiguoji,600970  中材国际  ·  ZCGJ,2026-09-02
600971,恒源煤电,HYMD,hengyuanmeidian,600971  恒源煤电  ·  HYMD,2026-09-02
600973,宝胜股份,BSGF,baoshenggufen,600973  宝胜股份  ·  BSGF,2026-09-02
600975,新五丰,XWF,xinwufeng,600975  新五丰  ·  XWF,2026-09-02
600976,健民集团,JMJT,jianminjituan,600976  健民集团  ·  JMJT,2026-09-02
600977,中国电影,ZGDY,zhongguodianying,600977  中国电影  ·  ZGDY,2026-09-02
600979,广安爱众,GAAZ,guanganaizhong,600979  广安爱众  ·  GAAZ,2026-09-02
600980,北矿科技,BKKJ,beikuangkeji,600980  北矿科技  ·  BKKJ,2026-09-02
600981,苏豪汇鸿,SHHH,suhaohuihong,600981  苏豪汇鸿  ·  SHHH,2026-09-02
600982,宁波能源,NBNY,ningbonengyuan,600982  宁波能源  ·  NBNY,2026-09-02
600983,惠而浦,HEP,huierpu,600983  惠而浦  ·  HEP,2026-09-02
600984,建设机械,JSJX,jianshejixie,600984  建设机械  ·  JSJX,2026-09-02
600985,淮北矿业,HBKY,huaibeikuangye,600985  淮北矿业  ·  HBKY,2026-09-02
600986,浙文互联,ZWHL,zhewenhulian,600986  浙文互联  ·  ZWHL,2026-09-02
600987,航民股份,HMGF,hangmingufen,600987  航民股份  ·  HMGF,2026-09-02
600988,赤峰黄金,CFHJ,chifenghuangjin,600988  赤峰黄金  ·  CFHJ,2026-09-02
600989,宝丰能源,BFNY,baofengnengyuan,600989  宝丰能源  ·  BFNY,2026-09-02
600990,四创电子,SCDZ,sichuangdianzi,600990  四创电子  ·  SCDZ,2026-09-02
600992,贵绳股份,GSGF,guishenggufen,600992  贵绳股份  ·  GSGF,2026-09-02
600993,马应龙,MYL,mayinglong,600993  马应龙  ·  MYL,2026-09-02
600995,南网储能,NWCN,nanwangchuneng,600995  南网储能  ·  NWCN,2026-09-02
600996,贵广网络,GGWL,guiguangwangluo,600996  贵广网络  ·  GGWL,2026-09-02
600997,开滦股份,KLGF,kailuangufen,600997  开滦股份  ·  KLGF,2026-09-02
600998,九州通,JZT,jiuzhoutong,600998  九州通  ·  JZT,2026-09-02
600999,招商证券,ZSZQ,zhaoshangzhengquan,600999  招商证券  ·  ZSZQ,2026-09-02
601000,唐山港,TSG,tangshangang,601000  唐山港  ·  TSG,2026-09-02
601001,晋控煤业,JKMY,jinkongmeiye,601001  晋控煤业  ·  JKMY,2026-09-02
601002,晋亿实业,JYSY,jinyishiye,601002  晋亿实业  ·  JYSY,2026-09-02
601003,柳钢股份,LGGF,liuganggufen,601003  柳钢股份  ·  LGGF,2026-09-02
601005,重庆钢铁,CQGT,chongqinggangtie,601005  重庆钢铁  ·  CQGT,2026-09-02
601006,大秦铁路,DQTL,daqintielu,601006  大秦铁路  ·  DQTL,2026-09-02
601007,金陵饭店,JLFD,jinlingfandian,601007  金陵饭店  ·  JLFD,2026-09-02
601008,连云港,LYG,lianyungang,601008  连云港  ·  LYG,2026-09-02
601009,南京银行,NJYH,nanjingyinhang,601009  南京银行  ·  NJYH,2026-09-02
601010,ST文峰,STWF,stwenfeng,601010  ST文峰  ·  STWF,2026-09-02
601011,宝泰隆,BTL,baotailong,601011  宝泰隆  ·  BTL,2026-09-02
601012,隆基绿能,LJLN,longjilvneng,601012  隆基绿能  ·  LJLN,2026-09-02
601015,陕西黑猫,SXHM,shanxiheimao,601015  陕西黑猫  ·  SXHM,2026-09-02
601016,节能风电,JNFD,jienengfengdian,601016  节能风电  ·  JNFD,2026-09-02
601018,宁波港,NBG,ningbogang,601018  宁波港  ·  NBG,2026-09-02
601019,山东出版,SDCB,shandongchuban,601019  山东出版  ·  SDCB,2026-09-02
601020,华钰矿业,HYKY,huayukuangye,601020  华钰矿业  ·  HYKY,2026-09-02
601021,春秋航空,CQHK,chunqiuhangkong,601021  春秋航空  ·  CQHK,2026-09-02
601022,宁波远洋,NBYY,ningboyuanyang,601022  宁波远洋  ·  NBYY,2026-09-02
601026,道生天合,DSTH,daoshengtianhe,601026  道生天合  ·  DSTH,2026-09-02
601033,永兴股份,YXGF,yongxinggufen,601033  永兴股份  ·  YXGF,2026-09-02
601038,一拖股份,YTGF,yituogufen,601038  一拖股份  ·  YTGF,2026-09-02
601058,赛轮轮胎,SLLT,sailunluntai,601058  赛轮轮胎  ·  SLLT,2026-09-02
601059,信达证券,XDZQ,xindazhengquan,601059  信达证券  ·  XDZQ,2026-09-02
601061,中信金属,ZXJS,zhongxinjinshu,601061  中信金属  ·  ZXJS,2026-09-02
601065,江盐集团,JYJT,jiangyanjituan,601065  江盐集团  ·  JYJT,2026-09-02
601066,中信建投,ZXJT,zhongxinjiantou,601066  中信建投  ·  ZXJT,2026-09-02
601068,中铝国际,ZLGJ,zhonglvguoji,601068  中铝国际  ·  ZLGJ,2026-09-02
601069,西部黄金,XBHJ,xibuhuangjin,601069  西部黄金  ·  XBHJ,2026-09-02
601077,渝农商行,YNSH,yunongshanghang,601077  渝农商行  ·  YNSH,2026-09-02
601083,锦江航运,JJHY,jinjianghangyun,601083  锦江航运  ·  JJHY,2026-09-02
601086,国芳集团,GFJT,guofangjituan,601086  国芳集团  ·  GFJT,2026-09-02
601088,中国神华,ZGSH,zhongguoshenhua,601088  中国神华  ·  ZGSH,2026-09-02
601089,福元医药,FYYY,fuyuanyiyao,601089  福元医药  ·  FYYY,2026-09-02
601096,宏盛华源,HSHY,hongshenghuayuan,601096  宏盛华源  ·  HSHY,2026-09-02
601098,中南传媒,ZNCM,zhongnanchuanmei,601098  中南传媒  ·  ZNCM,2026-09-02
601099,太平洋,TPY,taipingyang,601099  太平洋  ·  TPY,2026-09-02
601100,恒立液压,HLYY,hengliyeya,601100  恒立液压  ·  HLYY,2026-09-02
601101,昊华能源,HHNY,haohuanengyuan,601101  昊华能源  ·  HHNY,2026-09-02
601106,中国一重,ZGYZ,zhongguoyizhong,601106  中国一重  ·  ZGYZ,2026-09-02
601107,四川成渝,SCCY,sichuanchengyu,601107  四川成渝  ·  SCCY,2026-09-02
601108,财通证券,CTZQ,caitongzhengquan,601108  财通证券  ·  CTZQ,2026-09-02
601111,中国国航,ZGGH,zhongguoguohang,601111  中国国航  ·  ZGGH,2026-09-02
601112,振石股份,ZSGF,zhenshigufen,601112  振石股份  ·  ZSGF,2026-09-02
601113,华鼎股份,HDGF,huadinggufen,601113  华鼎股份  ·  HDGF,2026-09-02
601116,三江购物,SJGW,sanjianggouwu,601116  三江购物  ·  SJGW,2026-09-02
601117,中国化学,ZGHX,zhongguohuaxue,601117  中国化学  ·  ZGHX,2026-09-02
601118,海南橡胶,HNXJ,hainanxiangjiao,601118  海南橡胶  ·  HNXJ,2026-09-02
601121,宝地矿业,BDKY,baodikuangye,601121  宝地矿业  ·  BDKY,2026-09-02
601126,四方股份,SFGF,sifanggufen,601126  四方股份  ·  SFGF,2026-09-02
601127,赛力斯,SLS,sailisi,601127  赛力斯  ·  SLS,2026-09-02
601128,常熟银行,CSYH,changshuyinhang,601128  常熟银行  ·  CSYH,2026-09-02
601133,柏诚股份,BCGF,baichenggufen,601133  柏诚股份  ·  BCGF,2026-09-02
601136,首创证券,SCZQ,shouchuangzhengquan,601136  首创证券  ·  SCZQ,2026-09-02
601137,博威合金,BWHJ,boweihejin,601137  博威合金  ·  BWHJ,2026-09-02
601138,工业富联,GYFL,gongyefulian,601138  工业富联  ·  GYFL,2026-09-02
601139,深圳燃气,SZRQ,shenzhenranqi,601139  深圳燃气  ·  SZRQ,2026-09-02
601155,新城控股,XCKG,xinchengkonggu,601155  新城控股  ·  XCKG,2026-09-02
601156,东航物流,DHWL,donghangwuliu,601156  东航物流  ·  DHWL,2026-09-02
601158,重庆水务,CQSW,chongqingshuiwu,601158  重庆水务  ·  CQSW,2026-09-02
601162,天风证券,TFZQ,tianfengzhengquan,601162  天风证券  ·  TFZQ,2026-09-02
601163,三角轮胎,SJLT,sanjiaoluntai,601163  三角轮胎  ·  SJLT,2026-09-02
601166,兴业银行,XYYH,xingyeyinhang,601166  兴业银行  ·  XYYH,2026-09-02
601168,西部矿业,XBKY,xibukuangye,601168  西部矿业  ·  XBKY,2026-09-02
601169,北京银行,BJYH,beijingyinhang,601169  北京银行  ·  BJYH,2026-09-02
601177,杭齿前进,HCQJ,hangchiqianjin,601177  杭齿前进  ·  HCQJ,2026-09-02
601179,中国西电,ZGXD,zhongguoxidian,601179  中国西电  ·  ZGXD,2026-09-02
601186,中国铁建,ZGTJ,zhongguotiejian,601186  中国铁建  ·  ZGTJ,2026-09-02
601187,厦门银行,XMYH,xiamenyinhang,601187  厦门银行  ·  XMYH,2026-09-02
601188,龙江交通,LJJT,longjiangjiaotong,601188  龙江交通  ·  LJJT,2026-09-02
601198,东兴证券,DXZQ,dongxingzhengquan,601198  东兴证券  ·  DXZQ,2026-09-02
601199,江南水务,JNSW,jiangnanshuiwu,601199  江南水务  ·  JNSW,2026-09-02
601200,上海环境,SHHJ,shanghaihuanjing,601200  上海环境  ·  SHHJ,2026-09-02
601208,东材科技,DCKJ,dongcaikeji,601208  东材科技  ·  DCKJ,2026-09-02
601211,国泰海通,GTHT,guotaihaitong,601211  国泰海通  ·  GTHT,2026-09-02
601212,白银有色,BYYS,baiyinyouse,601212  白银有色  ·  BYYS,2026-09-02
601216,君正集团,JZJT,junzhengjituan,601216  君正集团  ·  JZJT,2026-09-02
601218,吉鑫科技,JXKJ,jixinkeji,601218  吉鑫科技  ·  JXKJ,2026-09-02
601222,林洋能源,LYNY,linyangnengyuan,601222  林洋能源  ·  LYNY,2026-09-02
601225,陕西煤业,SXMY,shanximeiye,601225  陕西煤业  ·  SXMY,2026-09-02
601226,华电科工,HDKG,huadiankegong,601226  华电科工  ·  HDKG,2026-09-02
601228,广州港,GZG,guangzhougang,601228  广州港  ·  GZG,2026-09-02
601229,上海银行,SHYH,shanghaiyinhang,601229  上海银行  ·  SHYH,2026-09-02
601231,环旭电子,HXDZ,huanxudianzi,601231  环旭电子  ·  HXDZ,2026-09-02
601233,桐昆股份,TKGF,tongkungufen,601233  桐昆股份  ·  TKGF,2026-09-02
601236,红塔证券,HTZQ,hongtazhengquan,601236  红塔证券  ·  HTZQ,2026-09-02
601238,广汽集团,GQJT,guangqijituan,601238  广汽集团  ·  GQJT,2026-09-02
601279,英利汽车,YLQC,yingliqiche,601279  英利汽车  ·  YLQC,2026-09-02
601288,农业银行,NYYH,nongyeyinhang,601288  农业银行  ·  NYYH,2026-09-02
601298,青岛港,QDG,qingdaogang,601298  青岛港  ·  QDG,2026-09-02
601311,骆驼股份,LTGF,luotuogufen,601311  骆驼股份  ·  LTGF,2026-09-02
601318,中国平安,ZGPA,zhongguopingan,601318  中国平安  ·  ZGPA,2026-09-02
601319,中国人保,ZGRB,zhongguorenbao,601319  中国人保  ·  ZGRB,2026-09-02
601326,秦港股份,QGGF,qinganggufen,601326  秦港股份  ·  QGGF,2026-09-02
601328,交通银行,JTYH,jiaotongyinhang,601328  交通银行  ·  JTYH,2026-09-02
601330,绿色动力,LSDL,lvsedongli,601330  绿色动力  ·  LSDL,2026-09-02
601333,广深铁路,GSTL,guangshentielu,601333  广深铁路  ·  GSTL,2026-09-02
601336,XD新华保,XDXHB,xdxinhuabao,601336  XD新华保  ·  XDXHB,2026-09-02
601339,百隆东方,BLDF,bailongdongfang,601339  百隆东方  ·  BLDF,2026-09-02
601360,三六零,SLL,sanliuling,601360  三六零  ·  SLL,2026-09-02
601366,利群股份,LQGF,liqungufen,601366  利群股份  ·  LQGF,2026-09-02
601368,绿城水务,LCSW,lvchengshuiwu,601368  绿城水务  ·  LCSW,2026-09-02
601369,陕鼓动力,SGDL,shangudongli,601369  陕鼓动力  ·  SGDL,2026-09-02
601375,中原证券,ZYZQ,zhongyuanzhengquan,601375  中原证券  ·  ZYZQ,2026-09-02
601377,兴业证券,XYZQ,xingyezhengquan,601377  兴业证券  ·  XYZQ,2026-09-02
601388,怡球资源,YQZY,yiqiuziyuan,601388  怡球资源  ·  YQZY,2026-09-02
601390,中国中铁,ZGZT,zhongguozhongtie,601390  中国中铁  ·  ZGZT,2026-09-02
601398,工商银行,GSYH,gongshangyinhang,601398  工商银行  ·  GSYH,2026-09-02
601399,国机重装,GJZZ,guojizhongzhuang,601399  国机重装  ·  GJZZ,2026-09-02
601456,国联民生,GLMS,guolianminsheng,601456  国联民生  ·  GLMS,2026-09-02
601500,通用股份,TYGF,tongyonggufen,601500  通用股份  ·  TYGF,2026-09-02
601512,中新集团,ZXJT,zhongxinjituan,601512  中新集团  ·  ZXJT,2026-09-02
601515,衢州东峰,QZDF,quzhoudongfeng,601515  衢州东峰  ·  QZDF,2026-09-02
601518,吉林高速,JLGS,jilingaosu,601518  吉林高速  ·  JLGS,2026-09-02
601519,大智慧,DZH,dazhihui,601519  大智慧  ·  DZH,2026-09-02
601528,瑞丰银行,RFYH,ruifengyinhang,601528  瑞丰银行  ·  RFYH,2026-09-02
601555,XD东吴证,XDDWZ,xddongwuzheng,601555  XD东吴证  ·  XDDWZ,2026-09-02
601566,九牧王,JMW,jiumuwang,601566  九牧王  ·  JMW,2026-09-02
601567,三星电气,SXDQ,sanxingdianqi,601567  三星电气  ·  SXDQ,2026-09-02
601568,北元化工,BYHG,beiyuanhuagong,601568  北元化工  ·  BYHG,2026-09-02
601577,长沙银行,CSYH,changshayinhang,601577  长沙银行  ·  CSYH,2026-09-02
601579,会稽山,HJS,huijishan,601579  会稽山  ·  HJS,2026-09-02
601588,北辰实业,BCSY,beichenshiye,601588  北辰实业  ·  BCSY,2026-09-02
601595,上海电影,SHDY,shanghaidianying,601595  上海电影  ·  SHDY,2026-09-02
601598,中国外运,ZGWY,zhongguowaiyun,601598  中国外运  ·  ZGWY,2026-09-02
601599,浙文影业,ZWYY,zhewenyingye,601599  浙文影业  ·  ZWYY,2026-09-02
601600,中国铝业,ZGLY,zhongguolvye,601600  中国铝业  ·  ZGLY,2026-09-02
601601,中国太保,ZGTB,zhongguotaibao,601601  中国太保  ·  ZGTB,2026-09-02
601606,长城军工,CCJG,changchengjungong,601606  长城军工  ·  CCJG,2026-09-02
601607,上海医药,SHYY,shanghaiyiyao,601607  上海医药  ·  SHYY,2026-09-02
601608,中信重工,ZXZG,zhongxinzhonggong,601608  中信重工  ·  ZXZG,2026-09-02
601609,金田股份,JTGF,jintiangufen,601609  金田股份  ·  JTGF,2026-09-02
601611,中国核建,ZGHJ,zhongguohejian,601611  中国核建  ·  ZGHJ,2026-09-02
601615,明阳智能,MYZN,mingyangzhineng,601615  明阳智能  ·  MYZN,2026-09-02
601616,广电电气,GDDQ,guangdiandianqi,601616  广电电气  ·  GDDQ,2026-09-02
601618,中国中冶,ZGZY,zhongguozhongye,601618  中国中冶  ·  ZGZY,2026-09-02
601619,嘉泽新能,JZXN,jiazexinneng,601619  嘉泽新能  ·  JZXN,2026-09-02
601628,中国人寿,ZGRS,zhongguorenshou,601628  中国人寿  ·  ZGRS,2026-09-02
601633,长城汽车,CCQC,changchengqiche,601633  长城汽车  ·  CCQC,2026-09-02
601636,旗滨集团,QBJT,qibinjituan,601636  旗滨集团  ·  QBJT,2026-09-02
601658,邮储银行,YCYH,youchuyinhang,601658  邮储银行  ·  YCYH,2026-09-02
601665,齐鲁银行,QLYH,qiluyinhang,601665  齐鲁银行  ·  QLYH,2026-09-02
601666,平煤股份,PMGF,pingmeigufen,601666  平煤股份  ·  PMGF,2026-09-02
601668,中国建筑,ZGJZ,zhongguojianzhu,601668  中国建筑  ·  ZGJZ,2026-09-02
601669,中国电建,ZGDJ,zhongguodianjian,601669  中国电建  ·  ZGDJ,2026-09-02
601677,明泰铝业,MTLY,mingtailvye,601677  明泰铝业  ·  MTLY,2026-09-02
601678,滨化股份,BHGF,binhuagufen,601678  滨化股份  ·  BHGF,2026-09-02
601686,友发集团,YFJT,youfajituan,601686  友发集团  ·  YFJT,2026-09-02
601688,华泰证券,HTZQ,huataizhengquan,601688  华泰证券  ·  HTZQ,2026-09-02
601689,拓普集团,TPJT,tuopujituan,601689  拓普集团  ·  TPJT,2026-09-02
601696,中银证券,ZYZQ,zhongyinzhengquan,601696  中银证券  ·  ZYZQ,2026-09-02
601698,中国卫通,ZGWT,zhongguoweitong,601698  中国卫通  ·  ZGWT,2026-09-02
601699,潞安环能,LAHN,luanhuanneng,601699  潞安环能  ·  LAHN,2026-09-02
601700,风范股份,FFGF,fengfangufen,601700  风范股份  ·  FFGF,2026-09-02
601702,华峰铝业,HFLY,huafenglvye,601702  华峰铝业  ·  HFLY,2026-09-02
601717,中创智领,ZCZL,zhongchuangzhiling,601717  中创智领  ·  ZCZL,2026-09-02
601718,ST际华,STJH,stjihua,601718  ST际华  ·  STJH,2026-09-02
601727,上海电气,SHDQ,shanghaidianqi,601727  上海电气  ·  SHDQ,2026-09-02
601728,中国电信,ZGDX,zhongguodianxin,601728  中国电信  ·  ZGDX,2026-09-02
601766,中国中车,ZGZC,zhongguozhongche,601766  中国中车  ·  ZGZC,2026-09-02
601777,千里科技,QLKJ,qianlikeji,601777  千里科技  ·  QLKJ,2026-09-02
601778,晶科科技,JKKJ,jingkekeji,601778  晶科科技  ·  JKKJ,2026-09-02
601788,光大证券,GDZQ,guangdazhengquan,601788  光大证券  ·  GDZQ,2026-09-02
601789,宁波建工,NBJG,ningbojiangong,601789  宁波建工  ·  NBJG,2026-09-02
601798,蓝科高新,LKGX,lankegaoxin,601798  蓝科高新  ·  LKGX,2026-09-02
601799,星宇股份,XYGF,xingyugufen,601799  星宇股份  ·  XYGF,2026-09-02
601800,中国交建,ZGJJ,zhongguojiaojian,601800  中国交建  ·  ZGJJ,2026-09-02
601801,皖新传媒,WXCM,wanxinchuanmei,601801  皖新传媒  ·  WXCM,2026-09-02
601808,中海油服,ZHYF,zhonghaiyoufu,601808  中海油服  ·  ZHYF,2026-09-02
601811,新华文轩,XHWX,xinhuawenxuan,601811  新华文轩  ·  XHWX,2026-09-02
601816,京沪高铁,JHGT,jinghugaotie,601816  京沪高铁  ·  JHGT,2026-09-02
601818,光大银行,GDYH,guangdayinhang,601818  光大银行  ·  GDYH,2026-09-02
601825,沪农商行,HNSH,hunongshanghang,601825  沪农商行  ·  HNSH,2026-09-02
601827,三峰环境,SFHJ,sanfenghuanjing,601827  三峰环境  ·  SFHJ,2026-09-02
601828,美凯龙,MKL,meikailong,601828  美凯龙  ·  MKL,2026-09-02
601838,成都银行,CDYH,chengduyinhang,601838  成都银行  ·  CDYH,2026-09-02
601857,中国石油,ZGSY,zhongguoshiyou,601857  中国石油  ·  ZGSY,2026-09-02
601858,中国科传,ZGKC,zhongguokechuan,601858  中国科传  ·  ZGKC,2026-09-02
601860,紫金银行,ZJYH,zijinyinhang,601860  紫金银行  ·  ZJYH,2026-09-02
601865,福莱特,FLT,fulaite,601865  福莱特  ·  FLT,2026-09-02
601866,中远海发,ZYHF,zhongyuanhaifa,601866  中远海发  ·  ZYHF,2026-09-02
601868,中国能建,ZGNJ,zhongguonengjian,601868  中国能建  ·  ZGNJ,2026-09-02
601869,长飞光纤,ZFGX,zhangfeiguangxian,601869  长飞光纤  ·  ZFGX,2026-09-02
601872,招商轮船,ZSLC,zhaoshanglunchuan,601872  招商轮船  ·  ZSLC,2026-09-02
601877,正泰电器,ZTDQ,zhengtaidianqi,601877  正泰电器  ·  ZTDQ,2026-09-02
601878,浙商证券,ZSZQ,zheshangzhengquan,601878  浙商证券  ·  ZSZQ,2026-09-02
601880,辽港股份,LGGF,liaoganggufen,601880  辽港股份  ·  LGGF,2026-09-02
601881,中国银河,ZGYH,zhongguoyinhe,601881  中国银河  ·  ZGYH,2026-09-02
601882,海天精工,HTJG,haitianjinggong,601882  海天精工  ·  HTJG,2026-09-02
601886,江河集团,JHJT,jianghejituan,601886  江河集团  ·  JHJT,2026-09-02
601888,中国中免,ZGZM,zhongguozhongmian,601888  中国中免  ·  ZGZM,2026-09-02
601890,亚星锚链,YXML,yaxingmaolian,601890  亚星锚链  ·  YXML,2026-09-02
601898,中煤能源,ZMNY,zhongmeinengyuan,601898  中煤能源  ·  ZMNY,2026-09-02
601899,紫金矿业,ZJKY,zijinkuangye,601899  紫金矿业  ·  ZJKY,2026-09-02
601900,南方传媒,NFCM,nanfangchuanmei,601900  南方传媒  ·  NFCM,2026-09-02
601901,方正证券,FZZQ,fangzhengzhengquan,601901  方正证券  ·  FZZQ,2026-09-02
601908,京运通,JYT,jingyuntong,601908  京运通  ·  JYT,2026-09-02
601916,浙商银行,ZSYH,zheshangyinhang,601916  浙商银行  ·  ZSYH,2026-09-02
601918,XD新集能,XDXJN,xdxinjineng,601918  XD新集能  ·  XDXJN,2026-09-02
601919,中远海控,ZYHK,zhongyuanhaikong,601919  中远海控  ·  ZYHK,2026-09-02
601921,浙版传媒,ZBCM,zhebanchuanmei,601921  浙版传媒  ·  ZBCM,2026-09-02
601928,凤凰传媒,FHCM,fenghuangchuanmei,601928  凤凰传媒  ·  FHCM,2026-09-02
601929,吉视传媒,JSCM,jishichuanmei,601929  吉视传媒  ·  JSCM,2026-09-02
601933,永辉超市,YHCS,yonghuichaoshi,601933  永辉超市  ·  YHCS,2026-09-02
601939,建设银行,JSYH,jiansheyinhang,601939  建设银行  ·  JSYH,2026-09-02
601949,中国出版,ZGCB,zhongguochuban,601949  中国出版  ·  ZGCB,2026-09-02
601952,苏垦农发,SKNF,sukennongfa,601952  苏垦农发  ·  SKNF,2026-09-02
601956,东贝集团,DBJT,dongbeijituan,601956  东贝集团  ·  DBJT,2026-09-02
601958,金钼股份,JMGF,jinmugufen,601958  金钼股份  ·  JMGF,2026-09-02
601963,重庆银行,CQYH,chongqingyinhang,601963  重庆银行  ·  CQYH,2026-09-02
601965,中国汽研,ZGQY,zhongguoqiyan,601965  中国汽研  ·  ZGQY,2026-09-02
601966,玲珑轮胎,LLLT,linglongluntai,601966  玲珑轮胎  ·  LLLT,2026-09-02
601968,宝钢包装,BGBZ,baogangbaozhuang,601968  宝钢包装  ·  BGBZ,2026-09-02
601969,海南矿业,HNKY,hainankuangye,601969  海南矿业  ·  HNKY,2026-09-02
601975,招商南油,ZSNY,zhaoshangnanyou,601975  招商南油  ·  ZSNY,2026-09-02
601985,中国核电,ZGHD,zhongguohedian,601985  中国核电  ·  ZGHD,2026-09-02
601988,中国银行,ZGYH,zhongguoyinhang,601988  中国银行  ·  ZGYH,2026-09-02
601990,南京证券,NJZQ,nanjingzhengquan,601990  南京证券  ·  NJZQ,2026-09-02
601991,大唐发电,DTFD,datangfadian,601991  大唐发电  ·  DTFD,2026-09-02
601992,金隅集团,JYJT,jinyujituan,601992  金隅集团  ·  JYJT,2026-09-02
601995,中金公司,ZJGS,zhongjingongsi,601995  中金公司  ·  ZJGS,2026-09-02
601996,丰林集团,FLJT,fenglinjituan,601996  丰林集团  ·  FLJT,2026-09-02
601997,贵阳银行,GYYH,guiyangyinhang,601997  贵阳银行  ·  GYYH,2026-09-02
601998,中信银行,ZXYH,zhongxinyinhang,601998  中信银行  ·  ZXYH,2026-09-02
601999,出版传媒,CBCM,chubanchuanmei,601999  出版传媒  ·  CBCM,2026-09-02
603000,人民网,RMW,renminwang,603000  人民网  ·  RMW,2026-09-02
603001,奥康国际,AKGJ,aokangguoji,603001  奥康国际  ·  AKGJ,2026-09-02
603002,宏昌电子,HCDZ,hongchangdianzi,603002  宏昌电子  ·  HCDZ,2026-09-02
603004,鼎龙科技,DLKJ,dinglongkeji,603004  鼎龙科技  ·  DLKJ,2026-09-02
603005,晶方科技,JFKJ,jingfangkeji,603005  晶方科技  ·  JFKJ,2026-09-02
603006,联明股份,LMGF,lianminggufen,603006  联明股份  ·  LMGF,2026-09-02
603007,顺景科技,SJKJ,shunjingkeji,603007  顺景科技  ·  SJKJ,2026-09-02
603008,ST喜临门,STXLM,stxilinmen,603008  ST喜临门  ·  STXLM,2026-09-02
603009,北特科技,BTKJ,beitekeji,603009  北特科技  ·  BTKJ,2026-09-02
603010,万盛股份,WSGF,wanshenggufen,603010  万盛股份  ·  WSGF,2026-09-02
603011,合锻智能,HDZN,heduanzhineng,603011  合锻智能  ·  HDZN,2026-09-02
603012,创力集团,CLJT,chuanglijituan,603012  创力集团  ·  CLJT,2026-09-02
603013,亚普股份,YPGF,yapugufen,603013  亚普股份  ·  YPGF,2026-09-02
603014,威高血净,WGXJ,weigaoxuejing,603014  威高血净  ·  WGXJ,2026-09-02
603015,弘讯科技,HXKJ,hongxunkeji,603015  弘讯科技  ·  HXKJ,2026-09-02
603016,新宏泰,XHT,xinhongtai,603016  新宏泰  ·  XHT,2026-09-02
603017,中衡设计,ZHSJ,zhonghengsheji,603017  中衡设计  ·  ZHSJ,2026-09-02
603018,华设集团,HSJT,huashejituan,603018  华设集团  ·  HSJT,2026-09-02
603019,中科曙光,ZKSG,zhongkeshuguang,603019  中科曙光  ·  ZKSG,2026-09-02
603020,爱普股份,APGF,aipugufen,603020  爱普股份  ·  APGF,2026-09-02
603021,*ST华鹏,*STHP,*sthuapeng,603021  *ST华鹏  ·  *STHP,2026-09-02
603022,新通联,XTL,xintonglian,603022  新通联  ·  XTL,2026-09-02
603023,威帝股份,WDGF,weidigufen,603023  威帝股份  ·  WDGF,2026-09-02
603025,大豪科技,DHKJ,dahaokeji,603025  大豪科技  ·  DHKJ,2026-09-02
603026,石大胜华,SDSH,shidashenghua,603026  石大胜华  ·  SDSH,2026-09-02
603027,千禾味业,QHWY,qianheweiye,603027  千禾味业  ·  QHWY,2026-09-02
603028,赛福天,SFT,saifutian,603028  赛福天  ·  SFT,2026-09-02
603029,天鹅股份,TEGF,tianegufen,603029  天鹅股份  ·  TEGF,2026-09-02
603030,全筑股份,QZGF,quanzhugufen,603030  全筑股份  ·  QZGF,2026-09-02
603031,安孚科技,AFKJ,anfukeji,603031  安孚科技  ·  AFKJ,2026-09-02
603032,德新科技,DXKJ,dexinkeji,603032  德新科技  ·  DXKJ,2026-09-02
603033,三维股份,SWGF,sanweigufen,603033  三维股份  ·  SWGF,2026-09-02
603035,常熟汽饰,CSQS,changshuqishi,603035  常熟汽饰  ·  CSQS,2026-09-02
603036,如通股份,RTGF,rutonggufen,603036  如通股份  ·  RTGF,2026-09-02
603037,凯众股份,KZGF,kaizhonggufen,603037  凯众股份  ·  KZGF,2026-09-02
603038,华立股份,HLGF,hualigufen,603038  华立股份  ·  HLGF,2026-09-02
603039,泛微网络,FWWL,fanweiwangluo,603039  泛微网络  ·  FWWL,2026-09-02
603040,新坐标,XZB,xinzuobiao,603040  新坐标  ·  XZB,2026-09-02
603041,美思德,MSD,meiside,603041  美思德  ·  MSD,2026-09-02
603042,华脉科技,HMKJ,huamaikeji,603042  华脉科技  ·  HMKJ,2026-09-02
603043,广州酒家,GZJJ,guangzhoujiujia,603043  广州酒家  ·  GZJJ,2026-09-02
603045,福达合金,FDHJ,fudahejin,603045  福达合金  ·  FDHJ,2026-09-02
603048,浙江黎明,ZJLM,zhejiangliming,603048  浙江黎明  ·  ZJLM,2026-09-02
603049,中策橡胶,ZCXJ,zhongcexiangjiao,603049  中策橡胶  ·  ZCXJ,2026-09-02
603050,科林电气,KLDQ,kelindianqi,603050  科林电气  ·  KLDQ,2026-09-02
603051,鹿山新材,LSXC,lushanxincai,603051  鹿山新材  ·  LSXC,2026-09-02
603052,可川科技,KCKJ,kechuankeji,603052  可川科技  ·  KCKJ,2026-09-02
603053,成都燃气,CDRQ,chengduranqi,603053  成都燃气  ·  CDRQ,2026-09-02
603055,台华新材,THXC,taihuaxincai,603055  台华新材  ·  THXC,2026-09-02
603057,紫燕食品,ZYSP,ziyanshipin,603057  紫燕食品  ·  ZYSP,2026-09-02
603058,永吉股份,YJGF,yongjigufen,603058  永吉股份  ·  YJGF,2026-09-02
603059,倍加洁,BJJ,beijiajie,603059  倍加洁  ·  BJJ,2026-09-02
603060,国检集团,GJJT,guojianjituan,603060  国检集团  ·  GJJT,2026-09-02
603061,金海通,JHT,jinhaitong,603061  金海通  ·  JHT,2026-09-02
603062,麦加芯彩,MJXC,maijiaxincai,603062  麦加芯彩  ·  MJXC,2026-09-02
603063,禾望电气,HWDQ,hewangdianqi,603063  禾望电气  ·  HWDQ,2026-09-02
603065,宿迁联盛,SQLS,suqianliansheng,603065  宿迁联盛  ·  SQLS,2026-09-02
603066,音飞储存,YFCC,yinfeichucun,603066  音飞储存  ·  YFCC,2026-09-02
603067,振华股份,ZHGF,zhenhuagufen,603067  振华股份  ·  ZHGF,2026-09-02
603068,博通集成,BTJC,botongjicheng,603068  博通集成  ·  BTJC,2026-09-02
603069,海汽集团,HQJT,haiqijituan,603069  海汽集团  ·  HQJT,2026-09-02
603070,万控智造,WKZZ,wankongzhizao,603070  万控智造  ·  WKZZ,2026-09-02
603071,物产环能,WCHN,wuchanhuanneng,603071  物产环能  ·  WCHN,2026-09-02
603072,天和磁材,THCC,tianhecicai,603072  天和磁材  ·  THCC,2026-09-02
603073,彩蝶实业,CDSY,caidieshiye,603073  彩蝶实业  ·  CDSY,2026-09-02
603075,热威股份,RWGF,reweigufen,603075  热威股份  ·  RWGF,2026-09-02
603076,乐惠国际,LHGJ,lehuiguoji,603076  乐惠国际  ·  LHGJ,2026-09-02
603077,和邦生物,HBSW,hebangshengwu,603077  和邦生物  ·  HBSW,2026-09-02
603078,江化微,JHW,jianghuawei,603078  江化微  ·  JHW,2026-09-02
603079,圣达生物,SDSW,shengdashengwu,603079  圣达生物  ·  SDSW,2026-09-02
603080,新疆火炬,XJHJ,xinjianghuoju,603080  新疆火炬  ·  XJHJ,2026-09-02
603081,大丰实业,DFSY,dafengshiye,603081  大丰实业  ·  DFSY,2026-09-02
603082,北自科技,BZKJ,beizikeji,603082  北自科技  ·  BZKJ,2026-09-02
603083,剑桥科技,JQKJ,jianqiaokeji,603083  剑桥科技  ·  JQKJ,2026-09-02
603085,天成自控,TCZK,tianchengzikong,603085  天成自控  ·  TCZK,2026-09-02
603086,先达股份,XDGF,xiandagufen,603086  先达股份  ·  XDGF,2026-09-02
603087,甘李药业,GLYY,ganliyaoye,603087  甘李药业  ·  GLYY,2026-09-02
603088,宁波精达,NBJD,ningbojingda,603088  宁波精达  ·  NBJD,2026-09-02
603089,正裕工业,ZYGY,zhengyugongye,603089  正裕工业  ·  ZYGY,2026-09-02
603090,宏盛股份,HSGF,hongshenggufen,603090  宏盛股份  ·  HSGF,2026-09-02
603091,众鑫股份,ZXGF,zhongxingufen,603091  众鑫股份  ·  ZXGF,2026-09-02
603092,德力佳,DLJ,delijia,603092  德力佳  ·  DLJ,2026-09-02
603093,南华期货,NHQH,nanhuaqihuo,603093  南华期货  ·  NHQH,2026-09-02
603095,越剑智能,YJZN,yuejianzhineng,603095  越剑智能  ·  YJZN,2026-09-02
603096,新经典,XJD,xinjingdian,603096  新经典  ·  XJD,2026-09-02
603097,江苏华辰,JSHC,jiangsuhuachen,603097  江苏华辰  ·  JSHC,2026-09-02
603098,森特股份,STGF,sentegufen,603098  森特股份  ·  STGF,2026-09-02
603099,长白山,CBS,changbaishan,603099  长白山  ·  CBS,2026-09-02
603100,川仪股份,CYGF,chuanyigufen,603100  川仪股份  ·  CYGF,2026-09-02
603101,汇嘉时代,HJSD,huijiashidai,603101  汇嘉时代  ·  HJSD,2026-09-02
603102,百合股份,BHGF,baihegufen,603102  百合股份  ·  BHGF,2026-09-02
603103,横店影视,HDYS,hengdianyingshi,603103  横店影视  ·  HDYS,2026-09-02
603105,芯能科技,XNKJ,xinnengkeji,603105  芯能科技  ·  XNKJ,2026-09-02
603106,恒银科技,HYKJ,hengyinkeji,603106  恒银科技  ·  HYKJ,2026-09-02
603107,上海汽配,SHQP,shanghaiqipei,603107  上海汽配  ·  SHQP,2026-09-02
603108,润达医疗,RDYL,rundayiliao,603108  润达医疗  ·  RDYL,2026-09-02
603109,神驰机电,SCJD,shenchijidian,603109  神驰机电  ·  SCJD,2026-09-02
603110,东方材料,DFCL,dongfangcailiao,603110  东方材料  ·  DFCL,2026-09-02
603111,康尼机电,KNJD,kangnijidian,603111  康尼机电  ·  KNJD,2026-09-02
603112,华翔股份,HXGF,huaxianggufen,603112  华翔股份  ·  HXGF,2026-09-02
603113,金能科技,JNKJ,jinnengkeji,603113  金能科技  ·  JNKJ,2026-09-02
603115,海星股份,HXGF,haixinggufen,603115  海星股份  ·  HXGF,2026-09-02
603116,红蜻蜓,HQT,hongqingting,603116  红蜻蜓  ·  HQT,2026-09-02
603117,万林物流,WLWL,wanlinwuliu,603117  万林物流  ·  WLWL,2026-09-02
603118,共进股份,GJGF,gongjingufen,603118  共进股份  ·  GJGF,2026-09-02
603119,浙江荣泰,ZJRT,zhejiangrongtai,603119  浙江荣泰  ·  ZJRT,2026-09-02
603120,肯特催化,KTCH,kentecuihua,603120  肯特催化  ·  KTCH,2026-09-02
603121,华培动力,HPDL,huapeidongli,603121  华培动力  ·  HPDL,2026-09-02
603122,合富中国,HFZG,hefuzhongguo,603122  合富中国  ·  HFZG,2026-09-02
603123,翠微股份,CWGF,cuiweigufen,603123  翠微股份  ·  CWGF,2026-09-02
603124,江南新材,JNXC,jiangnanxincai,603124  江南新材  ·  JNXC,2026-09-02
603125,常青科技,CQKJ,changqingkeji,603125  常青科技  ·  CQKJ,2026-09-02
603126,中材节能,ZCJN,zhongcaijieneng,603126  中材节能  ·  ZCJN,2026-09-02
603127,昭衍新药,ZYXY,zhaoyanxinyao,603127  昭衍新药  ·  ZYXY,2026-09-02
603128,华贸物流,HMWL,huamaowuliu,603128  华贸物流  ·  HMWL,2026-09-02
603129,春风动力,CFDL,chunfengdongli,603129  春风动力  ·  CFDL,2026-09-02
603130,云中马,YZM,yunzhongma,603130  云中马  ·  YZM,2026-09-02
603131,上海沪工,SHHG,shanghaihugong,603131  上海沪工  ·  SHHG,2026-09-02
603132,金徽股份,JHGF,jinhuigufen,603132  金徽股份  ·  JHGF,2026-09-02
603135,中重科技,ZZKJ,zhongzhongkeji,603135  中重科技  ·  ZZKJ,2026-09-02
603136,天目湖,TMH,tianmuhu,603136  天目湖  ·  TMH,2026-09-02
603137,恒尚节能,HSJN,hengshangjieneng,603137  恒尚节能  ·  HSJN,2026-09-02
603138,海量数据,HLSJ,hailiangshuju,603138  海量数据  ·  HLSJ,2026-09-02
603139,康惠股份,KHGF,kanghuigufen,603139  康惠股份  ·  KHGF,2026-09-02
603150,万朗磁塑,WLCS,wanlangcisu,603150  万朗磁塑  ·  WLCS,2026-09-02
603151,邦基科技,BJKJ,bangjikeji,603151  邦基科技  ·  BJKJ,2026-09-02
603153,上海建科,SHJK,shanghaijianke,603153  上海建科  ·  SHJK,2026-09-02
603155,新亚强,XYQ,xinyaqiang,603155  新亚强  ·  XYQ,2026-09-02
603156,养元饮品,YYYP,yangyuanyinpin,603156  养元饮品  ·  YYYP,2026-09-02
603158,腾龙股份,TLGF,tenglonggufen,603158  腾龙股份  ·  TLGF,2026-09-02
603159,上海亚虹,SHYH,shanghaiyahong,603159  上海亚虹  ·  SHYH,2026-09-02
603160,汇顶科技,HDKJ,huidingkeji,603160  汇顶科技  ·  HDKJ,2026-09-02
603161,科华控股,KHKG,kehuakonggu,603161  科华控股  ·  KHKG,2026-09-02
603162,海通发展,HTFZ,haitongfazhan,603162  海通发展  ·  HTFZ,2026-09-02
603163,圣晖集成,SHJC,shenghuijicheng,603163  圣晖集成  ·  SHJC,2026-09-02
603165,荣晟环保,RCHB,rongchenghuanbao,603165  荣晟环保  ·  RCHB,2026-09-02
603166,福达股份,FDGF,fudagufen,603166  福达股份  ·  FDGF,2026-09-02
603167,渤海轮渡,BHLD,bohailundu,603167  渤海轮渡  ·  BHLD,2026-09-02
603168,莎普爱思,SPAS,shapuaisi,603168  莎普爱思  ·  SPAS,2026-09-02
603169,兰石重装,LSZZ,lanshizhongzhuang,603169  兰石重装  ·  LSZZ,2026-09-02
603170,宝立食品,BLSP,baolishipin,603170  宝立食品  ·  BLSP,2026-09-02
603171,税友股份,SYGF,shuiyougufen,603171  税友股份  ·  SYGF,2026-09-02
603172,万丰股份,WFGF,wanfenggufen,603172  万丰股份  ·  WFGF,2026-09-02
603173,福斯达,FSD,fusida,603173  福斯达  ·  FSD,2026-09-02
603175,超颖电子,CYDZ,chaoyingdianzi,603175  超颖电子  ·  CYDZ,2026-09-02
603176,汇通集团,HTJT,huitongjituan,603176  汇通集团  ·  HTJT,2026-09-02
603177,德创环保,DCHB,dechuanghuanbao,603177  德创环保  ·  DCHB,2026-09-02
603178,圣龙股份,SLGF,shenglonggufen,603178  圣龙股份  ·  SLGF,2026-09-02
603179,新泉股份,XQGF,xinquangufen,603179  新泉股份  ·  XQGF,2026-09-02
603180,金牌家居,JPJJ,jinpaijiaju,603180  金牌家居  ·  JPJJ,2026-09-02
603181,皇马科技,HMKJ,huangmakeji,603181  皇马科技  ·  HMKJ,2026-09-02
603182,嘉华股份,JHGF,jiahuagufen,603182  嘉华股份  ·  JHGF,2026-09-02
603183,建研院,JYY,jianyanyuan,603183  建研院  ·  JYY,2026-09-02
603185,弘元绿能,HYLN,hongyuanlvneng,603185  弘元绿能  ·  HYLN,2026-09-02
603186,华正新材,HZXC,huazhengxincai,603186  华正新材  ·  HZXC,2026-09-02
603187,海容冷链,HRLL,haironglenglian,603187  海容冷链  ·  HRLL,2026-09-02
603188,亚邦股份,YBGF,yabanggufen,603188  亚邦股份  ·  YBGF,2026-09-02
603189,*ST网达,*STWD,*stwangda,603189  *ST网达  ·  *STWD,2026-09-02
603190,亚通精工,YTJG,yatongjinggong,603190  亚通精工  ·  YTJG,2026-09-02
603191,望变电气,WBDQ,wangbiandianqi,603191  望变电气  ·  WBDQ,2026-09-02
603192,汇得科技,HDKJ,huidekeji,603192  汇得科技  ·  HDKJ,2026-09-02
603193,润本股份,RBGF,runbengufen,603193  润本股份  ·  RBGF,2026-09-02
603194,中力股份,ZLGF,zhongligufen,603194  中力股份  ·  ZLGF,2026-09-02
603195,公牛集团,GNJT,gongniujituan,603195  公牛集团  ·  GNJT,2026-09-02
603196,璞源材料,PYCL,puyuancailiao,603196  璞源材料  ·  PYCL,2026-09-02
603197,保隆科技,BLKJ,baolongkeji,603197  保隆科技  ·  BLKJ,2026-09-02
603198,迎驾贡酒,YJGJ,yingjiagongjiu,603198  迎驾贡酒  ·  YJGJ,2026-09-02
603199,九华旅游,JHLY,jiuhualvyou,603199  九华旅游  ·  JHLY,2026-09-02
603200,上海洗霸,SHXB,shanghaixiba,603200  上海洗霸  ·  SHXB,2026-09-02
603201,常润股份,CRGF,changrungufen,603201  常润股份  ·  CRGF,2026-09-02
603202,天有为,TYW,tianyouwei,603202  天有为  ·  TYW,2026-09-02
603203,快克智能,KKZN,kuaikezhineng,603203  快克智能  ·  KKZN,2026-09-02
603205,健尔康,JEK,jianerkang,603205  健尔康  ·  JEK,2026-09-02
603206,嘉环科技,JHKJ,jiahuankeji,603206  嘉环科技  ·  JHKJ,2026-09-02
603207,小方制药,XFZY,xiaofangzhiyao,603207  小方制药  ·  XFZY,2026-09-02
603208,江山欧派,JSOP,jiangshanoupai,603208  江山欧派  ·  JSOP,2026-09-02
603209,兴通股份,XTGF,xingtonggufen,603209  兴通股份  ·  XTGF,2026-09-02
603210,泰鸿万立,THWL,taihongwanli,603210  泰鸿万立  ·  THWL,2026-09-02
603211,晋拓股份,JTGF,jintuogufen,603211  晋拓股份  ·  JTGF,2026-09-02
603212,赛伍技术,SWJS,saiwujishu,603212  赛伍技术  ·  SWJS,2026-09-02
603213,镇洋发展,ZYFZ,zhenyangfazhan,603213  镇洋发展  ·  ZYFZ,2026-09-02
603214,爱婴室,AYS,aiyingshi,603214  爱婴室  ·  AYS,2026-09-02
603215,比依股份,BYGF,biyigufen,603215  比依股份  ·  BYGF,2026-09-02
603216,梦天家居,MTJJ,mengtianjiaju,603216  梦天家居  ·  MTJJ,2026-09-02
603217,元利科技,YLKJ,yuanlikeji,603217  元利科技  ·  YLKJ,2026-09-02
603218,日月股份,RYGF,riyuegufen,603218  日月股份  ·  RYGF,2026-09-02
603219,富佳股份,FJGF,fujiagufen,603219  富佳股份  ·  FJGF,2026-09-02
603220,中贝通信,ZBTX,zhongbeitongxin,603220  中贝通信  ·  ZBTX,2026-09-02
603221,爱丽家居,ALJJ,ailijiaju,603221  爱丽家居  ·  ALJJ,2026-09-02
603222,济民健康,JMJK,jiminjiankang,603222  济民健康  ·  JMJK,2026-09-02
603223,恒通股份,HTGF,hengtonggufen,603223  恒通股份  ·  HTGF,2026-09-02
603225,新凤鸣,XFM,xinfengming,603225  新凤鸣  ·  XFM,2026-09-02
603226,菲林格尔,FLGE,feilingeer,603226  菲林格尔  ·  FLGE,2026-09-02
603227,雪峰科技,XFKJ,xuefengkeji,603227  雪峰科技  ·  XFKJ,2026-09-02
603228,景旺电子,JWDZ,jingwangdianzi,603228  景旺电子  ·  JWDZ,2026-09-02
603229,奥翔药业,AXYY,aoxiangyaoye,603229  奥翔药业  ·  AXYY,2026-09-02
603230,内蒙新华,NMXH,neimengxinhua,603230  内蒙新华  ·  NMXH,2026-09-02
603231,索宝蛋白,SBDB,suobaodanbai,603231  索宝蛋白  ·  SBDB,2026-09-02
603232,格尔软件,GERJ,geerruanjian,603232  格尔软件  ·  GERJ,2026-09-02
603233,大参林,DCL,dacanlin,603233  大参林  ·  DCL,2026-09-02
603235,天新药业,TXYY,tianxinyaoye,603235  天新药业  ·  TXYY,2026-09-02
603236,移远通信,YYTX,yiyuantongxin,603236  移远通信  ·  YYTX,2026-09-02
603237,五芳斋,WFZ,wufangzhai,603237  五芳斋  ·  WFZ,2026-09-02
603238,诺邦股份,NBGF,nuobanggufen,603238  诺邦股份  ·  NBGF,2026-09-02
603239,浙江仙通,ZJXT,zhejiangxiantong,603239  浙江仙通  ·  ZJXT,2026-09-02
603248,锡华科技,XHKJ,xihuakeji,603248  锡华科技  ·  XHKJ,2026-09-02
603255,鼎际得,DJD,dingjide,603255  鼎际得  ·  DJD,2026-09-02
603256,宏和科技,HHKJ,honghekeji,603256  宏和科技  ·  HHKJ,2026-09-02
603257,中国瑞林,ZGRL,zhongguoruilin,603257  中国瑞林  ·  ZGRL,2026-09-02
603258,电魂网络,DHWL,dianhunwangluo,603258  电魂网络  ·  DHWL,2026-09-02
603259,药明康德,YMKD,yaomingkangde,603259  药明康德  ·  YMKD,2026-09-02
603260,合盛硅业,HSGY,heshengguiye,603260  合盛硅业  ·  HSGY,2026-09-02
603261,立航科技,LHKJ,lihangkeji,603261  立航科技  ·  LHKJ,2026-09-02
603262,技源集团,JYJT,jiyuanjituan,603262  技源集团  ·  JYJT,2026-09-02
603266,天龙股份,TLGF,tianlonggufen,603266  天龙股份  ·  TLGF,2026-09-02
603267,鸿远电子,HYDZ,hongyuandianzi,603267  鸿远电子  ·  HYDZ,2026-09-02
603268,松发股份,SFGF,songfagufen,603268  松发股份  ·  SFGF,2026-09-02
603269,海鸥股份,HOGF,haiougufen,603269  海鸥股份  ·  HOGF,2026-09-02
603270,金帝股份,JDGF,jindigufen,603270  金帝股份  ·  JDGF,2026-09-02
603271,永杰新材,YJXC,yongjiexincai,603271  永杰新材  ·  YJXC,2026-09-02
603272,*ST联翔,*STLX,*stlianxiang,603272  *ST联翔  ·  *STLX,2026-09-02
603273,天元智能,TYZN,tianyuanzhineng,603273  天元智能  ·  TYZN,2026-09-02
603275,众辰科技,ZCKJ,zhongchenkeji,603275  众辰科技  ·  ZCKJ,2026-09-02
603276,恒兴新材,HXXC,hengxingxincai,603276  恒兴新材  ·  HXXC,2026-09-02
603277,银都股份,YDGF,yindougufen,603277  银都股份  ·  YDGF,2026-09-02
603278,大业股份,DYGF,dayegufen,603278  大业股份  ·  DYGF,2026-09-02
603279,景津装备,JJZB,jingjinzhuangbei,603279  景津装备  ·  JJZB,2026-09-02
603280,南方路机,NFLJ,nanfangluji,603280  南方路机  ·  NFLJ,2026-09-02
603281,江瀚新材,JHXC,jianghanxincai,603281  江瀚新材  ·  JHXC,2026-09-02
603282,亚光股份,YGGF,yaguanggufen,603282  亚光股份  ·  YGGF,2026-09-02
603283,赛腾股份,STGF,saitenggufen,603283  赛腾股份  ·  STGF,2026-09-02
603284,林平发展,LPFZ,linpingfazhan,603284  林平发展  ·  LPFZ,2026-09-02
603285,键邦股份,JBGF,jianbanggufen,603285  键邦股份  ·  JBGF,2026-09-02
603286,日盈电子,RYDZ,riyingdianzi,603286  日盈电子  ·  RYDZ,2026-09-02
603288,海天味业,HTWY,haitianweiye,603288  海天味业  ·  HTWY,2026-09-02
603289,泰瑞机器,TRJQ,tairuijiqi,603289  泰瑞机器  ·  TRJQ,2026-09-02
603290,斯达半导,SDBD,sidabandao,603290  斯达半导  ·  SDBD,2026-09-02
603291,联合水务,LHSW,lianheshuiwu,603291  联合水务  ·  LHSW,2026-09-02
603293,埃泰克,ATK,aitaike,603293  埃泰克  ·  ATK,2026-09-02
603296,华勤技术,HQJS,huaqinjishu,603296  华勤技术  ·  HQJS,2026-09-02
603297,永新光学,YXGX,yongxinguangxue,603297  永新光学  ·  YXGX,2026-09-02
603298,杭叉集团,HCJT,hangchajituan,603298  杭叉集团  ·  HCJT,2026-09-02
603299,苏盐井神,SYJS,suyanjingshen,603299  苏盐井神  ·  SYJS,2026-09-02
603300,海南华铁,HNHT,hainanhuatie,603300  海南华铁  ·  HNHT,2026-09-02
603301,振德医疗,ZDYL,zhendeyiliao,603301  振德医疗  ·  ZDYL,2026-09-02
603303,得邦照明,DBZM,debangzhaoming,603303  得邦照明  ·  DBZM,2026-09-02
603305,旭升集团,XSJT,xushengjituan,603305  旭升集团  ·  XSJT,2026-09-02
603306,华懋科技,HMKJ,huamaokeji,603306  华懋科技  ·  HMKJ,2026-09-02
603307,扬州金泉,YZJQ,yangzhoujinquan,603307  扬州金泉  ·  YZJQ,2026-09-02
603308,应流股份,YLGF,yingliugufen,603308  应流股份  ·  YLGF,2026-09-02
603309,维力医疗,WLYL,weiliyiliao,603309  维力医疗  ·  WLYL,2026-09-02
603310,巍华新材,WHXC,weihuaxincai,603310  巍华新材  ·  WHXC,2026-09-02
603311,金海高科,JHGK,jinhaigaoke,603311  金海高科  ·  JHGK,2026-09-02
603312,西典新能,XDXN,xidianxinneng,603312  西典新能  ·  XDXN,2026-09-02
603313,梦百合,MBH,mengbaihe,603313  梦百合  ·  MBH,2026-09-02
603315,福鞍股份,FAGF,fuangufen,603315  福鞍股份  ·  FAGF,2026-09-02
603316,诚邦股份,CBGF,chengbanggufen,603316  诚邦股份  ·  CBGF,2026-09-02
603317,天味食品,TWSP,tianweishipin,603317  天味食品  ·  TWSP,2026-09-02
603318,水发燃气,SFRQ,shuifaranqi,603318  水发燃气  ·  SFRQ,2026-09-02
603319,美湖股份,MHGF,meihugufen,603319  美湖股份  ·  MHGF,2026-09-02
603320,迪贝电气,DBDQ,dibeidianqi,603320  迪贝电气  ·  DBDQ,2026-09-02
603321,梅轮电梯,MLDT,meilundianti,603321  梅轮电梯  ·  MLDT,2026-09-02
603322,超讯科技,CXKJ,chaoxunkeji,603322  超讯科技  ·  CXKJ,2026-09-02
603323,苏农银行,SNYH,sunongyinhang,603323  苏农银行  ·  SNYH,2026-09-02
603324,盛剑科技,SJKJ,shengjiankeji,603324  盛剑科技  ·  SJKJ,2026-09-02
603325,博隆技术,BLJS,bolongjishu,603325  博隆技术  ·  BLJS,2026-09-02
603326,我乐家居,WLJJ,wolejiaju,603326  我乐家居  ·  WLJJ,2026-09-02
603327,福蓉科技,FRKJ,furongkeji,603327  福蓉科技  ·  FRKJ,2026-09-02
603328,依顿电子,YDDZ,yidundianzi,603328  依顿电子  ·  YDDZ,2026-09-02
603329,上海雅仕,SHYS,shanghaiyashi,603329  上海雅仕  ·  SHYS,2026-09-02
603330,天洋新材,TYXC,tianyangxincai,603330  天洋新材  ·  TYXC,2026-09-02
603331,百达精工,BDJG,baidajinggong,603331  百达精工  ·  BDJG,2026-09-02
603332,苏州龙杰,SZLJ,suzhoulongjie,603332  苏州龙杰  ·  SZLJ,2026-09-02
603333,福华尚纬,FHSW,fuhuashangwei,603333  福华尚纬  ·  FHSW,2026-09-02
603334,丰倍生物,FBSW,fengbeishengwu,603334  丰倍生物  ·  FBSW,2026-09-02
603335,迪生力,DSL,dishengli,603335  迪生力  ·  DSL,2026-09-02
603336,宏辉果蔬,HHGS,honghuiguoshu,603336  宏辉果蔬  ·  HHGS,2026-09-02
603337,杰克科技,JKKJ,jiekekeji,603337  杰克科技  ·  JKKJ,2026-09-02
603338,浙江鼎力,ZJDL,zhejiangdingli,603338  浙江鼎力  ·  ZJDL,2026-09-02
603339,四方科技,SFKJ,sifangkeji,603339  四方科技  ·  SFKJ,2026-09-02
603341,龙旗科技,LQKJ,longqikeji,603341  龙旗科技  ·  LQKJ,2026-09-02
603344,星德胜,XDS,xingdesheng,603344  星德胜  ·  XDS,2026-09-02
603345,安井食品,AJSP,anjingshipin,603345  安井食品  ·  AJSP,2026-09-02
603348,文灿股份,WCGF,wencangufen,603348  文灿股份  ·  WCGF,2026-09-02
603350,安乃达,AND,annaida,603350  安乃达  ·  AND,2026-09-02
603351,威尔药业,WEYY,weieryaoye,603351  威尔药业  ·  WEYY,2026-09-02
603352,至信股份,ZXGF,zhixingufen,603352  至信股份  ·  ZXGF,2026-09-02
603353,和顺石油,HSSY,heshunshiyou,603353  和顺石油  ·  HSSY,2026-09-02
603355,莱克电气,LKDQ,laikedianqi,603355  莱克电气  ·  LKDQ,2026-09-02
603356,华菱精工,HLJG,hualingjinggong,603356  华菱精工  ·  HLJG,2026-09-02
603357,设计总院,SJZY,shejizongyuan,603357  设计总院  ·  SJZY,2026-09-02
603358,华达科技,HDKJ,huadakeji,603358  华达科技  ·  HDKJ,2026-09-02
603359,*ST东珠,*STDZ,*stdongzhu,603359  *ST东珠  ·  *STDZ,2026-09-02
603360,百傲化学,BAHX,baiaohuaxue,603360  百傲化学  ·  BAHX,2026-09-02
603363,傲农生物,ANSW,aonongshengwu,603363  傲农生物  ·  ANSW,2026-09-02
603365,水星家纺,SXJF,shuixingjiafang,603365  水星家纺  ·  SXJF,2026-09-02
603366,日出东方,RCDF,richudongfang,603366  日出东方  ·  RCDF,2026-09-02
603367,辰欣药业,CXYY,chenxinyaoye,603367  辰欣药业  ·  CXYY,2026-09-02
603368,柳药集团,LYJT,liuyaojituan,603368  柳药集团  ·  LYJT,2026-09-02
603369,今世缘,JSY,jinshiyuan,603369  今世缘  ·  JSY,2026-09-02
603370,华新精科,HXJK,huaxinjingke,603370  华新精科  ·  HXJK,2026-09-02
603373,安邦护卫,ABHW,anbanghuwei,603373  安邦护卫  ·  ABHW,2026-09-02
603375,盛景微,SJW,shengjingwei,603375  盛景微  ·  SJW,2026-09-02
603376,大明电子,DMDZ,damingdianzi,603376  大明电子  ·  DMDZ,2026-09-02
603377,ST东时,STDS,stdongshi,603377  ST东时  ·  STDS,2026-09-02
603378,*ST亚士,*STYS,*styashi,603378  *ST亚士  ·  *STYS,2026-09-02
603379,三美股份,SMGF,sanmeigufen,603379  三美股份  ·  SMGF,2026-09-02
603380,易德龙,YDL,yidelong,603380  易德龙  ·  YDL,2026-09-02
603381,永臻股份,YZGF,yongzhengufen,603381  永臻股份  ·  YZGF,2026-09-02
603382,海阳科技,HYKJ,haiyangkeji,603382  海阳科技  ·  HYKJ,2026-09-02
603383,顶点软件,DDRJ,dingdianruanjian,603383  顶点软件  ·  DDRJ,2026-09-02
603385,惠达卫浴,HDWY,huidaweiyu,603385  惠达卫浴  ·  HDWY,2026-09-02
603386,骏亚科技,JYKJ,junyakeji,603386  骏亚科技  ·  JYKJ,2026-09-02
603387,基蛋生物,JDSW,jidanshengwu,603387  基蛋生物  ·  JDSW,2026-09-02
603389,亚振家居,YZJJ,yazhenjiaju,603389  亚振家居  ·  YZJJ,2026-09-02
603390,通达电气,TDDQ,tongdadianqi,603390  通达电气  ·  TDDQ,2026-09-02
603391,力聚热能,LJRN,lijureneng,603391  力聚热能  ·  LJRN,2026-09-02
603392,万泰生物,WTSW,wantaishengwu,603392  万泰生物  ·  WTSW,2026-09-02
603393,新天然气,XTRQ,xintianranqi,603393  新天然气  ·  XTRQ,2026-09-02
603395,红四方,HSF,hongsifang,603395  红四方  ·  HSF,2026-09-02
603396,金辰股份,JCGF,jinchengufen,603396  金辰股份  ·  JCGF,2026-09-02
603398,*ST沐邦,*STMB,*stmubang,603398  *ST沐邦  ·  *STMB,2026-09-02
603399,永杉锂业,YSLY,yongshanliye,603399  永杉锂业  ·  YSLY,2026-09-02
603400,华之杰,HZJ,huazhijie,603400  华之杰  ·  HZJ,2026-09-02
603402,陕西旅游,SXLY,shanxilvyou,603402  陕西旅游  ·  SXLY,2026-09-02
603406,天富龙,TFL,tianfulong,603406  天富龙  ·  TFL,2026-09-02
603407,长裕集团,ZYJT,zhangyujituan,603407  长裕集团  ·  ZYJT,2026-09-02
603408,建霖家居,JLJJ,jianlinjiaju,603408  建霖家居  ·  JLJJ,2026-09-02
603409,汇通控股,HTKG,huitongkonggu,603409  汇通控股  ·  HTKG,2026-09-02
603416,信捷电气,XJDQ,xinjiedianqi,603416  信捷电气  ·  XJDQ,2026-09-02
603418,友升股份,YSGF,youshenggufen,603418  友升股份  ·  YSGF,2026-09-02
603421,鼎信通讯,DXTX,dingxintongxun,603421  鼎信通讯  ·  DXTX,2026-09-02
603429,*ST集友,*STJY,*stjiyou,603429  *ST集友  ·  *STJY,2026-09-02
603435,嘉德利,JDL,jiadeli,603435  嘉德利  ·  JDL,2026-09-02
603439,三力制药,SLZY,sanlizhiyao,603439  三力制药  ·  SLZY,2026-09-02
603444,吉比特,JBT,jibite,603444  吉比特  ·  JBT,2026-09-02
603456,九洲药业,JZYY,jiuzhouyaoye,603456  九洲药业  ·  JZYY,2026-09-02
603458,勘设股份,KSGF,kanshegufen,603458  勘设股份  ·  KSGF,2026-09-02
603459,红板科技,HBKJ,hongbankeji,603459  红板科技  ·  HBKJ,2026-09-02
603466,风语筑,FYZ,fengyuzhu,603466  风语筑  ·  FYZ,2026-09-02
603468,C津富,CJF,cjinfu,603468  C津富  ·  CJF,2026-09-02
603477,巨星农牧,JXNM,juxingnongmu,603477  巨星农牧  ·  JXNM,2026-09-02
603486,科沃斯,KWS,kewosi,603486  科沃斯  ·  KWS,2026-09-02
603488,展鹏科技,ZPKJ,zhanpengkeji,603488  展鹏科技  ·  ZPKJ,2026-09-02
603489,八方股份,BFGF,bafanggufen,603489  八方股份  ·  BFGF,2026-09-02
603496,恒为科技,HWKJ,hengweikeji,603496  恒为科技  ·  HWKJ,2026-09-02
603499,翔港科技,XGKJ,xianggangkeji,603499  翔港科技  ·  XGKJ,2026-09-02
603500,祥和实业,XHSY,xiangheshiye,603500  祥和实业  ·  XHSY,2026-09-02
603501,豪威集团,HWJT,haoweijituan,603501  豪威集团  ·  HWJT,2026-09-02
603505,金石资源,JSZY,jinshiziyuan,603505  金石资源  ·  JSZY,2026-09-02
603506,南都物业,NDWY,nandouwuye,603506  南都物业  ·  NDWY,2026-09-02
603507,振江股份,ZJGF,zhenjianggufen,603507  振江股份  ·  ZJGF,2026-09-02
603508,思维列控,SWLK,siweiliekong,603508  思维列控  ·  SWLK,2026-09-02
603511,爱慕股份,AMGF,aimugufen,603511  爱慕股份  ·  AMGF,2026-09-02
603515,欧普照明,OPZM,oupuzhaoming,603515  欧普照明  ·  OPZM,2026-09-02
603516,淳中科技,CZKJ,chunzhongkeji,603516  淳中科技  ·  CZKJ,2026-09-02
603517,ST绝味,STJW,stjuewei,603517  ST绝味  ·  STJW,2026-09-02
603518,锦泓集团,JHJT,jinhongjituan,603518  锦泓集团  ·  JHJT,2026-09-02
603519,立霸股份,LBGF,libagufen,603519  立霸股份  ·  LBGF,2026-09-02
603520,司太立,STL,sitaili,603520  司太立  ·  STL,2026-09-02
603527,众源新材,ZYXC,zhongyuanxincai,603527  众源新材  ·  ZYXC,2026-09-02
603528,多伦科技,DLKJ,duolunkeji,603528  多伦科技  ·  DLKJ,2026-09-02
603529,爱玛科技,AMKJ,aimakeji,603529  爱玛科技  ·  AMKJ,2026-09-02
603530,神马电力,SMDL,shenmadianli,603530  神马电力  ·  SMDL,2026-09-02
603533,掌阅科技,ZYKJ,zhangyuekeji,603533  掌阅科技  ·  ZYKJ,2026-09-02
603535,嘉诚国际,JCGJ,jiachengguoji,603535  嘉诚国际  ·  JCGJ,2026-09-02
603536,惠发食品,HFSP,huifashipin,603536  惠发食品  ·  HFSP,2026-09-02
603538,美诺华,MNH,meinuohua,603538  美诺华  ·  MNH,2026-09-02
603551,奥普科技,APKJ,aopukeji,603551  奥普科技  ·  APKJ,2026-09-02
603556,海兴电力,HXDL,haixingdianli,603556  海兴电力  ·  HXDL,2026-09-02
603557,*ST起步,*STQB,*stqibu,603557  *ST起步  ·  *STQB,2026-09-02
603558,健盛集团,JSJT,jianshengjituan,603558  健盛集团  ·  JSJT,2026-09-02
603559,中通国脉,ZTGM,zhongtongguomai,603559  中通国脉  ·  ZTGM,2026-09-02
603565,中谷物流,ZGWL,zhongguwuliu,603565  中谷物流  ·  ZGWL,2026-09-02
603566,普莱柯,PLK,pulaike,603566  普莱柯  ·  PLK,2026-09-02
603567,珍宝岛,ZBD,zhenbaodao,603567  珍宝岛  ·  ZBD,2026-09-02
603568,伟明环保,WMHB,weiminghuanbao,603568  伟明环保  ·  WMHB,2026-09-02
603569,长久物流,CJWL,changjiuwuliu,603569  长久物流  ·  CJWL,2026-09-02
603577,汇金通,HJT,huijintong,603577  汇金通  ·  HJT,2026-09-02
603578,三星新材,SXXC,sanxingxincai,603578  三星新材  ·  SXXC,2026-09-02
603579,荣泰健康,RTJK,rongtaijiankang,603579  荣泰健康  ·  RTJK,2026-09-02
603580,艾艾精工,AAJG,aiaijinggong,603580  艾艾精工  ·  AAJG,2026-09-02
603583,捷昌驱动,JCQD,jiechangqudong,603583  捷昌驱动  ·  JCQD,2026-09-02
603585,苏利股份,SLGF,suligufen,603585  苏利股份  ·  SLGF,2026-09-02
603586,金麒麟,JQL,jinqilin,603586  金麒麟  ·  JQL,2026-09-02
603587,地素时尚,DSSS,disushishang,603587  地素时尚  ·  DSSS,2026-09-02
603588,高能环境,GNHJ,gaonenghuanjing,603588  高能环境  ·  GNHJ,2026-09-02
603589,口子窖,KZJ,kouzijiao,603589  口子窖  ·  KZJ,2026-09-02
603590,康辰药业,KCYY,kangchenyaoye,603590  康辰药业  ·  KCYY,2026-09-02
603595,ST东尼,STDN,stdongni,603595  ST东尼  ·  STDN,2026-09-02
603596,伯特利,BTL,boteli,603596  伯特利  ·  BTL,2026-09-02
603598,引力传媒,YLCM,yinlichuanmei,603598  引力传媒  ·  YLCM,2026-09-02
603599,广信股份,GXGF,guangxingufen,603599  广信股份  ·  GXGF,2026-09-02
603600,永艺股份,YYGF,yongyigufen,603600  永艺股份  ·  YYGF,2026-09-02
603601,再升科技,ZSKJ,zaishengkeji,603601  再升科技  ·  ZSKJ,2026-09-02
603602,纵横通信,ZHTX,zonghengtongxin,603602  纵横通信  ·  ZHTX,2026-09-02
603605,珀莱雅,PLY,polaiya,603605  珀莱雅  ·  PLY,2026-09-02
603606,东方电缆,DFDL,dongfangdianlan,603606  东方电缆  ·  DFDL,2026-09-02
603607,京华激光,JHJG,jinghuajiguang,603607  京华激光  ·  JHJG,2026-09-02
603608,天创时尚,TCSS,tianchuangshishang,603608  天创时尚  ·  TCSS,2026-09-02
603609,禾丰股份,HFGF,hefenggufen,603609  禾丰股份  ·  HFGF,2026-09-02
603610,麒盛科技,QSKJ,qishengkeji,603610  麒盛科技  ·  QSKJ,2026-09-02
603611,诺力股份,NLGF,nuoligufen,603611  诺力股份  ·  NLGF,2026-09-02
603612,索通发展,STFZ,suotongfazhan,603612  索通发展  ·  STFZ,2026-09-02
603613,国联股份,GLGF,guoliangufen,603613  国联股份  ·  GLGF,2026-09-02
603615,茶花股份,CHGF,chahuagufen,603615  茶花股份  ·  CHGF,2026-09-02
603616,韩建河山,HJHS,hanjianheshan,603616  韩建河山  ·  HJHS,2026-09-02
603617,君禾股份,JHGF,junhegufen,603617  君禾股份  ·  JHGF,2026-09-02
603618,杭电股份,HDGF,hangdiangufen,603618  杭电股份  ·  HDGF,2026-09-02
603619,中曼石油,ZMSY,zhongmanshiyou,603619  中曼石油  ·  ZMSY,2026-09-02
603626,科森科技,KSKJ,kesenkeji,603626  科森科技  ·  KSKJ,2026-09-02
603628,清源股份,QYGF,qingyuangufen,603628  清源股份  ·  QYGF,2026-09-02
603629,利通电子,LTDZ,litongdianzi,603629  利通电子  ·  LTDZ,2026-09-02
603630,拉芳家化,LFJH,lafangjiahua,603630  拉芳家化  ·  LFJH,2026-09-02
603633,徕木股份,LMGF,laimugufen,603633  徕木股份  ·  LMGF,2026-09-02
603636,南威软件,NWRJ,nanweiruanjian,603636  南威软件  ·  NWRJ,2026-09-02
603637,镇海股份,ZHGF,zhenhaigufen,603637  镇海股份  ·  ZHGF,2026-09-02
603638,艾迪精密,ADJM,aidijingmi,603638  艾迪精密  ·  ADJM,2026-09-02
603639,海利尔,HLE,hailier,603639  海利尔  ·  HLE,2026-09-02
603648,畅联股份,CLGF,changliangufen,603648  畅联股份  ·  CLGF,2026-09-02
603650,彤程新材,TCXC,tongchengxincai,603650  彤程新材  ·  TCXC,2026-09-02
603655,朗博科技,LBKJ,langbokeji,603655  朗博科技  ·  LBKJ,2026-09-02
603656,泰禾智能,THZN,taihezhineng,603656  泰禾智能  ·  THZN,2026-09-02
603657,春光科技,CGKJ,chunguangkeji,603657  春光科技  ·  CGKJ,2026-09-02
603658,安图生物,ATSW,antushengwu,603658  安图生物  ·  ATSW,2026-09-02
603659,璞泰来,PTL,putailai,603659  璞泰来  ·  PTL,2026-09-02
603660,苏州科达,SZKD,suzhoukeda,603660  苏州科达  ·  SZKD,2026-09-02
603661,恒林股份,HLGF,henglingufen,603661  恒林股份  ·  HLGF,2026-09-02
603662,柯力传感,KLCG,kelichuangan,603662  柯力传感  ·  KLCG,2026-09-02
603663,三祥新材,SXXC,sanxiangxincai,603663  三祥新材  ·  SXXC,2026-09-02
603665,康隆达,KLD,kanglongda,603665  康隆达  ·  KLD,2026-09-02
603666,亿嘉和,YJH,yijiahe,603666  亿嘉和  ·  YJH,2026-09-02
603667,五洲新春,WZXC,wuzhouxinchun,603667  五洲新春  ·  WZXC,2026-09-02
603668,天马科技,TMKJ,tianmakeji,603668  天马科技  ·  TMKJ,2026-09-02
603669,灵康药业,LKYY,lingkangyaoye,603669  灵康药业  ·  LKYY,2026-09-02
603676,卫信康,WXK,weixinkang,603676  卫信康  ·  WXK,2026-09-02
603677,奇精机械,QJJX,qijingjixie,603677  奇精机械  ·  QJJX,2026-09-02
603678,火炬电子,HJDZ,huojudianzi,603678  火炬电子  ·  HJDZ,2026-09-02
603679,华体科技,HTKJ,huatikeji,603679  华体科技  ·  HTKJ,2026-09-02
603680,今创集团,JCJT,jinchuangjituan,603680  今创集团  ·  JCJT,2026-09-02
603681,永冠新材,YGXC,yongguanxincai,603681  永冠新材  ·  YGXC,2026-09-02
603682,锦和商管,JHSG,jinheshangguan,603682  锦和商管  ·  JHSG,2026-09-02
603683,晶华新材,JHXC,jinghuaxincai,603683  晶华新材  ·  JHXC,2026-09-02
603685,晨丰科技,CFKJ,chenfengkeji,603685  晨丰科技  ·  CFKJ,2026-09-02
603686,福龙马,FLM,fulongma,603686  福龙马  ·  FLM,2026-09-02
603687,大胜达,DSD,dashengda,603687  大胜达  ·  DSD,2026-09-02
603688,石英股份,SYGF,shiyinggufen,603688  石英股份  ·  SYGF,2026-09-02
603689,皖天然气,WTRQ,wantianranqi,603689  皖天然气  ·  WTRQ,2026-09-02
603690,至纯科技,ZCKJ,zhichunkeji,603690  至纯科技  ·  ZCKJ,2026-09-02
603693,江苏新能,JSXN,jiangsuxinneng,603693  江苏新能  ·  JSXN,2026-09-02
603696,安记食品,AJSP,anjishipin,603696  安记食品  ·  AJSP,2026-09-02
603697,有友食品,YYSP,youyoushipin,603697  有友食品  ·  YYSP,2026-09-02
603698,航天工程,HTGC,hangtiangongcheng,603698  航天工程  ·  HTGC,2026-09-02
603699,纽威股份,NWGF,niuweigufen,603699  纽威股份  ·  NWGF,2026-09-02
603700,宁水集团,NSJT,ningshuijituan,603700  宁水集团  ·  NSJT,2026-09-02
603701,德宏股份,DHGF,dehonggufen,603701  德宏股份  ·  DHGF,2026-09-02
603703,盛洋科技,SYKJ,shengyangkeji,603703  盛洋科技  ·  SYKJ,2026-09-02
603706,东方环宇,DFHY,dongfanghuanyu,603706  东方环宇  ·  DFHY,2026-09-02
603707,健友股份,JYGF,jianyougufen,603707  健友股份  ·  JYGF,2026-09-02
603708,家家悦,JJY,jiajiayue,603708  家家悦  ·  JJY,2026-09-02
603709,中源家居,ZYJJ,zhongyuanjiaju,603709  中源家居  ·  ZYJJ,2026-09-02
603711,香飘飘,XPP,xiangpiaopiao,603711  香飘飘  ·  XPP,2026-09-02
603712,七一二,QYE,qiyier,603712  七一二  ·  QYE,2026-09-02
603713,密尔克卫,MEKW,mierkewei,603713  密尔克卫  ·  MEKW,2026-09-02
603716,塞力医疗,SLYL,sailiyiliao,603716  塞力医疗  ·  SLYL,2026-09-02
603717,天域生物,TYSW,tianyushengwu,603717  天域生物  ·  TYSW,2026-09-02
603718,*ST海利,*STHL,*sthaili,603718  *ST海利  ·  *STHL,2026-09-02
603719,良品铺子,LPPZ,liangpinpuzi,603719  良品铺子  ·  LPPZ,2026-09-02
603721,中广天择,ZGTZ,zhongguangtianze,603721  中广天择  ·  ZGTZ,2026-09-02
603722,阿科力,AKL,akeli,603722  阿科力  ·  AKL,2026-09-02
603725,天安新材,TAXC,tiananxincai,603725  天安新材  ·  TAXC,2026-09-02
603726,朗迪集团,LDJT,langdijituan,603726  朗迪集团  ·  LDJT,2026-09-02
603727,博迈科,BMK,bomaike,603727  博迈科  ·  BMK,2026-09-02
603728,鸣志电器,MZDQ,mingzhidianqi,603728  鸣志电器  ·  MZDQ,2026-09-02
603729,ST龙韵,STLY,stlongyun,603729  ST龙韵  ·  STLY,2026-09-02
603730,岱美股份,DMGF,daimeigufen,603730  岱美股份  ·  DMGF,2026-09-02
603733,仙鹤股份,XHGF,xianhegufen,603733  仙鹤股份  ·  XHGF,2026-09-02
603737,三棵树,SKS,sankeshu,603737  三棵树  ·  SKS,2026-09-02
603738,泰晶科技,TJKJ,taijingkeji,603738  泰晶科技  ·  TJKJ,2026-09-02
603739,蔚蓝生物,WLSW,weilanshengwu,603739  蔚蓝生物  ·  WLSW,2026-09-02
603755,日辰股份,RCGF,richengufen,603755  日辰股份  ·  RCGF,2026-09-02
603757,大元泵业,DYBY,dayuanbengye,603757  大元泵业  ·  DYBY,2026-09-02
603758,秦安股份,QAGF,qinangufen,603758  秦安股份  ·  QAGF,2026-09-02
603759,海天股份,HTGF,haitiangufen,603759  海天股份  ·  HTGF,2026-09-02
603766,隆鑫通用,LXTY,longxintongyong,603766  隆鑫通用  ·  LXTY,2026-09-02
603767,中马传动,ZMCD,zhongmachuandong,603767  中马传动  ·  ZMCD,2026-09-02
603768,常青股份,CQGF,changqinggufen,603768  常青股份  ·  CQGF,2026-09-02
603773,沃格光电,WGGD,wogeguangdian,603773  沃格光电  ·  WGGD,2026-09-02
603776,永安行,YAX,yonganxing,603776  永安行  ·  YAX,2026-09-02
603777,来伊份,LYF,laiyifen,603777  来伊份  ·  LYF,2026-09-02
603778,国晟科技,GCKJ,guochengkeji,603778  国晟科技  ·  GCKJ,2026-09-02
603779,威龙股份,WLGF,weilonggufen,603779  威龙股份  ·  WLGF,2026-09-02
603786,科博达,KBD,keboda,603786  科博达  ·  KBD,2026-09-02
603787,新日股份,XRGF,xinrigufen,603787  新日股份  ·  XRGF,2026-09-02
603788,宁波高发,NBGF,ningbogaofa,603788  宁波高发  ·  NBGF,2026-09-02
603789,ST星农,STXN,stxingnong,603789  ST星农  ·  STXN,2026-09-02
603790,雅运股份,YYGF,yayungufen,603790  雅运股份  ·  YYGF,2026-09-02
603797,联泰环保,LTHB,liantaihuanbao,603797  联泰环保  ·  LTHB,2026-09-02
603798,康普顿,KPD,kangpudun,603798  康普顿  ·  KPD,2026-09-02
603799,华友钴业,HYGY,huayouguye,603799  华友钴业  ·  HYGY,2026-09-02
603800,洪田股份,HTGF,hongtiangufen,603800  洪田股份  ·  HTGF,2026-09-02
603801,志邦家居,ZBJJ,zhibangjiaju,603801  志邦家居  ·  ZBJJ,2026-09-02
603803,瑞斯康达,RSKD,ruisikangda,603803  瑞斯康达  ·  RSKD,2026-09-02
603806,福斯特,FST,fusite,603806  福斯特  ·  FST,2026-09-02
603808,歌力思,GLS,gelisi,603808  歌力思  ·  GLS,2026-09-02
603809,豪能股份,HNGF,haonenggufen,603809  豪能股份  ·  HNGF,2026-09-02
603810,丰山集团,FSJT,fengshanjituan,603810  丰山集团  ·  FSJT,2026-09-02
603811,诚意药业,CYYY,chengyiyaoye,603811  诚意药业  ·  CYYY,2026-09-02
603813,原尚股份,YSGF,yuanshanggufen,603813  原尚股份  ·  YSGF,2026-09-02
603815,交建股份,JJGF,jiaojiangufen,603815  交建股份  ·  JJGF,2026-09-02
603816,顾家家居,GJJJ,gujiajiaju,603816  顾家家居  ·  GJJJ,2026-09-02
603817,海峡环保,HXHB,haixiahuanbao,603817  海峡环保  ·  HXHB,2026-09-02
603818,曲美家居,QMJJ,qumeijiaju,603818  曲美家居  ·  QMJJ,2026-09-02
603819,神力股份,SLGF,shenligufen,603819  神力股份  ·  SLGF,2026-09-02
603822,ST嘉澳,STJA,stjiaao,603822  ST嘉澳  ·  STJA,2026-09-02
603823,百合花,BHH,baihehua,603823  百合花  ·  BHH,2026-09-02
603825,ST华扬,STHY,sthuayang,603825  ST华扬  ·  STHY,2026-09-02
603826,坤彩科技,KCKJ,kuncaikeji,603826  坤彩科技  ·  KCKJ,2026-09-02
603828,*ST利达,*STLD,*stlida,603828  *ST利达  ·  *STLD,2026-09-02
603829,洛凯股份,LKGF,luokaigufen,603829  洛凯股份  ·  LKGF,2026-09-02
603833,欧派家居,OPJJ,oupaijiaju,603833  欧派家居  ·  OPJJ,2026-09-02
603836,海程邦达,HCBD,haichengbangda,603836  海程邦达  ·  HCBD,2026-09-02
603838,*ST四通,*STST,*stsitong,603838  *ST四通  ·  *STST,2026-09-02
603839,安正时尚,AZSS,anzhengshishang,603839  安正时尚  ·  AZSS,2026-09-02
603843,*ST正平,*STZP,*stzhengping,603843  *ST正平  ·  *STZP,2026-09-02
603848,好太太,HTT,haotaitai,603848  好太太  ·  HTT,2026-09-02
603855,华荣股份,HRGF,huaronggufen,603855  华荣股份  ·  HRGF,2026-09-02
603856,东宏股份,DHGF,donghonggufen,603856  东宏股份  ·  DHGF,2026-09-02
603858,步长制药,BZZY,buzhangzhiyao,603858  步长制药  ·  BZZY,2026-09-02
603859,能科科技,NKKJ,nengkekeji,603859  能科科技  ·  NKKJ,2026-09-02
603860,中公高科,ZGGK,zhonggonggaoke,603860  中公高科  ·  ZGGK,2026-09-02
603861,白云电器,BYDQ,baiyundianqi,603861  白云电器  ·  BYDQ,2026-09-02
603863,松炀资源,SYZY,songyangziyuan,603863  松炀资源  ·  SYZY,2026-09-02
603866,桃李面包,TLMB,taolimianbao,603866  桃李面包  ·  TLMB,2026-09-02
603867,新化股份,XHGF,xinhuagufen,603867  新化股份  ·  XHGF,2026-09-02
603868,飞科电器,FKDQ,feikedianqi,603868  飞科电器  ·  FKDQ,2026-09-02
603869,ST智知,STZZ,stzhizhi,603869  ST智知  ·  STZZ,2026-09-02
603871,嘉友国际,JYGJ,jiayouguoji,603871  嘉友国际  ·  JYGJ,2026-09-02
603876,鼎胜新材,DSXC,dingshengxincai,603876  鼎胜新材  ·  DSXC,2026-09-02
603877,太平鸟,TPN,taipingniao,603877  太平鸟  ·  TPN,2026-09-02
603878,武进不锈,WJBX,wujinbuxiu,603878  武进不锈  ·  WJBX,2026-09-02
603879,永悦科技,YYKJ,yongyuekeji,603879  永悦科技  ·  YYKJ,2026-09-02
603880,南卫股份,NWGF,nanweigufen,603880  南卫股份  ·  NWGF,2026-09-02
603881,数据港,SJG,shujugang,603881  数据港  ·  SJG,2026-09-02
603882,金域医学,JYYX,jinyuyixue,603882  金域医学  ·  JYYX,2026-09-02
603883,老百姓,LBX,laobaixing,603883  老百姓  ·  LBX,2026-09-02
603885,吉祥航空,JXHK,jixianghangkong,603885  吉祥航空  ·  JXHK,2026-09-02
603886,元祖股份,YZGF,yuanzugufen,603886  元祖股份  ·  YZGF,2026-09-02
603887,城地香江,CDXJ,chengdixiangjiang,603887  城地香江  ·  CDXJ,2026-09-02
603888,新华网,XHW,xinhuawang,603888  新华网  ·  XHW,2026-09-02
603889,新澳股份,XAGF,xinaogufen,603889  新澳股份  ·  XAGF,2026-09-02
603890,春秋电子,CQDZ,chunqiudianzi,603890  春秋电子  ·  CQDZ,2026-09-02
603893,瑞芯微,RXW,ruixinwei,603893  瑞芯微  ·  RXW,2026-09-02
603895,天永智能,TYZN,tianyongzhineng,603895  天永智能  ·  TYZN,2026-09-02
603896,寿仙谷,SXG,shouxiangu,603896  寿仙谷  ·  SXG,2026-09-02
603897,长城科技,CCKJ,changchengkeji,603897  长城科技  ·  CCKJ,2026-09-02
603898,好莱客,HLK,haolaike,603898  好莱客  ·  HLK,2026-09-02
603899,晨光股份,CGGF,chenguanggufen,603899  晨光股份  ·  CGGF,2026-09-02
603900,莱绅通灵,LSTL,laishentongling,603900  莱绅通灵  ·  LSTL,2026-09-02
603901,永创智能,YCZN,yongchuangzhineng,603901  永创智能  ·  YCZN,2026-09-02
603903,中持股份,ZCGF,zhongchigufen,603903  中持股份  ·  ZCGF,2026-09-02
603906,龙蟠科技,LPKJ,longpankeji,603906  龙蟠科技  ·  LPKJ,2026-09-02
603908,牧高笛,MGD,mugaodi,603908  牧高笛  ·  MGD,2026-09-02
603909,建发合诚,JFHC,jianfahecheng,603909  建发合诚  ·  JFHC,2026-09-02
603912,佳力图,JLT,jialitu,603912  佳力图  ·  JLT,2026-09-02
603915,国茂股份,GMGF,guomaogufen,603915  国茂股份  ·  GMGF,2026-09-02
603916,苏博特,SBT,subote,603916  苏博特  ·  SBT,2026-09-02
603917,合力科技,HLKJ,helikeji,603917  合力科技  ·  HLKJ,2026-09-02
603918,金桥信息,JQXX,jinqiaoxinxi,603918  金桥信息  ·  JQXX,2026-09-02
603919,金徽酒,JHJ,jinhuijiu,603919  金徽酒  ·  JHJ,2026-09-02
603920,世运电路,SYDL,shiyundianlu,603920  世运电路  ·  SYDL,2026-09-02
603922,ST金鸿顺,STJHS,stjinhongshun,603922  ST金鸿顺  ·  STJHS,2026-09-02
603926,铁流股份,TLGF,tieliugufen,603926  铁流股份  ·  TLGF,2026-09-02
603927,中科软,ZKR,zhongkeruan,603927  中科软  ·  ZKR,2026-09-02
603928,兴业股份,XYGF,xingyegufen,603928  兴业股份  ·  XYGF,2026-09-02
603929,亚翔集成,YXJC,yaxiangjicheng,603929  亚翔集成  ·  YXJC,2026-09-02
603931,格林达,GLD,gelinda,603931  格林达  ·  GLD,2026-09-02
603933,睿能科技,RNKJ,ruinengkeji,603933  睿能科技  ·  RNKJ,2026-09-02
603936,博敏电子,BMDZ,bomindianzi,603936  博敏电子  ·  BMDZ,2026-09-02
603937,丽岛新材,LDXC,lidaoxincai,603937  丽岛新材  ·  LDXC,2026-09-02
603938,三孚股份,SFGF,sanfugufen,603938  三孚股份  ·  SFGF,2026-09-02
603939,益丰药房,YFYF,yifengyaofang,603939  益丰药房  ·  YFYF,2026-09-02
603948,建业股份,JYGF,jianyegufen,603948  建业股份  ·  JYGF,2026-09-02
603949,雪龙集团,XLJT,xuelongjituan,603949  雪龙集团  ·  XLJT,2026-09-02
603950,长源东谷,ZYDG,zhangyuandonggu,603950  长源东谷  ·  ZYDG,2026-09-02
603955,大千生态,DQST,daqianshengtai,603955  大千生态  ·  DQST,2026-09-02
603956,威派格,WPG,weipaige,603956  威派格  ·  WPG,2026-09-02
603958,哈森股份,HSGF,hasengufen,603958  哈森股份  ·  HSGF,2026-09-02
603959,ST百利,STBL,stbaili,603959  ST百利  ·  STBL,2026-09-02
603960,克来机电,KLJD,kelaijidian,603960  克来机电  ·  KLJD,2026-09-02
603966,法兰泰克,FLTK,falantaike,603966  法兰泰克  ·  FLTK,2026-09-02
603967,中创物流,ZCWL,zhongchuangwuliu,603967  中创物流  ·  ZCWL,2026-09-02
603968,醋化股份,CHGF,cuhuagufen,603968  醋化股份  ·  CHGF,2026-09-02
603969,银龙股份,YLGF,yinlonggufen,603969  银龙股份  ·  YLGF,2026-09-02
603970,中农立华,ZNLH,zhongnonglihua,603970  中农立华  ·  ZNLH,2026-09-02
603976,正川股份,ZCGF,zhengchuangufen,603976  正川股份  ·  ZCGF,2026-09-02
603977,国泰集团,GTJT,guotaijituan,603977  国泰集团  ·  GTJT,2026-09-02
603978,深圳新星,SZXX,shenzhenxinxing,603978  深圳新星  ·  SZXX,2026-09-02
603979,金诚信,JCX,jinchengxin,603979  金诚信  ·  JCX,2026-09-02
603980,吉华集团,JHJT,jihuajituan,603980  吉华集团  ·  JHJT,2026-09-02
603982,泉峰汽车,QFQC,quanfengqiche,603982  泉峰汽车  ·  QFQC,2026-09-02
603983,丸美生物,WMSW,wanmeishengwu,603983  丸美生物  ·  WMSW,2026-09-02
603985,恒润股份,HRGF,hengrungufen,603985  恒润股份  ·  HRGF,2026-09-02
603986,兆易创新,ZYCX,zhaoyichuangxin,603986  兆易创新  ·  ZYCX,2026-09-02
603987,康德莱,KDL,kangdelai,603987  康德莱  ·  KDL,2026-09-02
603988,中电电机,ZDDJ,zhongdiandianji,603988  中电电机  ·  ZDDJ,2026-09-02
603989,艾华集团,AHJT,aihuajituan,603989  艾华集团  ·  AHJT,2026-09-02
603990,麦迪科技,MDKJ,maidikeji,603990  麦迪科技  ·  MDKJ,2026-09-02
603991,领先股份,LXGF,lingxiangufen,603991  领先股份  ·  LXGF,2026-09-02
603992,松霖科技,SLKJ,songlinkeji,603992  松霖科技  ·  SLKJ,2026-09-02
603993,洛阳钼业,LYMY,luoyangmuye,603993  洛阳钼业  ·  LYMY,2026-09-02
603995,甬金股份,YJGF,yongjingufen,603995  甬金股份  ·  YJGF,2026-09-02
603997,继峰股份,JFGF,jifenggufen,603997  继峰股份  ·  JFGF,2026-09-02
603998,方盛制药,FSZY,fangshengzhiyao,603998  方盛制药  ·  FSZY,2026-09-02
603999,读者传媒,DZCM,duzhechuanmei,603999  读者传媒  ·  DZCM,2026-09-02
605001,威奥股份,WAGF,weiaogufen,605001  威奥股份  ·  WAGF,2026-09-02
605003,众望布艺,ZWBY,zhongwangbuyi,605003  众望布艺  ·  ZWBY,2026-09-02
605005,合兴股份,HXGF,hexinggufen,605005  合兴股份  ·  HXGF,2026-09-02
605006,山东玻纤,SDBX,shandongboxian,605006  山东玻纤  ·  SDBX,2026-09-02
605007,五洲特纸,WZTZ,wuzhoutezhi,605007  五洲特纸  ·  WZTZ,2026-09-02
605008,长鸿高科,ZHGK,zhanghonggaoke,605008  长鸿高科  ·  ZHGK,2026-09-02
605009,豪悦护理,HYHL,haoyuehuli,605009  豪悦护理  ·  HYHL,2026-09-02
605011,杭州热电,HZRD,hangzhouredian,605011  杭州热电  ·  HZRD,2026-09-02
605016,百龙创园,BLCY,bailongchuangyuan,605016  百龙创园  ·  BLCY,2026-09-02
605018,长华集团,ZHJT,zhanghuajituan,605018  长华集团  ·  ZHJT,2026-09-02
605020,永和股份,YHGF,yonghegufen,605020  永和股份  ·  YHGF,2026-09-02
605028,世茂能源,SMNY,shimaonengyuan,605028  世茂能源  ·  SMNY,2026-09-02
605033,美邦股份,MBGF,meibanggufen,605033  美邦股份  ·  MBGF,2026-09-02
605050,福然德,FRD,furande,605050  福然德  ·  FRD,2026-09-02
605055,迎丰股份,YFGF,yingfenggufen,605055  迎丰股份  ·  YFGF,2026-09-02
605056,咸亨国际,XHGJ,xianhengguoji,605056  咸亨国际  ·  XHGJ,2026-09-02
605058,澳弘电子,AHDZ,aohongdianzi,605058  澳弘电子  ·  AHDZ,2026-09-02
605060,联德股份,LDGF,liandegufen,605060  联德股份  ·  LDGF,2026-09-02
605066,天正电气,TZDQ,tianzhengdianqi,605066  天正电气  ·  TZDQ,2026-09-02
605068,明新旭腾,MXXT,mingxinxuteng,605068  明新旭腾  ·  MXXT,2026-09-02
605069,正和生态,ZHST,zhengheshengtai,605069  正和生态  ·  ZHST,2026-09-02
605077,华康股份,HKGF,huakanggufen,605077  华康股份  ·  HKGF,2026-09-02
605080,浙江自然,ZJZR,zhejiangziran,605080  浙江自然  ·  ZJZR,2026-09-02
605086,龙高股份,LGGF,longgaogufen,605086  龙高股份  ·  LGGF,2026-09-02
605088,冠盛股份,GSGF,guanshenggufen,605088  冠盛股份  ·  GSGF,2026-09-02
605089,味知香,WZX,weizhixiang,605089  味知香  ·  WZX,2026-09-02
605090,九丰能源,JFNY,jiufengnengyuan,605090  九丰能源  ·  JFNY,2026-09-02
605098,行动教育,XDJY,xingdongjiaoyu,605098  行动教育  ·  XDJY,2026-09-02
605099,共创草坪,GCCP,gongchuangcaoping,605099  共创草坪  ·  GCCP,2026-09-02
605100,华丰股份,HFGF,huafenggufen,605100  华丰股份  ·  HFGF,2026-09-02
605108,同庆楼,TQL,tongqinglou,605108  同庆楼  ·  TQL,2026-09-02
605111,新洁能,XJN,xinjieneng,605111  新洁能  ·  XJN,2026-09-02
605116,奥锐特,ART,aoruite,605116  奥锐特  ·  ART,2026-09-02
605117,德业股份,DYGF,deyegufen,605117  德业股份  ·  DYGF,2026-09-02
605118,力鼎光电,LDGD,lidingguangdian,605118  力鼎光电  ·  LDGD,2026-09-02
605122,四方新材,SFXC,sifangxincai,605122  四方新材  ·  SFXC,2026-09-02
605123,派克新材,PKXC,paikexincai,605123  派克新材  ·  PKXC,2026-09-02
605128,上海沿浦,SHYP,shanghaiyanpu,605128  上海沿浦  ·  SHYP,2026-09-02
605133,嵘泰股份,RTGF,rongtaigufen,605133  嵘泰股份  ·  RTGF,2026-09-02
605136,丽人丽妆,LRLZ,lirenlizhuang,605136  丽人丽妆  ·  LRLZ,2026-09-02
605138,盛泰集团,STJT,shengtaijituan,605138  盛泰集团  ·  STJT,2026-09-02
605151,西上海,XSH,xishanghai,605151  西上海  ·  XSH,2026-09-02
605155,西大门,XDM,xidamen,605155  西大门  ·  XDM,2026-09-02
605158,华达新材,HDXC,huadaxincai,605158  华达新材  ·  HDXC,2026-09-02
605162,新中港,XZG,xinzhonggang,605162  新中港  ·  XZG,2026-09-02
605166,聚合顺,JHS,juheshun,605166  聚合顺  ·  JHS,2026-09-02
605167,利柏特,LBT,libaite,605167  利柏特  ·  LBT,2026-09-02
605168,三人行,SRX,sanrenxing,605168  三人行  ·  SRX,2026-09-02
605169,洪通燃气,HTRQ,hongtongranqi,605169  洪通燃气  ·  HTRQ,2026-09-02
605177,东亚药业,DYYY,dongyayaoye,605177  东亚药业  ·  DYYY,2026-09-02
605178,时空科技,SKKJ,shikongkeji,605178  时空科技  ·  SKKJ,2026-09-02
605179,一鸣食品,YMSP,yimingshipin,605179  一鸣食品  ·  YMSP,2026-09-02
605180,华生科技,HSKJ,huashengkeji,605180  华生科技  ·  HSKJ,2026-09-02
605183,确成股份,QCGF,quechenggufen,605183  确成股份  ·  QCGF,2026-09-02
605186,健麾信息,JHXX,jianhuixinxi,605186  健麾信息  ·  JHXX,2026-09-02
605188,国光连锁,GGLS,guoguangliansuo,605188  国光连锁  ·  GGLS,2026-09-02
605189,富春染织,FCRZ,fuchunranzhi,605189  富春染织  ·  FCRZ,2026-09-02
605196,华通线缆,HTXL,huatongxianlan,605196  华通线缆  ·  HTXL,2026-09-02
605198,安德利,ADL,andeli,605198  安德利  ·  ADL,2026-09-02
605199,ST葫芦娃,STHLW,sthuluwa,605199  ST葫芦娃  ·  STHLW,2026-09-02
605208,永茂泰,YMT,yongmaotai,605208  永茂泰  ·  YMT,2026-09-02
605218,伟时电子,WSDZ,weishidianzi,605218  伟时电子  ·  WSDZ,2026-09-02
605222,起帆电缆,QFDL,qifandianlan,605222  起帆电缆  ·  QFDL,2026-09-02
605228,神通科技,STKJ,shentongkeji,605228  神通科技  ·  STKJ,2026-09-02
605255,天普股份,TPGF,tianpugufen,605255  天普股份  ·  TPGF,2026-09-02
605258,协和电子,XHDZ,xiehedianzi,605258  协和电子  ·  XHDZ,2026-09-02
605259,绿田机械,LTJX,lvtianjixie,605259  绿田机械  ·  LTJX,2026-09-02
605266,健之佳,JZJ,jianzhijia,605266  健之佳  ·  JZJ,2026-09-02
605268,王力安防,WLAF,wanglianfang,605268  王力安防  ·  WLAF,2026-09-02
605277,新亚电子,XYDZ,xinyadianzi,605277  新亚电子  ·  XYDZ,2026-09-02
605286,同力天启,TLTQ,tonglitianqi,605286  同力天启  ·  TLTQ,2026-09-02
605287,德才股份,DCGF,decaigufen,605287  德才股份  ·  DCGF,2026-09-02
605288,凯迪股份,KDGF,kaidigufen,605288  凯迪股份  ·  KDGF,2026-09-02
605289,罗曼股份,LMGF,luomangufen,605289  罗曼股份  ·  LMGF,2026-09-02
605296,神农集团,SNJT,shennongjituan,605296  神农集团  ·  SNJT,2026-09-02
605298,必得科技,BDKJ,bideikeji,605298  必得科技  ·  BDKJ,2026-09-02
605299,舒华体育,SHTY,shuhuatiyu,605299  舒华体育  ·  SHTY,2026-09-02
605300,佳禾食品,JHSP,jiaheshipin,605300  佳禾食品  ·  JHSP,2026-09-02
605303,园林股份,YLGF,yuanlingufen,605303  园林股份  ·  YLGF,2026-09-02
605305,中际联合,ZJLH,zhongjilianhe,605305  中际联合  ·  ZJLH,2026-09-02
605318,法狮龙,FSL,fashilong,605318  法狮龙  ·  FSL,2026-09-02
605319,无锡振华,WXZH,wuxizhenhua,605319  无锡振华  ·  WXZH,2026-09-02
605333,沪光股份,HGGF,huguanggufen,605333  沪光股份  ·  HGGF,2026-09-02
605336,*ST帅电,*STSD,*stshuaidian,605336  *ST帅电  ·  *STSD,2026-09-02
605337,李子园,LZY,liziyuan,605337  李子园  ·  LZY,2026-09-02
605338,巴比食品,BBSP,babishipin,605338  巴比食品  ·  BBSP,2026-09-02
605339,南侨食品,NQSP,nanqiaoshipin,605339  南侨食品  ·  NQSP,2026-09-02
605358,立昂微,LAW,liangwei,605358  立昂微  ·  LAW,2026-09-02
605365,立达信,LDX,lidaxin,605365  立达信  ·  LDX,2026-09-02
605366,宏柏新材,HBXC,hongbaixincai,605366  宏柏新材  ·  HBXC,2026-09-02
605368,蓝天燃气,LTRQ,lantianranqi,605368  蓝天燃气  ·  LTRQ,2026-09-02
605369,拱东医疗,GDYL,gongdongyiliao,605369  拱东医疗  ·  GDYL,2026-09-02
605376,博迁新材,BQXC,boqianxincai,605376  博迁新材  ·  BQXC,2026-09-02
605377,华旺科技,HWKJ,huawangkeji,605377  华旺科技  ·  HWKJ,2026-09-02
605378,野马电池,YMDC,yemadianchi,605378  野马电池  ·  YMDC,2026-09-02
605388,均瑶健康,JYJK,junyaojiankang,605388  均瑶健康  ·  JYJK,2026-09-02
605389,长龄液压,ZLYY,zhanglingyeya,605389  长龄液压  ·  ZLYY,2026-09-02
605398,新炬网络,XJWL,xinjuwangluo,605398  新炬网络  ·  XJWL,2026-09-02
605399,晨光新材,CGXC,chenguangxincai,605399  晨光新材  ·  CGXC,2026-09-02
605488,福莱新材,FLXC,fulaixincai,605488  福莱新材  ·  FLXC,2026-09-02
605499,东鹏饮料,DPYL,dongpengyinliao,605499  东鹏饮料  ·  DPYL,2026-09-02
605500,森林包装,SLBZ,senlinbaozhuang,605500  森林包装  ·  SLBZ,2026-09-02
605507,国邦医药,GBYY,guobangyiyao,605507  国邦医药  ·  GBYY,2026-09-02
605555,德昌股份,DCGF,dechanggufen,605555  德昌股份  ·  DCGF,2026-09-02
605566,福莱蒽特,FLET,fulaiente,605566  福莱蒽特  ·  FLET,2026-09-02
605567,春雪食品,CXSP,chunxueshipin,605567  春雪食品  ·  CXSP,2026-09-02
605577,龙版传媒,LBCM,longbanchuanmei,605577  龙版传媒  ·  LBCM,2026-09-02
605580,恒盛能源,HSNY,hengshengnengyuan,605580  恒盛能源  ·  HSNY,2026-09-02
605588,冠石科技,GSKJ,guanshikeji,605588  冠石科技  ·  GSKJ,2026-09-02
605589,圣泉集团,SQJT,shengquanjituan,605589  圣泉集团  ·  SQJT,2026-09-02
605598,上海港湾,SHGW,shanghaigangwan,605598  上海港湾  ·  SHGW,2026-09-02
605599,菜百股份,CBGF,caibaigufen,605599  菜百股份  ·  CBGF,2026-09-02
688001,华兴源创,HXYC,huaxingyuanchuang,688001  华兴源创  ·  HXYC,2026-09-02
688002,睿创微纳,RCWN,ruichuangweina,688002  睿创微纳  ·  RCWN,2026-09-02
688003,天准科技,TZKJ,tianzhunkeji,688003  天准科技  ·  TZKJ,2026-09-02
688004,博汇科技,BHKJ,bohuikeji,688004  博汇科技  ·  BHKJ,2026-09-02
688005,容百科技,RBKJ,rongbaikeji,688005  容百科技  ·  RBKJ,2026-09-02
688006,杭可科技,HKKJ,hangkekeji,688006  杭可科技  ·  HKKJ,2026-09-02
688007,光峰科技,GFKJ,guangfengkeji,688007  光峰科技  ·  GFKJ,2026-09-02
688008,澜起科技,LQKJ,lanqikeji,688008  澜起科技  ·  LQKJ,2026-09-02
688009,中国通号,ZGTH,zhongguotonghao,688009  中国通号  ·  ZGTH,2026-09-02
688010,福光股份,FGGF,fuguanggufen,688010  福光股份  ·  FGGF,2026-09-02
688011,新光光电,XGGD,xinguangguangdian,688011  新光光电  ·  XGGD,2026-09-02
688012,中微公司,ZWGS,zhongweigongsi,688012  中微公司  ·  ZWGS,2026-09-02
688013,天臣医疗,TCYL,tianchenyiliao,688013  天臣医疗  ·  TCYL,2026-09-02
688015,交控科技,JKKJ,jiaokongkeji,688015  交控科技  ·  JKKJ,2026-09-02
688016,心脉医疗,XMYL,xinmaiyiliao,688016  心脉医疗  ·  XMYL,2026-09-02
688017,绿的谐波,LDXB,lvdexiebo,688017  绿的谐波  ·  LDXB,2026-09-02
688018,乐鑫科技,LXKJ,lexinkeji,688018  乐鑫科技  ·  LXKJ,2026-09-02
688019,安集科技,AJKJ,anjikeji,688019  安集科技  ·  AJKJ,2026-09-02
688020,方邦股份,FBGF,fangbanggufen,688020  方邦股份  ·  FBGF,2026-09-02
688021,奥福科技,AFKJ,aofukeji,688021  奥福科技  ·  AFKJ,2026-09-02
688022,ST瀚川,STHC,sthanchuan,688022  ST瀚川  ·  STHC,2026-09-02
688023,安恒信息,AHXX,anhengxinxi,688023  安恒信息  ·  AHXX,2026-09-02
688025,杰普特,JPT,jiepute,688025  杰普特  ·  JPT,2026-09-02
688026,洁特生物,JTSW,jieteshengwu,688026  洁特生物  ·  JTSW,2026-09-02
688027,国盾量子,GDLZ,guodunliangzi,688027  国盾量子  ·  GDLZ,2026-09-02
688028,沃尔德,WED,woerde,688028  沃尔德  ·  WED,2026-09-02
688029,南微医学,NWYX,nanweiyixue,688029  南微医学  ·  NWYX,2026-09-02
688030,山石网科,SSWK,shanshiwangke,688030  山石网科  ·  SSWK,2026-09-02
688031,星环科技,XHKJ,xinghuankeji,688031  星环科技  ·  XHKJ,2026-09-02
688032,禾迈股份,HMGF,hemaigufen,688032  禾迈股份  ·  HMGF,2026-09-02
688033,*ST天宜,*STTY,*sttianyi,688033  *ST天宜  ·  *STTY,2026-09-02
688035,德邦科技,DBKJ,debangkeji,688035  德邦科技  ·  DBKJ,2026-09-02
688036,传音控股,CYKG,chuanyinkonggu,688036  传音控股  ·  CYKG,2026-09-02
688037,芯源微,XYW,xinyuanwei,688037  芯源微  ·  XYW,2026-09-02
688038,中科通达,ZKTD,zhongketongda,688038  中科通达  ·  ZKTD,2026-09-02
688039,当虹科技,DHKJ,danghongkeji,688039  当虹科技  ·  DHKJ,2026-09-02
688041,海光信息,HGXX,haiguangxinxi,688041  海光信息  ·  HGXX,2026-09-02
688045,必易微,BYW,biyiwei,688045  必易微  ·  BYW,2026-09-02
688046,药康生物,YKSW,yaokangshengwu,688046  药康生物  ·  YKSW,2026-09-02
688047,龙芯中科,LXZK,longxinzhongke,688047  龙芯中科  ·  LXZK,2026-09-02
688048,长光华芯,ZGHX,zhangguanghuaxin,688048  长光华芯  ·  ZGHX,2026-09-02
688049,炬芯科技,JXKJ,juxinkeji,688049  炬芯科技  ·  JXKJ,2026-09-02
688050,爱博医疗,ABYL,aiboyiliao,688050  爱博医疗  ·  ABYL,2026-09-02
688051,佳华科技,JHKJ,jiahuakeji,688051  佳华科技  ·  JHKJ,2026-09-02
688052,纳芯微,NXW,naxinwei,688052  纳芯微  ·  NXW,2026-09-02
688053,ST思科瑞,STSKR,stsikerui,688053  ST思科瑞  ·  STSKR,2026-09-02
688055,龙腾光电,LTGD,longtengguangdian,688055  龙腾光电  ·  LTGD,2026-09-02
688056,莱伯泰科,LBTK,laibotaike,688056  莱伯泰科  ·  LBTK,2026-09-02
688057,金达莱,JDL,jindalai,688057  金达莱  ·  JDL,2026-09-02
688058,宝兰德,BLD,baolande,688058  宝兰德  ·  BLD,2026-09-02
688059,华锐精密,HRJM,huaruijingmi,688059  华锐精密  ·  HRJM,2026-09-02
688060,云涌科技,YYKJ,yunyongkeji,688060  云涌科技  ·  YYKJ,2026-09-02
688061,灿瑞科技,CRKJ,canruikeji,688061  灿瑞科技  ·  CRKJ,2026-09-02
688062,迈威生物,MWSW,maiweishengwu,688062  迈威生物  ·  MWSW,2026-09-02
688063,派能科技,PNKJ,painengkeji,688063  派能科技  ·  PNKJ,2026-09-02
688065,凯赛生物,KSSW,kaisaishengwu,688065  凯赛生物  ·  KSSW,2026-09-02
688066,*ST航图,*STHT,*sthangtu,688066  *ST航图  ·  *STHT,2026-09-02
688067,爱威科技,AWKJ,aiweikeji,688067  爱威科技  ·  AWKJ,2026-09-02
688068,热景生物,RJSW,rejingshengwu,688068  热景生物  ·  RJSW,2026-09-02
688069,德林海,DLH,delinhai,688069  德林海  ·  DLH,2026-09-02
688070,纵横股份,ZHGF,zonghenggufen,688070  纵横股份  ·  ZHGF,2026-09-02
688071,华依科技,HYKJ,huayikeji,688071  华依科技  ·  HYKJ,2026-09-02
688072,拓荆科技,TJKJ,tuojingkeji,688072  拓荆科技  ·  TJKJ,2026-09-02
688073,毕得医药,BDYY,bideyiyao,688073  毕得医药  ·  BDYY,2026-09-02
688075,安旭生物,AXSW,anxushengwu,688075  安旭生物  ·  AXSW,2026-09-02
688076,ST诺泰,STNT,stnuotai,688076  ST诺泰  ·  STNT,2026-09-02
688077,大地熊,DDX,dadixiong,688077  大地熊  ·  DDX,2026-09-02
688078,龙软科技,LRKJ,longruankeji,688078  龙软科技  ·  LRKJ,2026-09-02
688079,美迪凯,MDK,meidikai,688079  美迪凯  ·  MDK,2026-09-02
688080,映翰通,YHT,yinghantong,688080  映翰通  ·  YHT,2026-09-02
688081,兴图新科,XTXK,xingtuxinke,688081  兴图新科  ·  XTXK,2026-09-02
688082,盛美上海,SMSH,shengmeishanghai,688082  盛美上海  ·  SMSH,2026-09-02
688083,中望软件,ZWRJ,zhongwangruanjian,688083  中望软件  ·  ZWRJ,2026-09-02
688084,晶品特装,JPTZ,jingpintezhuang,688084  晶品特装  ·  JPTZ,2026-09-02
688085,三友医疗,SYYL,sanyouyiliao,688085  三友医疗  ·  SYYL,2026-09-02
688087,英科再生,YKZS,yingkezaisheng,688087  英科再生  ·  YKZS,2026-09-02
688088,虹软科技,HRKJ,hongruankeji,688088  虹软科技  ·  HRKJ,2026-09-02
688089,ST嘉必优,STJBY,stjiabiyou,688089  ST嘉必优  ·  STJBY,2026-09-02
688090,瑞松科技,RSKJ,ruisongkeji,688090  瑞松科技  ·  RSKJ,2026-09-02
688091,上海谊众,SHYZ,shanghaiyizhong,688091  上海谊众  ·  SHYZ,2026-09-02
688092,爱科科技,AKKJ,aikekeji,688092  爱科科技  ·  AKKJ,2026-09-02
688093,世华科技,SHKJ,shihuakeji,688093  世华科技  ·  SHKJ,2026-09-02
688095,福昕软件,FXRJ,fuxinruanjian,688095  福昕软件  ·  FXRJ,2026-09-02
688096,京源环保,JYHB,jingyuanhuanbao,688096  京源环保  ·  JYHB,2026-09-02
688097,博众精工,BZJG,bozhongjinggong,688097  博众精工  ·  BZJG,2026-09-02
688098,申联生物,SLSW,shenlianshengwu,688098  申联生物  ·  SLSW,2026-09-02
688099,晶晨股份,JCGF,jingchengufen,688099  晶晨股份  ·  JCGF,2026-09-02
688100,威胜信息,WSXX,weishengxinxi,688100  威胜信息  ·  WSXX,2026-09-02
688101,三达膜,SDM,sandamo,688101  三达膜  ·  SDM,2026-09-02
688102,斯瑞新材,SRXC,siruixincai,688102  斯瑞新材  ·  SRXC,2026-09-02
688103,国力电子,GLDZ,guolidianzi,688103  国力电子  ·  GLDZ,2026-09-02
688105,诺唯赞,NWZ,nuoweizan,688105  诺唯赞  ·  NWZ,2026-09-02
688106,金宏气体,JHQT,jinhongqiti,688106  金宏气体  ·  JHQT,2026-09-02
688107,安路科技,ALKJ,anlukeji,688107  安路科技  ·  ALKJ,2026-09-02
688108,赛诺医疗,SNYL,sainuoyiliao,688108  赛诺医疗  ·  SNYL,2026-09-02
688109,品茗科技,PMKJ,pinmingkeji,688109  品茗科技  ·  PMKJ,2026-09-02
688110,东芯股份,DXGF,dongxingufen,688110  东芯股份  ·  DXGF,2026-09-02
688111,金山办公,JSBG,jinshanbangong,688111  金山办公  ·  JSBG,2026-09-02
688112,鼎阳科技,DYKJ,dingyangkeji,688112  鼎阳科技  ·  DYKJ,2026-09-02
688113,联测科技,LCKJ,liancekeji,688113  联测科技  ·  LCKJ,2026-09-02
688114,华大智造,HDZZ,huadazhizao,688114  华大智造  ·  HDZZ,2026-09-02
688115,思林杰,SLJ,silinjie,688115  思林杰  ·  SLJ,2026-09-02
688116,天奈科技,TNKJ,tiannaikeji,688116  天奈科技  ·  TNKJ,2026-09-02
688117,圣诺生物,SNSW,shengnuoshengwu,688117  圣诺生物  ·  SNSW,2026-09-02
688118,普元信息,PYXX,puyuanxinxi,688118  普元信息  ·  PYXX,2026-09-02
688119,中钢洛耐,ZGLN,zhonggangluonai,688119  中钢洛耐  ·  ZGLN,2026-09-02
688120,华海清科,HHQK,huahaiqingke,688120  华海清科  ·  HHQK,2026-09-02
688121,*ST卓然,*STZR,*stzhuoran,688121  *ST卓然  ·  *STZR,2026-09-02
688122,西部超导,XBCD,xibuchaodao,688122  西部超导  ·  XBCD,2026-09-02
688123,聚辰股份,JCGF,juchengufen,688123  聚辰股份  ·  JCGF,2026-09-02
688125,安达智能,ADZN,andazhineng,688125  安达智能  ·  ADZN,2026-09-02
688126,沪硅产业,HGCY,huguichanye,688126  沪硅产业  ·  HGCY,2026-09-02
688127,蓝特光学,LTGX,lanteguangxue,688127  蓝特光学  ·  LTGX,2026-09-02
688128,中国电研,ZGDY,zhongguodianyan,688128  中国电研  ·  ZGDY,2026-09-02
688129,东来技术,DLJS,donglaijishu,688129  东来技术  ·  DLJS,2026-09-02
688130,晶华微,JHW,jinghuawei,688130  晶华微  ·  JHW,2026-09-02
688131,皓元医药,HYYY,haoyuanyiyao,688131  皓元医药  ·  HYYY,2026-09-02
688132,邦彦技术,BYJS,bangyanjishu,688132  邦彦技术  ·  BYJS,2026-09-02
688133,泰坦科技,TTKJ,taitankeji,688133  泰坦科技  ·  TTKJ,2026-09-02
688135,利扬芯片,LYXP,liyangxinpian,688135  利扬芯片  ·  LYXP,2026-09-02
688136,科兴制药,KXZY,kexingzhiyao,688136  科兴制药  ·  KXZY,2026-09-02
688137,近岸蛋白,JADB,jinandanbai,688137  近岸蛋白  ·  JADB,2026-09-02
688138,清溢光电,QYGD,qingyiguangdian,688138  清溢光电  ·  QYGD,2026-09-02
688139,海尔生物,HESW,haiershengwu,688139  海尔生物  ·  HESW,2026-09-02
688141,杰华特,JHT,jiehuate,688141  杰华特  ·  JHT,2026-09-02
688143,长盈通,ZYT,zhangyingtong,688143  长盈通  ·  ZYT,2026-09-02
688146,中船特气,ZCTQ,zhongchuanteqi,688146  中船特气  ·  ZCTQ,2026-09-02
688147,微导纳米,WDNM,weidaonami,688147  微导纳米  ·  WDNM,2026-09-02
688148,芳源股份,FYGF,fangyuangufen,688148  芳源股份  ·  FYGF,2026-09-02
688150,莱特光电,LTGD,laiteguangdian,688150  莱特光电  ·  LTGD,2026-09-02
688151,华强科技,HQKJ,huaqiangkeji,688151  华强科技  ·  HQKJ,2026-09-02
688152,麒麟信安,QLXA,qilinxinan,688152  麒麟信安  ·  QLXA,2026-09-02
688153,唯捷创芯,WJCX,weijiechuangxin,688153  唯捷创芯  ·  WJCX,2026-09-02
688155,先惠技术,XHJS,xianhuijishu,688155  先惠技术  ·  XHJS,2026-09-02
688156,路德科技,LDKJ,ludekeji,688156  路德科技  ·  LDKJ,2026-09-02
688157,松井股份,SJGF,songjinggufen,688157  松井股份  ·  SJGF,2026-09-02
688158,优刻得,YKD,youkede,688158  优刻得  ·  YKD,2026-09-02
688159,有方科技,YFKJ,youfangkeji,688159  有方科技  ·  YFKJ,2026-09-02
688160,步科股份,BKGF,bukegufen,688160  步科股份  ·  BKGF,2026-09-02
688161,威高骨科,WGGK,weigaoguke,688161  威高骨科  ·  WGGK,2026-09-02
688162,巨一科技,JYKJ,juyikeji,688162  巨一科技  ·  JYKJ,2026-09-02
688163,赛伦生物,SLSW,sailunshengwu,688163  赛伦生物  ·  SLSW,2026-09-02
688165,埃夫特,AFT,aifute,688165  埃夫特  ·  AFT,2026-09-02
688166,博瑞医药,BRYY,boruiyiyao,688166  博瑞医药  ·  BRYY,2026-09-02
688167,炬光科技,JGKJ,juguangkeji,688167  炬光科技  ·  JGKJ,2026-09-02
688168,安博通,ABT,anbotong,688168  安博通  ·  ABT,2026-09-02
688169,石头科技,STKJ,shitoukeji,688169  石头科技  ·  STKJ,2026-09-02
688170,德龙激光,DLJG,delongjiguang,688170  德龙激光  ·  DLJG,2026-09-02
688171,纬德信息,WDXX,weidexinxi,688171  纬德信息  ·  WDXX,2026-09-02
688172,燕东微,YDW,yandongwei,688172  燕东微  ·  YDW,2026-09-02
688173,希荻微,XDW,xidiwei,688173  希荻微  ·  XDW,2026-09-02
688175,高凌信息,GLXX,gaolingxinxi,688175  高凌信息  ·  GLXX,2026-09-02
688176,亚虹医药,YHYY,yahongyiyao,688176  亚虹医药  ·  YHYY,2026-09-02
688177,百奥泰,BAT,baiaotai,688177  百奥泰  ·  BAT,2026-09-02
688178,万德斯,WDS,wandesi,688178  万德斯  ·  WDS,2026-09-02
688179,阿拉丁,ALD,alading,688179  阿拉丁  ·  ALD,2026-09-02
688180,君实生物,JSSW,junshishengwu,688180  君实生物  ·  JSSW,2026-09-02
688181,八亿时空,BYSK,bayishikong,688181  八亿时空  ·  BYSK,2026-09-02
688182,灿勤科技,CQKJ,canqinkeji,688182  灿勤科技  ·  CQKJ,2026-09-02
688183,生益电子,SYDZ,shengyidianzi,688183  生益电子  ·  SYDZ,2026-09-02
688184,ST帕瓦,STPW,stpawa,688184  ST帕瓦  ·  STPW,2026-09-02
688185,康希诺,KXN,kangxinuo,688185  康希诺  ·  KXN,2026-09-02
688186,广大特材,GDTC,guangdatecai,688186  广大特材  ·  GDTC,2026-09-02
688187,XD时代电,XDSDD,xdshidaidian,688187  XD时代电  ·  XDSDD,2026-09-02
688188,柏楚电子,BCDZ,baichudianzi,688188  柏楚电子  ·  BCDZ,2026-09-02
688189,ST南新,STNX,stnanxin,688189  ST南新  ·  STNX,2026-09-02
688190,云路股份,YLGF,yunlugufen,688190  云路股份  ·  YLGF,2026-09-02
688191,智洋创新,ZYCX,zhiyangchuangxin,688191  智洋创新  ·  ZYCX,2026-09-02
688192,迪哲医药,DZYY,dizheyiyao,688192  迪哲医药  ·  DZYY,2026-09-02
688193,仁度生物,RDSW,rendushengwu,688193  仁度生物  ·  RDSW,2026-09-02
688195,腾景科技,TJKJ,tengjingkeji,688195  腾景科技  ·  TJKJ,2026-09-02
688196,卓越新能,ZYXN,zhuoyuexinneng,688196  卓越新能  ·  ZYXN,2026-09-02
688197,首药控股,SYKG,shouyaokonggu,688197  首药控股  ·  SYKG,2026-09-02
688198,佰仁医疗,BRYL,bairenyiliao,688198  佰仁医疗  ·  BRYL,2026-09-02
688199,久日新材,JRXC,jiurixincai,688199  久日新材  ·  JRXC,2026-09-02
688200,华峰测控,HFCK,huafengcekong,688200  华峰测控  ·  HFCK,2026-09-02
688201,ST信安,STXA,stxinan,688201  ST信安  ·  STXA,2026-09-02
688202,美迪西,MDX,meidixi,688202  美迪西  ·  MDX,2026-09-02
688203,海正生材,HZSC,haizhengshengcai,688203  海正生材  ·  HZSC,2026-09-02
688205,德科立,DKL,dekeli,688205  德科立  ·  DKL,2026-09-02
688206,概伦电子,GLDZ,gailundianzi,688206  概伦电子  ·  GLDZ,2026-09-02
688207,格灵深瞳,GLST,gelingshentong,688207  格灵深瞳  ·  GLST,2026-09-02
688208,道通科技,DTKJ,daotongkeji,688208  道通科技  ·  DTKJ,2026-09-02
688209,英集芯,YJX,yingjixin,688209  英集芯  ·  YJX,2026-09-02
688210,统联精密,TLJM,tonglianjingmi,688210  统联精密  ·  TLJM,2026-09-02
688211,中科微至,ZKWZ,zhongkeweizhi,688211  中科微至  ·  ZKWZ,2026-09-02
688212,澳华内镜,AHNJ,aohuaneijing,688212  澳华内镜  ·  AHNJ,2026-09-02
688213,思特威,STW,sitewei,688213  思特威  ·  STW,2026-09-02
688215,瑞晟智能,RCZN,ruichengzhineng,688215  瑞晟智能  ·  RCZN,2026-09-02
688216,气派科技,QPKJ,qipaikeji,688216  气派科技  ·  QPKJ,2026-09-02
688217,睿昂基因,RAJY,ruiangjiyin,688217  睿昂基因  ·  RAJY,2026-09-02
688218,江苏北人,JSBR,jiangsubeiren,688218  江苏北人  ·  JSBR,2026-09-02
688219,会通股份,HTGF,huitonggufen,688219  会通股份  ·  HTGF,2026-09-02
688220,翱捷科技,AJKJ,aojiekeji,688220  翱捷科技  ·  AJKJ,2026-09-02
688221,前沿生物,QYSW,qianyanshengwu,688221  前沿生物  ·  QYSW,2026-09-02
688222,成都先导,CDXD,chengduxiandao,688222  成都先导  ·  CDXD,2026-09-02
688223,晶科能源,JKNY,jingkenengyuan,688223  晶科能源  ·  JKNY,2026-09-02
688225,亚信安全,YXAQ,yaxinanquan,688225  亚信安全  ·  YXAQ,2026-09-02
688226,威腾电气,WTDQ,weitengdianqi,688226  威腾电气  ·  WTDQ,2026-09-02
688227,品高股份,PGGF,pingaogufen,688227  品高股份  ·  PGGF,2026-09-02
688228,开普云,KPY,kaipuyun,688228  开普云  ·  KPY,2026-09-02
688229,博睿数据,BRSJ,boruishuju,688229  博睿数据  ·  BRSJ,2026-09-02
688230,芯导科技,XDKJ,xindaokeji,688230  芯导科技  ·  XDKJ,2026-09-02
688231,隆达股份,LDGF,longdagufen,688231  隆达股份  ·  LDGF,2026-09-02
688232,新点软件,XDRJ,xindianruanjian,688232  新点软件  ·  XDRJ,2026-09-02
688233,神工股份,SGGF,shengonggufen,688233  神工股份  ·  SGGF,2026-09-02
688234,天岳先进,TYXJ,tianyuexianjin,688234  天岳先进  ·  TYXJ,2026-09-02
688235,百济神州,BJSZ,baijishenzhou,688235  百济神州  ·  BJSZ,2026-09-02
688236,春立医疗,CLYL,chunliyiliao,688236  春立医疗  ·  CLYL,2026-09-02
688237,超卓航科,CZHK,chaozhuohangke,688237  超卓航科  ·  CZHK,2026-09-02
688238,和元生物,HYSW,heyuanshengwu,688238  和元生物  ·  HYSW,2026-09-02
688239,航宇科技,HYKJ,hangyukeji,688239  航宇科技  ·  HYKJ,2026-09-02
688244,永信至诚,YXZC,yongxinzhicheng,688244  永信至诚  ·  YXZC,2026-09-02
688246,嘉和美康,JHMK,jiahemeikang,688246  嘉和美康  ·  JHMK,2026-09-02
688247,宣泰医药,XTYY,xuantaiyiyao,688247  宣泰医药  ·  XTYY,2026-09-02
688248,南网科技,NWKJ,nanwangkeji,688248  南网科技  ·  NWKJ,2026-09-02
688249,晶合集成,JHJC,jinghejicheng,688249  晶合集成  ·  JHJC,2026-09-02
688251,井松智能,JSZN,jingsongzhineng,688251  井松智能  ·  JSZN,2026-09-02
688252,天德钰,TDY,tiandeyu,688252  天德钰  ·  TDY,2026-09-02
688253,英诺特,YNT,yingnuote,688253  英诺特  ·  YNT,2026-09-02
688255,凯尔达,KED,kaierda,688255  凯尔达  ·  KED,2026-09-02
688256,寒武纪,HWJ,hanwuji,688256  寒武纪  ·  HWJ,2026-09-02
688257,新锐股份,XRGF,xinruigufen,688257  新锐股份  ·  XRGF,2026-09-02
688258,卓易信息,ZYXX,zhuoyixinxi,688258  卓易信息  ·  ZYXX,2026-09-02
688259,创耀科技,CYKJ,chuangyaokeji,688259  创耀科技  ·  CYKJ,2026-09-02
688260,昀冢科技,YZKJ,yunzhongkeji,688260  昀冢科技  ·  YZKJ,2026-09-02
688261,东微半导,DWBD,dongweibandao,688261  东微半导  ·  DWBD,2026-09-02
688262,国芯科技,GXKJ,guoxinkeji,688262  国芯科技  ·  GXKJ,2026-09-02
688265,南模生物,NMSW,nanmoshengwu,688265  南模生物  ·  NMSW,2026-09-02
688266,泽璟制药,ZJZY,zejingzhiyao,688266  泽璟制药  ·  ZJZY,2026-09-02
688267,中触媒,ZCM,zhongchumei,688267  中触媒  ·  ZCM,2026-09-02
688268,华特气体,HTQT,huateqiti,688268  华特气体  ·  HTQT,2026-09-02
688269,凯立新材,KLXC,kailixincai,688269  凯立新材  ·  KLXC,2026-09-02
688270,ST臻镭,STZL,stzhenlei,688270  ST臻镭  ·  STZL,2026-09-02
688271,联影医疗,LYYL,lianyingyiliao,688271  联影医疗  ·  LYYL,2026-09-02
688272,富吉瑞,FJR,fujirui,688272  富吉瑞  ·  FJR,2026-09-02
688273,麦澜德,MLD,mailande,688273  麦澜德  ·  MLD,2026-09-02
688275,万润新能,WRXN,wanrunxinneng,688275  万润新能  ·  WRXN,2026-09-02
688276,百克生物,BKSW,baikeshengwu,688276  百克生物  ·  BKSW,2026-09-02
688277,天智航,TZH,tianzhihang,688277  天智航  ·  TZH,2026-09-02
688278,特宝生物,TBSW,tebaoshengwu,688278  特宝生物  ·  TBSW,2026-09-02
688279,峰岹科技,FTKJ,fengtiaokeji,688279  峰岹科技  ·  FTKJ,2026-09-02
688280,精进电动,JJDD,jingjindiandong,688280  精进电动  ·  JJDD,2026-09-02
688281,华秦科技,HQKJ,huaqinkeji,688281  华秦科技  ·  HQKJ,2026-09-02
688282,理工导航,LGDH,ligongdaohang,688282  理工导航  ·  LGDH,2026-09-02
688283,坤恒顺维,KHSW,kunhengshunwei,688283  坤恒顺维  ·  KHSW,2026-09-02
688285,高铁电气,GTDQ,gaotiedianqi,688285  高铁电气  ·  GTDQ,2026-09-02
688286,敏芯股份,MXGF,minxingufen,688286  敏芯股份  ·  MXGF,2026-09-02
688288,鸿泉技术,HQJS,hongquanjishu,688288  鸿泉技术  ·  HQJS,2026-09-02
688289,圣湘生物,SXSW,shengxiangshengwu,688289  圣湘生物  ·  SXSW,2026-09-02
688290,景业智能,JYZN,jingyezhineng,688290  景业智能  ·  JYZN,2026-09-02
688291,金橙子,JCZ,jinchengzi,688291  金橙子  ·  JCZ,2026-09-02
688292,浩瀚深度,HHSD,haohanshendu,688292  浩瀚深度  ·  HHSD,2026-09-02
688293,奥浦迈,APM,aopumai,688293  奥浦迈  ·  APM,2026-09-02
688295,中复神鹰,ZFSY,zhongfushenying,688295  中复神鹰  ·  ZFSY,2026-09-02
688296,和达科技,HDKJ,hedakeji,688296  和达科技  ·  HDKJ,2026-09-02
688297,中无人机,ZWRJ,zhongwurenji,688297  中无人机  ·  ZWRJ,2026-09-02
688298,东方生物,DFSW,dongfangshengwu,688298  东方生物  ·  DFSW,2026-09-02
688299,长阳科技,ZYKJ,zhangyangkeji,688299  长阳科技  ·  ZYKJ,2026-09-02
688300,联瑞新材,LRXC,lianruixincai,688300  联瑞新材  ·  LRXC,2026-09-02
688301,奕瑞科技,YRKJ,yiruikeji,688301  奕瑞科技  ·  YRKJ,2026-09-02
688302,海创药业,HCYY,haichuangyaoye,688302  海创药业  ·  HCYY,2026-09-02
688303,大全能源,DQNY,daquannengyuan,688303  大全能源  ·  DQNY,2026-09-02
688305,科德数控,KDSK,kedeshukong,688305  科德数控  ·  KDSK,2026-09-02
688306,均普智能,JPZN,junpuzhineng,688306  均普智能  ·  JPZN,2026-09-02
688307,中润光学,ZRGX,zhongrunguangxue,688307  中润光学  ·  ZRGX,2026-09-02
688308,欧科亿,OKY,oukeyi,688308  欧科亿  ·  OKY,2026-09-02
688309,恒誉环保,HYHB,hengyuhuanbao,688309  恒誉环保  ·  HYHB,2026-09-02
688310,迈得医疗,MDYL,maideyiliao,688310  迈得医疗  ·  MDYL,2026-09-02
688311,盟升电子,MSDZ,mengshengdianzi,688311  盟升电子  ·  MSDZ,2026-09-02
688312,燕麦科技,YMKJ,yanmaikeji,688312  燕麦科技  ·  YMKJ,2026-09-02
688313,仕佳光子,SJGZ,shijiaguangzi,688313  仕佳光子  ·  SJGZ,2026-09-02
688314,康拓医疗,KTYL,kangtuoyiliao,688314  康拓医疗  ·  KTYL,2026-09-02
688315,诺禾致源,NHZY,nuohezhiyuan,688315  诺禾致源  ·  NHZY,2026-09-02
688316,青云科技,QYKJ,qingyunkeji,688316  青云科技  ·  QYKJ,2026-09-02
688317,之江生物,ZJSW,zhijiangshengwu,688317  之江生物  ·  ZJSW,2026-09-02
688318,财富趋势,CFQS,caifuqushi,688318  财富趋势  ·  CFQS,2026-09-02
688319,欧林生物,OLSW,oulinshengwu,688319  欧林生物  ·  OLSW,2026-09-02
688320,禾川科技,HCKJ,hechuankeji,688320  禾川科技  ·  HCKJ,2026-09-02
688321,微芯生物,WXSW,weixinshengwu,688321  微芯生物  ·  WXSW,2026-09-02
688322,奥比中光,ABZG,aobizhongguang,688322  奥比中光  ·  ABZG,2026-09-02
688323,瑞华泰,RHT,ruihuatai,688323  瑞华泰  ·  RHT,2026-09-02
688325,赛微微电,SWWD,saiweiweidian,688325  赛微微电  ·  SWWD,2026-09-02
688326,经纬恒润,JWHR,jingweihengrun,688326  经纬恒润  ·  JWHR,2026-09-02
688327,云从科技,YCKJ,yuncongkeji,688327  云从科技  ·  YCKJ,2026-09-02
688328,深科达,SKD,shenkeda,688328  深科达  ·  SKD,2026-09-02
688329,艾隆科技,ALKJ,ailongkeji,688329  艾隆科技  ·  ALKJ,2026-09-02
688330,宏力达,HLD,honglida,688330  宏力达  ·  HLD,2026-09-02
688331,荣昌生物,RCSW,rongchangshengwu,688331  荣昌生物  ·  RCSW,2026-09-02
688332,中科蓝讯,ZKLX,zhongkelanxun,688332  中科蓝讯  ·  ZKLX,2026-09-02
688333,铂力特,BLT,bolite,688333  铂力特  ·  BLT,2026-09-02
688334,西高院,XGY,xigaoyuan,688334  西高院  ·  XGY,2026-09-02
688335,复洁科技,FJKJ,fujiekeji,688335  复洁科技  ·  FJKJ,2026-09-02
688336,三生国健,SSGJ,sanshengguojian,688336  三生国健  ·  SSGJ,2026-09-02
688337,普源精电,PYJD,puyuanjingdian,688337  普源精电  ·  PYJD,2026-09-02
688338,赛科希德,SKXD,saikexide,688338  赛科希德  ·  SKXD,2026-09-02
688339,亿华通,YHT,yihuatong,688339  亿华通  ·  YHT,2026-09-02
688343,云天励飞,YTLF,yuntianlifei,688343  云天励飞  ·  YTLF,2026-09-02
688345,博力威,BLW,boliwei,688345  博力威  ·  BLW,2026-09-02
688347,华虹宏力,HHHL,huahonghongli,688347  华虹宏力  ·  HHHL,2026-09-02
688348,昱能科技,YNKJ,yunengkeji,688348  昱能科技  ·  YNKJ,2026-09-02
688349,三一重能,SYZN,sanyizhongneng,688349  三一重能  ·  SYZN,2026-09-02
688350,富淼科技,FMKJ,fumiaokeji,688350  富淼科技  ·  FMKJ,2026-09-02
688351,微电生理,WDSL,weidianshengli,688351  微电生理  ·  WDSL,2026-09-02
688352,颀中科技,QZKJ,qizhongkeji,688352  颀中科技  ·  QZKJ,2026-09-02
688353,华盛锂电,HSLD,huashenglidian,688353  华盛锂电  ·  HSLD,2026-09-02
688355,明志科技,MZKJ,mingzhikeji,688355  明志科技  ·  MZKJ,2026-09-02
688356,键凯科技,JKKJ,jiankaikeji,688356  键凯科技  ·  JKKJ,2026-09-02
688357,建龙微纳,JLWN,jianlongweina,688357  建龙微纳  ·  JLWN,2026-09-02
688358,祥生医疗,XSYL,xiangshengyiliao,688358  祥生医疗  ·  XSYL,2026-09-02
688359,三孚新科,SFXK,sanfuxinke,688359  三孚新科  ·  SFXK,2026-09-02
688360,德马科技,DMKJ,demakeji,688360  德马科技  ·  DMKJ,2026-09-02
688361,中科飞测,ZKFC,zhongkefeice,688361  中科飞测  ·  ZKFC,2026-09-02
688362,甬矽电子,YXDZ,yongxidianzi,688362  甬矽电子  ·  YXDZ,2026-09-02
688363,华熙生物,HXSW,huaxishengwu,688363  华熙生物  ·  HXSW,2026-09-02
688365,光云科技,GYKJ,guangyunkeji,688365  光云科技  ·  GYKJ,2026-09-02
688366,昊海生科,HHSK,haohaishengke,688366  昊海生科  ·  HHSK,2026-09-02
688367,工大高科,GDGK,gongdagaoke,688367  工大高科  ·  GDGK,2026-09-02
688368,晶丰明源,JFMY,jingfengmingyuan,688368  晶丰明源  ·  JFMY,2026-09-02
688369,致远互联,ZYHL,zhiyuanhulian,688369  致远互联  ·  ZYHL,2026-09-02
688370,丛麟科技,CLKJ,conglinkeji,688370  丛麟科技  ·  CLKJ,2026-09-02
688371,菲沃泰,FWT,feiwotai,688371  菲沃泰  ·  FWT,2026-09-02
688372,伟测科技,WCKJ,weicekeji,688372  伟测科技  ·  WCKJ,2026-09-02
688373,盟科药业,MKYY,mengkeyaoye,688373  盟科药业  ·  MKYY,2026-09-02
688375,国博电子,GBDZ,guobodianzi,688375  国博电子  ·  GBDZ,2026-09-02
688376,美埃科技,MAKJ,meiaikeji,688376  美埃科技  ·  MAKJ,2026-09-02
688377,迪威尔,DWE,diweier,688377  迪威尔  ·  DWE,2026-09-02
688378,奥来德,ALD,aolaide,688378  奥来德  ·  ALD,2026-09-02
688379,华光新材,HGXC,huaguangxincai,688379  华光新材  ·  HGXC,2026-09-02
688380,中微半导,ZWBD,zhongweibandao,688380  中微半导  ·  ZWBD,2026-09-02
688381,帝奥微,DAW,diaowei,688381  帝奥微  ·  DAW,2026-09-02
688382,益方生物,YFSW,yifangshengwu,688382  益方生物  ·  YFSW,2026-09-02
688383,新益昌,XYC,xinyichang,688383  新益昌  ·  XYC,2026-09-02
688385,复旦微电,FDWD,fudanweidian,688385  复旦微电  ·  FDWD,2026-09-02
688386,泛亚微透,FYWT,fanyaweitou,688386  泛亚微透  ·  FYWT,2026-09-02
688387,信科移动,XKYD,xinkeyidong,688387  信科移动  ·  XKYD,2026-09-02
688388,嘉元科技,JYKJ,jiayuankeji,688388  嘉元科技  ·  JYKJ,2026-09-02
688389,普门科技,PMKJ,pumenkeji,688389  普门科技  ·  PMKJ,2026-09-02
688390,固德威,GDW,gudewei,688390  固德威  ·  GDW,2026-09-02
688391,钜泉科技,JQKJ,juquankeji,688391  钜泉科技  ·  JQKJ,2026-09-02
688392,骄成超声,JCCS,jiaochengchaosheng,688392  骄成超声  ·  JCCS,2026-09-02
688393,安必平,ABP,anbiping,688393  安必平  ·  ABP,2026-09-02
688395,正弦电气,ZXDQ,zhengxiandianqi,688395  正弦电气  ·  ZXDQ,2026-09-02
688396,华润微,HRW,huarunwei,688396  华润微  ·  HRW,2026-09-02
688398,赛特新材,STXC,saitexincai,688398  赛特新材  ·  STXC,2026-09-02
688399,硕世生物,SSSW,shuoshishengwu,688399  硕世生物  ·  SSSW,2026-09-02
688400,凌云光,LYG,lingyunguang,688400  凌云光  ·  LYG,2026-09-02
688401,路维光电,LWGD,luweiguangdian,688401  路维光电  ·  LWGD,2026-09-02
688403,汇成股份,HCGF,huichenggufen,688403  汇成股份  ·  HCGF,2026-09-02
688408,中信博,ZXB,zhongxinbo,688408  中信博  ·  ZXB,2026-09-02
688409,富创精密,FCJM,fuchuangjingmi,688409  富创精密  ·  FCJM,2026-09-02
688410,山外山,SWS,shanwaishan,688410  山外山  ·  SWS,2026-09-02
688411,海博思创,HBSC,haibosichuang,688411  海博思创  ·  HBSC,2026-09-02
688416,恒烁股份,HSGF,hengshuogufen,688416  恒烁股份  ·  HSGF,2026-09-02
688418,震有科技,ZYKJ,zhenyoukeji,688418  震有科技  ·  ZYKJ,2026-09-02
688419,耐科装备,NKZB,naikezhuangbei,688419  耐科装备  ·  NKZB,2026-09-02
688420,美腾科技,MTKJ,meitengkeji,688420  美腾科技  ·  MTKJ,2026-09-02
688425,XD铁建重,XDTJZ,xdtiejianzhong,688425  XD铁建重  ·  XDTJZ,2026-09-02
688426,康为世纪,KWSJ,kangweishiji,688426  康为世纪  ·  KWSJ,2026-09-02
688428,诺诚健华,NCJH,nuochengjianhua,688428  诺诚健华  ·  NCJH,2026-09-02
688429,时创能源,SCNY,shichuangnengyuan,688429  时创能源  ·  SCNY,2026-09-02
688432,有研硅,YYG,youyangui,688432  有研硅  ·  YYG,2026-09-02
688433,华曙高科,HSGK,huashugaoke,688433  华曙高科  ·  HSGK,2026-09-02
688435,英方软件,YFRJ,yingfangruanjian,688435  英方软件  ·  YFRJ,2026-09-02
688439,振华风光,ZHFG,zhenhuafengguang,688439  振华风光  ·  ZHFG,2026-09-02
688443,智翔金泰,ZXJT,zhixiangjintai,688443  智翔金泰  ·  ZXJT,2026-09-02
688448,磁谷科技,CGKJ,cigukeji,688448  磁谷科技  ·  CGKJ,2026-09-02
688449,联芸科技,LYKJ,lianyunkeji,688449  联芸科技  ·  LYKJ,2026-09-02
688450,光格科技,GGKJ,guanggekeji,688450  光格科技  ·  GGKJ,2026-09-02
688455,科捷智能,KJZN,kejiezhineng,688455  科捷智能  ·  KJZN,2026-09-02
688456,有研粉材,YYFC,youyanfencai,688456  有研粉材  ·  YYFC,2026-09-02
688458,美芯晟,MXC,meixincheng,688458  美芯晟  ·  MXC,2026-09-02
688459,哈铁科技,HTKJ,hatiekeji,688459  哈铁科技  ·  HTKJ,2026-09-02
688466,金科环境,JKHJ,jinkehuanjing,688466  金科环境  ·  JKHJ,2026-09-02
688468,科美诊断,KMZD,kemeizhenduan,688468  科美诊断  ·  KMZD,2026-09-02
688469,芯联集成,XLJC,xinlianjicheng,688469  芯联集成  ·  XLJC,2026-09-02
688472,阿特斯,ATS,atesi,688472  阿特斯  ·  ATS,2026-09-02
688475,萤石网络,YSWL,yingshiwangluo,688475  萤石网络  ·  YSWL,2026-09-02
688478,晶升股份,JSGF,jingshenggufen,688478  晶升股份  ·  JSGF,2026-09-02
688479,友车科技,YCKJ,youchekeji,688479  友车科技  ·  YCKJ,2026-09-02
688480,赛恩斯,SES,saiensi,688480  赛恩斯  ·  SES,2026-09-02
688484,南芯科技,NXKJ,nanxinkeji,688484  南芯科技  ·  NXKJ,2026-09-02
688485,九州一轨,JZYG,jiuzhouyigui,688485  九州一轨  ·  JZYG,2026-09-02
688486,龙迅股份,LXGF,longxungufen,688486  龙迅股份  ·  LXGF,2026-09-02
688488,艾迪药业,ADYY,aidiyaoye,688488  艾迪药业  ·  ADYY,2026-09-02
688489,三未信安,SWXA,sanweixinan,688489  三未信安  ·  SWXA,2026-09-02
688496,*ST清越,*STQY,*stqingyue,688496  *ST清越  ·  *STQY,2026-09-02
688498,源杰科技,YJKJ,yuanjiekeji,688498  源杰科技  ·  YJKJ,2026-09-02
688499,利元亨,LYH,liyuanheng,688499  利元亨  ·  LYH,2026-09-02
688500,慧辰股份,HCGF,huichengufen,688500  慧辰股份  ·  HCGF,2026-09-02
688501,青达环保,QDHB,qingdahuanbao,688501  青达环保  ·  QDHB,2026-09-02
688502,茂莱光学,MLGX,maolaiguangxue,688502  茂莱光学  ·  MLGX,2026-09-02
688503,聚和材料,JHCL,juhecailiao,688503  聚和材料  ·  JHCL,2026-09-02
688505,复旦张江,FDZJ,fudanzhangjiang,688505  复旦张江  ·  FDZJ,2026-09-02
688506,百利天恒,BLTH,bailitianheng,688506  百利天恒  ·  BLTH,2026-09-02
688507,索辰科技,SCKJ,suochenkeji,688507  索辰科技  ·  SCKJ,2026-09-02
688508,芯朋微,XPW,xinpengwei,688508  芯朋微  ·  XPW,2026-09-02
688509,正元地信,ZYDX,zhengyuandixin,688509  正元地信  ·  ZYDX,2026-09-02
688510,航亚科技,HYKJ,hangyakeji,688510  航亚科技  ·  HYKJ,2026-09-02
688511,天微电子,TWDZ,tianweidianzi,688511  天微电子  ·  TWDZ,2026-09-02
688512,慧智微,HZW,huizhiwei,688512  慧智微  ·  HZW,2026-09-02
688513,苑东生物,YDSW,yuandongshengwu,688513  苑东生物  ·  YDSW,2026-09-02
688515,裕太微,YTW,yutaiwei,688515  裕太微  ·  YTW,2026-09-02
688516,奥特维,ATW,aotewei,688516  奥特维  ·  ATW,2026-09-02
688517,金冠电气,JGDQ,jinguandianqi,688517  金冠电气  ·  JGDQ,2026-09-02
688518,联赢激光,LYJG,lianyingjiguang,688518  联赢激光  ·  LYJG,2026-09-02
688519,南亚新材,NYXC,nanyaxincai,688519  南亚新材  ·  NYXC,2026-09-02
688520,神州细胞,SZXB,shenzhouxibao,688520  神州细胞  ·  SZXB,2026-09-02
688521,芯原股份,XYGF,xinyuangufen,688521  芯原股份  ·  XYGF,2026-09-02
688522,纳睿雷达,NRLD,naruileida,688522  纳睿雷达  ·  NRLD,2026-09-02
688523,航天环宇,HTHY,hangtianhuanyu,688523  航天环宇  ·  HTHY,2026-09-02
688525,佰维存储,BWCC,baiweicunchu,688525  佰维存储  ·  BWCC,2026-09-02
688526,科前生物,KQSW,keqianshengwu,688526  科前生物  ·  KQSW,2026-09-02
688528,秦川物联,QCWL,qinchuanwulian,688528  秦川物联  ·  QCWL,2026-09-02
688529,豪森智能,HSZN,haosenzhineng,688529  豪森智能  ·  HSZN,2026-09-02
688530,欧莱新材,OLXC,oulaixincai,688530  欧莱新材  ·  OLXC,2026-09-02
688531,日联科技,RLKJ,riliankeji,688531  日联科技  ·  RLKJ,2026-09-02
688533,上声电子,SSDZ,shangshengdianzi,688533  上声电子  ·  SSDZ,2026-09-02
688535,华海诚科,HHCK,huahaichengke,688535  华海诚科  ·  HHCK,2026-09-02
688536,思瑞浦,SRP,siruipu,688536  思瑞浦  ·  SRP,2026-09-02
688538,和辉光电,HHGD,hehuiguangdian,688538  和辉光电  ·  HHGD,2026-09-02
688539,高华科技,GHKJ,gaohuakeji,688539  高华科技  ·  GHKJ,2026-09-02
688543,国科军工,GKJG,guokejungong,688543  国科军工  ·  GKJG,2026-09-02
688545,兴福电子,XFDZ,xingfudianzi,688545  兴福电子  ·  XFDZ,2026-09-02
688548,广钢气体,GGQT,guanggangqiti,688548  广钢气体  ·  GGQT,2026-09-02
688549,中巨芯,ZJX,zhongjuxin,688549  中巨芯  ·  ZJX,2026-09-02
688550,瑞联新材,RLXC,ruilianxincai,688550  瑞联新材  ·  RLXC,2026-09-02
688551,科威尔,KWE,keweier,688551  科威尔  ·  KWE,2026-09-02
688552,航天南湖,HTNH,hangtiannanhu,688552  航天南湖  ·  HTNH,2026-09-02
688553,汇宇制药,HYZY,huiyuzhiyao,688553  汇宇制药  ·  HYZY,2026-09-02
688556,高测股份,GCGF,gaocegufen,688556  高测股份  ·  GCGF,2026-09-02
688557,兰剑智能,LJZN,lanjianzhineng,688557  兰剑智能  ·  LJZN,2026-09-02
688558,国盛智科,GSZK,guoshengzhike,688558  国盛智科  ·  GSZK,2026-09-02
688559,海目星,HMX,haimuxing,688559  海目星  ·  HMX,2026-09-02
688560,明冠新材,MGXC,mingguanxincai,688560  明冠新材  ·  MGXC,2026-09-02
688561,奇安信,QAX,qianxin,688561  奇安信  ·  QAX,2026-09-02
688562,航天软件,HTRJ,hangtianruanjian,688562  航天软件  ·  HTRJ,2026-09-02
688563,航材股份,HCGF,hangcaigufen,688563  航材股份  ·  HCGF,2026-09-02
688565,力源科技,LYKJ,liyuankeji,688565  力源科技  ·  LYKJ,2026-09-02
688566,吉贝尔,JBE,jibeier,688566  吉贝尔  ·  JBE,2026-09-02
688567,孚能科技,FNKJ,funengkeji,688567  孚能科技  ·  FNKJ,2026-09-02
688568,中科星图,ZKXT,zhongkexingtu,688568  中科星图  ·  ZKXT,2026-09-02
688569,铁科轨道,TKGD,tiekeguidao,688569  铁科轨道  ·  TKGD,2026-09-02
688570,天玛智控,TMZK,tianmazhikong,688570  天玛智控  ·  TMZK,2026-09-02
688571,杭华股份,HHGF,hanghuagufen,688571  杭华股份  ·  HHGF,2026-09-02
688573,信宇人,XYR,xinyuren,688573  信宇人  ·  XYR,2026-09-02
688575,亚辉龙,YHL,yahuilong,688575  亚辉龙  ·  YHL,2026-09-02
688576,西山科技,XSKJ,xishankeji,688576  西山科技  ·  XSKJ,2026-09-02
688577,浙海德曼,ZHDM,zhehaideman,688577  浙海德曼  ·  ZHDM,2026-09-02
688578,艾力斯,ALS,ailisi,688578  艾力斯  ·  ALS,2026-09-02
688579,地纬智能,DWZN,diweizhineng,688579  地纬智能  ·  DWZN,2026-09-02
688580,伟思医疗,WSYL,weisiyiliao,688580  伟思医疗  ·  WSYL,2026-09-02
688581,安杰思,AJS,anjiesi,688581  安杰思  ·  AJS,2026-09-02
688582,芯动联科,XDLK,xindonglianke,688582  芯动联科  ·  XDLK,2026-09-02
688583,思看科技,SKKJ,sikankeji,688583  思看科技  ·  SKKJ,2026-09-02
688584,上海合晶,SHHJ,shanghaihejing,688584  上海合晶  ·  SHHJ,2026-09-02
688585,上纬新材,SWXC,shangweixincai,688585  上纬新材  ·  SWXC,2026-09-02
688586,江航装备,JHZB,jianghangzhuangbei,688586  江航装备  ·  JHZB,2026-09-02
688588,凌志软件,LZRJ,lingzhiruanjian,688588  凌志软件  ·  LZRJ,2026-09-02
688589,力合微,LHW,lihewei,688589  力合微  ·  LHW,2026-09-02
688590,新致软件,XZRJ,xinzhiruanjian,688590  新致软件  ·  XZRJ,2026-09-02
688591,泰凌微,TLW,tailingwei,688591  泰凌微  ·  TLW,2026-09-02
688592,司南导航,SNDH,sinandaohang,688592  司南导航  ·  SNDH,2026-09-02
688593,新相微,XXW,xinxiangwei,688593  新相微  ·  XXW,2026-09-02
688595,芯海科技,XHKJ,xinhaikeji,688595  芯海科技  ·  XHKJ,2026-09-02
688596,正帆科技,ZFKJ,zhengfankeji,688596  正帆科技  ·  ZFKJ,2026-09-02
688597,煜邦电力,YBDL,yubangdianli,688597  煜邦电力  ·  YBDL,2026-09-02
688598,金博股份,JBGF,jinbogufen,688598  金博股份  ·  JBGF,2026-09-02
688599,天合光能,THGN,tianheguangneng,688599  天合光能  ·  THGN,2026-09-02
688600,皖仪科技,WYKJ,wanyikeji,688600  皖仪科技  ·  WYKJ,2026-09-02
688601,力芯微,LXW,lixinwei,688601  力芯微  ·  LXW,2026-09-02
688602,康鹏科技,KPKJ,kangpengkeji,688602  康鹏科技  ·  KPKJ,2026-09-02
688603,天承科技,TCKJ,tianchengkeji,688603  天承科技  ·  TCKJ,2026-09-02
688605,先锋精科,XFJK,xianfengjingke,688605  先锋精科  ·  XFJK,2026-09-02
688606,奥泰生物,ATSW,aotaishengwu,688606  奥泰生物  ·  ATSW,2026-09-02
688607,康众医疗,KZYL,kangzhongyiliao,688607  康众医疗  ·  KZYL,2026-09-02
688608,恒玄科技,HXKJ,hengxuankeji,688608  恒玄科技  ·  HXKJ,2026-09-02
688609,九联科技,JLKJ,jiuliankeji,688609  九联科技  ·  JLKJ,2026-09-02
688610,埃科光电,AKGD,aikeguangdian,688610  埃科光电  ·  AKGD,2026-09-02
688611,杭州柯林,HZKL,hangzhoukelin,688611  杭州柯林  ·  HZKL,2026-09-02
688612,威迈斯,WMS,weimaisi,688612  威迈斯  ·  WMS,2026-09-02
688613,奥精医疗,AJYL,aojingyiliao,688613  奥精医疗  ·  AJYL,2026-09-02
688615,合合信息,HHXX,hehexinxi,688615  合合信息  ·  HHXX,2026-09-02
688616,西力科技,XLKJ,xilikeji,688616  西力科技  ·  XLKJ,2026-09-02
688617,惠泰医疗,HTYL,huitaiyiliao,688617  惠泰医疗  ·  HTYL,2026-09-02
688618,三旺通信,SWTX,sanwangtongxin,688618  三旺通信  ·  SWTX,2026-09-02
688619,罗普特,LPT,luopute,688619  罗普特  ·  LPT,2026-09-02
688620,安凯微,AKW,ankaiwei,688620  安凯微  ·  AKW,2026-09-02
688621,阳光诺和,YGNH,yangguangnuohe,688621  阳光诺和  ·  YGNH,2026-09-02
688622,*ST禾信,*STHX,*sthexin,688622  *ST禾信  ·  *STHX,2026-09-02
688623,双元科技,SYKJ,shuangyuankeji,688623  双元科技  ·  SYKJ,2026-09-02
688625,呈和科技,CHKJ,chenghekeji,688625  呈和科技  ·  CHKJ,2026-09-02
688626,翔宇医疗,XYYL,xiangyuyiliao,688626  翔宇医疗  ·  XYYL,2026-09-02
688627,精智达,JZD,jingzhida,688627  精智达  ·  JZD,2026-09-02
688628,优利德,YLD,youlide,688628  优利德  ·  YLD,2026-09-02
688629,华丰科技,HFKJ,huafengkeji,688629  华丰科技  ·  HFKJ,2026-09-02
688630,芯碁微装,XQWZ,xinqiweizhuang,688630  芯碁微装  ·  XQWZ,2026-09-02
688631,莱斯信息,LSXX,laisixinxi,688631  莱斯信息  ·  LSXX,2026-09-02
688633,星球石墨,XQSM,xingqiushimo,688633  星球石墨  ·  XQSM,2026-09-02
688635,长进光子,ZJGZ,zhangjinguangzi,688635  长进光子  ·  ZJGZ,2026-09-02
688636,智明达,ZMD,zhimingda,688636  智明达  ·  ZMD,2026-09-02
688638,誉辰智能,YCZN,yuchenzhineng,688638  誉辰智能  ·  YCZN,2026-09-02
688639,华恒生物,HHSW,huahengshengwu,688639  华恒生物  ·  HHSW,2026-09-02
688646,ST逸飞,STYF,styifei,688646  ST逸飞  ·  STYF,2026-09-02
688648,中邮科技,ZYKJ,zhongyoukeji,688648  中邮科技  ·  ZYKJ,2026-09-02
688651,盛邦安全,SBAQ,shengbanganquan,688651  盛邦安全  ·  SBAQ,2026-09-02
688652,京仪装备,JYZB,jingyizhuangbei,688652  京仪装备  ·  JYZB,2026-09-02
688653,康希通信,KXTX,kangxitongxin,688653  康希通信  ·  KXTX,2026-09-02
688655,迅捷兴,XJX,xunjiexing,688655  迅捷兴  ·  XJX,2026-09-02
688656,浩欧博,HOB,haooubo,688656  浩欧博  ·  HOB,2026-09-02
688657,浩辰软件,HCRJ,haochenruanjian,688657  浩辰软件  ·  HCRJ,2026-09-02
688658,悦康药业,YKYY,yuekangyaoye,688658  悦康药业  ·  YKYY,2026-09-02
688659,元琛科技,YCKJ,yuanchenkeji,688659  元琛科技  ·  YCKJ,2026-09-02
688660,电气风电,DQFD,dianqifengdian,688660  电气风电  ·  DQFD,2026-09-02
688661,和林微纳,HLWN,helinweina,688661  和林微纳  ·  HLWN,2026-09-02
688662,富信科技,FXKJ,fuxinkeji,688662  富信科技  ·  FXKJ,2026-09-02
688663,新风光,XFG,xinfengguang,688663  新风光  ·  XFG,2026-09-02
688665,四方光电,SFGD,sifangguangdian,688665  四方光电  ·  SFGD,2026-09-02
688667,菱电电控,LDDK,lingdiandiankong,688667  菱电电控  ·  LDDK,2026-09-02
688668,鼎通科技,DTKJ,dingtongkeji,688668  鼎通科技  ·  DTKJ,2026-09-02
688669,聚石化学,JSHX,jushihuaxue,688669  聚石化学  ·  JSHX,2026-09-02
688670,金迪克,JDK,jindike,688670  金迪克  ·  JDK,2026-09-02
688671,碧兴物联,BXWL,bixingwulian,688671  碧兴物联  ·  BXWL,2026-09-02
688676,金盘科技,JPKJ,jinpankeji,688676  金盘科技  ·  JPKJ,2026-09-02
688677,海泰新光,HTXG,haitaixinguang,688677  海泰新光  ·  HTXG,2026-09-02
688678,福立旺,FLW,fuliwang,688678  福立旺  ·  FLW,2026-09-02
688679,通源环境,TYHJ,tongyuanhuanjing,688679  通源环境  ·  TYHJ,2026-09-02
688680,海优新材,HYXC,haiyouxincai,688680  海优新材  ·  HYXC,2026-09-02
688681,科汇股份,KHGF,kehuigufen,688681  科汇股份  ·  KHGF,2026-09-02
688682,霍莱沃,HLW,huolaiwo,688682  霍莱沃  ·  HLW,2026-09-02
688683,莱尔科技,LEKJ,laierkeji,688683  莱尔科技  ·  LEKJ,2026-09-02
688685,迈信林,MXL,maixinlin,688685  迈信林  ·  MXL,2026-09-02
688686,奥普特,APT,aopute,688686  奥普特  ·  APT,2026-09-02
688687,凯因科技,KYKJ,kaiyinkeji,688687  凯因科技  ·  KYKJ,2026-09-02
688689,银河微电,YHWD,yinheweidian,688689  银河微电  ·  YHWD,2026-09-02
688690,纳微科技,NWKJ,naweikeji,688690  纳微科技  ·  NWKJ,2026-09-02
688691,灿芯股份,CXGF,canxingufen,688691  灿芯股份  ·  CXGF,2026-09-02
688692,达梦数据,DMSJ,damengshuju,688692  达梦数据  ·  DMSJ,2026-09-02
688693,锴威特,KWT,kaiweite,688693  锴威特  ·  KWT,2026-09-02
688695,中创股份,ZCGF,zhongchuanggufen,688695  中创股份  ·  ZCGF,2026-09-02
688696,极米科技,JMKJ,jimikeji,688696  极米科技  ·  JMKJ,2026-09-02
688697,纽威数控,NWSK,niuweishukong,688697  纽威数控  ·  NWSK,2026-09-02
688698,伟创电气,WCDQ,weichuangdianqi,688698  伟创电气  ·  WCDQ,2026-09-02
688699,明微电子,MWDZ,mingweidianzi,688699  明微电子  ·  MWDZ,2026-09-02
688700,东威科技,DWKJ,dongweikeji,688700  东威科技  ·  DWKJ,2026-09-02
688701,卓锦股份,ZJGF,zhuojingufen,688701  卓锦股份  ·  ZJGF,2026-09-02
688702,盛科通信,SKTX,shengketongxin,688702  盛科通信  ·  SKTX,2026-09-02
688707,振华新材,ZHXC,zhenhuaxincai,688707  振华新材  ·  ZHXC,2026-09-02
688708,佳驰科技,JCKJ,jiachikeji,688708  佳驰科技  ·  JCKJ,2026-09-02
688709,成都华微,CDHW,chengduhuawei,688709  成都华微  ·  CDHW,2026-09-02
688710,益诺思,YNS,yinuosi,688710  益诺思  ·  YNS,2026-09-02
688711,宏微科技,HWKJ,hongweikeji,688711  宏微科技  ·  HWKJ,2026-09-02
688712,北芯生命,BXSM,beixinshengming,688712  北芯生命  ·  BXSM,2026-09-02
688716,中研股份,ZYGF,zhongyangufen,688716  中研股份  ·  ZYGF,2026-09-02
688717,艾罗能源,ALNY,ailuonengyuan,688717  艾罗能源  ·  ALNY,2026-09-02
688718,唯赛勃,WSB,weisaibo,688718  唯赛勃  ·  WSB,2026-09-02
688719,爱科赛博,AKSB,aikesaibo,688719  爱科赛博  ·  AKSB,2026-09-02
688720,艾森股份,ASGF,aisengufen,688720  艾森股份  ·  ASGF,2026-09-02
688721,龙图光罩,LTGZ,longtuguangzhao,688721  龙图光罩  ·  LTGZ,2026-09-02
688722,同益中,TYZ,tongyizhong,688722  同益中  ·  TYZ,2026-09-02
688726,拉普拉斯,LPLS,lapulasi,688726  拉普拉斯  ·  LPLS,2026-09-02
688727,恒坤新材,HKXC,hengkunxincai,688727  恒坤新材  ·  HKXC,2026-09-02
688728,格科微,GKW,gekewei,688728  格科微  ·  GKW,2026-09-02
688729,屹唐股份,YTGF,yitanggufen,688729  屹唐股份  ·  YTGF,2026-09-02
688733,壹石通,YST,yishitong,688733  壹石通  ·  YST,2026-09-02
688737,中自科技,ZZKJ,zhongzikeji,688737  中自科技  ·  ZZKJ,2026-09-02
688739,成大生物,CDSW,chengdashengwu,688739  成大生物  ·  CDSW,2026-09-02
688750,金天钛业,JTTY,jintiantaiye,688750  金天钛业  ·  JTTY,2026-09-02
688755,汉邦科技,HBKJ,hanbangkeji,688755  汉邦科技  ·  HBKJ,2026-09-02
688757,胜科纳米,SKNM,shengkenami,688757  胜科纳米  ·  SKNM,2026-09-02
688758,赛分科技,SFKJ,saifenkeji,688758  赛分科技  ·  SFKJ,2026-09-02
688759,必贝特,BBT,bibeite,688759  必贝特  ·  BBT,2026-09-02
688765,禾元生物,HYSW,heyuanshengwu,688765  禾元生物  ·  HYSW,2026-09-02
688766,普冉股份,PRGF,purangufen,688766  普冉股份  ·  PRGF,2026-09-02
688767,博拓生物,BTSW,botuoshengwu,688767  博拓生物  ·  BTSW,2026-09-02
688768,容知日新,RZRX,rongzhirixin,688768  容知日新  ·  RZRX,2026-09-02
688772,珠海冠宇,ZHGY,zhuhaiguanyu,688772  珠海冠宇  ·  ZHGY,2026-09-02
688775,影石创新,YSCX,yingshichuangxin,688775  影石创新  ·  YSCX,2026-09-02
688776,国光电气,GGDQ,guoguangdianqi,688776  国光电气  ·  GGDQ,2026-09-02
688777,中控技术,ZKJS,zhongkongjishu,688777  中控技术  ·  ZKJS,2026-09-02
688778,厦钨新能,SWXN,shawuxinneng,688778  厦钨新能  ·  SWXN,2026-09-02
688779,五矿新能,WKXN,wukuangxinneng,688779  五矿新能  ·  WKXN,2026-09-02
688781,视涯科技,SYKJ,shiyakeji,688781  视涯科技  ·  SYKJ,2026-09-02
688783,西安奕材,XAYC,xianyicai,688783  西安奕材  ·  XAYC,2026-09-02
688785,恒运昌,HYC,hengyunchang,688785  恒运昌  ·  HYC,2026-09-02
688786,悦安新材,YAXC,yueanxincai,688786  悦安新材  ·  YAXC,2026-09-02
688787,海天瑞声,HTRS,haitianruisheng,688787  海天瑞声  ·  HTRS,2026-09-02
688788,科思科技,KSKJ,kesikeji,688788  科思科技  ·  KSKJ,2026-09-02
688789,宏华数科,HHSK,honghuashuke,688789  宏华数科  ·  HHSK,2026-09-02
688790,昂瑞微,ARW,angruiwei,688790  昂瑞微  ·  ARW,2026-09-02
688793,倍轻松,BQS,beiqingsong,688793  倍轻松  ·  BQS,2026-09-02
688795,摩尔线程,MEXC,moerxiancheng,688795  摩尔线程  ·  MEXC,2026-09-02
688796,百奥赛图,BAST,baiaosaitu,688796  百奥赛图  ·  BAST,2026-09-02
688797,臻宝科技,ZBKJ,zhenbaokeji,688797  臻宝科技  ·  ZBKJ,2026-09-02
688798,艾为电子,AWDZ,aiweidianzi,688798  艾为电子  ·  AWDZ,2026-09-02
688799,华纳药厂,HNYC,huanayaochang,688799  华纳药厂  ·  HNYC,2026-09-02
688800,瑞可达,RKD,ruikeda,688800  瑞可达  ·  RKD,2026-09-02
688802,沐曦股份,MXGF,muxigufen,688802  沐曦股份  ·  MXGF,2026-09-02
688805,健信超导,JXCD,jianxinchaodao,688805  健信超导  ·  JXCD,2026-09-02
688806,泰诺麦博,TNMB,tainuomaibo,688806  泰诺麦博  ·  TNMB,2026-09-02
688807,优迅股份,YXGF,youxungufen,688807  优迅股份  ·  YXGF,2026-09-02
688808,联讯仪器,LXYQ,lianxunyiqi,688808  联讯仪器  ·  LXYQ,2026-09-02
688809,强一股份,QYGF,qiangyigufen,688809  强一股份  ·  QYGF,2026-09-02
688811,有研复材,YYFC,youyanfucai,688811  有研复材  ·  YYFC,2026-09-02
688813,泰金新能,TJXN,taijinxinneng,688813  泰金新能  ·  TJXN,2026-09-02
688816,易思维,YSW,yisiwei,688816  易思维  ·  YSW,2026-09-02
688818,电科蓝天,DKLT,diankelantian,688818  电科蓝天  ·  DKLT,2026-09-02
688819,天能股份,TNGF,tiannenggufen,688819  天能股份  ·  TNGF,2026-09-02
688820,盛合晶微,SHJW,shenghejingwei,688820  盛合晶微  ·  SHJW,2026-09-02
688825,长鑫科技,ZXKJ,zhangxinkeji,688825  长鑫科技  ·  ZXKJ,2026-09-02
688981,中芯国际,ZXGJ,zhongxinguoji,688981  中芯国际  ·  ZXGJ,2026-09-02
689009,XD九号公,XDJHG,xdjiuhaogong,689009  XD九号公  ·  XDJHG,2026-09-02
920000,安徽凤凰,AHFH,anhuifenghuang,920000  安徽凤凰  ·  AHFH,2026-09-02
920001,纬达光电,WDGD,weidaguangdian,920001  纬达光电  ·  WDGD,2026-09-02
920002,万达轴承,WDZC,wandazhoucheng,920002  万达轴承  ·  WDZC,2026-09-02
920003,中诚咨询,ZCZX,zhongchengzixun,920003  中诚咨询  ·  ZCZX,2026-09-02
920005,鼎佳精密,DJJM,dingjiajingmi,920005  鼎佳精密  ·  DJJM,2026-09-02
920006,晟楠科技,CNKJ,chengnankeji,920006  晟楠科技  ·  CNKJ,2026-09-02
920007,酉立智能,YLZN,youlizhineng,920007  酉立智能  ·  YLZN,2026-09-02
920008,成电光信,CDGX,chengdianguangxin,920008  成电光信  ·  CDGX,2026-09-02
920009,丹娜生物,DNSW,dannashengwu,920009  丹娜生物  ·  DNSW,2026-09-02
920010,凯添燃气,KTRQ,kaitianranqi,920010  凯添燃气  ·  KTRQ,2026-09-02
920011,晨光电机,CGDJ,chenguangdianji,920011  晨光电机  ·  CGDJ,2026-09-02
920012,创达新材,CDXC,chuangdaxincai,920012  创达新材  ·  CDXC,2026-09-02
920014,特瑞斯,TRS,teruisi,920014  特瑞斯  ·  TRS,2026-09-02
920015,锦华新材,JHXC,jinhuaxincai,920015  锦华新材  ·  JHXC,2026-09-02
920016,中草香料,ZCXL,zhongcaoxiangliao,920016  中草香料  ·  ZCXL,2026-09-02
920017,星昊医药,XHYY,xinghaoyiyao,920017  星昊医药  ·  XHYY,2026-09-02
920018,宏远股份,HYGF,hongyuangufen,920018  宏远股份  ·  HYGF,2026-09-02
920019,铜冠矿建,TGKJ,tongguankuangjian,920019  铜冠矿建  ·  TGKJ,2026-09-02
920020,泰凯英,TKY,taikaiying,920020  泰凯英  ·  TKY,2026-09-02
920021,流金科技,LJKJ,liujinkeji,920021  流金科技  ·  LJKJ,2026-09-02
920022,世昌股份,SCGF,shichanggufen,920022  世昌股份  ·  SCGF,2026-09-02
920023,*ST田野,*STTY,*sttianye,920023  *ST田野  ·  *STTY,2026-09-02
920026,卓兆点胶,ZZDJ,zhuozhaodianjiao,920026  卓兆点胶  ·  ZZDJ,2026-09-02
920027,交大铁发,JDTF,jiaodatiefa,920027  交大铁发  ·  JDTF,2026-09-02
920028,新恒泰,XHT,xinhengtai,920028  新恒泰  ·  XHT,2026-09-02
920029,开发科技,KFKJ,kaifakeji,920029  开发科技  ·  KFKJ,2026-09-02
920030,德众汽车,DZQC,dezhongqiche,920030  德众汽车  ·  DZQC,2026-09-02
920033,康普化学,KPHX,kangpuhuaxue,920033  康普化学  ·  KPHX,2026-09-02
920035,精创电气,JCDQ,jingchuangdianqi,920035  精创电气  ·  JCDQ,2026-09-02
920036,觅睿科技,MRKJ,miruikeji,920036  觅睿科技  ·  MRKJ,2026-09-02
920037,广信科技,GXKJ,guangxinkeji,920037  广信科技  ·  GXKJ,2026-09-02
920038,森合高科,SHGK,senhegaoke,920038  森合高科  ·  SHGK,2026-09-02
920039,国义招标,GYZB,guoyizhaobiao,920039  国义招标  ·  GYZB,2026-09-02
920045,蘅东光,HDG,hengdongguang,920045  蘅东光  ·  HDG,2026-09-02
920046,亿能电力,YNDL,yinengdianli,920046  亿能电力  ·  YNDL,2026-09-02
920047,诺思兰德,NSLD,nuosilande,920047  诺思兰德  ·  NSLD,2026-09-02
920050,爱伦医疗,ALYL,ailunyiliao,920050  爱伦医疗  ·  ALYL,2026-09-02
920055,隆源股份,LYGF,longyuangufen,920055  隆源股份  ·  LYGF,2026-09-02
920056,能之光,NZG,nengzhiguang,920056  能之光  ·  NZG,2026-09-02
920057,百甲科技,BJKJ,baijiakeji,920057  百甲科技  ·  BJKJ,2026-09-02
920058,华洋赛车,HYSC,huayangsaiche,920058  华洋赛车  ·  HYSC,2026-09-02
920060,万源通,WYT,wanyuantong,920060  万源通  ·  WYT,2026-09-02
920061,西磁科技,XCKJ,xicikeji,920061  西磁科技  ·  XCKJ,2026-09-02
920062,科润智控,KRZK,kerunzhikong,920062  科润智控  ·  KRZK,2026-09-02
920065,千岸科技,QAKJ,qianankeji,920065  千岸科技  ·  QAKJ,2026-09-02
920066,科拜尔,KBE,kebaier,920066  科拜尔  ·  KBE,2026-09-02
920068,天工股份,TGGF,tiangonggufen,920068  天工股份  ·  TGGF,2026-09-02
920069,普昂医疗,PAYL,puangyiliao,920069  普昂医疗  ·  PAYL,2026-09-02
920072,科莱瑞迪,KLRD,kelairuidi,920072  科莱瑞迪  ·  KLRD,2026-09-02
920075,柏星龙,BXL,baixinglong,920075  柏星龙  ·  BXL,2026-09-02
920076,国亮新材,GLXC,guoliangxincai,920076  国亮新材  ·  GLXC,2026-09-02
920077,吉林碳谷,JLTG,jilintangu,920077  吉林碳谷  ·  JLTG,2026-09-02
920078,族兴新材,ZXXC,zuxingxincai,920078  族兴新材  ·  ZXXC,2026-09-02
920079,乔路铭,QLM,qiaoluming,920079  乔路铭  ·  QLM,2026-09-02
920080,奥美森,AMS,aomeisen,920080  奥美森  ·  AMS,2026-09-02
920081,欧伦电气,OLDQ,oulundianqi,920081  欧伦电气  ·  OLDQ,2026-09-02
920082,方正阀门,FZFM,fangzhengfamen,920082  方正阀门  ·  FZFM,2026-09-02
920083,金戈新材,JGXC,jingexincai,920083  金戈新材  ·  JGXC,2026-09-02
920086,科马材料,KMCL,kemacailiao,920086  科马材料  ·  KMCL,2026-09-02
920087,秋乐种业,QLZY,qiulezhongye,920087  秋乐种业  ·  QLZY,2026-09-02
920088,科力股份,KLGF,keligufen,920088  科力股份  ·  KLGF,2026-09-02
920089,禾昌聚合,HCJH,hechangjuhe,920089  禾昌聚合  ·  HCJH,2026-09-02
920090,*ST同辉,*STTH,*sttonghui,920090  *ST同辉  ·  *STTH,2026-09-02
920091,大鹏工业,DPGY,dapenggongye,920091  大鹏工业  ·  DPGY,2026-09-02
920092,汉鑫科技,HXKJ,hanxinkeji,920092  汉鑫科技  ·  HXKJ,2026-09-02
920096,嘉晨智能,JCZN,jiachenzhineng,920096  嘉晨智能  ·  JCZN,2026-09-02
920098,科隆新材,KLXC,kelongxincai,920098  科隆新材  ·  KLXC,2026-09-02
920099,瑞华技术,RHJS,ruihuajishu,920099  瑞华技术  ·  RHJS,2026-09-02
920100,三协电机,SXDJ,sanxiedianji,920100  三协电机  ·  SXDJ,2026-09-02
920101,志高机械,ZGJX,zhigaojixie,920101  志高机械  ·  ZGJX,2026-09-02
920106,林泰新材,LTXC,lintaixincai,920106  林泰新材  ·  LTXC,2026-09-02
920108,宏海科技,HHKJ,honghaikeji,920108  宏海科技  ·  HHKJ,2026-09-02
920110,雷特科技,LTKJ,leitekeji,920110  雷特科技  ·  LTKJ,2026-09-02
920111,聚星科技,JXKJ,juxingkeji,920111  聚星科技  ·  JXKJ,2026-09-02
920112,巴兰仕,BLS,balanshi,920112  巴兰仕  ·  BLS,2026-09-02
920116,星图测控,XTCK,xingtucekong,920116  星图测控  ·  XTCK,2026-09-02
920117,龙鑫智能,LXZN,longxinzhineng,920117  龙鑫智能  ·  LXZN,2026-09-02
920118,太湖远大,THYD,taihuyuanda,920118  太湖远大  ·  THYD,2026-09-02
920119,美德乐,MDL,meidele,920119  美德乐  ·  MDL,2026-09-02
920121,江天科技,JTKJ,jiangtiankeji,920121  江天科技  ·  JTKJ,2026-09-02
920122,中纺标,ZFB,zhongfangbiao,920122  中纺标  ·  ZFB,2026-09-02
920123,芭薇股份,BWGF,baweigufen,920123  芭薇股份  ·  BWGF,2026-09-02
920124,南特科技,NTKJ,nantekeji,920124  南特科技  ·  NTKJ,2026-09-02
920125,鸿仕达,HSD,hongshida,920125  鸿仕达  ·  HSD,2026-09-02
920126,永大股份,YDGF,yongdagufen,920126  永大股份  ·  YDGF,2026-09-02
920128,胜业电气,SYDQ,shengyedianqi,920128  胜业电气  ·  SYDQ,2026-09-02
920130,立方控股,LFKG,lifangkonggu,920130  立方控股  ·  LFKG,2026-09-02
920132,泰鹏智能,TPZN,taipengzhineng,920132  泰鹏智能  ·  TPZN,2026-09-02
920136,永励精密,YLJM,yonglijingmi,920136  永励精密  ·  YLJM,2026-09-02
920139,华岭股份,HLGF,hualinggufen,920139  华岭股份  ·  HLGF,2026-09-02
920145,恒合股份,HHGF,henghegufen,920145  恒合股份  ·  HHGF,2026-09-02
920146,华阳变速,HYBS,huayangbiansu,920146  华阳变速  ·  HYBS,2026-09-02
920149,旭杰科技,XJKJ,xujiekeji,920149  旭杰科技  ·  XJKJ,2026-09-02
920152,昆工科技,KGKJ,kungongkeji,920152  昆工科技  ·  KGKJ,2026-09-02
920156,海昌智能,HCZN,haichangzhineng,920156  海昌智能  ·  HCZN,2026-09-02
920158,长江能科,CJNK,changjiangnengke,920158  长江能科  ·  CJNK,2026-09-02
920159,农大科技,NDKJ,nongdakeji,920159  农大科技  ·  NDKJ,2026-09-02
920160,北矿检测,BKJC,beikuangjiance,920160  北矿检测  ·  BKJC,2026-09-02
920161,龙辰科技,LCKJ,longchenkeji,920161  龙辰科技  ·  LCKJ,2026-09-02
920163,方大新材,FDXC,fangdaxincai,920163  方大新材  ·  FDXC,2026-09-02
920166,海圣医疗,HSYL,haishengyiliao,920166  海圣医疗  ·  HSYL,2026-09-02
920167,同享科技,TXKJ,tongxiangkeji,920167  同享科技  ·  TXKJ,2026-09-02
920168,通宝光电,TBGD,tongbaoguangdian,920168  通宝光电  ·  TBGD,2026-09-02
920169,七丰精工,QFJG,qifengjinggong,920169  七丰精工  ·  QFJG,2026-09-02
920171,志晟信息,ZCXX,zhichengxinxi,920171  志晟信息  ·  ZCXX,2026-09-02
920174,五新智能,WXZN,wuxinzhineng,920174  五新智能  ·  WXZN,2026-09-02
920175,东方碳素,DFTS,dongfangtansu,920175  东方碳素  ·  DFTS,2026-09-02
920176,维琪科技,WQKJ,weiqikeji,920176  维琪科技  ·  WQKJ,2026-09-02
920177,恒道科技,HDKJ,hengdaokeji,920177  恒道科技  ·  HDKJ,2026-09-02
920178,锐翔智能,RXZN,ruixiangzhineng,920178  锐翔智能  ·  RXZN,2026-09-02
920179,凯德石英,KDSY,kaideshiying,920179  凯德石英  ·  KDSY,2026-09-02
920180,爱得科技,ADKJ,aidekeji,920180  爱得科技  ·  ADKJ,2026-09-02
920181,赛英电子,SYDZ,saiyingdianzi,920181  赛英电子  ·  SYDZ,2026-09-02
920183,海菲曼,HFM,haifeiman,920183  海菲曼  ·  HFM,2026-09-02
920184,国源科技,GYKJ,guoyuankeji,920184  国源科技  ·  GYKJ,2026-09-02
920185,贝特瑞,BTR,beiterui,920185  贝特瑞  ·  BTR,2026-09-02
920186,中科仪,ZKY,zhongkeyi,920186  中科仪  ·  ZKY,2026-09-02
920187,通领科技,TLKJ,tonglingkeji,920187  通领科技  ·  TLKJ,2026-09-02
920188,悦龙科技,YLKJ,yuelongkeji,920188  悦龙科技  ·  YLKJ,2026-09-02
920189,康美特,KMT,kangmeite,920189  康美特  ·  KMT,2026-09-02
920190,雷神科技,LSKJ,leishenkeji,920190  雷神科技  ·  LSKJ,2026-09-02
920191,瑞尔竞达,REJD,ruierjingda,920191  瑞尔竞达  ·  REJD,2026-09-02
920193,吉和昌,JHC,jihechang,920193  吉和昌  ·  JHC,2026-09-02
920195,三祥科技,SXKJ,sanxiangkeji,920195  三祥科技  ·  SXKJ,2026-09-02
920198,微创光电,WCGD,weichuangguangdian,920198  微创光电  ·  WCGD,2026-09-02
920199,倍益康,BYK,beiyikang,920199  倍益康  ·  BYK,2026-09-02
920200,振宏股份,ZHGF,zhenhonggufen,920200  振宏股份  ·  ZHGF,2026-09-02
920204,沪江材料,HJCL,hujiangcailiao,920204  沪江材料  ·  HJCL,2026-09-02
920206,彩客科技,CKKJ,caikekeji,920206  彩客科技  ·  CKKJ,2026-09-02
920207,众诚科技,ZCKJ,zhongchengkeji,920207  众诚科技  ·  ZCKJ,2026-09-02
920208,青矩技术,QJJS,qingjujishu,920208  青矩技术  ·  QJJS,2026-09-02
920211,新睿电子,XRDZ,xinruidianzi,920211  新睿电子  ·  XRDZ,2026-09-02
920212,智新电子,ZXDZ,zhixindianzi,920212  智新电子  ·  ZXDZ,2026-09-02
920218,新天力,XTL,xintianli,920218  新天力  ·  XTL,2026-09-02
920220,朗信电气,LXDQ,langxindianqi,920220  朗信电气  ·  LXDQ,2026-09-02
920221,易实精密,YSJM,yishijingmi,920221  易实精密  ·  YSJM,2026-09-02
920222,益坤电气,YKDQ,yikundianqi,920222  益坤电气  ·  YKDQ,2026-09-02
920223,荣亿精密,RYJM,rongyijingmi,920223  荣亿精密  ·  RYJM,2026-09-02
920225,利通科技,LTKJ,litongkeji,920225  利通科技  ·  LTKJ,2026-09-02
920227,美登科技,MDKJ,meidengkeji,920227  美登科技  ·  MDKJ,2026-09-02
920230,欧康医药,OKYY,oukangyiyao,920230  欧康医药  ·  OKYY,2026-09-02
920237,力佳科技,LJKJ,lijiakeji,920237  力佳科技  ·  LJKJ,2026-09-02
920238,长鹰硬科,ZYYK,zhangyingyingke,920238  长鹰硬科  ·  ZYYK,2026-09-02
920239,长虹能源,CHNY,changhongnengyuan,920239  长虹能源  ·  CHNY,2026-09-02
920242,建邦科技,JBKJ,jianbangkeji,920242  建邦科技  ·  JBKJ,2026-09-02
920245,威博液压,WBYY,weiboyeya,920245  威博液压  ·  WBYY,2026-09-02
920247,华密新材,HMXC,huamixincai,920247  华密新材  ·  HMXC,2026-09-02
920249,利尔达,LED,lierda,920249  利尔达  ·  LED,2026-09-02
920252,天宏锂电,THLD,tianhonglidian,920252  天宏锂电  ·  THLD,2026-09-02
920258,聚仁新材,JRXC,jurenxincai,920258  聚仁新材  ·  JRXC,2026-09-02
920260,中寰股份,ZHGF,zhonghuangufen,920260  中寰股份  ·  ZHGF,2026-09-02
920261,一诺威,YNW,yinuowei,920261  一诺威  ·  YNW,2026-09-02
920262,太湖雪,THX,taihuxue,920262  太湖雪  ·  THX,2026-09-02
920263,中航泰达,ZHTD,zhonghangtaida,920263  中航泰达  ·  ZHTD,2026-09-02
920266,生物谷,SWG,shengwugu,920266  生物谷  ·  SWG,2026-09-02
920267,鑫汇科,XHK,xinhuike,920267  鑫汇科  ·  XHK,2026-09-02
920270,天铭科技,TMKJ,tianmingkeji,920270  天铭科技  ·  TMKJ,2026-09-02
920271,邦德股份,BDGF,bangdegufen,920271  邦德股份  ·  BDGF,2026-09-02
920273,一致魔芋,YZMY,yizhimoyu,920273  一致魔芋  ·  YZMY,2026-09-02
920274,宏裕包材,HYBC,hongyubaocai,920274  宏裕包材  ·  HYBC,2026-09-02
920275,驱动力,QDL,qudongli,920275  驱动力  ·  QDL,2026-09-02
920278,鹿得医疗,LDYL,ludeyiliao,920278  鹿得医疗  ·  LDYL,2026-09-02
920284,灵鸽科技,LGKJ,linggekeji,920284  灵鸽科技  ·  LGKJ,2026-09-02
920299,灿能电力,CNDL,cannengdianli,920299  灿能电力  ·  CNDL,2026-09-02
920300,辰光医疗,CGYL,chenguangyiliao,920300  辰光医疗  ·  CGYL,2026-09-02
920304,迪尔化工,DEHG,dierhuagong,920304  迪尔化工  ·  DEHG,2026-09-02
920339,恒太照明,HTZM,hengtaizhaoming,920339  恒太照明  ·  HTZM,2026-09-02
920344,三元基因,SYJY,sanyuanjiyin,920344  三元基因  ·  SYJY,2026-09-02
920346,威贸电子,WMDZ,weimaodianzi,920346  威贸电子  ·  WMDZ,2026-09-02
920351,华光源海,HGYH,huaguangyuanhai,920351  华光源海  ·  HGYH,2026-09-02
920357,雅葆轩,YBX,yabaoxuan,920357  雅葆轩  ·  YBX,2026-09-02
920363,莱赛激光,LSJG,laisaijiguang,920363  莱赛激光  ·  LSJG,2026-09-02
920367,新赣江,XGJ,xinganjiang,920367  新赣江  ·  XGJ,2026-09-02
920368,连城数控,LCSK,lianchengshukong,920368  连城数控  ·  LCSK,2026-09-02
920370,新安洁,XAJ,xinanjie,920370  新安洁  ·  XAJ,2026-09-02
920371,欧福蛋业,OFDY,oufudanye,920371  欧福蛋业  ·  OFDY,2026-09-02
920374,云里物里,YLWL,yunliwuli,920374  云里物里  ·  YLWL,2026-09-02
920375,派诺科技,PNKJ,painuokeji,920375  派诺科技  ·  PNKJ,2026-09-02
920378,泰德股份,TDGF,taidegufen,920378  泰德股份  ·  TDGF,2026-09-02
920392,佳合科技,JHKJ,jiahekeji,920392  佳合科技  ·  JHKJ,2026-09-02
920394,民士达,MSD,minshida,920394  民士达  ·  MSD,2026-09-02
920395,朗鸿科技,LHKJ,langhongkeji,920395  朗鸿科技  ·  LHKJ,2026-09-02
920396,常辅股份,CFGF,changfugufen,920396  常辅股份  ·  CFGF,2026-09-02
920402,硅烷科技,GWKJ,guiwankeji,920402  硅烷科技  ·  GWKJ,2026-09-02
920403,康农种业,KNZY,kangnongzhongye,920403  康农种业  ·  KNZY,2026-09-02
920405,海希通讯,HXTX,haixitongxun,920405  海希通讯  ·  HXTX,2026-09-02
920407,驰诚股份,CCGF,chichenggufen,920407  驰诚股份  ·  CCGF,2026-09-02
920414,欧普泰,OPT,ouputai,920414  欧普泰  ·  OPT,2026-09-02
920415,恒拓开源,HTKY,hengtuokaiyuan,920415  恒拓开源  ·  HTKY,2026-09-02
920418,苏轴股份,SZGF,suzhougufen,920418  苏轴股份  ·  SZGF,2026-09-02
920419,路斯股份,LSGF,lusigufen,920419  路斯股份  ·  LSGF,2026-09-02
920422,润普食品,RPSP,runpushipin,920422  润普食品  ·  RPSP,2026-09-02
920425,乐创技术,LCJS,lechuangjishu,920425  乐创技术  ·  LCJS,2026-09-02
920427,华维设计,HWSJ,huaweisheji,920427  华维设计  ·  HWSJ,2026-09-02
920429,康比特,KBT,kangbite,920429  康比特  ·  KBT,2026-09-02
920433,大唐药业,DTYY,datangyaoye,920433  大唐药业  ·  DTYY,2026-09-02
920436,大地电气,DDDQ,dadidianqi,920436  大地电气  ·  DDDQ,2026-09-02
920438,戈碧迦,GBJ,gebijia,920438  戈碧迦  ·  GBJ,2026-09-02
920445,龙竹科技,LZKJ,longzhukeji,920445  龙竹科技  ·  LZKJ,2026-09-02
920454,同心传动,TXCD,tongxinchuandong,920454  同心传动  ·  TXCD,2026-09-02
920455,汇隆活塞,HLHS,huilonghuosai,920455  汇隆活塞  ·  HLHS,2026-09-02
920469,富恒新材,FHXC,fuhengxincai,920469  富恒新材  ·  FHXC,2026-09-02
920471,美邦科技,MBKJ,meibangkeji,920471  美邦科技  ·  MBKJ,2026-09-02
920475,三友科技,SYKJ,sanyoukeji,920475  三友科技  ·  SYKJ,2026-09-02
920476,海能技术,HNJS,hainengjishu,920476  海能技术  ·  HNJS,2026-09-02
920478,峆一药业,HYYY,heyiyaoye,920478  峆一药业  ·  HYYY,2026-09-02
920489,佳先股份,JXGF,jiaxiangufen,920489  佳先股份  ·  JXGF,2026-09-02
920491,奥迪威,ADW,aodiwei,920491  奥迪威  ·  ADW,2026-09-02
920493,并行科技,BXKJ,bingxingkeji,920493  并行科技  ·  BXKJ,2026-09-02
920496,许昌智能,XCZN,xuchangzhineng,920496  许昌智能  ·  XCZN,2026-09-02
920504,博迅生物,BXSW,boxunshengwu,920504  博迅生物  ·  BXSW,2026-09-02
920505,九菱科技,JLKJ,jiulingkeji,920505  九菱科技  ·  JLKJ,2026-09-02
920508,殷图网联,YTWL,yintuwanglian,920508  殷图网联  ·  YTWL,2026-09-02
920509,同惠电子,THDZ,tonghuidianzi,920509  同惠电子  ·  THDZ,2026-09-02
920510,丰光精密,FGJM,fengguangjingmi,920510  丰光精密  ·  FGJM,2026-09-02
920519,万德股份,WDGF,wandegufen,920519  万德股份  ·  WDGF,2026-09-02
920522,纳科诺尔,NKNE,nakenuoer,920522  纳科诺尔  ·  NKNE,2026-09-02
920523,德瑞锂电,DRLD,deruilidian,920523  德瑞锂电  ·  DRLD,2026-09-02
920526,凯华材料,KHCL,kaihuacailiao,920526  凯华材料  ·  KHCL,2026-09-02
920527,夜光明,YGM,yeguangming,920527  夜光明  ·  YGM,2026-09-02
920533,骏创科技,JCKJ,junchuangkeji,920533  骏创科技  ·  JCKJ,2026-09-02
920541,铁大科技,TDKJ,tiedakeji,920541  铁大科技  ·  TDKJ,2026-09-02
920547,无锡晶海,WXJH,wuxijinghai,920547  无锡晶海  ·  WXJH,2026-09-02
920553,凯腾精工,KTJG,kaitengjinggong,920553  凯腾精工  ·  KTJG,2026-09-02
920556,雅达股份,YDGF,yadagufen,920556  雅达股份  ·  YDGF,2026-09-02
920564,天润科技,TRKJ,tianrunkeji,920564  天润科技  ·  TRKJ,2026-09-02
920566,梓橦宫,ZTG,zitonggong,920566  梓橦宫  ·  ZTG,2026-09-02
920570,坤博精工,KBJG,kunbojinggong,920570  坤博精工  ·  KBJG,2026-09-02
920571,国航远洋,GHYY,guohangyuanyang,920571  国航远洋  ·  GHYY,2026-09-02
920575,*ST康乐,*STKL,*stkangle,920575  *ST康乐  ·  *STKL,2026-09-02
920576,天力复合,TLFH,tianlifuhe,920576  天力复合  ·  TLFH,2026-09-02
920578,巨能股份,JNGF,junenggufen,920578  巨能股份  ·  JNGF,2026-09-02
920579,机科股份,JKGF,jikegufen,920579  机科股份  ·  JKGF,2026-09-02
920580,科创新材,KCXC,kechuangxincai,920580  科创新材  ·  KCXC,2026-09-02
920592,华信永道,HXYD,huaxinyongdao,920592  华信永道  ·  HXYD,2026-09-02
920593,鼎智科技,DZKJ,dingzhikeji,920593  鼎智科技  ·  DZKJ,2026-09-02
920599,同力股份,TLGF,tongligufen,920599  同力股份  ·  TLGF,2026-09-02
920608,丰安股份,FAGF,fengangufen,920608  丰安股份  ·  FAGF,2026-09-02
920627,力王股份,LWGF,liwanggufen,920627  力王股份  ·  LWGF,2026-09-02
920634,新威凌,XWL,xinweiling,920634  新威凌  ·  XWL,2026-09-02
920639,晨光电缆,CGDL,chenguangdianlan,920639  晨光电缆  ·  CGDL,2026-09-02
920640,富士达,FSD,fushida,920640  富士达  ·  FSD,2026-09-02
920641,格利尔,GLE,gelier,920641  格利尔  ·  GLE,2026-09-02
920642,通易航天,TYHT,tongyihangtian,920642  通易航天  ·  TYHT,2026-09-02
920651,天罡股份,TGGF,tianganggufen,920651  天罡股份  ·  TGGF,2026-09-02
920656,海昇药业,HSYY,haishengyaoye,920656  海昇药业  ·  HSYY,2026-09-02
920662,方盛股份,FSGF,fangshenggufen,920662  方盛股份  ·  FSGF,2026-09-02
920663,明阳科技,MYKJ,mingyangkeji,920663  明阳科技  ·  MYKJ,2026-09-02
920665,科强股份,KQGF,keqianggufen,920665  科强股份  ·  KQGF,2026-09-02
920670,数字人,SZR,shuziren,920670  数字人  ·  SZR,2026-09-02
920675,秉扬科技,BYKJ,bingyangkeji,920675  秉扬科技  ·  BYKJ,2026-09-02
920679,前进科技,QJKJ,qianjinkeji,920679  前进科技  ·  QJKJ,2026-09-02
920682,球冠电缆,QGDL,qiuguandianlan,920682  球冠电缆  ·  QGDL,2026-09-02
920685,新芝生物,XZSW,xinzhishengwu,920685  新芝生物  ·  XZSW,2026-09-02
920689,克莱特,KLT,kelaite,920689  克莱特  ·  KLT,2026-09-02
920690,捷众科技,JZKJ,jiezhongkeji,920690  捷众科技  ·  JZKJ,2026-09-02
920693,阿为特,AWT,aweite,920693  阿为特  ·  AWT,2026-09-02
920694,中裕科技,ZYKJ,zhongyukeji,920694  中裕科技  ·  ZYKJ,2026-09-02
920699,海达尔,HDE,haidaer,920699  海达尔  ·  HDE,2026-09-02
920701,豪声电子,HSDZ,haoshengdianzi,920701  豪声电子  ·  HSDZ,2026-09-02
920703,广厦环能,GSHN,guangshahuanneng,920703  广厦环能  ·  GSHN,2026-09-02
920706,铁拓机械,TTJX,tietuojixie,920706  铁拓机械  ·  TTJX,2026-09-02
920717,瑞星股份,RXGF,ruixinggufen,920717  瑞星股份  ·  RXGF,2026-09-02
920718,合肥高科,HFGK,hefeigaoke,920718  合肥高科  ·  HFGK,2026-09-02
920719,宁新新材,NXXC,ningxinxincai,920719  宁新新材  ·  NXXC,2026-09-02
920720,吉冈精密,JGJM,jigangjingmi,920720  吉冈精密  ·  JGJM,2026-09-02
920725,惠丰钻石,HFZS,huifengzuanshi,920725  惠丰钻石  ·  HFZS,2026-09-02
920726,朱老六,ZLL,zhulaoliu,920726  朱老六  ·  ZLL,2026-09-02
920729,永顺生物,YSSW,yongshunshengwu,920729  永顺生物  ·  YSSW,2026-09-02
920735,德源药业,DYYY,deyuanyaoye,920735  德源药业  ·  DYYY,2026-09-02
920748,路桥信息,LQXX,luqiaoxinxi,920748  路桥信息  ·  LQXX,2026-09-02
920751,惠同新材,HTXC,huitongxincai,920751  惠同新材  ·  HTXC,2026-09-02
920753,天纺标,TFB,tianfangbiao,920753  天纺标  ·  TFB,2026-09-02
920765,美之高,MZG,meizhigao,920765  美之高  ·  MZG,2026-09-02
920768,拾比佰,SBB,shibibai,920768  拾比佰  ·  SBB,2026-09-02
920770,艾能聚,ANJ,ainengju,920770  艾能聚  ·  ANJ,2026-09-02
920779,武汉蓝电,WHLD,wuhanlandian,920779  武汉蓝电  ·  WHLD,2026-09-02
920781,瑞奇智造,RQZZ,ruiqizhizao,920781  瑞奇智造  ·  RQZZ,2026-09-02
920786,骑士乳业,QSRY,qishiruye,920786  骑士乳业  ·  QSRY,2026-09-02
920790,联迪信息,LDXX,liandixinxi,920790  联迪信息  ·  LDXX,2026-09-02
920792,东和新材,DHXC,donghexincai,920792  东和新材  ·  DHXC,2026-09-02
920799,艾融软件,ARRJ,airongruanjian,920799  艾融软件  ·  ARRJ,2026-09-02
920802,保丽洁,BLJ,baolijie,920802  保丽洁  ·  BLJ,2026-09-02
920806,云星宇,YXY,yunxingyu,920806  云星宇  ·  YXY,2026-09-02
920807,奔朗新材,BLXC,benlangxincai,920807  奔朗新材  ·  BLXC,2026-09-02
920808,曙光数创,SGSC,shuguangshuchuang,920808  曙光数创  ·  SGSC,2026-09-02
920809,安达科技,ADKJ,andakeji,920809  安达科技  ·  ADKJ,2026-09-02
920810,春光智能,CGZN,chunguangzhineng,920810  春光智能  ·  CGZN,2026-09-02
920819,颖泰生物,YTSW,yingtaishengwu,920819  颖泰生物  ·  YTSW,2026-09-02
920821,则成电子,ZCDZ,zechengdianzi,920821  则成电子  ·  ZCDZ,2026-09-02
920826,盖世食品,GSSP,gaishishipin,920826  盖世食品  ·  GSSP,2026-09-02
920832,齐鲁华信,QLHX,qiluhuaxin,920832  齐鲁华信  ·  QLHX,2026-09-02
920833,美心翼申,MXYS,meixinyishen,920833  美心翼申  ·  MXYS,2026-09-02
920834,三维装备,SWZB,sanweizhuangbei,920834  三维装备  ·  SWZB,2026-09-02
920837,华原股份,HYGF,huayuangufen,920837  华原股份  ·  HYGF,2026-09-02
920839,万通液压,WTYY,wantongyeya,920839  万通液压  ·  WTYY,2026-09-02
920855,浙江大农,ZJDN,zhejiangdanong,920855  浙江大农  ·  ZJDN,2026-09-02
920856,浩淼科技,HMKJ,haomiaokeji,920856  浩淼科技  ·  HMKJ,2026-09-02
920857,泓禧科技,HXKJ,hongxikeji,920857  泓禧科技  ·  HXKJ,2026-09-02
920866,绿亨科技,LHKJ,lvhengkeji,920866  绿亨科技  ·  LHKJ,2026-09-02
920870,恒进感应,HJGY,hengjinganying,920870  恒进感应  ·  HJGY,2026-09-02
920871,派特尔,PTE,paiteer,920871  派特尔  ·  PTE,2026-09-02
920873,中设咨询,ZSZX,zhongshezixun,920873  中设咨询  ·  ZSZX,2026-09-02
920876,慧为智能,HWZN,huiweizhineng,920876  慧为智能  ·  HWZN,2026-09-02
920879,基康技术,JKJS,jikangjishu,920879  基康技术  ·  JKJS,2026-09-02
920885,星辰科技,XCKJ,xingchenkeji,920885  星辰科技  ·  XCKJ,2026-09-02
920892,广咨国际,GZGJ,guangziguoji,920892  广咨国际  ·  GZGJ,2026-09-02
920895,花溪科技,HXKJ,huaxikeji,920895  花溪科技  ·  HXKJ,2026-09-02
920896,旺成科技,WCKJ,wangchengkeji,920896  旺成科技  ·  WCKJ,2026-09-02
920906,舜宇精工,SYJG,shunyujinggong,920906  舜宇精工  ·  SYJG,2026-09-02
920914,远航精密,YHJM,yuanhangjingmi,920914  远航精密  ·  YHJM,2026-09-02
920924,广脉科技,GMKJ,guangmaikeji,920924  广脉科技  ·  GMKJ,2026-09-02
920925,锦好医疗,JHYL,jinhaoyiliao,920925  锦好医疗  ·  JHYL,2026-09-02
920926,鸿智科技,HZKJ,hongzhikeji,920926  鸿智科技  ·  HZKJ,2026-09-02
920931,无锡鼎邦,WXDB,wuxidingbang,920931  无锡鼎邦  ·  WXDB,2026-09-02
920932,科达自控,KDZK,kedazikong,920932  科达自控  ·  KDZK,2026-09-02
920942,恒立钻具,HLZJ,henglizuanju,920942  恒立钻具  ·  HLZJ,2026-09-02
920943,优机股份,YJGF,youjigufen,920943  优机股份  ·  YJGF,2026-09-02
920946,森萱医药,SXYY,senxuanyiyao,920946  森萱医药  ·  SXYY,2026-09-02
920950,迅安科技,XAKJ,xunankeji,920950  迅安科技  ·  XAKJ,2026-09-02
920953,国子软件,GZRJ,guoziruanjian,920953  国子软件  ·  GZRJ,2026-09-02
920957,汉维科技,HWKJ,hanweikeji,920957  汉维科技  ·  HWKJ,2026-09-02
920961,创远信科,CYXK,chuangyuanxinke,920961  创远信科  ·  CYXK,2026-09-02
920964,润农节水,RNJS,runnongjieshui,920964  润农节水  ·  RNJS,2026-09-02
920970,大禹生物,DYSW,dayushengwu,920970  大禹生物  ·  DYSW,2026-09-02
920971,天马新材,TMXC,tianmaxincai,920971  天马新材  ·  TMXC,2026-09-02
920974,凯大催化,KDCH,kaidacuihua,920974  凯大催化  ·  KDCH,2026-09-02
920976,视声智能,SSZN,shishengzhineng,920976  视声智能  ·  SSZN,2026-09-02
920978,开特股份,KTGF,kaitegufen,920978  开特股份  ·  KTGF,2026-09-02
920981,晶赛科技,JSKJ,jingsaikeji,920981  晶赛科技  ·  JSKJ,2026-09-02
920982,锦波生物,JBSW,jinboshengwu,920982  锦波生物  ·  JBSW,2026-09-02
920985,海泰新能,HTXN,haitaixinneng,920985  海泰新能  ·  HTXN,2026-09-02
920992,中科美菱,ZKML,zhongkemeiling,920992  中科美菱  ·  ZKML,2026-09-02
